timestamp,T,s,i,open,close,high,low,volume,num_trades
2026-02-10 14:11:00,1770732719999,HBAR,1m,0.090472,0.090472,0.090472,0.090472,0.0,0
2026-02-10 14:12:00,1770732779999,HBAR,1m,0.090381,0.090379,0.090381,0.090379,418.0,2
2026-02-10 14:13:00,1770732839999,HBAR,1m,0.090406,0.090406,0.090406,0.090406,437.0,1
2026-02-10 14:14:00,1770732899999,HBAR,1m,0.090406,0.090406,0.090406,0.090406,0.0,0
2026-02-10 14:15:00,1770732959999,HBAR,1m,0.090605,0.090605,0.090605,0.090605,458.0,1
2026-02-10 14:16:00,1770733019999,HBAR,1m,0.090766,0.090806,0.090806,0.090766,7998.0,3
2026-02-10 14:17:00,1770733079999,HBAR,1m,0.091031,0.091031,0.091031,0.091031,171.0,1
2026-02-10 14:18:00,1770733139999,HBAR,1m,0.091031,0.091031,0.091031,0.091031,0.0,0
2026-02-10 14:19:00,1770733199999,HBAR,1m,0.091031,0.091031,0.091031,0.091031,0.0,0
2026-02-10 14:20:00,1770733259999,HBAR,1m,0.090946,0.090946,0.090946,0.090946,424.0,1
2026-02-10 14:21:00,1770733319999,HBAR,1m,0.090946,0.090946,0.090946,0.090946,0.0,0
2026-02-10 14:22:00,1770733379999,HBAR,1m,0.090946,0.090946,0.090946,0.090946,0.0,0
2026-02-10 14:23:00,1770733439999,HBAR,1m,0.090946,0.090946,0.090946,0.090946,0.0,0
2026-02-10 14:24:00,1770733499999,HBAR,1m,0.090946,0.090946,0.090946,0.090946,0.0,0
2026-02-10 14:25:00,1770733559999,HBAR,1m,0.090746,0.090746,0.090746,0.090746,450.0,1
2026-02-10 14:26:00,1770733619999,HBAR,1m,0.090635,0.090636,0.090636,0.090635,3445.0,2
2026-02-10 14:27:00,1770733679999,HBAR,1m,0.090562,0.090562,0.090562,0.090562,8578.0,1
2026-02-10 14:28:00,1770733739999,HBAR,1m,0.090619,0.090619,0.090619,0.090619,171.0,1
2026-02-10 14:29:00,1770733799999,HBAR,1m,0.090634,0.090634,0.090634,0.090634,212.0,1
2026-02-10 14:30:00,1770733859999,HBAR,1m,0.090867,0.090867,0.090867,0.090867,209.0,1
2026-02-10 14:31:00,1770733919999,HBAR,1m,0.090867,0.090867,0.090867,0.090867,0.0,0
2026-02-10 14:32:00,1770733979999,HBAR,1m,0.090919,0.091017,0.091017,0.090919,399.0,2
2026-02-10 14:33:00,1770734039999,HBAR,1m,0.090749,0.09074,0.090749,0.09074,21093.0,5
2026-02-10 14:34:00,1770734099999,HBAR,1m,0.09074,0.09074,0.09074,0.09074,0.0,0
2026-02-10 14:35:00,1770734159999,HBAR,1m,0.090821,0.090821,0.090821,0.090821,228.0,1
2026-02-10 14:36:00,1770734219999,HBAR,1m,0.090841,0.090606,0.090841,0.090606,35074.0,8
2026-02-10 14:37:00,1770734279999,HBAR,1m,0.090474,0.09047,0.090474,0.09047,9413.0,2
2026-02-10 14:38:00,1770734339999,HBAR,1m,0.09022,0.090084,0.09022,0.090084,14600.0,4
2026-02-10 14:39:00,1770734399999,HBAR,1m,0.090386,0.09024,0.090386,0.09024,14763.0,5
2026-02-10 14:40:00,1770734459999,HBAR,1m,0.090154,0.090004,0.090154,0.090004,37116.0,8
2026-02-10 14:41:00,1770734519999,HBAR,1m,0.090003,0.089894,0.090003,0.089894,55795.0,17
2026-02-10 14:42:00,1770734579999,HBAR,1m,0.089879,0.089758,0.089879,0.089758,12929.0,4
2026-02-10 14:43:00,1770734639999,HBAR,1m,0.089831,0.090071,0.090071,0.089831,7250.0,3
2026-02-10 14:44:00,1770734699999,HBAR,1m,0.090077,0.090077,0.090077,0.090077,323.0,1
2026-02-10 14:45:00,1770734759999,HBAR,1m,0.090173,0.090175,0.090194,0.090173,19673.0,4
2026-02-10 14:46:00,1770734819999,HBAR,1m,0.089947,0.089947,0.089947,0.089947,5813.0,1
2026-02-10 14:47:00,1770734879999,HBAR,1m,0.089934,0.089697,0.089934,0.089697,17138.0,4
2026-02-10 14:48:00,1770734939999,HBAR,1m,0.089837,0.089837,0.089837,0.089837,265.0,1
2026-02-10 14:49:00,1770734999999,HBAR,1m,0.089668,0.089653,0.089668,0.089567,1015.0,4
2026-02-10 14:50:00,1770735059999,HBAR,1m,0.089653,0.089909,0.089909,0.089653,10327.0,6
2026-02-10 14:51:00,1770735119999,HBAR,1m,0.090021,0.090015,0.090025,0.090001,24897.0,4
2026-02-10 14:52:00,1770735179999,HBAR,1m,0.089913,0.090127,0.090127,0.089913,62999.0,9
2026-02-10 14:53:00,1770735239999,HBAR,1m,0.090154,0.090129,0.090154,0.090129,9000.0,4
2026-02-10 14:54:00,1770735299999,HBAR,1m,0.090074,0.090131,0.090131,0.090038,16617.0,8
2026-02-10 14:55:00,1770735359999,HBAR,1m,0.09013,0.090268,0.090268,0.09013,24473.0,5
2026-02-10 14:56:00,1770735419999,HBAR,1m,0.090329,0.090266,0.090329,0.090266,6715.0,3
2026-02-10 14:57:00,1770735479999,HBAR,1m,0.090121,0.090161,0.090161,0.090121,1507.0,3
2026-02-10 14:58:00,1770735539999,HBAR,1m,0.090221,0.090221,0.090221,0.090221,4910.0,1
2026-02-10 14:59:00,1770735599999,HBAR,1m,0.0902,0.090106,0.0902,0.090106,984.0,4
2026-02-10 15:00:00,1770735659999,HBAR,1m,0.089976,0.089976,0.089976,0.089976,10138.0,2
2026-02-10 15:01:00,1770735719999,HBAR,1m,0.089966,0.089966,0.089966,0.089966,177.0,1
2026-02-10 15:02:00,1770735779999,HBAR,1m,0.089979,0.089979,0.089979,0.089979,218.0,1
2026-02-10 15:03:00,1770735839999,HBAR,1m,0.089978,0.089978,0.089978,0.089978,429.0,1
2026-02-10 15:04:00,1770735899999,HBAR,1m,0.090027,0.090027,0.090027,0.090027,222.0,1
2026-02-10 15:05:00,1770735959999,HBAR,1m,0.090044,0.090044,0.090044,0.090044,195.0,1
2026-02-10 15:06:00,1770736019999,HBAR,1m,0.090284,0.090296,0.090296,0.090284,25991.0,2
2026-02-10 15:07:00,1770736079999,HBAR,1m,0.090393,0.090813,0.090867,0.090371,92348.0,22
2026-02-10 15:08:00,1770736139999,HBAR,1m,0.090748,0.090758,0.090758,0.090748,18623.0,3
2026-02-10 15:09:00,1770736199999,HBAR,1m,0.090584,0.090584,0.090584,0.090584,131.0,1
2026-02-10 15:10:00,1770736259999,HBAR,1m,0.090666,0.090666,0.090666,0.090666,7914.0,1
2026-02-10 15:11:00,1770736319999,HBAR,1m,0.090694,0.090606,0.090694,0.090602,5205.0,3
2026-02-10 15:12:00,1770736379999,HBAR,1m,0.090575,0.090554,0.090575,0.090554,284.0,2
2026-02-10 15:13:00,1770736439999,HBAR,1m,0.090393,0.090393,0.090393,0.090393,8390.0,1
2026-02-10 15:14:00,1770736499999,HBAR,1m,0.090393,0.090393,0.090393,0.090393,0.0,0
2026-02-10 15:15:00,1770736559999,HBAR,1m,0.090241,0.090241,0.090241,0.090241,178.0,1
2026-02-10 15:16:00,1770736619999,HBAR,1m,0.090241,0.090241,0.090241,0.090241,0.0,0
2026-02-10 15:17:00,1770736679999,HBAR,1m,0.090369,0.090369,0.090369,0.090369,194.0,1
2026-02-10 15:18:00,1770736739999,HBAR,1m,0.0903,0.090415,0.090415,0.0903,441.0,2
2026-02-10 15:19:00,1770736799999,HBAR,1m,0.090415,0.090415,0.090415,0.090415,0.0,0
2026-02-10 15:20:00,1770736859999,HBAR,1m,0.090582,0.090582,0.090582,0.090582,2317.0,1
2026-02-10 15:21:00,1770736919999,HBAR,1m,0.090582,0.090582,0.090582,0.090582,0.0,0
2026-02-10 15:22:00,1770736979999,HBAR,1m,0.090582,0.090582,0.090582,0.090582,0.0,0
2026-02-10 15:23:00,1770737039999,HBAR,1m,0.090921,0.090921,0.090921,0.090921,5000.0,1
2026-02-10 15:24:00,1770737099999,HBAR,1m,0.090728,0.090728,0.090728,0.090728,9711.0,1
2026-02-10 15:25:00,1770737159999,HBAR,1m,0.090728,0.090728,0.090728,0.090728,0.0,0
2026-02-10 15:26:00,1770737219999,HBAR,1m,0.090914,0.091083,0.091092,0.090914,23986.0,10
2026-02-10 15:27:00,1770737279999,HBAR,1m,0.091103,0.091103,0.091103,0.091103,2168.0,1
2026-02-10 15:28:00,1770737339999,HBAR,1m,0.091094,0.091094,0.091094,0.091094,206.0,1
2026-02-10 15:29:00,1770737399999,HBAR,1m,0.091155,0.091155,0.091155,0.091155,337.0,1
2026-02-10 15:30:00,1770737459999,HBAR,1m,0.091263,0.091411,0.091444,0.091263,43061.0,10
2026-02-10 15:31:00,1770737519999,HBAR,1m,0.091411,0.091411,0.091411,0.091411,0.0,0
2026-02-10 15:32:00,1770737579999,HBAR,1m,0.091202,0.091142,0.091202,0.091142,3346.0,7
2026-02-10 15:33:00,1770737639999,HBAR,1m,0.091202,0.091352,0.091352,0.091202,5603.0,5
2026-02-10 15:34:00,1770737699999,HBAR,1m,0.0913,0.091221,0.0913,0.091221,11509.0,3
2026-02-10 15:35:00,1770737759999,HBAR,1m,0.091094,0.091094,0.091094,0.091094,131.0,1
2026-02-10 15:36:00,1770737819999,HBAR,1m,0.091347,0.091498,0.091498,0.091347,39313.0,7
2026-02-10 15:37:00,1770737879999,HBAR,1m,0.091466,0.091466,0.091466,0.091466,5133.0,1
2026-02-10 15:38:00,1770737939999,HBAR,1m,0.091252,0.091252,0.091252,0.091252,548.0,1
2026-02-10 15:39:00,1770737999999,HBAR,1m,0.09144,0.09144,0.09144,0.09144,236.0,1
2026-02-10 15:40:00,1770738059999,HBAR,1m,0.09144,0.091488,0.091488,0.09144,1406.0,3
2026-02-10 15:41:00,1770738119999,HBAR,1m,0.091488,0.091499,0.091499,0.091488,5133.0,2
2026-02-10 15:42:00,1770738179999,HBAR,1m,0.091468,0.091468,0.091468,0.091468,182.0,1
2026-02-10 15:43:00,1770738239999,HBAR,1m,0.091468,0.091468,0.091468,0.091468,0.0,0
2026-02-10 15:44:00,1770738299999,HBAR,1m,0.091426,0.091426,0.091426,0.091426,198.0,1
2026-02-10 15:45:00,1770738359999,HBAR,1m,0.091426,0.091426,0.091426,0.091426,0.0,0
2026-02-10 15:46:00,1770738419999,HBAR,1m,0.091426,0.091426,0.091426,0.091426,0.0,0
2026-02-10 15:47:00,1770738479999,HBAR,1m,0.091426,0.091426,0.091426,0.091426,0.0,0
2026-02-10 15:48:00,1770738539999,HBAR,1m,0.091426,0.091426,0.091426,0.091426,0.0,0
2026-02-10 15:49:00,1770738599999,HBAR,1m,0.091575,0.091575,0.091575,0.091575,7850.0,2
2026-02-10 15:50:00,1770738659999,HBAR,1m,0.091575,0.091575,0.091575,0.091575,0.0,0
2026-02-10 15:51:00,1770738719999,HBAR,1m,0.091307,0.091307,0.091307,0.091307,201.0,1
2026-02-10 15:52:00,1770738779999,HBAR,1m,0.091307,0.091307,0.091307,0.091307,0.0,0
2026-02-10 15:53:00,1770738839999,HBAR,1m,0.091307,0.091307,0.091307,0.091307,0.0,0
2026-02-10 15:54:00,1770738899999,HBAR,1m,0.091487,0.091487,0.091487,0.091487,3909.0,1
2026-02-10 15:55:00,1770738959999,HBAR,1m,0.091575,0.091658,0.091658,0.091575,16840.0,5
2026-02-10 15:56:00,1770739019999,HBAR,1m,0.091327,0.091327,0.091327,0.091327,5146.0,1
2026-02-10 15:57:00,1770739079999,HBAR,1m,0.091327,0.091327,0.091327,0.091327,0.0,0
2026-02-10 15:58:00,1770739139999,HBAR,1m,0.091488,0.091552,0.091552,0.091488,51677.0,7
2026-02-10 15:59:00,1770739199999,HBAR,1m,0.091347,0.091347,0.091347,0.091347,197.0,1
2026-02-10 16:00:00,1770739259999,HBAR,1m,0.091362,0.091262,0.091362,0.09118,48860.0,8
2026-02-10 16:01:00,1770739319999,HBAR,1m,0.091248,0.090972,0.091248,0.090972,31297.0,4
2026-02-10 16:02:00,1770739379999,HBAR,1m,0.090972,0.090972,0.090972,0.090972,0.0,0
2026-02-10 16:03:00,1770739439999,HBAR,1m,0.09086,0.090855,0.09088,0.090855,8993.0,3
2026-02-10 16:04:00,1770739499999,HBAR,1m,0.090844,0.090703,0.090844,0.090703,9770.0,2
2026-02-10 16:05:00,1770739559999,HBAR,1m,0.090761,0.090761,0.090761,0.090761,7431.0,1
2026-02-10 16:06:00,1770739619999,HBAR,1m,0.090573,0.090568,0.090573,0.090568,15510.0,2
2026-02-10 16:07:00,1770739679999,HBAR,1m,0.09057,0.090571,0.090571,0.09057,2586.0,2
2026-02-10 16:08:00,1770739739999,HBAR,1m,0.090591,0.090667,0.090667,0.090591,4549.0,5
2026-02-10 16:09:00,1770739799999,HBAR,1m,0.090624,0.090624,0.090624,0.090624,131.0,1
2026-02-10 16:10:00,1770739859999,HBAR,1m,0.090615,0.090632,0.090632,0.090615,582.0,2
2026-02-10 16:11:00,1770739919999,HBAR,1m,0.090788,0.090768,0.090788,0.090768,685.0,2
2026-02-10 16:12:00,1770739979999,HBAR,1m,0.090867,0.090867,0.090867,0.090867,197.0,1
2026-02-10 16:13:00,1770740039999,HBAR,1m,0.090858,0.090776,0.090858,0.090776,629.0,2
2026-02-10 16:14:00,1770740099999,HBAR,1m,0.091117,0.091232,0.091232,0.091117,20721.0,3
2026-02-10 16:15:00,1770740159999,HBAR,1m,0.091187,0.091116,0.091347,0.091116,35075.0,5
2026-02-10 16:16:00,1770740219999,HBAR,1m,0.091169,0.091253,0.091253,0.091169,10531.0,3
2026-02-10 16:17:00,1770740279999,HBAR,1m,0.091073,0.091073,0.091073,0.091073,2250.0,1
2026-02-10 16:18:00,1770740339999,HBAR,1m,0.091073,0.091073,0.091073,0.091073,0.0,0
2026-02-10 16:19:00,1770740399999,HBAR,1m,0.090853,0.09085,0.090853,0.090844,3618.0,3
2026-02-10 16:20:00,1770740459999,HBAR,1m,0.090848,0.090776,0.090848,0.090776,619.0,3
2026-02-10 16:21:00,1770740519999,HBAR,1m,0.090827,0.090827,0.090827,0.090827,221.0,1
2026-02-10 16:22:00,1770740579999,HBAR,1m,0.090645,0.09061,0.090645,0.09061,552.0,2
2026-02-10 16:23:00,1770740639999,HBAR,1m,0.09061,0.09061,0.09061,0.09061,0.0,0
2026-02-10 16:24:00,1770740699999,HBAR,1m,0.090697,0.090697,0.090697,0.090697,210.0,1
2026-02-10 16:25:00,1770740759999,HBAR,1m,0.090716,0.090716,0.090716,0.090716,169.0,1
2026-02-10 16:26:00,1770740819999,HBAR,1m,0.090716,0.090716,0.090716,0.090716,0.0,0
2026-02-10 16:27:00,1770740879999,HBAR,1m,0.090716,0.090716,0.090716,0.090716,0.0,0
2026-02-10 16:28:00,1770740939999,HBAR,1m,0.090687,0.090687,0.090687,0.090687,176.0,1
2026-02-10 16:29:00,1770740999999,HBAR,1m,0.090769,0.090726,0.090769,0.090726,766.0,3
2026-02-10 16:30:00,1770741059999,HBAR,1m,0.090636,0.090493,0.090636,0.090493,590.0,3
2026-02-10 16:31:00,1770741119999,HBAR,1m,0.090482,0.090482,0.090482,0.090482,175.0,1
2026-02-10 16:32:00,1770741179999,HBAR,1m,0.090697,0.090677,0.090697,0.090677,405.0,2
2026-02-10 16:33:00,1770741239999,HBAR,1m,0.090597,0.090597,0.090597,0.090597,452.0,1
2026-02-10 16:34:00,1770741299999,HBAR,1m,0.090757,0.090654,0.090757,0.090654,402.0,2
2026-02-10 16:35:00,1770741359999,HBAR,1m,0.090808,0.090808,0.090808,0.090808,179.0,1
2026-02-10 16:36:00,1770741419999,HBAR,1m,0.090847,0.090852,0.090852,0.090847,579.0,3
2026-02-10 16:37:00,1770741479999,HBAR,1m,0.090844,0.090718,0.090844,0.090718,487.0,2
2026-02-10 16:38:00,1770741539999,HBAR,1m,0.09092,0.09092,0.09092,0.09092,2060.0,1
2026-02-10 16:39:00,1770741599999,HBAR,1m,0.090969,0.090899,0.090969,0.090899,7863.0,2
2026-02-10 16:40:00,1770741659999,HBAR,1m,0.090899,0.090899,0.090899,0.090899,0.0,0
2026-02-10 16:41:00,1770741719999,HBAR,1m,0.090899,0.090899,0.090899,0.090899,0.0,0
2026-02-10 16:42:00,1770741779999,HBAR,1m,0.09096,0.09096,0.09096,0.09096,175.0,1
2026-02-10 16:43:00,1770741839999,HBAR,1m,0.09096,0.09096,0.09096,0.09096,0.0,0
2026-02-10 16:44:00,1770741899999,HBAR,1m,0.09096,0.09096,0.09096,0.09096,0.0,0
2026-02-10 16:45:00,1770741959999,HBAR,1m,0.090947,0.090947,0.090947,0.090947,5000.0,1
2026-02-10 16:46:00,1770742019999,HBAR,1m,0.090947,0.090947,0.090947,0.090947,0.0,0
2026-02-10 16:47:00,1770742079999,HBAR,1m,0.090947,0.090947,0.090947,0.090947,0.0,0
2026-02-10 16:48:00,1770742139999,HBAR,1m,0.090874,0.090874,0.090874,0.090874,394.0,1
2026-02-10 16:49:00,1770742199999,HBAR,1m,0.090874,0.090874,0.090874,0.090874,0.0,0
2026-02-10 16:50:00,1770742259999,HBAR,1m,0.090819,0.090746,0.090819,0.090746,413.0,2
2026-02-10 16:51:00,1770742319999,HBAR,1m,0.090706,0.090624,0.090706,0.090624,386.0,2
2026-02-10 16:52:00,1770742379999,HBAR,1m,0.090624,0.090624,0.090624,0.090624,0.0,0
2026-02-10 16:53:00,1770742439999,HBAR,1m,0.090624,0.090624,0.090624,0.090624,0.0,0
2026-02-10 16:54:00,1770742499999,HBAR,1m,0.090621,0.090621,0.090621,0.09055,889.0,3
2026-02-10 16:55:00,1770742559999,HBAR,1m,0.090588,0.090588,0.090588,0.090588,426.0,1
2026-02-10 16:56:00,1770742619999,HBAR,1m,0.090669,0.090669,0.090669,0.090669,248.0,1
2026-02-10 16:57:00,1770742679999,HBAR,1m,0.090669,0.090669,0.090669,0.090669,0.0,0
2026-02-10 16:58:00,1770742739999,HBAR,1m,0.090702,0.090702,0.090702,0.090702,175.0,1
2026-02-10 16:59:00,1770742799999,HBAR,1m,0.090702,0.090702,0.090702,0.090702,178.0,1
2026-02-10 17:00:00,1770742859999,HBAR,1m,0.090638,0.090638,0.090638,0.090638,211.0,1
2026-02-10 17:01:00,1770742919999,HBAR,1m,0.090638,0.090638,0.090638,0.090638,0.0,0
2026-02-10 17:02:00,1770742979999,HBAR,1m,0.090518,0.09055,0.09055,0.090518,724.0,3
2026-02-10 17:03:00,1770743039999,HBAR,1m,0.090588,0.090598,0.090598,0.090588,2371.0,2
2026-02-10 17:04:00,1770743099999,HBAR,1m,0.090565,0.090565,0.090565,0.090565,2250.0,1
2026-02-10 17:05:00,1770743159999,HBAR,1m,0.090565,0.090565,0.090565,0.090565,0.0,0
2026-02-10 17:06:00,1770743219999,HBAR,1m,0.090565,0.090565,0.090565,0.090565,0.0,0
2026-02-10 17:07:00,1770743279999,HBAR,1m,0.090611,0.090611,0.090611,0.090611,197.0,1
2026-02-10 17:08:00,1770743339999,HBAR,1m,0.090735,0.090686,0.090735,0.090686,705.0,2
2026-02-10 17:09:00,1770743399999,HBAR,1m,0.09068,0.090685,0.090685,0.090666,5931.0,5
2026-02-10 17:10:00,1770743459999,HBAR,1m,0.090685,0.090685,0.090685,0.090685,0.0,0
2026-02-10 17:11:00,1770743519999,HBAR,1m,0.090789,0.090789,0.090789,0.090789,176.0,1
2026-02-10 17:12:00,1770743579999,HBAR,1m,0.090789,0.090789,0.090789,0.090789,0.0,0
2026-02-10 17:13:00,1770743639999,HBAR,1m,0.090789,0.090789,0.090789,0.090789,0.0,0
2026-02-10 17:14:00,1770743699999,HBAR,1m,0.090615,0.090615,0.090615,0.090615,437.0,2
2026-02-10 17:15:00,1770743759999,HBAR,1m,0.090616,0.090616,0.090616,0.090616,358.0,2
2026-02-10 17:16:00,1770743819999,HBAR,1m,0.090616,0.090616,0.090616,0.090616,1112.0,2
2026-02-10 17:17:00,1770743879999,HBAR,1m,0.090877,0.090877,0.090877,0.090877,199.0,1
2026-02-10 17:18:00,1770743939999,HBAR,1m,0.090986,0.090986,0.090986,0.090986,170.0,1
2026-02-10 17:19:00,1770743999999,HBAR,1m,0.090986,0.090986,0.090986,0.090986,0.0,0
2026-02-10 17:20:00,1770744059999,HBAR,1m,0.091003,0.091021,0.091021,0.091003,257.0,2
2026-02-10 17:21:00,1770744119999,HBAR,1m,0.091066,0.091066,0.091066,0.091066,322.0,1
2026-02-10 17:22:00,1770744179999,HBAR,1m,0.091066,0.091066,0.091066,0.091066,0.0,0
2026-02-10 17:23:00,1770744239999,HBAR,1m,0.090942,0.091085,0.091125,0.090942,730.0,3
2026-02-10 17:24:00,1770744299999,HBAR,1m,0.091085,0.091085,0.091085,0.091085,0.0,0
2026-02-10 17:25:00,1770744359999,HBAR,1m,0.090969,0.090969,0.090969,0.090969,192.0,1
2026-02-10 17:26:00,1770744419999,HBAR,1m,0.090969,0.090969,0.090969,0.090969,0.0,0
2026-02-10 17:27:00,1770744479999,HBAR,1m,0.091045,0.091045,0.091045,0.091045,521.0,2
2026-02-10 17:28:00,1770744539999,HBAR,1m,0.091045,0.091045,0.091045,0.091045,0.0,0
2026-02-10 17:29:00,1770744599999,HBAR,1m,0.091045,0.091045,0.091045,0.091045,0.0,0
2026-02-10 17:30:00,1770744659999,HBAR,1m,0.091045,0.091045,0.091045,0.091045,0.0,0
2026-02-10 17:31:00,1770744719999,HBAR,1m,0.091045,0.091045,0.091045,0.091045,0.0,0
2026-02-10 17:32:00,1770744779999,HBAR,1m,0.09099,0.0912,0.0912,0.09099,30401.0,6
2026-02-10 17:33:00,1770744839999,HBAR,1m,0.091117,0.091163,0.091163,0.091117,316.0,2
2026-02-10 17:34:00,1770744899999,HBAR,1m,0.091163,0.091163,0.091163,0.091163,0.0,0
2026-02-10 17:35:00,1770744959999,HBAR,1m,0.091163,0.091163,0.091163,0.091163,0.0,0
2026-02-10 17:36:00,1770745019999,HBAR,1m,0.091163,0.091163,0.091163,0.091163,0.0,0
2026-02-10 17:37:00,1770745079999,HBAR,1m,0.091163,0.091163,0.091163,0.091163,0.0,0
2026-02-10 17:38:00,1770745139999,HBAR,1m,0.091163,0.091163,0.091163,0.091163,0.0,0
2026-02-10 17:39:00,1770745199999,HBAR,1m,0.091163,0.091163,0.091163,0.091163,0.0,0
2026-02-10 17:40:00,1770745259999,HBAR,1m,0.091325,0.091325,0.091325,0.091325,2250.0,1
2026-02-10 17:41:00,1770745319999,HBAR,1m,0.091358,0.091358,0.091358,0.091358,183.0,1
2026-02-10 17:42:00,1770745379999,HBAR,1m,0.09146,0.09146,0.09146,0.09146,158.0,1
2026-02-10 17:43:00,1770745439999,HBAR,1m,0.091424,0.091424,0.091424,0.091424,185.0,1
2026-02-10 17:44:00,1770745499999,HBAR,1m,0.091371,0.091371,0.091371,0.091371,184.0,1
2026-02-10 17:45:00,1770745559999,HBAR,1m,0.091331,0.091331,0.091331,0.091331,4652.0,1
2026-02-10 17:46:00,1770745619999,HBAR,1m,0.091335,0.091364,0.091364,0.091335,6652.0,2
2026-02-10 17:47:00,1770745679999,HBAR,1m,0.091413,0.091413,0.091413,0.091413,313.0,1
2026-02-10 17:48:00,1770745739999,HBAR,1m,0.091387,0.091387,0.091387,0.091387,55053.0,2
2026-02-10 17:49:00,1770745799999,HBAR,1m,0.091387,0.091387,0.091387,0.091387,0.0,0
2026-02-10 17:50:00,1770745859999,HBAR,1m,0.091345,0.091345,0.091345,0.091345,180.0,1
2026-02-10 17:51:00,1770745919999,HBAR,1m,0.091361,0.091361,0.091361,0.091361,167.0,1
2026-02-10 17:52:00,1770745979999,HBAR,1m,0.091322,0.091322,0.091322,0.091322,496.0,2
2026-02-10 17:53:00,1770746039999,HBAR,1m,0.091322,0.091322,0.091322,0.091322,0.0,0
2026-02-10 17:54:00,1770746099999,HBAR,1m,0.091204,0.091207,0.091207,0.091204,1734.0,4
2026-02-10 17:55:00,1770746159999,HBAR,1m,0.091143,0.091143,0.091143,0.091143,179.0,1
2026-02-10 17:56:00,1770746219999,HBAR,1m,0.091109,0.091109,0.091109,0.091109,174.0,1
2026-02-10 17:57:00,1770746279999,HBAR,1m,0.091011,0.091011,0.091011,0.091011,179.0,1
2026-02-10 17:58:00,1770746339999,HBAR,1m,0.090982,0.090982,0.090982,0.090982,188.0,1
2026-02-10 17:59:00,1770746399999,HBAR,1m,0.090991,0.090991,0.090991,0.090991,175.0,1
2026-02-10 18:00:00,1770746459999,HBAR,1m,0.091106,0.091014,0.091106,0.091014,2432.0,2
2026-02-10 18:01:00,1770746519999,HBAR,1m,0.091103,0.091085,0.091103,0.091085,35465.0,4
2026-02-10 18:02:00,1770746579999,HBAR,1m,0.091101,0.091101,0.091101,0.091101,508.0,2
2026-02-10 18:03:00,1770746639999,HBAR,1m,0.0911,0.0911,0.0911,0.0911,178.0,1
2026-02-10 18:04:00,1770746699999,HBAR,1m,0.091003,0.090963,0.091003,0.090963,353.0,2
2026-02-10 18:05:00,1770746759999,HBAR,1m,0.090936,0.090888,0.090936,0.090888,328.0,2
2026-02-10 18:06:00,1770746819999,HBAR,1m,0.090888,0.090888,0.090888,0.090888,0.0,0
2026-02-10 18:07:00,1770746879999,HBAR,1m,0.090815,0.090813,0.090815,0.090813,586.0,2
2026-02-10 18:08:00,1770746939999,HBAR,1m,0.090852,0.090852,0.090852,0.090852,215.0,1
2026-02-10 18:09:00,1770746999999,HBAR,1m,0.090822,0.090822,0.090822,0.090822,166.0,1
2026-02-10 18:10:00,1770747059999,HBAR,1m,0.090852,0.090712,0.090852,0.090712,572.0,3
2026-02-10 18:11:00,1770747119999,HBAR,1m,0.090692,0.090692,0.090692,0.090692,229.0,1
2026-02-10 18:12:00,1770747179999,HBAR,1m,0.090741,0.090741,0.090741,0.090741,619.0,3
2026-02-10 18:13:00,1770747239999,HBAR,1m,0.090742,0.090742,0.090742,0.090742,205.0,1
2026-02-10 18:14:00,1770747299999,HBAR,1m,0.090742,0.090742,0.090742,0.090742,0.0,0
2026-02-10 18:15:00,1770747359999,HBAR,1m,0.090784,0.090784,0.090784,0.090784,219.0,2
2026-02-10 18:16:00,1770747419999,HBAR,1m,0.090781,0.090781,0.090781,0.090781,173.0,1
2026-02-10 18:17:00,1770747479999,HBAR,1m,0.090781,0.090781,0.090781,0.090781,0.0,0
2026-02-10 18:18:00,1770747539999,HBAR,1m,0.090821,0.090894,0.090894,0.090821,930.0,4
2026-02-10 18:19:00,1770747599999,HBAR,1m,0.090892,0.090892,0.090892,0.090892,398.0,1
2026-02-10 18:20:00,1770747659999,HBAR,1m,0.090892,0.090892,0.090892,0.090892,0.0,0
2026-02-10 18:21:00,1770747719999,HBAR,1m,0.090683,0.090683,0.090683,0.090683,207.0,1
2026-02-10 18:22:00,1770747779999,HBAR,1m,0.090381,0.090483,0.090483,0.090381,4436.0,2
2026-02-10 18:23:00,1770747839999,HBAR,1m,0.090483,0.090483,0.090483,0.090483,0.0,0
2026-02-10 18:24:00,1770747899999,HBAR,1m,0.090487,0.090487,0.090487,0.090487,455.0,1
2026-02-10 18:25:00,1770747959999,HBAR,1m,0.090304,0.090184,0.090304,0.090184,289.0,2
2026-02-10 18:26:00,1770748019999,HBAR,1m,0.090051,0.090051,0.090051,0.090051,159.0,1
2026-02-10 18:27:00,1770748079999,HBAR,1m,0.09,0.089929,0.090002,0.089918,69793.0,9
2026-02-10 18:28:00,1770748139999,HBAR,1m,0.09016,0.09016,0.09016,0.09016,281.0,1
2026-02-10 18:29:00,1770748199999,HBAR,1m,0.090058,0.090058,0.090058,0.090058,184.0,1
2026-02-10 18:30:00,1770748259999,HBAR,1m,0.090038,0.090039,0.090098,0.090038,83780.0,10
2026-02-10 18:31:00,1770748319999,HBAR,1m,0.090189,0.090189,0.090189,0.090189,132.0,1
2026-02-10 18:32:00,1770748379999,HBAR,1m,0.090189,0.090189,0.090189,0.090189,0.0,0
2026-02-10 18:33:00,1770748439999,HBAR,1m,0.090059,0.090059,0.090059,0.090059,197.0,1
2026-02-10 18:34:00,1770748499999,HBAR,1m,0.089824,0.089824,0.089824,0.089824,454.0,1
2026-02-10 18:35:00,1770748559999,HBAR,1m,0.089826,0.089799,0.089826,0.089799,319.0,2
2026-02-10 18:36:00,1770748619999,HBAR,1m,0.089901,0.089901,0.089901,0.089901,209.0,1
2026-02-10 18:37:00,1770748679999,HBAR,1m,0.089901,0.089901,0.089901,0.089901,0.0,0
2026-02-10 18:38:00,1770748739999,HBAR,1m,0.089973,0.089973,0.089973,0.089973,168.0,1
2026-02-10 18:39:00,1770748799999,HBAR,1m,0.089973,0.089973,0.089973,0.089973,0.0,0
2026-02-10 18:40:00,1770748859999,HBAR,1m,0.089973,0.089973,0.089973,0.089973,0.0,0
2026-02-10 18:41:00,1770748919999,HBAR,1m,0.08994,0.08994,0.08994,0.08994,362.0,1
2026-02-10 18:42:00,1770748979999,HBAR,1m,0.089792,0.089792,0.089792,0.089792,194.0,1
2026-02-10 18:43:00,1770749039999,HBAR,1m,0.089829,0.089829,0.089829,0.089829,194.0,1
2026-02-10 18:44:00,1770749099999,HBAR,1m,0.089919,0.089919,0.089919,0.089919,1111.0,1
2026-02-10 18:45:00,1770749159999,HBAR,1m,0.08998,0.08998,0.08998,0.08998,319.0,1
2026-02-10 18:46:00,1770749219999,HBAR,1m,0.089759,0.089759,0.089759,0.089759,392.0,1
2026-02-10 18:47:00,1770749279999,HBAR,1m,0.089759,0.089759,0.089759,0.089759,0.0,0
2026-02-10 18:48:00,1770749339999,HBAR,1m,0.089448,0.089448,0.089462,0.089448,10111.0,4
2026-02-10 18:49:00,1770749399999,HBAR,1m,0.089548,0.08945,0.089548,0.08945,321.0,2
2026-02-10 18:50:00,1770749459999,HBAR,1m,0.089431,0.089504,0.089518,0.089431,867.0,3
2026-02-10 18:51:00,1770749519999,HBAR,1m,0.089504,0.089504,0.089504,0.089504,0.0,0
2026-02-10 18:52:00,1770749579999,HBAR,1m,0.089389,0.089389,0.089389,0.089389,187.0,1
2026-02-10 18:53:00,1770749639999,HBAR,1m,0.089518,0.089518,0.089518,0.089518,171.0,1
2026-02-10 18:54:00,1770749699999,HBAR,1m,0.089561,0.089561,0.089561,0.089561,171.0,1
2026-02-10 18:55:00,1770749759999,HBAR,1m,0.089471,0.089471,0.089471,0.089471,128.0,1
2026-02-10 18:56:00,1770749819999,HBAR,1m,0.08963,0.08963,0.08963,0.08963,221.0,1
2026-02-10 18:57:00,1770749879999,HBAR,1m,0.089653,0.089653,0.089653,0.089653,4649.0,1
2026-02-10 18:58:00,1770749939999,HBAR,1m,0.089551,0.089551,0.089551,0.089551,214.0,1
2026-02-10 18:59:00,1770749999999,HBAR,1m,0.089551,0.089551,0.089551,0.089551,0.0,0
2026-02-10 19:00:00,1770750059999,HBAR,1m,0.089571,0.089483,0.089571,0.089483,738.0,3
2026-02-10 19:01:00,1770750119999,HBAR,1m,0.089632,0.089632,0.089632,0.089632,9909.0,1
2026-02-10 19:02:00,1770750179999,HBAR,1m,0.089776,0.089776,0.089776,0.089776,1111.0,1
2026-02-10 19:03:00,1770750239999,HBAR,1m,0.089562,0.089623,0.089623,0.089562,406.0,2
2026-02-10 19:04:00,1770750299999,HBAR,1m,0.089623,0.089623,0.089623,0.089623,0.0,0
2026-02-10 19:05:00,1770750359999,HBAR,1m,0.089555,0.089555,0.089555,0.089555,224.0,1
2026-02-10 19:06:00,1770750419999,HBAR,1m,0.089662,0.089652,0.089662,0.089652,655.0,2
2026-02-10 19:07:00,1770750479999,HBAR,1m,0.089629,0.089543,0.089629,0.089543,356.0,2
2026-02-10 19:08:00,1770750539999,HBAR,1m,0.089543,0.089543,0.089543,0.089543,0.0,0
2026-02-10 19:09:00,1770750599999,HBAR,1m,0.089543,0.089543,0.089543,0.089543,0.0,0
2026-02-10 19:10:00,1770750659999,HBAR,1m,0.089967,0.090034,0.090034,0.089967,96051.0,10
2026-02-10 19:11:00,1770750719999,HBAR,1m,0.090034,0.090034,0.090034,0.090034,0.0,0
2026-02-10 19:12:00,1770750779999,HBAR,1m,0.089793,0.089841,0.089841,0.089793,5005.0,3
2026-02-10 19:13:00,1770750839999,HBAR,1m,0.089841,0.089841,0.089841,0.089841,0.0,0
2026-02-10 19:14:00,1770750899999,HBAR,1m,0.09002,0.09002,0.09002,0.09002,378.0,1
2026-02-10 19:15:00,1770750959999,HBAR,1m,0.089952,0.089917,0.089952,0.089917,3448.0,8
2026-02-10 19:16:00,1770751019999,HBAR,1m,0.089931,0.089911,0.089931,0.089911,76858.0,17
2026-02-10 19:17:00,1770751079999,HBAR,1m,0.089759,0.089759,0.089759,0.089759,5000.0,1
2026-02-10 19:18:00,1770751139999,HBAR,1m,0.089759,0.089759,0.089759,0.089759,0.0,0
2026-02-10 19:19:00,1770751199999,HBAR,1m,0.089759,0.089759,0.089759,0.089759,0.0,0
2026-02-10 19:20:00,1770751259999,HBAR,1m,0.089759,0.089759,0.089759,0.089759,0.0,0
2026-02-10 19:21:00,1770751319999,HBAR,1m,0.089759,0.089759,0.089759,0.089759,0.0,0
2026-02-10 19:22:00,1770751379999,HBAR,1m,0.089759,0.089759,0.089759,0.089759,0.0,0
2026-02-10 19:23:00,1770751439999,HBAR,1m,0.089759,0.089759,0.089759,0.089759,0.0,0
2026-02-10 19:24:00,1770751499999,HBAR,1m,0.089759,0.089759,0.089759,0.089759,0.0,0
2026-02-10 19:25:00,1770751559999,HBAR,1m,0.089825,0.089825,0.089825,0.089825,182.0,1
2026-02-10 19:26:00,1770751619999,HBAR,1m,0.089721,0.089783,0.089783,0.089721,614.0,2
2026-02-10 19:27:00,1770751679999,HBAR,1m,0.089783,0.089783,0.089783,0.089783,0.0,0
2026-02-10 19:28:00,1770751739999,HBAR,1m,0.089787,0.089787,0.089787,0.089787,11137.0,2
2026-02-10 19:29:00,1770751799999,HBAR,1m,0.089816,0.089816,0.089816,0.089816,308.0,1
2026-02-10 19:30:00,1770751859999,HBAR,1m,0.089816,0.089816,0.089816,0.089816,0.0,0
2026-02-10 19:31:00,1770751919999,HBAR,1m,0.089816,0.089816,0.089816,0.089816,0.0,0
2026-02-10 19:32:00,1770751979999,HBAR,1m,0.090007,0.090007,0.090007,0.090007,197.0,1
2026-02-10 19:33:00,1770752039999,HBAR,1m,0.090007,0.090136,0.090136,0.090007,5795.0,3
2026-02-10 19:34:00,1770752099999,HBAR,1m,0.090136,0.090136,0.090136,0.090136,0.0,0
2026-02-10 19:35:00,1770752159999,HBAR,1m,0.090369,0.090369,0.090369,0.090369,172.0,1
2026-02-10 19:36:00,1770752219999,HBAR,1m,0.090369,0.090369,0.090369,0.090369,0.0,0
2026-02-10 19:37:00,1770752279999,HBAR,1m,0.090435,0.090435,0.090435,0.090435,173.0,1
2026-02-10 19:38:00,1770752339999,HBAR,1m,0.090435,0.090435,0.090435,0.090435,0.0,0
2026-02-10 19:39:00,1770752399999,HBAR,1m,0.090435,0.090435,0.090435,0.090435,0.0,0
2026-02-10 19:40:00,1770752459999,HBAR,1m,0.090465,0.090465,0.090465,0.090465,2000.0,1
2026-02-10 19:41:00,1770752519999,HBAR,1m,0.090374,0.090374,0.090374,0.090374,220.0,1
2026-02-10 19:42:00,1770752579999,HBAR,1m,0.090374,0.090374,0.090374,0.090374,0.0,0
2026-02-10 19:43:00,1770752639999,HBAR,1m,0.090486,0.090486,0.090486,0.090486,1765.0,1
2026-02-10 19:44:00,1770752699999,HBAR,1m,0.090431,0.090431,0.090431,0.090431,2349.0,1
2026-02-10 19:45:00,1770752759999,HBAR,1m,0.090507,0.090507,0.090507,0.090507,402.0,1
2026-02-10 19:46:00,1770752819999,HBAR,1m,0.090411,0.090411,0.090411,0.090411,159.0,1
2026-02-10 19:47:00,1770752879999,HBAR,1m,0.090297,0.090297,0.090297,0.090297,5815.0,1
2026-02-10 19:48:00,1770752939999,HBAR,1m,0.090286,0.090286,0.090286,0.090286,276.0,1
2026-02-10 19:49:00,1770752999999,HBAR,1m,0.090286,0.090286,0.090286,0.090286,0.0,0
2026-02-10 19:50:00,1770753059999,HBAR,1m,0.090198,0.090198,0.090198,0.090198,208.0,1
2026-02-10 19:51:00,1770753119999,HBAR,1m,0.090166,0.090166,0.090166,0.090166,483.0,1
2026-02-10 19:52:00,1770753179999,HBAR,1m,0.090176,0.090215,0.090215,0.090176,401.0,2
2026-02-10 19:53:00,1770753239999,HBAR,1m,0.090215,0.090166,0.090215,0.090166,341.0,2
2026-02-10 19:54:00,1770753299999,HBAR,1m,0.090166,0.090072,0.090166,0.090072,749.0,3
2026-02-10 19:55:00,1770753359999,HBAR,1m,0.090116,0.090111,0.090116,0.090008,669.0,3
2026-02-10 19:56:00,1770753419999,HBAR,1m,0.090072,0.090114,0.090114,0.090072,702.0,2
2026-02-10 19:57:00,1770753479999,HBAR,1m,0.09017,0.09017,0.09017,0.09017,194.0,1
2026-02-10 19:58:00,1770753539999,HBAR,1m,0.09017,0.09017,0.09017,0.09017,0.0,0
2026-02-10 19:59:00,1770753599999,HBAR,1m,0.09016,0.090108,0.09016,0.090108,2995.0,2
2026-02-10 20:00:00,1770753659999,HBAR,1m,0.090108,0.090082,0.090108,0.090082,9441.0,4
2026-02-10 20:01:00,1770753719999,HBAR,1m,0.090214,0.090231,0.090231,0.090214,318.0,2
2026-02-10 20:02:00,1770753779999,HBAR,1m,0.090247,0.09024,0.090247,0.09024,429.0,2
2026-02-10 20:03:00,1770753839999,HBAR,1m,0.090135,0.090119,0.090135,0.090119,382.0,2
2026-02-10 20:04:00,1770753899999,HBAR,1m,0.090121,0.090134,0.090134,0.090121,55494.0,6
2026-02-10 20:05:00,1770753959999,HBAR,1m,0.090134,0.090134,0.090134,0.090134,0.0,0
2026-02-10 20:06:00,1770754019999,HBAR,1m,0.090134,0.090134,0.090134,0.090134,0.0,0
2026-02-10 20:07:00,1770754079999,HBAR,1m,0.090012,0.089927,0.090012,0.089926,73299.0,13
2026-02-10 20:08:00,1770754139999,HBAR,1m,0.089789,0.089749,0.089789,0.08968,5561.0,4
2026-02-10 20:09:00,1770754199999,HBAR,1m,0.089746,0.089746,0.089746,0.089746,2010.0,1
2026-02-10 20:10:00,1770754259999,HBAR,1m,0.089746,0.089746,0.089746,0.089746,0.0,0
2026-02-10 20:11:00,1770754319999,HBAR,1m,0.089678,0.08979,0.08979,0.089678,893.0,4
2026-02-10 20:12:00,1770754379999,HBAR,1m,0.089697,0.089697,0.089697,0.089697,206.0,1
2026-02-10 20:13:00,1770754439999,HBAR,1m,0.089696,0.089696,0.089696,0.089696,363.0,1
2026-02-10 20:14:00,1770754499999,HBAR,1m,0.089622,0.089622,0.089622,0.089622,192.0,1
2026-02-10 20:15:00,1770754559999,HBAR,1m,0.089622,0.089622,0.089622,0.089622,0.0,0
2026-02-10 20:16:00,1770754619999,HBAR,1m,0.08966,0.089748,0.089827,0.08966,23866.0,12
2026-02-10 20:17:00,1770754679999,HBAR,1m,0.089845,0.089845,0.089845,0.089845,191.0,1
2026-02-10 20:18:00,1770754739999,HBAR,1m,0.089807,0.089807,0.089807,0.089807,197.0,1
2026-02-10 20:19:00,1770754799999,HBAR,1m,0.089751,0.089751,0.089751,0.089751,189.0,1
2026-02-10 20:20:00,1770754859999,HBAR,1m,0.089792,0.089695,0.089792,0.089695,668.0,2
2026-02-10 20:21:00,1770754919999,HBAR,1m,0.089695,0.089695,0.089695,0.089695,0.0,0
2026-02-10 20:22:00,1770754979999,HBAR,1m,0.089694,0.089806,0.089806,0.089694,494.0,2
2026-02-10 20:23:00,1770755039999,HBAR,1m,0.089771,0.089774,0.089774,0.089707,30931.0,7
2026-02-10 20:24:00,1770755099999,HBAR,1m,0.08975,0.08975,0.08975,0.08975,790.0,2
2026-02-10 20:25:00,1770755159999,HBAR,1m,0.08975,0.08975,0.08975,0.08975,0.0,0
2026-02-10 20:26:00,1770755219999,HBAR,1m,0.089791,0.089791,0.089791,0.089791,178.0,1
2026-02-10 20:27:00,1770755279999,HBAR,1m,0.089791,0.089791,0.089791,0.089791,0.0,0
2026-02-10 20:28:00,1770755339999,HBAR,1m,0.089791,0.089791,0.089791,0.089791,0.0,0
2026-02-10 20:29:00,1770755399999,HBAR,1m,0.089791,0.089791,0.089791,0.089791,0.0,0
2026-02-10 20:30:00,1770755459999,HBAR,1m,0.089745,0.089745,0.089745,0.089745,184.0,1
2026-02-10 20:31:00,1770755519999,HBAR,1m,0.089998,0.089998,0.089998,0.089998,1138.0,1
2026-02-10 20:32:00,1770755579999,HBAR,1m,0.089998,0.089998,0.089998,0.089998,0.0,0
2026-02-10 20:33:00,1770755639999,HBAR,1m,0.089917,0.089917,0.089917,0.089917,682.0,2
2026-02-10 20:34:00,1770755699999,HBAR,1m,0.089917,0.089917,0.089917,0.089917,0.0,0
2026-02-10 20:35:00,1770755759999,HBAR,1m,0.089801,0.089764,0.089801,0.089764,423.0,2
2026-02-10 20:36:00,1770755819999,HBAR,1m,0.089782,0.089782,0.089782,0.089782,207.0,1
2026-02-10 20:37:00,1770755879999,HBAR,1m,0.089782,0.089782,0.089782,0.089782,0.0,0
2026-02-10 20:38:00,1770755939999,HBAR,1m,0.089933,0.089844,0.089933,0.089825,1116.0,4
2026-02-10 20:39:00,1770755999999,HBAR,1m,0.089853,0.089853,0.089853,0.089853,128.0,1
2026-02-10 20:40:00,1770756059999,HBAR,1m,0.089961,0.090002,0.090002,0.089961,20724.0,3
2026-02-10 20:41:00,1770756119999,HBAR,1m,0.089969,0.089948,0.089969,0.089948,4674.0,2
2026-02-10 20:42:00,1770756179999,HBAR,1m,0.089917,0.089917,0.089917,0.089917,128.0,1
2026-02-10 20:43:00,1770756239999,HBAR,1m,0.089917,0.089917,0.089917,0.089917,0.0,0
2026-02-10 20:44:00,1770756299999,HBAR,1m,0.089967,0.089967,0.089967,0.089967,219.0,1
2026-02-10 20:45:00,1770756359999,HBAR,1m,0.089987,0.089987,0.089987,0.089987,305.0,1
2026-02-10 20:46:00,1770756419999,HBAR,1m,0.089926,0.089926,0.089926,0.089926,208.0,1
2026-02-10 20:47:00,1770756479999,HBAR,1m,0.090046,0.090048,0.090048,0.090046,3622.0,3
2026-02-10 20:48:00,1770756539999,HBAR,1m,0.090279,0.090308,0.090345,0.090279,4357.0,5
2026-02-10 20:49:00,1770756599999,HBAR,1m,0.090201,0.090201,0.090201,0.090201,5000.0,2
2026-02-10 20:50:00,1770756659999,HBAR,1m,0.090201,0.090201,0.090201,0.090201,181.0,1
2026-02-10 20:51:00,1770756719999,HBAR,1m,0.090201,0.090201,0.090201,0.090201,0.0,0
2026-02-10 20:52:00,1770756779999,HBAR,1m,0.090201,0.090201,0.090201,0.090201,0.0,0
2026-02-10 20:53:00,1770756839999,HBAR,1m,0.09018,0.090208,0.090208,0.09018,652.0,3
2026-02-10 20:54:00,1770756899999,HBAR,1m,0.090208,0.090208,0.090208,0.090208,0.0,0
2026-02-10 20:55:00,1770756959999,HBAR,1m,0.090259,0.090259,0.090259,0.090259,185.0,1
2026-02-10 20:56:00,1770757019999,HBAR,1m,0.090207,0.090207,0.090207,0.090207,2644.0,2
2026-02-10 20:57:00,1770757079999,HBAR,1m,0.090207,0.090207,0.090207,0.090207,0.0,0
2026-02-10 20:58:00,1770757139999,HBAR,1m,0.09025,0.090308,0.090308,0.09025,411.0,2
2026-02-10 20:59:00,1770757199999,HBAR,1m,0.090307,0.090307,0.090307,0.090307,2250.0,2
2026-02-10 21:00:00,1770757259999,HBAR,1m,0.090325,0.090325,0.090325,0.090325,197.0,1
2026-02-10 21:01:00,1770757319999,HBAR,1m,0.090353,0.090353,0.090353,0.090353,7991.0,2
2026-02-10 21:02:00,1770757379999,HBAR,1m,0.090416,0.090416,0.090416,0.090416,4501.0,1
2026-02-10 21:03:00,1770757439999,HBAR,1m,0.090397,0.090397,0.090397,0.090397,468.0,1
2026-02-10 21:04:00,1770757499999,HBAR,1m,0.090482,0.090482,0.090482,0.090482,179.0,1
2026-02-10 21:05:00,1770757559999,HBAR,1m,0.090482,0.090482,0.090482,0.090482,0.0,0
2026-02-10 21:06:00,1770757619999,HBAR,1m,0.090447,0.090447,0.090447,0.090447,384.0,1
2026-02-10 21:07:00,1770757679999,HBAR,1m,0.090447,0.090447,0.090447,0.090447,0.0,0
2026-02-10 21:08:00,1770757739999,HBAR,1m,0.090447,0.090447,0.090447,0.090447,0.0,0
2026-02-10 21:09:00,1770757799999,HBAR,1m,0.090447,0.090447,0.090447,0.090447,0.0,0
2026-02-10 21:10:00,1770757859999,HBAR,1m,0.090282,0.090282,0.090282,0.090282,431.0,1
2026-02-10 21:11:00,1770757919999,HBAR,1m,0.090282,0.090282,0.090282,0.090282,0.0,0
2026-02-10 21:12:00,1770757979999,HBAR,1m,0.090202,0.090202,0.090202,0.090202,399.0,2
2026-02-10 21:13:00,1770758039999,HBAR,1m,0.090221,0.090297,0.090297,0.090221,18738.0,6
2026-02-10 21:14:00,1770758099999,HBAR,1m,0.090297,0.090297,0.090297,0.090297,0.0,0
2026-02-10 21:15:00,1770758159999,HBAR,1m,0.090298,0.090298,0.090298,0.090298,320.0,1
2026-02-10 21:16:00,1770758219999,HBAR,1m,0.09031,0.090234,0.090332,0.090234,10429.0,5
2026-02-10 21:17:00,1770758279999,HBAR,1m,0.090254,0.090259,0.090259,0.090254,949.0,2
2026-02-10 21:18:00,1770758339999,HBAR,1m,0.090249,0.090249,0.090249,0.090249,170.0,1
2026-02-10 21:19:00,1770758399999,HBAR,1m,0.090249,0.090231,0.090249,0.090231,372.0,2
2026-02-10 21:20:00,1770758459999,HBAR,1m,0.090231,0.090288,0.090288,0.090231,11372.0,3
2026-02-10 21:21:00,1770758519999,HBAR,1m,0.090217,0.090217,0.090217,0.090217,221.0,1
2026-02-10 21:22:00,1770758579999,HBAR,1m,0.090214,0.090214,0.090214,0.090214,208.0,1
2026-02-10 21:23:00,1770758639999,HBAR,1m,0.090094,0.090094,0.090094,0.090094,122.0,1
2026-02-10 21:24:00,1770758699999,HBAR,1m,0.090205,0.090205,0.090205,0.090205,351.0,2
2026-02-10 21:25:00,1770758759999,HBAR,1m,0.090236,0.090236,0.090236,0.090236,115.0,1
2026-02-10 21:26:00,1770758819999,HBAR,1m,0.090236,0.090236,0.090236,0.090236,0.0,0
2026-02-10 21:27:00,1770758879999,HBAR,1m,0.090187,0.090187,0.090187,0.090187,213.0,1
2026-02-10 21:28:00,1770758939999,HBAR,1m,0.090186,0.090186,0.090186,0.090186,991.0,4
2026-02-10 21:29:00,1770758999999,HBAR,1m,0.09005,0.090008,0.09005,0.090008,821.0,2
2026-02-10 21:30:00,1770759059999,HBAR,1m,0.090008,0.090008,0.090008,0.090008,0.0,0
2026-02-10 21:31:00,1770759119999,HBAR,1m,0.090008,0.090008,0.090008,0.090008,0.0,0
2026-02-10 21:32:00,1770759179999,HBAR,1m,0.089764,0.089764,0.089764,0.089764,753.0,1
2026-02-10 21:33:00,1770759239999,HBAR,1m,0.089725,0.089725,0.089725,0.089725,160.0,1
2026-02-10 21:34:00,1770759299999,HBAR,1m,0.089769,0.089769,0.089769,0.089769,256.0,1
2026-02-10 21:35:00,1770759359999,HBAR,1m,0.089813,0.089813,0.089813,0.089813,377.0,1
2026-02-10 21:36:00,1770759419999,HBAR,1m,0.089815,0.089815,0.089815,0.089815,203.0,1
2026-02-10 21:37:00,1770759479999,HBAR,1m,0.089815,0.089815,0.089815,0.089815,0.0,0
2026-02-10 21:38:00,1770759539999,HBAR,1m,0.089887,0.089799,0.089887,0.089799,372.0,2
2026-02-10 21:39:00,1770759599999,HBAR,1m,0.089799,0.089799,0.089799,0.089799,0.0,0
2026-02-10 21:40:00,1770759659999,HBAR,1m,0.08987,0.08987,0.08987,0.08987,182.0,1
2026-02-10 21:41:00,1770759719999,HBAR,1m,0.089832,0.089768,0.089833,0.089768,896.0,4
2026-02-10 21:42:00,1770759779999,HBAR,1m,0.089789,0.089789,0.089789,0.089789,235.0,1
2026-02-10 21:43:00,1770759839999,HBAR,1m,0.089862,0.089862,0.089862,0.089862,304.0,1
2026-02-10 21:44:00,1770759899999,HBAR,1m,0.089887,0.089887,0.089887,0.089887,4783.0,1
2026-02-10 21:45:00,1770759959999,HBAR,1m,0.089872,0.089872,0.089872,0.089872,223.0,1
2026-02-10 21:46:00,1770760019999,HBAR,1m,0.089872,0.089872,0.089872,0.089872,0.0,0
2026-02-10 21:47:00,1770760079999,HBAR,1m,0.089872,0.089872,0.089872,0.089872,0.0,0
2026-02-10 21:48:00,1770760139999,HBAR,1m,0.089943,0.089937,0.089943,0.089937,11241.0,3
2026-02-10 21:49:00,1770760199999,HBAR,1m,0.089896,0.089896,0.089896,0.089896,198.0,1
2026-02-10 21:50:00,1770760259999,HBAR,1m,0.090016,0.090016,0.090016,0.090016,1247.0,1
2026-02-10 21:51:00,1770760319999,HBAR,1m,0.090065,0.090065,0.090065,0.090065,204.0,1
2026-02-10 21:52:00,1770760379999,HBAR,1m,0.090065,0.090065,0.090065,0.090065,0.0,0
2026-02-10 21:53:00,1770760439999,HBAR,1m,0.090065,0.090065,0.090065,0.090065,0.0,0
2026-02-10 21:54:00,1770760499999,HBAR,1m,0.090105,0.090105,0.090105,0.090105,3962.0,1
2026-02-10 21:55:00,1770760559999,HBAR,1m,0.090105,0.090105,0.090105,0.090105,0.0,0
2026-02-10 21:56:00,1770760619999,HBAR,1m,0.090136,0.090136,0.090136,0.090136,2250.0,2
2026-02-10 21:57:00,1770760679999,HBAR,1m,0.090136,0.090136,0.090136,0.090136,0.0,0
2026-02-10 21:58:00,1770760739999,HBAR,1m,0.090062,0.090062,0.090062,0.090062,210.0,1
2026-02-10 21:59:00,1770760799999,HBAR,1m,0.090037,0.090022,0.090037,0.090022,95770.0,8
2026-02-10 22:00:00,1770760859999,HBAR,1m,0.090146,0.090196,0.090196,0.090146,277.0,2
2026-02-10 22:01:00,1770760919999,HBAR,1m,0.090116,0.09018,0.09018,0.090116,82417.0,10
2026-02-10 22:02:00,1770760979999,HBAR,1m,0.090105,0.090137,0.090137,0.090105,27681.0,6
2026-02-10 22:03:00,1770761039999,HBAR,1m,0.090137,0.090137,0.090137,0.090137,0.0,0
2026-02-10 22:04:00,1770761099999,HBAR,1m,0.090116,0.090117,0.090117,0.090116,374.0,2
2026-02-10 22:05:00,1770761159999,HBAR,1m,0.090139,0.090139,0.090139,0.090139,214.0,1
2026-02-10 22:06:00,1770761219999,HBAR,1m,0.090127,0.090127,0.090127,0.090127,452.0,1
2026-02-10 22:07:00,1770761279999,HBAR,1m,0.090141,0.090141,0.090141,0.090141,219.0,1
2026-02-10 22:08:00,1770761339999,HBAR,1m,0.090042,0.090042,0.090042,0.090042,2250.0,4
2026-02-10 22:09:00,1770761399999,HBAR,1m,0.089933,0.089933,0.089933,0.089933,175.0,1
2026-02-10 22:10:00,1770761459999,HBAR,1m,0.089933,0.089933,0.089933,0.089933,0.0,0
2026-02-10 22:11:00,1770761519999,HBAR,1m,0.089933,0.089933,0.089933,0.089933,0.0,0
2026-02-10 22:12:00,1770761579999,HBAR,1m,0.089933,0.089933,0.089933,0.089933,0.0,0
2026-02-10 22:13:00,1770761639999,HBAR,1m,0.089933,0.089933,0.089933,0.089933,0.0,0
2026-02-10 22:14:00,1770761699999,HBAR,1m,0.090123,0.090123,0.090123,0.090123,193.0,1
2026-02-10 22:15:00,1770761759999,HBAR,1m,0.090104,0.090039,0.090104,0.090039,520.0,3
2026-02-10 22:16:00,1770761819999,HBAR,1m,0.090039,0.090039,0.090039,0.090039,0.0,0
2026-02-10 22:17:00,1770761879999,HBAR,1m,0.090105,0.090159,0.090159,0.090105,398.0,2
2026-02-10 22:18:00,1770761939999,HBAR,1m,0.090107,0.090107,0.090107,0.090107,180.0,1
2026-02-10 22:19:00,1770761999999,HBAR,1m,0.090107,0.090107,0.090107,0.090107,0.0,0
2026-02-10 22:20:00,1770762059999,HBAR,1m,0.090079,0.090029,0.090079,0.090029,28185.0,4
2026-02-10 22:21:00,1770762119999,HBAR,1m,0.0901,0.090178,0.090178,0.0901,1641.0,4
2026-02-10 22:22:00,1770762179999,HBAR,1m,0.090238,0.090143,0.090238,0.090143,735.0,2
2026-02-10 22:23:00,1770762239999,HBAR,1m,0.090143,0.090143,0.090143,0.090143,0.0,0
2026-02-10 22:24:00,1770762299999,HBAR,1m,0.090154,0.090154,0.090154,0.090154,356.0,1
2026-02-10 22:25:00,1770762359999,HBAR,1m,0.090141,0.090147,0.090147,0.090141,1547.0,6
2026-02-10 22:26:00,1770762419999,HBAR,1m,0.090068,0.090106,0.090106,0.090068,586.0,2
2026-02-10 22:27:00,1770762479999,HBAR,1m,0.090106,0.090106,0.090106,0.090106,0.0,0
2026-02-10 22:28:00,1770762539999,HBAR,1m,0.090106,0.090106,0.090106,0.090106,0.0,0
2026-02-10 22:29:00,1770762599999,HBAR,1m,0.090149,0.090149,0.090149,0.090149,187.0,1
2026-02-10 22:30:00,1770762659999,HBAR,1m,0.090268,0.090244,0.090268,0.090244,594.0,2
2026-02-10 22:31:00,1770762719999,HBAR,1m,0.090244,0.090244,0.090244,0.090244,0.0,0
2026-02-10 22:32:00,1770762779999,HBAR,1m,0.090226,0.090221,0.090226,0.090221,560.0,2
2026-02-10 22:33:00,1770762839999,HBAR,1m,0.090221,0.090291,0.090291,0.090221,3351.0,7
2026-02-10 22:34:00,1770762899999,HBAR,1m,0.090242,0.090244,0.090244,0.090242,359.0,2
2026-02-10 22:35:00,1770762959999,HBAR,1m,0.090331,0.090331,0.090331,0.090331,461.0,1
2026-02-10 22:36:00,1770763019999,HBAR,1m,0.090331,0.090331,0.090331,0.090331,142.0,2
2026-02-10 22:37:00,1770763079999,HBAR,1m,0.09026,0.090271,0.090271,0.09026,621.0,3
2026-02-10 22:38:00,1770763139999,HBAR,1m,0.090309,0.090311,0.090311,0.090309,411.0,2
2026-02-10 22:39:00,1770763199999,HBAR,1m,0.090429,0.090531,0.090531,0.090429,346.0,2
2026-02-10 22:40:00,1770763259999,HBAR,1m,0.090531,0.090531,0.090531,0.090531,0.0,0
2026-02-10 22:41:00,1770763319999,HBAR,1m,0.090531,0.090531,0.090531,0.090531,0.0,0
2026-02-10 22:42:00,1770763379999,HBAR,1m,0.09046,0.09046,0.09046,0.09046,460.0,1
2026-02-10 22:43:00,1770763439999,HBAR,1m,0.09046,0.090425,0.09046,0.090425,5708.0,4
2026-02-10 22:44:00,1770763499999,HBAR,1m,0.090362,0.090362,0.090362,0.090362,359.0,1
2026-02-10 22:45:00,1770763559999,HBAR,1m,0.09042,0.09042,0.09042,0.09042,400.0,2
2026-02-10 22:46:00,1770763619999,HBAR,1m,0.09042,0.09042,0.09042,0.09042,0.0,0
2026-02-10 22:47:00,1770763679999,HBAR,1m,0.090292,0.090292,0.090292,0.090292,203.0,1
2026-02-10 22:48:00,1770763739999,HBAR,1m,0.090241,0.090241,0.090241,0.090241,208.0,1
2026-02-10 22:49:00,1770763799999,HBAR,1m,0.090241,0.090241,0.090241,0.090241,0.0,0
2026-02-10 22:50:00,1770763859999,HBAR,1m,0.090118,0.090118,0.090118,0.090118,223.0,1
2026-02-10 22:51:00,1770763919999,HBAR,1m,0.090107,0.090107,0.090107,0.090107,2250.0,3
2026-02-10 22:52:00,1770763979999,HBAR,1m,0.09011,0.090109,0.09011,0.090109,320.0,2
2026-02-10 22:53:00,1770764039999,HBAR,1m,0.090109,0.090109,0.090109,0.090109,0.0,0
2026-02-10 22:54:00,1770764099999,HBAR,1m,0.090098,0.0901,0.0901,0.090098,575.0,3
2026-02-10 22:55:00,1770764159999,HBAR,1m,0.090206,0.090206,0.090206,0.090206,310.0,1
2026-02-10 22:56:00,1770764219999,HBAR,1m,0.090236,0.090236,0.090236,0.090236,4340.0,3
2026-02-10 22:57:00,1770764279999,HBAR,1m,0.090236,0.090236,0.090236,0.090236,0.0,0
2026-02-10 22:58:00,1770764339999,HBAR,1m,0.090236,0.090236,0.090236,0.090236,0.0,0
2026-02-10 22:59:00,1770764399999,HBAR,1m,0.090236,0.090236,0.090236,0.090236,0.0,0
2026-02-10 23:00:00,1770764459999,HBAR,1m,0.090104,0.0901,0.090104,0.0901,13443.0,4
2026-02-10 23:01:00,1770764519999,HBAR,1m,0.0901,0.0901,0.0901,0.0901,0.0,0
2026-02-10 23:02:00,1770764579999,HBAR,1m,0.090131,0.090203,0.090203,0.090131,1118.0,2
2026-02-10 23:03:00,1770764639999,HBAR,1m,0.090203,0.090203,0.090203,0.090203,0.0,0
2026-02-10 23:04:00,1770764699999,HBAR,1m,0.090203,0.090203,0.090203,0.090203,0.0,0
2026-02-10 23:05:00,1770764759999,HBAR,1m,0.090039,0.090003,0.090039,0.090003,790.0,4
2026-02-10 23:06:00,1770764819999,HBAR,1m,0.090003,0.090003,0.090003,0.090003,0.0,0
2026-02-10 23:07:00,1770764879999,HBAR,1m,0.090003,0.090003,0.090003,0.090003,0.0,0
2026-02-10 23:08:00,1770764939999,HBAR,1m,0.090033,0.090033,0.090033,0.090033,3646.0,3
2026-02-10 23:09:00,1770764999999,HBAR,1m,0.090049,0.090048,0.090049,0.090048,535.0,2
2026-02-10 23:10:00,1770765059999,HBAR,1m,0.090045,0.090086,0.090089,0.090045,5879.0,4
2026-02-10 23:11:00,1770765119999,HBAR,1m,0.090103,0.09015,0.09015,0.090103,1862.0,5
2026-02-10 23:12:00,1770765179999,HBAR,1m,0.09015,0.09015,0.09015,0.09015,0.0,0
2026-02-10 23:13:00,1770765239999,HBAR,1m,0.090122,0.090122,0.090122,0.090122,460.0,2
2026-02-10 23:14:00,1770765299999,HBAR,1m,0.090122,0.090122,0.090122,0.090122,199.0,1
2026-02-10 23:15:00,1770765359999,HBAR,1m,0.090122,0.090122,0.090122,0.090122,0.0,0
2026-02-10 23:16:00,1770765419999,HBAR,1m,0.090078,0.090078,0.090078,0.090078,221.0,1
2026-02-10 23:17:00,1770765479999,HBAR,1m,0.09015,0.09015,0.09015,0.09015,291.0,1
2026-02-10 23:18:00,1770765539999,HBAR,1m,0.09018,0.09018,0.09018,0.09018,219.0,1
2026-02-10 23:19:00,1770765599999,HBAR,1m,0.09018,0.09018,0.09018,0.09018,0.0,0
2026-02-10 23:20:00,1770765659999,HBAR,1m,0.090234,0.090234,0.090234,0.090234,210.0,1
2026-02-10 23:21:00,1770765719999,HBAR,1m,0.090219,0.090219,0.090219,0.090219,192.0,1
2026-02-10 23:22:00,1770765779999,HBAR,1m,0.090219,0.090219,0.090219,0.090219,0.0,0
2026-02-10 23:23:00,1770765839999,HBAR,1m,0.090219,0.090219,0.090219,0.090219,0.0,0
2026-02-10 23:24:00,1770765899999,HBAR,1m,0.090219,0.090219,0.090219,0.090219,0.0,0
2026-02-10 23:25:00,1770765959999,HBAR,1m,0.090099,0.090099,0.090099,0.090099,417.0,1
2026-02-10 23:26:00,1770766019999,HBAR,1m,0.090109,0.090109,0.090109,0.090109,384.0,2
2026-02-10 23:27:00,1770766079999,HBAR,1m,0.090138,0.090138,0.090138,0.090138,563.0,3
2026-02-10 23:28:00,1770766139999,HBAR,1m,0.090138,0.090138,0.090138,0.090138,0.0,0
2026-02-10 23:29:00,1770766199999,HBAR,1m,0.090169,0.090169,0.090169,0.090169,234.0,1
2026-02-10 23:30:00,1770766259999,HBAR,1m,0.090169,0.090169,0.090169,0.090169,0.0,0
2026-02-10 23:31:00,1770766319999,HBAR,1m,0.090169,0.090169,0.090169,0.090169,0.0,0
2026-02-10 23:32:00,1770766379999,HBAR,1m,0.090169,0.090169,0.090169,0.090169,0.0,0
2026-02-10 23:33:00,1770766439999,HBAR,1m,0.090241,0.090241,0.090241,0.090241,174.0,1
2026-02-10 23:34:00,1770766499999,HBAR,1m,0.090241,0.090241,0.090241,0.090241,0.0,0
2026-02-10 23:35:00,1770766559999,HBAR,1m,0.090443,0.090443,0.090443,0.090443,373.0,1
2026-02-10 23:36:00,1770766619999,HBAR,1m,0.09045,0.09045,0.09045,0.09045,203.0,1
2026-02-10 23:37:00,1770766679999,HBAR,1m,0.09045,0.09045,0.09045,0.09045,0.0,0
2026-02-10 23:38:00,1770766739999,HBAR,1m,0.090628,0.090628,0.090628,0.090628,159.0,1
2026-02-10 23:39:00,1770766799999,HBAR,1m,0.090628,0.090628,0.090628,0.090628,0.0,0
2026-02-10 23:40:00,1770766859999,HBAR,1m,0.090509,0.090509,0.090509,0.090509,122.0,1
2026-02-10 23:41:00,1770766919999,HBAR,1m,0.090512,0.090512,0.090512,0.090512,175.0,1
2026-02-10 23:42:00,1770766979999,HBAR,1m,0.090581,0.090581,0.090581,0.090581,341.0,1
2026-02-10 23:43:00,1770767039999,HBAR,1m,0.090603,0.090603,0.090603,0.090603,216.0,1
2026-02-10 23:44:00,1770767099999,HBAR,1m,0.090633,0.090618,0.090633,0.090618,819.0,4
2026-02-10 23:45:00,1770767159999,HBAR,1m,0.09055,0.090598,0.090598,0.090549,8053.0,4
2026-02-10 23:46:00,1770767219999,HBAR,1m,0.090586,0.090589,0.090589,0.090586,390.0,2
2026-02-10 23:47:00,1770767279999,HBAR,1m,0.090589,0.090589,0.090589,0.090589,195.0,1
2026-02-10 23:48:00,1770767339999,HBAR,1m,0.090637,0.090637,0.090637,0.090637,171.0,1
2026-02-10 23:49:00,1770767399999,HBAR,1m,0.090696,0.090592,0.090696,0.090592,393.0,2
2026-02-10 23:50:00,1770767459999,HBAR,1m,0.090636,0.090636,0.090636,0.090636,306.0,1
2026-02-10 23:51:00,1770767519999,HBAR,1m,0.090636,0.090636,0.090636,0.090636,0.0,0
2026-02-10 23:52:00,1770767579999,HBAR,1m,0.090576,0.090576,0.090576,0.090576,465.0,1
2026-02-10 23:53:00,1770767639999,HBAR,1m,0.090522,0.090576,0.090576,0.090522,926.0,4
2026-02-10 23:54:00,1770767699999,HBAR,1m,0.090579,0.090579,0.090579,0.090579,177.0,1
2026-02-10 23:55:00,1770767759999,HBAR,1m,0.090579,0.090579,0.090579,0.090579,0.0,0
2026-02-10 23:56:00,1770767819999,HBAR,1m,0.090534,0.090605,0.090605,0.090534,734.0,3
2026-02-10 23:57:00,1770767879999,HBAR,1m,0.090557,0.090558,0.090558,0.090557,742.0,3
2026-02-10 23:58:00,1770767939999,HBAR,1m,0.090558,0.090558,0.090558,0.090558,393.0,1
2026-02-10 23:59:00,1770767999999,HBAR,1m,0.090639,0.090639,0.090639,0.090639,352.0,1
2026-02-11 00:00:00,1770768059999,HBAR,1m,0.090763,0.090753,0.090763,0.090753,708.0,2
2026-02-11 00:01:00,1770768119999,HBAR,1m,0.090696,0.090696,0.090696,0.090696,367.0,1
2026-02-11 00:02:00,1770768179999,HBAR,1m,0.090696,0.090696,0.090696,0.090696,0.0,0
2026-02-11 00:03:00,1770768239999,HBAR,1m,0.090696,0.090696,0.090696,0.090696,0.0,0
2026-02-11 00:04:00,1770768299999,HBAR,1m,0.090684,0.090684,0.090684,0.090684,133.0,1
2026-02-11 00:05:00,1770768359999,HBAR,1m,0.090651,0.09071,0.09071,0.090651,924.0,3
2026-02-11 00:06:00,1770768419999,HBAR,1m,0.090676,0.090676,0.090676,0.090676,4776.0,1
2026-02-11 00:07:00,1770768479999,HBAR,1m,0.090656,0.090646,0.090656,0.090646,6603.0,4
2026-02-11 00:08:00,1770768539999,HBAR,1m,0.090665,0.090742,0.090742,0.090665,15748.0,7
2026-02-11 00:09:00,1770768599999,HBAR,1m,0.09073,0.090668,0.090881,0.090668,10655.0,7
2026-02-11 00:10:00,1770768659999,HBAR,1m,0.090667,0.090592,0.090667,0.090592,4559.0,3
2026-02-11 00:11:00,1770768719999,HBAR,1m,0.090622,0.090622,0.090622,0.090622,4950.0,1
2026-02-11 00:12:00,1770768779999,HBAR,1m,0.090696,0.090696,0.090696,0.090696,13236.0,2
2026-02-11 00:13:00,1770768839999,HBAR,1m,0.090681,0.090681,0.090681,0.090681,1095.0,1
2026-02-11 00:14:00,1770768899999,HBAR,1m,0.090689,0.090689,0.090689,0.090689,187.0,1
2026-02-11 00:15:00,1770768959999,HBAR,1m,0.090701,0.090701,0.090701,0.090701,3591.0,1
2026-02-11 00:16:00,1770769019999,HBAR,1m,0.090762,0.090762,0.090762,0.090762,534.0,2
2026-02-11 00:17:00,1770769079999,HBAR,1m,0.090738,0.090738,0.090738,0.090738,171.0,1
2026-02-11 00:18:00,1770769139999,HBAR,1m,0.090858,0.090858,0.090858,0.090858,1888.0,1
2026-02-11 00:19:00,1770769199999,HBAR,1m,0.090873,0.090873,0.090873,0.090873,307.0,1
2026-02-11 00:20:00,1770769259999,HBAR,1m,0.090873,0.090873,0.090873,0.090873,0.0,0
2026-02-11 00:21:00,1770769319999,HBAR,1m,0.090916,0.090904,0.090916,0.090904,1208.0,2
2026-02-11 00:22:00,1770769379999,HBAR,1m,0.090919,0.090955,0.090963,0.090919,7152.0,4
2026-02-11 00:23:00,1770769439999,HBAR,1m,0.090963,0.090963,0.090963,0.090963,131.0,1
2026-02-11 00:24:00,1770769499999,HBAR,1m,0.090967,0.090955,0.090967,0.090955,1033.0,2
2026-02-11 00:25:00,1770769559999,HBAR,1m,0.090994,0.090994,0.090994,0.090994,196.0,1
2026-02-11 00:26:00,1770769619999,HBAR,1m,0.090994,0.090994,0.090994,0.090994,0.0,0
2026-02-11 00:27:00,1770769679999,HBAR,1m,0.090994,0.090994,0.090994,0.090994,0.0,0
2026-02-11 00:28:00,1770769739999,HBAR,1m,0.091095,0.091095,0.091095,0.09108,4783.0,4
2026-02-11 00:29:00,1770769799999,HBAR,1m,0.091069,0.091071,0.091071,0.091069,37004.0,4
2026-02-11 00:30:00,1770769859999,HBAR,1m,0.090956,0.09094,0.090956,0.09094,16818.0,4
2026-02-11 00:31:00,1770769919999,HBAR,1m,0.09094,0.091002,0.091002,0.09094,5072.0,3
2026-02-11 00:32:00,1770769979999,HBAR,1m,0.091002,0.091002,0.091002,0.091002,181.0,1
2026-02-11 00:33:00,1770770039999,HBAR,1m,0.091034,0.091034,0.091034,0.091034,5861.0,1
2026-02-11 00:34:00,1770770099999,HBAR,1m,0.091034,0.091034,0.091034,0.091034,0.0,0
2026-02-11 00:35:00,1770770159999,HBAR,1m,0.091034,0.091034,0.091034,0.091034,0.0,0
2026-02-11 00:36:00,1770770219999,HBAR,1m,0.091018,0.091018,0.091018,0.091018,184.0,1
2026-02-11 00:37:00,1770770279999,HBAR,1m,0.091025,0.091025,0.091025,0.091025,214.0,1
2026-02-11 00:38:00,1770770339999,HBAR,1m,0.091013,0.091013,0.091013,0.091013,9192.0,1
2026-02-11 00:39:00,1770770399999,HBAR,1m,0.090897,0.090897,0.090897,0.090897,122.0,1
2026-02-11 00:40:00,1770770459999,HBAR,1m,0.090715,0.090715,0.090715,0.090715,217.0,1
2026-02-11 00:41:00,1770770519999,HBAR,1m,0.090715,0.090715,0.090715,0.090715,0.0,0
2026-02-11 00:42:00,1770770579999,HBAR,1m,0.090713,0.090546,0.090713,0.090546,1083.0,3
2026-02-11 00:43:00,1770770639999,HBAR,1m,0.090689,0.090689,0.090689,0.090689,181.0,1
2026-02-11 00:44:00,1770770699999,HBAR,1m,0.090722,0.090743,0.090743,0.090722,453.0,2
2026-02-11 00:45:00,1770770759999,HBAR,1m,0.090743,0.090743,0.090743,0.090743,0.0,0
2026-02-11 00:46:00,1770770819999,HBAR,1m,0.090743,0.090743,0.090743,0.090743,0.0,0
2026-02-11 00:47:00,1770770879999,HBAR,1m,0.090832,0.090832,0.090832,0.090832,220.0,1
2026-02-11 00:48:00,1770770939999,HBAR,1m,0.090832,0.090832,0.090832,0.090832,0.0,0
2026-02-11 00:49:00,1770770999999,HBAR,1m,0.090804,0.090804,0.090804,0.090804,200.0,1
2026-02-11 00:50:00,1770771059999,HBAR,1m,0.09084,0.09084,0.090899,0.09084,842.0,4
2026-02-11 00:51:00,1770771119999,HBAR,1m,0.09084,0.09084,0.09084,0.09084,0.0,0
2026-02-11 00:52:00,1770771179999,HBAR,1m,0.09084,0.09084,0.09084,0.09084,0.0,0
2026-02-11 00:53:00,1770771239999,HBAR,1m,0.09084,0.09084,0.09084,0.09084,0.0,0
2026-02-11 00:54:00,1770771299999,HBAR,1m,0.09084,0.09084,0.09084,0.09084,0.0,0
2026-02-11 00:55:00,1770771359999,HBAR,1m,0.090984,0.091004,0.091004,0.090984,8031.0,2
2026-02-11 00:56:00,1770771419999,HBAR,1m,0.090987,0.090987,0.090987,0.090987,167.0,1
2026-02-11 00:57:00,1770771479999,HBAR,1m,0.090854,0.090854,0.090854,0.090854,207.0,1
2026-02-11 00:58:00,1770771539999,HBAR,1m,0.090854,0.090854,0.090854,0.090854,0.0,0
2026-02-11 00:59:00,1770771599999,HBAR,1m,0.090854,0.090854,0.090854,0.090854,0.0,0
2026-02-11 01:00:00,1770771659999,HBAR,1m,0.090722,0.0907,0.090747,0.0907,7611.0,3
2026-02-11 01:01:00,1770771719999,HBAR,1m,0.090755,0.090755,0.090755,0.090755,185.0,1
2026-02-11 01:02:00,1770771779999,HBAR,1m,0.09076,0.090782,0.090782,0.09076,4850.0,2
2026-02-11 01:03:00,1770771839999,HBAR,1m,0.090842,0.090842,0.090842,0.090842,182.0,1
2026-02-11 01:04:00,1770771899999,HBAR,1m,0.090879,0.090879,0.090879,0.090879,210.0,1
2026-02-11 01:05:00,1770771959999,HBAR,1m,0.090822,0.0908,0.090822,0.0908,347.0,2
2026-02-11 01:06:00,1770772019999,HBAR,1m,0.090752,0.090752,0.090752,0.090752,4359.0,1
2026-02-11 01:07:00,1770772079999,HBAR,1m,0.090701,0.090721,0.090721,0.090701,6330.0,2
2026-02-11 01:08:00,1770772139999,HBAR,1m,0.090724,0.090724,0.090724,0.090724,3670.0,1
2026-02-11 01:09:00,1770772199999,HBAR,1m,0.090751,0.090751,0.090751,0.090751,102.0,1
2026-02-11 01:10:00,1770772259999,HBAR,1m,0.090756,0.090756,0.090756,0.090756,2808.0,1
2026-02-11 01:11:00,1770772319999,HBAR,1m,0.090756,0.090756,0.090756,0.090756,0.0,0
2026-02-11 01:12:00,1770772379999,HBAR,1m,0.090773,0.090773,0.090773,0.090773,128.0,1
2026-02-11 01:13:00,1770772439999,HBAR,1m,0.090797,0.090809,0.090809,0.090797,741.0,3
2026-02-11 01:14:00,1770772499999,HBAR,1m,0.090809,0.090809,0.090809,0.090809,0.0,0
2026-02-11 01:15:00,1770772559999,HBAR,1m,0.090809,0.090809,0.090809,0.090809,0.0,0
2026-02-11 01:16:00,1770772619999,HBAR,1m,0.091016,0.091016,0.091016,0.091016,19986.0,2
2026-02-11 01:17:00,1770772679999,HBAR,1m,0.090863,0.090856,0.090863,0.090856,2453.0,2
2026-02-11 01:18:00,1770772739999,HBAR,1m,0.090856,0.090856,0.090856,0.090856,0.0,0
2026-02-11 01:19:00,1770772799999,HBAR,1m,0.090942,0.090942,0.090942,0.090942,8825.0,2
2026-02-11 01:20:00,1770772859999,HBAR,1m,0.090864,0.090862,0.090864,0.090862,786.0,3
2026-02-11 01:21:00,1770772919999,HBAR,1m,0.090798,0.090798,0.090798,0.090798,742.0,1
2026-02-11 01:22:00,1770772979999,HBAR,1m,0.09078,0.09078,0.09078,0.09078,214.0,1
2026-02-11 01:23:00,1770773039999,HBAR,1m,0.09074,0.09074,0.09074,0.09074,439.0,1
2026-02-11 01:24:00,1770773099999,HBAR,1m,0.09074,0.09074,0.09074,0.09074,0.0,0
2026-02-11 01:25:00,1770773159999,HBAR,1m,0.090727,0.090727,0.090727,0.090727,359.0,1
2026-02-11 01:26:00,1770773219999,HBAR,1m,0.090765,0.090765,0.090765,0.090765,364.0,1
2026-02-11 01:27:00,1770773279999,HBAR,1m,0.090732,0.090732,0.090732,0.090732,213.0,1
2026-02-11 01:28:00,1770773339999,HBAR,1m,0.090682,0.090682,0.090682,0.090682,516.0,2
2026-02-11 01:29:00,1770773399999,HBAR,1m,0.090672,0.090672,0.090672,0.090672,355.0,1
2026-02-11 01:30:00,1770773459999,HBAR,1m,0.09072,0.09072,0.09072,0.09072,458.0,2
2026-02-11 01:31:00,1770773519999,HBAR,1m,0.09072,0.09072,0.09072,0.09072,0.0,0
2026-02-11 01:32:00,1770773579999,HBAR,1m,0.090718,0.090718,0.090718,0.090718,167.0,1
2026-02-11 01:33:00,1770773639999,HBAR,1m,0.090695,0.090695,0.090695,0.090695,175.0,1
2026-02-11 01:34:00,1770773699999,HBAR,1m,0.090743,0.090743,0.090743,0.090743,17714.0,2
2026-02-11 01:35:00,1770773759999,HBAR,1m,0.090793,0.09086,0.09086,0.090793,3578.0,3
2026-02-11 01:36:00,1770773819999,HBAR,1m,0.09086,0.09086,0.09086,0.09086,0.0,0
2026-02-11 01:37:00,1770773879999,HBAR,1m,0.090813,0.090813,0.090813,0.090813,127.0,1
2026-02-11 01:38:00,1770773939999,HBAR,1m,0.090785,0.090795,0.090795,0.090785,315.0,2
2026-02-11 01:39:00,1770773999999,HBAR,1m,0.090722,0.090722,0.090722,0.090722,202.0,1
2026-02-11 01:40:00,1770774059999,HBAR,1m,0.090722,0.090722,0.090722,0.090722,0.0,0
2026-02-11 01:41:00,1770774119999,HBAR,1m,0.090707,0.090707,0.090707,0.090707,177.0,1
2026-02-11 01:42:00,1770774179999,HBAR,1m,0.090701,0.090736,0.090736,0.090701,592.0,3
2026-02-11 01:43:00,1770774239999,HBAR,1m,0.090736,0.090736,0.090736,0.090736,0.0,0
2026-02-11 01:44:00,1770774299999,HBAR,1m,0.090867,0.090867,0.090867,0.090867,127.0,1
2026-02-11 01:45:00,1770774359999,HBAR,1m,0.090854,0.090853,0.090867,0.090853,2700.0,3
2026-02-11 01:46:00,1770774419999,HBAR,1m,0.090772,0.090772,0.090772,0.090772,196.0,1
2026-02-11 01:47:00,1770774479999,HBAR,1m,0.090753,0.090761,0.090761,0.090753,635.0,2
2026-02-11 01:48:00,1770774539999,HBAR,1m,0.090741,0.090741,0.090741,0.090741,215.0,1
2026-02-11 01:49:00,1770774599999,HBAR,1m,0.090741,0.090741,0.090741,0.090741,0.0,0
2026-02-11 01:50:00,1770774659999,HBAR,1m,0.090641,0.090549,0.090641,0.090549,683.0,2
2026-02-11 01:51:00,1770774719999,HBAR,1m,0.090549,0.090549,0.090549,0.090549,0.0,0
2026-02-11 01:52:00,1770774779999,HBAR,1m,0.090568,0.090568,0.090568,0.090568,194.0,1
2026-02-11 01:53:00,1770774839999,HBAR,1m,0.090686,0.090686,0.090686,0.090686,197.0,1
2026-02-11 01:54:00,1770774899999,HBAR,1m,0.090698,0.090698,0.090698,0.090698,192.0,1
2026-02-11 01:55:00,1770774959999,HBAR,1m,0.090668,0.090614,0.090668,0.090614,379.0,2
2026-02-11 01:56:00,1770775019999,HBAR,1m,0.090614,0.090614,0.090614,0.090614,0.0,0
2026-02-11 01:57:00,1770775079999,HBAR,1m,0.090601,0.090601,0.090601,0.090601,204.0,1
2026-02-11 01:58:00,1770775139999,HBAR,1m,0.090644,0.090668,0.090668,0.090644,413.0,2
2026-02-11 01:59:00,1770775199999,HBAR,1m,0.090668,0.090668,0.090668,0.090668,0.0,0
2026-02-11 02:00:00,1770775259999,HBAR,1m,0.090735,0.090735,0.090735,0.090735,388.0,1
2026-02-11 02:01:00,1770775319999,HBAR,1m,0.090735,0.090735,0.090735,0.090735,0.0,0
2026-02-11 02:02:00,1770775379999,HBAR,1m,0.090729,0.090807,0.090807,0.090729,10349.0,3
2026-02-11 02:03:00,1770775439999,HBAR,1m,0.090807,0.090807,0.090807,0.090807,0.0,0
2026-02-11 02:04:00,1770775499999,HBAR,1m,0.090966,0.090966,0.090966,0.090966,497.0,2
2026-02-11 02:05:00,1770775559999,HBAR,1m,0.090958,0.090958,0.090958,0.090958,216.0,1
2026-02-11 02:06:00,1770775619999,HBAR,1m,0.09093,0.09091,0.09093,0.09091,801.0,2
2026-02-11 02:07:00,1770775679999,HBAR,1m,0.09091,0.09091,0.09091,0.09091,0.0,0
2026-02-11 02:08:00,1770775739999,HBAR,1m,0.090894,0.090885,0.090894,0.090885,530.0,3
2026-02-11 02:09:00,1770775799999,HBAR,1m,0.090885,0.090885,0.090885,0.090885,0.0,0
2026-02-11 02:10:00,1770775859999,HBAR,1m,0.090885,0.090885,0.090885,0.090885,0.0,0
2026-02-11 02:11:00,1770775919999,HBAR,1m,0.090901,0.090901,0.090901,0.090901,215.0,1
2026-02-11 02:12:00,1770775979999,HBAR,1m,0.090901,0.090901,0.090901,0.090901,0.0,0
2026-02-11 02:13:00,1770776039999,HBAR,1m,0.090943,0.090943,0.090943,0.090943,209.0,1
2026-02-11 02:14:00,1770776099999,HBAR,1m,0.090926,0.090926,0.090926,0.090926,197.0,1
2026-02-11 02:15:00,1770776159999,HBAR,1m,0.090908,0.090908,0.090908,0.090908,645.0,2
2026-02-11 02:16:00,1770776219999,HBAR,1m,0.090911,0.090911,0.090911,0.090911,178.0,1
2026-02-11 02:17:00,1770776279999,HBAR,1m,0.09099,0.091056,0.091056,0.09099,195640.0,12
2026-02-11 02:18:00,1770776339999,HBAR,1m,0.091099,0.091099,0.091099,0.091099,120.0,1
2026-02-11 02:19:00,1770776399999,HBAR,1m,0.091028,0.091028,0.091028,0.091028,593.0,2
2026-02-11 02:20:00,1770776459999,HBAR,1m,0.091,0.091,0.091,0.091,203.0,1
2026-02-11 02:21:00,1770776519999,HBAR,1m,0.091,0.091,0.091,0.091,0.0,0
2026-02-11 02:22:00,1770776579999,HBAR,1m,0.091,0.091,0.091,0.091,0.0,0
2026-02-11 02:23:00,1770776639999,HBAR,1m,0.091,0.091,0.091,0.091,0.0,0
2026-02-11 02:24:00,1770776699999,HBAR,1m,0.090993,0.090993,0.090993,0.090993,248.0,1
2026-02-11 02:25:00,1770776759999,HBAR,1m,0.090909,0.090909,0.090909,0.090909,206.0,1
2026-02-11 02:26:00,1770776819999,HBAR,1m,0.091038,0.091038,0.091038,0.091038,214.0,1
2026-02-11 02:27:00,1770776879999,HBAR,1m,0.091038,0.091038,0.091038,0.091038,0.0,0
2026-02-11 02:28:00,1770776939999,HBAR,1m,0.091038,0.091038,0.091038,0.091038,0.0,0
2026-02-11 02:29:00,1770776999999,HBAR,1m,0.091038,0.091038,0.091038,0.091038,0.0,0
2026-02-11 02:30:00,1770777059999,HBAR,1m,0.091064,0.091141,0.091141,0.091064,21593.0,4
2026-02-11 02:31:00,1770777119999,HBAR,1m,0.09111,0.09111,0.09111,0.09111,2250.0,2
2026-02-11 02:32:00,1770777179999,HBAR,1m,0.09111,0.09111,0.09111,0.09111,0.0,0
2026-02-11 02:33:00,1770777239999,HBAR,1m,0.091127,0.091127,0.091127,0.091127,19319.0,6
2026-02-11 02:34:00,1770777299999,HBAR,1m,0.091165,0.091165,0.091165,0.091165,327.0,1
2026-02-11 02:35:00,1770777359999,HBAR,1m,0.09113,0.09113,0.09113,0.09113,208.0,1
2026-02-11 02:36:00,1770777419999,HBAR,1m,0.09113,0.09113,0.09113,0.09113,0.0,0
2026-02-11 02:37:00,1770777479999,HBAR,1m,0.091064,0.091064,0.091064,0.091064,168.0,1
2026-02-11 02:38:00,1770777539999,HBAR,1m,0.091064,0.091064,0.091064,0.091064,0.0,0
2026-02-11 02:39:00,1770777599999,HBAR,1m,0.091151,0.091162,0.091162,0.091151,6181.0,2
2026-02-11 02:40:00,1770777659999,HBAR,1m,0.091104,0.091104,0.091104,0.091104,1773.0,3
2026-02-11 02:41:00,1770777719999,HBAR,1m,0.091025,0.091025,0.091025,0.091025,186.0,1
2026-02-11 02:42:00,1770777779999,HBAR,1m,0.091044,0.091044,0.091044,0.091044,1164.0,1
2026-02-11 02:43:00,1770777839999,HBAR,1m,0.091021,0.090993,0.091021,0.090993,397.0,2
2026-02-11 02:44:00,1770777899999,HBAR,1m,0.090993,0.090993,0.090993,0.090993,0.0,0
2026-02-11 02:45:00,1770777959999,HBAR,1m,0.09082,0.090802,0.09085,0.090802,73122.0,9
2026-02-11 02:46:00,1770778019999,HBAR,1m,0.090731,0.090731,0.090731,0.090731,164.0,1
2026-02-11 02:47:00,1770778079999,HBAR,1m,0.090671,0.09068,0.09068,0.090671,621.0,2
2026-02-11 02:48:00,1770778139999,HBAR,1m,0.090802,0.090616,0.090802,0.090616,8377.0,3
2026-02-11 02:49:00,1770778199999,HBAR,1m,0.090616,0.090616,0.090616,0.090616,0.0,0
2026-02-11 02:50:00,1770778259999,HBAR,1m,0.090622,0.090622,0.090622,0.090622,72683.0,13
2026-02-11 02:51:00,1770778319999,HBAR,1m,0.090649,0.090745,0.090745,0.090649,329.0,2
2026-02-11 02:52:00,1770778379999,HBAR,1m,0.090669,0.090669,0.090669,0.090669,438.0,2
2026-02-11 02:53:00,1770778439999,HBAR,1m,0.090669,0.090669,0.090669,0.090669,0.0,0
2026-02-11 02:54:00,1770778499999,HBAR,1m,0.0906,0.090677,0.090677,0.0906,395.0,2
2026-02-11 02:55:00,1770778559999,HBAR,1m,0.090713,0.09071,0.090713,0.09071,559.0,3
2026-02-11 02:56:00,1770778619999,HBAR,1m,0.090617,0.090617,0.090617,0.090617,346.0,1
2026-02-11 02:57:00,1770778679999,HBAR,1m,0.090617,0.090617,0.090617,0.090617,0.0,0
2026-02-11 02:58:00,1770778739999,HBAR,1m,0.0906,0.090574,0.0906,0.090574,948.0,3
2026-02-11 02:59:00,1770778799999,HBAR,1m,0.090574,0.090574,0.090574,0.090574,0.0,0
2026-02-11 03:00:00,1770778859999,HBAR,1m,0.090594,0.090594,0.090594,0.090594,219.0,1
2026-02-11 03:01:00,1770778919999,HBAR,1m,0.090615,0.090637,0.090637,0.090615,2680.0,3
2026-02-11 03:02:00,1770778979999,HBAR,1m,0.090637,0.090637,0.090637,0.090637,0.0,0
2026-02-11 03:03:00,1770779039999,HBAR,1m,0.090661,0.090631,0.090661,0.090631,846.0,4
2026-02-11 03:04:00,1770779099999,HBAR,1m,0.09056,0.090531,0.09056,0.090483,720.0,4
2026-02-11 03:05:00,1770779159999,HBAR,1m,0.090419,0.090419,0.090419,0.090419,3814.0,1
2026-02-11 03:06:00,1770779219999,HBAR,1m,0.090486,0.090486,0.090486,0.090486,344.0,2
2026-02-11 03:07:00,1770779279999,HBAR,1m,0.090486,0.090486,0.090486,0.090486,0.0,0
2026-02-11 03:08:00,1770779339999,HBAR,1m,0.090435,0.090435,0.090435,0.090435,183.0,1
2026-02-11 03:09:00,1770779399999,HBAR,1m,0.09047,0.09047,0.09047,0.09047,231.0,1
2026-02-11 03:10:00,1770779459999,HBAR,1m,0.090489,0.090494,0.090494,0.090489,390.0,3
2026-02-11 03:11:00,1770779519999,HBAR,1m,0.090494,0.090435,0.090494,0.090435,390.0,2
2026-02-11 03:12:00,1770779579999,HBAR,1m,0.090387,0.090387,0.090387,0.090387,185.0,1
2026-02-11 03:13:00,1770779639999,HBAR,1m,0.090361,0.090361,0.090361,0.090361,341.0,1
2026-02-11 03:14:00,1770779699999,HBAR,1m,0.090361,0.090361,0.090361,0.090361,0.0,0
2026-02-11 03:15:00,1770779759999,HBAR,1m,0.090115,0.090118,0.090118,0.090115,357.0,3
2026-02-11 03:16:00,1770779819999,HBAR,1m,0.090102,0.090082,0.090102,0.090082,686.0,2
2026-02-11 03:17:00,1770779879999,HBAR,1m,0.090082,0.090082,0.090082,0.090082,0.0,0
2026-02-11 03:18:00,1770779939999,HBAR,1m,0.089893,0.089893,0.089893,0.089893,1112.0,1
2026-02-11 03:19:00,1770779999999,HBAR,1m,0.08984,0.08984,0.08984,0.08984,176.0,1
2026-02-11 03:20:00,1770780059999,HBAR,1m,0.089685,0.089668,0.089685,0.089668,337.0,2
2026-02-11 03:21:00,1770780119999,HBAR,1m,0.089668,0.089668,0.089668,0.089668,0.0,0
2026-02-11 03:22:00,1770780179999,HBAR,1m,0.089832,0.089832,0.089832,0.089832,186.0,1
2026-02-11 03:23:00,1770780239999,HBAR,1m,0.08996,0.08996,0.08996,0.08996,180.0,1
2026-02-11 03:24:00,1770780299999,HBAR,1m,0.090011,0.090011,0.090011,0.090011,2.0,1
2026-02-11 03:25:00,1770780359999,HBAR,1m,0.090011,0.090011,0.090011,0.090011,0.0,0
2026-02-11 03:26:00,1770780419999,HBAR,1m,0.090317,0.090234,0.090317,0.090234,9870.0,2
2026-02-11 03:27:00,1770780479999,HBAR,1m,0.090178,0.090178,0.090178,0.090178,155.0,1
2026-02-11 03:28:00,1770780539999,HBAR,1m,0.090178,0.090178,0.090178,0.090178,0.0,0
2026-02-11 03:29:00,1770780599999,HBAR,1m,0.090178,0.090178,0.090178,0.090178,0.0,0
2026-02-11 03:30:00,1770780659999,HBAR,1m,0.090096,0.090152,0.090152,0.090096,1173.0,4
2026-02-11 03:31:00,1770780719999,HBAR,1m,0.090152,0.090152,0.090152,0.090152,0.0,0
2026-02-11 03:32:00,1770780779999,HBAR,1m,0.090122,0.090103,0.090122,0.090102,743.0,3
2026-02-11 03:33:00,1770780839999,HBAR,1m,0.090103,0.090103,0.090103,0.090103,0.0,0
2026-02-11 03:34:00,1770780899999,HBAR,1m,0.090059,0.090139,0.090139,0.090059,125029.0,12
2026-02-11 03:35:00,1770780959999,HBAR,1m,0.090095,0.090089,0.090095,0.090089,1233.0,4
2026-02-11 03:36:00,1770781019999,HBAR,1m,0.090117,0.090117,0.090117,0.090117,214.0,1
2026-02-11 03:37:00,1770781079999,HBAR,1m,0.09009,0.090121,0.090121,0.09009,745.0,2
2026-02-11 03:38:00,1770781139999,HBAR,1m,0.090112,0.090112,0.090112,0.090112,169.0,1
2026-02-11 03:39:00,1770781199999,HBAR,1m,0.090148,0.090148,0.090148,0.090148,488.0,1
2026-02-11 03:40:00,1770781259999,HBAR,1m,0.090165,0.090165,0.090165,0.090165,221.0,1
2026-02-11 03:41:00,1770781319999,HBAR,1m,0.090165,0.090165,0.090165,0.090165,0.0,0
2026-02-11 03:42:00,1770781379999,HBAR,1m,0.090306,0.090306,0.090306,0.090306,170.0,1
2026-02-11 03:43:00,1770781439999,HBAR,1m,0.090331,0.090331,0.090331,0.090331,35465.0,4
2026-02-11 03:44:00,1770781499999,HBAR,1m,0.090331,0.090331,0.090331,0.090331,0.0,0
2026-02-11 03:45:00,1770781559999,HBAR,1m,0.090122,0.090122,0.090122,0.090122,185.0,1
2026-02-11 03:46:00,1770781619999,HBAR,1m,0.090146,0.090146,0.090146,0.090146,2250.0,1
2026-02-11 03:47:00,1770781679999,HBAR,1m,0.090182,0.090244,0.090244,0.090182,795.0,2
2026-02-11 03:48:00,1770781739999,HBAR,1m,0.090244,0.090244,0.090244,0.090244,554.0,1
2026-02-11 03:49:00,1770781799999,HBAR,1m,0.090165,0.090165,0.090165,0.090165,167.0,1
2026-02-11 03:50:00,1770781859999,HBAR,1m,0.090154,0.090124,0.090154,0.090124,2454.0,2
2026-02-11 03:51:00,1770781919999,HBAR,1m,0.090062,0.090062,0.090062,0.090062,198.0,1
2026-02-11 03:52:00,1770781979999,HBAR,1m,0.089981,0.089983,0.089983,0.089981,2371.0,2
2026-02-11 03:53:00,1770782039999,HBAR,1m,0.089983,0.089983,0.089983,0.089983,0.0,0
2026-02-11 03:54:00,1770782099999,HBAR,1m,0.089981,0.089981,0.089981,0.089981,373.0,1
2026-02-11 03:55:00,1770782159999,HBAR,1m,0.089981,0.089981,0.089981,0.089981,0.0,0
2026-02-11 03:56:00,1770782219999,HBAR,1m,0.089999,0.089999,0.089999,0.089999,2250.0,1
2026-02-11 03:57:00,1770782279999,HBAR,1m,0.090018,0.089998,0.090018,0.089998,398.0,2
2026-02-11 03:58:00,1770782339999,HBAR,1m,0.089905,0.089905,0.089905,0.089905,185.0,1
2026-02-11 03:59:00,1770782399999,HBAR,1m,0.089917,0.089917,0.089917,0.089917,180.0,1
2026-02-11 04:00:00,1770782459999,HBAR,1m,0.08992,0.089911,0.08992,0.089911,4500.0,2
2026-02-11 04:01:00,1770782519999,HBAR,1m,0.089911,0.089911,0.089911,0.089911,0.0,0
2026-02-11 04:02:00,1770782579999,HBAR,1m,0.089955,0.089955,0.089955,0.089937,850.0,3
2026-02-11 04:03:00,1770782639999,HBAR,1m,0.089954,0.089954,0.089954,0.089954,181.0,1
2026-02-11 04:04:00,1770782699999,HBAR,1m,0.089954,0.089954,0.089954,0.089954,0.0,0
2026-02-11 04:05:00,1770782759999,HBAR,1m,0.089975,0.089965,0.089975,0.089965,386.0,2
2026-02-11 04:06:00,1770782819999,HBAR,1m,0.08996,0.08996,0.08996,0.08996,2250.0,3
2026-02-11 04:07:00,1770782879999,HBAR,1m,0.089883,0.089883,0.089883,0.089883,2250.0,1
2026-02-11 04:08:00,1770782939999,HBAR,1m,0.089883,0.089883,0.089883,0.089883,0.0,0
2026-02-11 04:09:00,1770782999999,HBAR,1m,0.089722,0.089722,0.089722,0.089722,2250.0,1
2026-02-11 04:10:00,1770783059999,HBAR,1m,0.08981,0.08981,0.08981,0.08981,442.0,1
2026-02-11 04:11:00,1770783119999,HBAR,1m,0.089701,0.089561,0.089701,0.089561,51708.0,8
2026-02-11 04:12:00,1770783179999,HBAR,1m,0.089625,0.089625,0.089625,0.089625,211.0,1
2026-02-11 04:13:00,1770783239999,HBAR,1m,0.089558,0.089558,0.089558,0.089558,446.0,1
2026-02-11 04:14:00,1770783299999,HBAR,1m,0.089558,0.089558,0.089558,0.089558,0.0,0
2026-02-11 04:15:00,1770783359999,HBAR,1m,0.089592,0.089592,0.089592,0.089592,123.0,1
2026-02-11 04:16:00,1770783419999,HBAR,1m,0.089695,0.089645,0.089695,0.089645,755.0,3
2026-02-11 04:17:00,1770783479999,HBAR,1m,0.08961,0.089587,0.08961,0.089587,416.0,2
2026-02-11 04:18:00,1770783539999,HBAR,1m,0.089581,0.089581,0.089581,0.089581,391.0,2
2026-02-11 04:19:00,1770783599999,HBAR,1m,0.089581,0.089581,0.089581,0.089581,0.0,0
2026-02-11 04:20:00,1770783659999,HBAR,1m,0.089581,0.089581,0.089581,0.089581,0.0,0
2026-02-11 04:21:00,1770783719999,HBAR,1m,0.089458,0.089563,0.089563,0.089458,882.0,2
2026-02-11 04:22:00,1770783779999,HBAR,1m,0.089563,0.089563,0.089563,0.089563,0.0,0
2026-02-11 04:23:00,1770783839999,HBAR,1m,0.089486,0.089233,0.089486,0.089089,142698.0,26
2026-02-11 04:24:00,1770783899999,HBAR,1m,0.08913,0.08913,0.08913,0.08913,348.0,1
2026-02-11 04:25:00,1770783959999,HBAR,1m,0.08913,0.08913,0.08913,0.08913,0.0,0
2026-02-11 04:26:00,1770784019999,HBAR,1m,0.089433,0.089433,0.089433,0.089433,1112.0,1
2026-02-11 04:27:00,1770784079999,HBAR,1m,0.089433,0.089433,0.089433,0.089433,0.0,0
2026-02-11 04:28:00,1770784139999,HBAR,1m,0.089433,0.089433,0.089433,0.089433,0.0,0
2026-02-11 04:29:00,1770784199999,HBAR,1m,0.089267,0.089275,0.089275,0.089267,348.0,2
2026-02-11 04:30:00,1770784259999,HBAR,1m,0.089297,0.089191,0.089297,0.089191,328.0,2
2026-02-11 04:31:00,1770784319999,HBAR,1m,0.089191,0.089191,0.089191,0.089191,0.0,0
2026-02-11 04:32:00,1770784379999,HBAR,1m,0.089191,0.089191,0.089191,0.089191,0.0,0
2026-02-11 04:33:00,1770784439999,HBAR,1m,0.089191,0.089191,0.089191,0.089191,0.0,0
2026-02-11 04:34:00,1770784499999,HBAR,1m,0.089313,0.089334,0.089334,0.089304,3412.0,4
2026-02-11 04:35:00,1770784559999,HBAR,1m,0.089352,0.089343,0.089352,0.089343,13162.0,2
2026-02-11 04:36:00,1770784619999,HBAR,1m,0.089376,0.089392,0.089392,0.089372,30777.0,11
2026-02-11 04:37:00,1770784679999,HBAR,1m,0.08936,0.08936,0.08936,0.08936,2514.0,1
2026-02-11 04:38:00,1770784739999,HBAR,1m,0.089346,0.089177,0.089346,0.089038,12066.0,6
2026-02-11 04:39:00,1770784799999,HBAR,1m,0.089265,0.089265,0.089265,0.089265,299.0,1
2026-02-11 04:40:00,1770784859999,HBAR,1m,0.089262,0.089262,0.089262,0.089262,220.0,1
2026-02-11 04:41:00,1770784919999,HBAR,1m,0.089164,0.089164,0.089164,0.089164,490.0,1
2026-02-11 04:42:00,1770784979999,HBAR,1m,0.089164,0.089164,0.089164,0.089164,0.0,0
2026-02-11 04:43:00,1770785039999,HBAR,1m,0.089072,0.089047,0.089072,0.089047,2380.0,3
2026-02-11 04:44:00,1770785099999,HBAR,1m,0.089219,0.089217,0.089231,0.089217,5640.0,3
2026-02-11 04:45:00,1770785159999,HBAR,1m,0.089217,0.089217,0.089217,0.089217,0.0,0
2026-02-11 04:46:00,1770785219999,HBAR,1m,0.089228,0.089228,0.089228,0.089228,621.0,1
2026-02-11 04:47:00,1770785279999,HBAR,1m,0.089215,0.089195,0.089215,0.089195,3548.0,7
2026-02-11 04:48:00,1770785339999,HBAR,1m,0.089277,0.089288,0.089288,0.089277,16635.0,6
2026-02-11 04:49:00,1770785399999,HBAR,1m,0.089297,0.089319,0.08932,0.089297,14807.0,4
2026-02-11 04:50:00,1770785459999,HBAR,1m,0.089277,0.089257,0.089277,0.089241,16773.0,6
2026-02-11 04:51:00,1770785519999,HBAR,1m,0.089283,0.089283,0.089283,0.089283,10966.0,3
2026-02-11 04:52:00,1770785579999,HBAR,1m,0.089195,0.089195,0.089195,0.089195,223.0,1
2026-02-11 04:53:00,1770785639999,HBAR,1m,0.08906,0.089049,0.08906,0.089049,513.0,2
2026-02-11 04:54:00,1770785699999,HBAR,1m,0.088906,0.088906,0.088906,0.088906,155.0,1
2026-02-11 04:55:00,1770785759999,HBAR,1m,0.088925,0.089009,0.089009,0.088925,566.0,3
2026-02-11 04:56:00,1770785819999,HBAR,1m,0.089046,0.089046,0.089046,0.089046,196.0,1
2026-02-11 04:57:00,1770785879999,HBAR,1m,0.089084,0.089053,0.089084,0.089053,379.0,2
2026-02-11 04:58:00,1770785939999,HBAR,1m,0.089132,0.089132,0.089132,0.089132,1122.0,2
2026-02-11 04:59:00,1770785999999,HBAR,1m,0.089129,0.089129,0.089129,0.089129,9491.0,3
2026-02-11 05:00:00,1770786059999,HBAR,1m,0.089186,0.089263,0.089263,0.089186,2805.0,2
2026-02-11 05:01:00,1770786119999,HBAR,1m,0.089263,0.089263,0.089263,0.089263,414.0,1
2026-02-11 05:02:00,1770786179999,HBAR,1m,0.089263,0.089263,0.089263,0.089263,0.0,0
2026-02-11 05:03:00,1770786239999,HBAR,1m,0.089325,0.089325,0.089325,0.089325,212.0,1
2026-02-11 05:04:00,1770786299999,HBAR,1m,0.089238,0.089238,0.089238,0.089238,213.0,1
2026-02-11 05:05:00,1770786359999,HBAR,1m,0.089394,0.089394,0.089394,0.089394,383.0,1
2026-02-11 05:06:00,1770786419999,HBAR,1m,0.089394,0.089394,0.089394,0.089394,0.0,0
2026-02-11 05:07:00,1770786479999,HBAR,1m,0.089394,0.089394,0.089394,0.089394,0.0,0
2026-02-11 05:08:00,1770786539999,HBAR,1m,0.089394,0.089394,0.089394,0.089394,0.0,0
2026-02-11 05:09:00,1770786599999,HBAR,1m,0.089394,0.089394,0.089394,0.089394,0.0,0
2026-02-11 05:10:00,1770786659999,HBAR,1m,0.08942,0.08942,0.08942,0.08942,172.0,1
2026-02-11 05:11:00,1770786719999,HBAR,1m,0.089403,0.089403,0.089403,0.089403,4.0,1
2026-02-11 05:12:00,1770786779999,HBAR,1m,0.089342,0.089329,0.089342,0.089329,1608.0,4
2026-02-11 05:13:00,1770786839999,HBAR,1m,0.089254,0.089254,0.089254,0.089254,198.0,1
2026-02-11 05:14:00,1770786899999,HBAR,1m,0.089254,0.089254,0.089254,0.089254,0.0,0
2026-02-11 05:15:00,1770786959999,HBAR,1m,0.089309,0.089309,0.089309,0.089309,180.0,1
2026-02-11 05:16:00,1770787019999,HBAR,1m,0.089388,0.089388,0.089388,0.089388,151.0,1
2026-02-11 05:17:00,1770787079999,HBAR,1m,0.089388,0.089388,0.089388,0.089388,0.0,0
2026-02-11 05:18:00,1770787139999,HBAR,1m,0.089298,0.089298,0.089298,0.089298,286.0,1
2026-02-11 05:19:00,1770787199999,HBAR,1m,0.089298,0.089298,0.089298,0.089298,0.0,0
2026-02-11 05:20:00,1770787259999,HBAR,1m,0.089173,0.089173,0.089173,0.089173,392.0,1
2026-02-11 05:21:00,1770787319999,HBAR,1m,0.08915,0.089177,0.089177,0.08915,2242.0,3
2026-02-11 05:22:00,1770787379999,HBAR,1m,0.089271,0.089271,0.089271,0.089271,365.0,2
2026-02-11 05:23:00,1770787439999,HBAR,1m,0.089104,0.089104,0.089104,0.089104,229.0,1
2026-02-11 05:24:00,1770787499999,HBAR,1m,0.089104,0.089104,0.089104,0.089104,0.0,0
2026-02-11 05:25:00,1770787559999,HBAR,1m,0.089222,0.089222,0.089222,0.089222,187.0,1
2026-02-11 05:26:00,1770787619999,HBAR,1m,0.089121,0.089121,0.089121,0.089121,239.0,1
2026-02-11 05:27:00,1770787679999,HBAR,1m,0.089093,0.089093,0.089093,0.089093,181.0,1
2026-02-11 05:28:00,1770787739999,HBAR,1m,0.089093,0.089093,0.089093,0.089093,0.0,0
2026-02-11 05:29:00,1770787799999,HBAR,1m,0.089076,0.089076,0.089076,0.089076,198.0,1
2026-02-11 05:30:00,1770787859999,HBAR,1m,0.089153,0.089153,0.089153,0.089153,429.0,1
2026-02-11 05:31:00,1770787919999,HBAR,1m,0.089231,0.089231,0.089231,0.089231,824.0,1
2026-02-11 05:32:00,1770787979999,HBAR,1m,0.089231,0.089231,0.089231,0.089231,0.0,0
2026-02-11 05:33:00,1770788039999,HBAR,1m,0.089371,0.089371,0.089371,0.089371,172.0,1
2026-02-11 05:34:00,1770788099999,HBAR,1m,0.089362,0.089362,0.089362,0.089362,186.0,1
2026-02-11 05:35:00,1770788159999,HBAR,1m,0.089447,0.089447,0.089447,0.089447,121.0,1
2026-02-11 05:36:00,1770788219999,HBAR,1m,0.089447,0.089447,0.089447,0.089447,0.0,0
2026-02-11 05:37:00,1770788279999,HBAR,1m,0.089405,0.089405,0.089405,0.089405,483.0,1
2026-02-11 05:38:00,1770788339999,HBAR,1m,0.089384,0.089384,0.089384,0.089384,217.0,1
2026-02-11 05:39:00,1770788399999,HBAR,1m,0.089384,0.089384,0.089384,0.089384,0.0,0
2026-02-11 05:40:00,1770788459999,HBAR,1m,0.089423,0.089423,0.089423,0.089423,284.0,1
2026-02-11 05:41:00,1770788519999,HBAR,1m,0.089483,0.089483,0.089483,0.089483,1222.0,1
2026-02-11 05:42:00,1770788579999,HBAR,1m,0.089493,0.089493,0.089493,0.089493,194.0,1
2026-02-11 05:43:00,1770788639999,HBAR,1m,0.089414,0.089414,0.089414,0.089414,122.0,1
2026-02-11 05:44:00,1770788699999,HBAR,1m,0.089406,0.089434,0.089434,0.089404,838.0,3
2026-02-11 05:45:00,1770788759999,HBAR,1m,0.089453,0.089453,0.089453,0.089453,2149.0,1
2026-02-11 05:46:00,1770788819999,HBAR,1m,0.089453,0.089453,0.089453,0.089453,0.0,0
2026-02-11 05:47:00,1770788879999,HBAR,1m,0.089453,0.089453,0.089453,0.089453,0.0,0
2026-02-11 05:48:00,1770788939999,HBAR,1m,0.089309,0.089253,0.089309,0.089253,607.0,3
2026-02-11 05:49:00,1770788999999,HBAR,1m,0.089348,0.089348,0.089348,0.089348,1275.0,2
2026-02-11 05:50:00,1770789059999,HBAR,1m,0.089351,0.089422,0.089422,0.089351,736.0,2
2026-02-11 05:51:00,1770789119999,HBAR,1m,0.089422,0.089422,0.089422,0.089422,0.0,0
2026-02-11 05:52:00,1770789179999,HBAR,1m,0.089231,0.089299,0.089299,0.089231,508.0,3
2026-02-11 05:53:00,1770789239999,HBAR,1m,0.089311,0.089311,0.089311,0.089311,218.0,1
2026-02-11 05:54:00,1770789299999,HBAR,1m,0.089316,0.089316,0.089316,0.089316,180.0,1
2026-02-11 05:55:00,1770789359999,HBAR,1m,0.08927,0.089289,0.089289,0.08927,772.0,3
2026-02-11 05:56:00,1770789419999,HBAR,1m,0.089198,0.089198,0.089198,0.089198,193.0,1
2026-02-11 05:57:00,1770789479999,HBAR,1m,0.089264,0.089179,0.089264,0.089179,627.0,3
2026-02-11 05:58:00,1770789539999,HBAR,1m,0.089147,0.089147,0.089147,0.089147,219.0,1
2026-02-11 05:59:00,1770789599999,HBAR,1m,0.089219,0.089219,0.089219,0.089219,218.0,1
2026-02-11 06:00:00,1770789659999,HBAR,1m,0.089219,0.089219,0.089219,0.089219,0.0,0
2026-02-11 06:01:00,1770789719999,HBAR,1m,0.089219,0.089219,0.089219,0.089219,0.0,0
2026-02-11 06:02:00,1770789779999,HBAR,1m,0.08921,0.08921,0.08921,0.08921,208.0,1
2026-02-11 06:03:00,1770789839999,HBAR,1m,0.089305,0.089305,0.089305,0.089305,219.0,1
2026-02-11 06:04:00,1770789899999,HBAR,1m,0.089305,0.089305,0.089305,0.089305,0.0,0
2026-02-11 06:05:00,1770789959999,HBAR,1m,0.089323,0.089323,0.089323,0.089323,211.0,1
2026-02-11 06:06:00,1770790019999,HBAR,1m,0.089323,0.089323,0.089323,0.089323,0.0,0
2026-02-11 06:07:00,1770790079999,HBAR,1m,0.089323,0.089323,0.089323,0.089323,0.0,0
2026-02-11 06:08:00,1770790139999,HBAR,1m,0.089003,0.089003,0.089003,0.089003,205.0,1
2026-02-11 06:09:00,1770790199999,HBAR,1m,0.088967,0.088928,0.088967,0.088928,2722.0,3
2026-02-11 06:10:00,1770790259999,HBAR,1m,0.088843,0.08901,0.08901,0.088843,5658.0,4
2026-02-11 06:11:00,1770790319999,HBAR,1m,0.08901,0.08901,0.08901,0.08901,0.0,0
2026-02-11 06:12:00,1770790379999,HBAR,1m,0.088901,0.088941,0.088965,0.088901,679.0,4
2026-02-11 06:13:00,1770790439999,HBAR,1m,0.08863,0.088508,0.088646,0.088508,4325.0,6
2026-02-11 06:14:00,1770790499999,HBAR,1m,0.088509,0.088507,0.088544,0.088507,21042.0,7
2026-02-11 06:15:00,1770790559999,HBAR,1m,0.088239,0.088239,0.088239,0.088239,190.0,1
2026-02-11 06:16:00,1770790619999,HBAR,1m,0.08851,0.08851,0.08851,0.08851,179.0,2
2026-02-11 06:17:00,1770790679999,HBAR,1m,0.08851,0.08851,0.08851,0.08851,0.0,0
2026-02-11 06:18:00,1770790739999,HBAR,1m,0.088241,0.088448,0.088448,0.088241,709.0,3
2026-02-11 06:19:00,1770790799999,HBAR,1m,0.088488,0.088488,0.088488,0.088488,225.0,1
2026-02-11 06:20:00,1770790859999,HBAR,1m,0.088282,0.088126,0.088295,0.088126,84466.0,10
2026-02-11 06:21:00,1770790919999,HBAR,1m,0.08844,0.08844,0.08844,0.08844,248.0,2
2026-02-11 06:22:00,1770790979999,HBAR,1m,0.088407,0.088407,0.088407,0.088407,198.0,1
2026-02-11 06:23:00,1770791039999,HBAR,1m,0.088529,0.088613,0.088613,0.088529,9419.0,5
2026-02-11 06:24:00,1770791099999,HBAR,1m,0.088613,0.088613,0.088613,0.088613,0.0,0
2026-02-11 06:25:00,1770791159999,HBAR,1m,0.088968,0.088967,0.088968,0.088967,321.0,2
2026-02-11 06:26:00,1770791219999,HBAR,1m,0.088967,0.088967,0.088967,0.088967,0.0,0
2026-02-11 06:27:00,1770791279999,HBAR,1m,0.088967,0.088967,0.088967,0.088967,0.0,0
2026-02-11 06:28:00,1770791339999,HBAR,1m,0.089116,0.089108,0.089116,0.089079,14020.0,9
2026-02-11 06:29:00,1770791399999,HBAR,1m,0.08907,0.089088,0.08911,0.08907,24710.0,9
2026-02-11 06:30:00,1770791459999,HBAR,1m,0.089065,0.089108,0.089108,0.089065,17400.0,6
2026-02-11 06:31:00,1770791519999,HBAR,1m,0.089042,0.089058,0.089063,0.08904,22960.0,7
2026-02-11 06:32:00,1770791579999,HBAR,1m,0.089098,0.089164,0.089173,0.089098,33660.0,7
2026-02-11 06:33:00,1770791639999,HBAR,1m,0.088995,0.089026,0.089034,0.088995,13978.0,6
2026-02-11 06:34:00,1770791699999,HBAR,1m,0.089039,0.089042,0.089042,0.089039,5610.0,3
2026-02-11 06:35:00,1770791759999,HBAR,1m,0.088952,0.089093,0.089093,0.088952,39010.0,12
2026-02-11 06:36:00,1770791819999,HBAR,1m,0.089093,0.089093,0.089093,0.089093,0.0,0
2026-02-11 06:37:00,1770791879999,HBAR,1m,0.089,0.089014,0.089014,0.089,5988.0,3
2026-02-11 06:38:00,1770791939999,HBAR,1m,0.089052,0.089052,0.089052,0.089052,5610.0,1
2026-02-11 06:39:00,1770791999999,HBAR,1m,0.088982,0.089012,0.089012,0.088982,11220.0,2
2026-02-11 06:40:00,1770792059999,HBAR,1m,0.088943,0.088861,0.088943,0.088861,424.0,2
2026-02-11 06:41:00,1770792119999,HBAR,1m,0.088873,0.088884,0.088884,0.088873,11220.0,2
2026-02-11 06:42:00,1770792179999,HBAR,1m,0.088842,0.088853,0.088853,0.088824,17580.0,6
2026-02-11 06:43:00,1770792239999,HBAR,1m,0.088873,0.088873,0.088873,0.088873,5610.0,1
2026-02-11 06:44:00,1770792299999,HBAR,1m,0.088744,0.088744,0.088744,0.088744,178.0,1
2026-02-11 06:45:00,1770792359999,HBAR,1m,0.088643,0.088643,0.088643,0.088643,1860.0,1
2026-02-11 06:46:00,1770792419999,HBAR,1m,0.088622,0.088642,0.088642,0.088622,11220.0,2
2026-02-11 06:47:00,1770792479999,HBAR,1m,0.088544,0.088486,0.088564,0.088486,22440.0,4
2026-02-11 06:48:00,1770792539999,HBAR,1m,0.088396,0.088438,0.088438,0.088396,11220.0,2
2026-02-11 06:49:00,1770792599999,HBAR,1m,0.088406,0.088406,0.088406,0.088406,620.0,1
2026-02-11 06:50:00,1770792659999,HBAR,1m,0.088426,0.088476,0.088476,0.088426,11220.0,2
2026-02-11 06:51:00,1770792719999,HBAR,1m,0.088476,0.088476,0.088476,0.088476,0.0,0
2026-02-11 06:52:00,1770792779999,HBAR,1m,0.088455,0.08842,0.088455,0.08842,865.0,2
2026-02-11 06:53:00,1770792839999,HBAR,1m,0.088215,0.088265,0.088265,0.088215,11861.0,3
2026-02-11 06:54:00,1770792899999,HBAR,1m,0.088216,0.08833,0.088363,0.088216,28371.0,7
2026-02-11 06:55:00,1770792959999,HBAR,1m,0.088369,0.088411,0.088411,0.088369,11150.0,3
2026-02-11 06:56:00,1770793019999,HBAR,1m,0.088334,0.088418,0.088418,0.088334,5797.0,2
2026-02-11 06:57:00,1770793079999,HBAR,1m,0.088418,0.088418,0.088418,0.088418,0.0,0
2026-02-11 06:58:00,1770793139999,HBAR,1m,0.088418,0.088418,0.088418,0.088418,0.0,0
2026-02-11 06:59:00,1770793199999,HBAR,1m,0.088418,0.088418,0.088418,0.088418,0.0,0
2026-02-11 07:00:00,1770793259999,HBAR,1m,0.088388,0.088388,0.088388,0.088388,4495.0,1
2026-02-11 07:01:00,1770793319999,HBAR,1m,0.088412,0.088412,0.088412,0.088412,2250.0,1
2026-02-11 07:02:00,1770793379999,HBAR,1m,0.088363,0.088352,0.088363,0.088352,4500.0,3
2026-02-11 07:03:00,1770793439999,HBAR,1m,0.088381,0.088381,0.088381,0.088381,2250.0,1
2026-02-11 07:04:00,1770793499999,HBAR,1m,0.0884,0.088514,0.088514,0.0884,19080.0,6
2026-02-11 07:05:00,1770793559999,HBAR,1m,0.088475,0.088425,0.088593,0.088296,77539.0,17
2026-02-11 07:06:00,1770793619999,HBAR,1m,0.08844,0.088501,0.088501,0.088431,39270.0,9
2026-02-11 07:07:00,1770793679999,HBAR,1m,0.08838,0.08832,0.088429,0.08832,15720.0,4
2026-02-11 07:08:00,1770793739999,HBAR,1m,0.088319,0.088319,0.088338,0.088278,12280.0,5
2026-02-11 07:09:00,1770793799999,HBAR,1m,0.088154,0.088134,0.088154,0.088134,31752.0,5
2026-02-11 07:10:00,1770793859999,HBAR,1m,0.088187,0.088292,0.088292,0.088187,11376.0,4
2026-02-11 07:11:00,1770793919999,HBAR,1m,0.088208,0.088124,0.088208,0.088124,10735.0,3
2026-02-11 07:12:00,1770793979999,HBAR,1m,0.088124,0.088124,0.088124,0.088124,0.0,0
2026-02-11 07:13:00,1770794039999,HBAR,1m,0.088167,0.088127,0.088167,0.088127,2475.0,2
2026-02-11 07:14:00,1770794099999,HBAR,1m,0.088121,0.088177,0.088177,0.088116,13887.0,5
2026-02-11 07:15:00,1770794159999,HBAR,1m,0.088197,0.088197,0.088197,0.088197,5610.0,3
2026-02-11 07:16:00,1770794219999,HBAR,1m,0.088192,0.088257,0.088257,0.088192,15600.0,4
2026-02-11 07:17:00,1770794279999,HBAR,1m,0.088138,0.088138,0.088138,0.088138,2250.0,1
2026-02-11 07:18:00,1770794339999,HBAR,1m,0.088157,0.088168,0.088189,0.088157,10530.0,4
2026-02-11 07:19:00,1770794399999,HBAR,1m,0.088195,0.088195,0.088195,0.088195,6000.0,1
2026-02-11 07:20:00,1770794459999,HBAR,1m,0.088207,0.088207,0.088207,0.088207,5610.0,1
2026-02-11 07:21:00,1770794519999,HBAR,1m,0.088207,0.088207,0.088207,0.088207,0.0,0
2026-02-11 07:22:00,1770794579999,HBAR,1m,0.088219,0.088238,0.088238,0.088219,6720.0,2
2026-02-11 07:23:00,1770794639999,HBAR,1m,0.088238,0.088238,0.088238,0.088238,0.0,0
2026-02-11 07:24:00,1770794699999,HBAR,1m,0.088169,0.088371,0.088371,0.088169,17390.0,6
2026-02-11 07:25:00,1770794759999,HBAR,1m,0.088393,0.088354,0.088393,0.088354,11220.0,4
2026-02-11 07:26:00,1770794819999,HBAR,1m,0.088323,0.088523,0.088523,0.088322,35910.0,12
2026-02-11 07:27:00,1770794879999,HBAR,1m,0.088469,0.088499,0.088499,0.088469,11220.0,7
2026-02-11 07:28:00,1770794939999,HBAR,1m,0.088419,0.088476,0.088476,0.088419,11505.0,6
2026-02-11 07:29:00,1770794999999,HBAR,1m,0.088256,0.088336,0.088336,0.088256,10110.0,5
2026-02-11 07:30:00,1770795059999,HBAR,1m,0.088342,0.088342,0.088342,0.088342,43572.0,4
2026-02-11 07:31:00,1770795119999,HBAR,1m,0.088353,0.088412,0.088412,0.088332,124471.0,12
2026-02-11 07:32:00,1770795179999,HBAR,1m,0.088394,0.088298,0.088394,0.088298,5396.0,3
2026-02-11 07:33:00,1770795239999,HBAR,1m,0.088306,0.088529,0.088529,0.088306,56850.0,21
2026-02-11 07:34:00,1770795299999,HBAR,1m,0.088455,0.08855,0.08855,0.088455,17170.0,8
2026-02-11 07:35:00,1770795359999,HBAR,1m,0.088595,0.088629,0.088723,0.088595,36390.0,19
2026-02-11 07:36:00,1770795419999,HBAR,1m,0.08868,0.088618,0.08869,0.088595,11115.0,9
2026-02-11 07:37:00,1770795479999,HBAR,1m,0.088631,0.088643,0.088687,0.088631,17444.0,10
2026-02-11 07:38:00,1770795539999,HBAR,1m,0.088658,0.088659,0.088659,0.088658,5610.0,3
2026-02-11 07:39:00,1770795599999,HBAR,1m,0.088693,0.088693,0.088693,0.088693,5610.0,2
2026-02-11 07:40:00,1770795659999,HBAR,1m,0.088588,0.088513,0.088588,0.088513,1132.0,2
2026-02-11 07:41:00,1770795719999,HBAR,1m,0.088467,0.088428,0.088467,0.088428,5921.0,5
2026-02-11 07:42:00,1770795779999,HBAR,1m,0.088435,0.088435,0.088435,0.088435,2250.0,1
2026-02-11 07:43:00,1770795839999,HBAR,1m,0.088444,0.088575,0.088575,0.088444,20360.0,10
2026-02-11 07:44:00,1770795899999,HBAR,1m,0.088446,0.088526,0.088526,0.088446,13470.0,4
2026-02-11 07:45:00,1770795959999,HBAR,1m,0.088527,0.088554,0.088554,0.088527,5836.0,3
2026-02-11 07:46:00,1770796019999,HBAR,1m,0.0885,0.0885,0.0885,0.0885,414.0,1
2026-02-11 07:47:00,1770796079999,HBAR,1m,0.088533,0.088552,0.088552,0.088533,432.0,2
2026-02-11 07:48:00,1770796139999,HBAR,1m,0.088552,0.088552,0.088552,0.088552,0.0,0
2026-02-11 07:49:00,1770796199999,HBAR,1m,0.088552,0.088552,0.088552,0.088552,0.0,0
2026-02-11 07:50:00,1770796259999,HBAR,1m,0.088487,0.088487,0.088487,0.088487,130.0,1
2026-02-11 07:51:00,1770796319999,HBAR,1m,0.088465,0.088536,0.088536,0.088465,7860.0,4
2026-02-11 07:52:00,1770796379999,HBAR,1m,0.088539,0.088625,0.088625,0.088539,5834.0,3
2026-02-11 07:53:00,1770796439999,HBAR,1m,0.088611,0.088611,0.088611,0.088611,124.0,1
2026-02-11 07:54:00,1770796499999,HBAR,1m,0.088627,0.088627,0.088627,0.088627,5610.0,2
2026-02-11 07:55:00,1770796559999,HBAR,1m,0.088496,0.088496,0.088496,0.088496,187.0,1
2026-02-11 07:56:00,1770796619999,HBAR,1m,0.088476,0.088475,0.088476,0.088444,4248.0,6
2026-02-11 07:57:00,1770796679999,HBAR,1m,0.088444,0.08839,0.088444,0.08839,566.0,2
2026-02-11 07:58:00,1770796739999,HBAR,1m,0.088425,0.088446,0.088446,0.088424,8440.0,5
2026-02-11 07:59:00,1770796799999,HBAR,1m,0.088447,0.08837,0.088447,0.08837,7378.0,3
2026-02-11 08:00:00,1770796859999,HBAR,1m,0.08838,0.088417,0.088436,0.08838,82405.0,10
2026-02-11 08:01:00,1770796919999,HBAR,1m,0.088387,0.088418,0.088427,0.088324,47682.0,9
2026-02-11 08:02:00,1770796979999,HBAR,1m,0.088438,0.088434,0.088438,0.08843,30153.0,5
2026-02-11 08:03:00,1770797039999,HBAR,1m,0.088443,0.088413,0.08845,0.088413,10958.0,3
2026-02-11 08:04:00,1770797099999,HBAR,1m,0.088289,0.088289,0.088289,0.088289,2250.0,1
2026-02-11 08:05:00,1770797159999,HBAR,1m,0.088291,0.088291,0.088291,0.088291,2250.0,1
2026-02-11 08:06:00,1770797219999,HBAR,1m,0.08843,0.088469,0.088469,0.08843,45173.0,3
2026-02-11 08:07:00,1770797279999,HBAR,1m,0.088388,0.08829,0.088388,0.08829,7520.0,9
2026-02-11 08:08:00,1770797339999,HBAR,1m,0.088226,0.088191,0.088227,0.088191,14661.0,3
2026-02-11 08:09:00,1770797399999,HBAR,1m,0.088368,0.088293,0.088428,0.08808,201851.0,42
2026-02-11 08:10:00,1770797459999,HBAR,1m,0.088242,0.088203,0.088283,0.088153,45893.0,23
2026-02-11 08:11:00,1770797519999,HBAR,1m,0.088183,0.088362,0.088382,0.088183,21641.0,20
2026-02-11 08:12:00,1770797579999,HBAR,1m,0.088324,0.088304,0.088324,0.088304,2464.0,3
2026-02-11 08:13:00,1770797639999,HBAR,1m,0.088311,0.088369,0.08837,0.088311,13997.0,31
2026-02-11 08:14:00,1770797699999,HBAR,1m,0.088338,0.088394,0.088394,0.088338,57325.0,64
2026-02-11 08:15:00,1770797759999,HBAR,1m,0.088233,0.088288,0.088288,0.088214,23366.0,13
2026-02-11 08:16:00,1770797819999,HBAR,1m,0.088202,0.088252,0.088252,0.088202,8108.0,18
2026-02-11 08:17:00,1770797879999,HBAR,1m,0.088202,0.088306,0.088306,0.088202,39549.0,55
2026-02-11 08:18:00,1770797939999,HBAR,1m,0.0883,0.088353,0.08836,0.088266,44154.0,48
2026-02-11 08:19:00,1770797999999,HBAR,1m,0.088289,0.088351,0.088351,0.088289,35305.0,30
2026-02-11 08:20:00,1770798059999,HBAR,1m,0.088345,0.088402,0.088402,0.088345,38140.0,54
2026-02-11 08:21:00,1770798119999,HBAR,1m,0.088372,0.088402,0.088402,0.088372,7099.0,5
2026-02-11 08:22:00,1770798179999,HBAR,1m,0.088314,0.088407,0.088407,0.088314,54051.0,47
2026-02-11 08:23:00,1770798239999,HBAR,1m,0.088399,0.088386,0.088481,0.088386,34230.0,36
2026-02-11 08:24:00,1770798299999,HBAR,1m,0.088386,0.088423,0.088423,0.088385,23010.0,9
2026-02-11 08:25:00,1770798359999,HBAR,1m,0.088377,0.088424,0.088424,0.088377,16740.0,10
2026-02-11 08:26:00,1770798419999,HBAR,1m,0.088384,0.088407,0.088407,0.088384,5790.0,4
2026-02-11 08:27:00,1770798479999,HBAR,1m,0.088305,0.0884,0.0884,0.088305,44020.0,13
2026-02-11 08:28:00,1770798539999,HBAR,1m,0.088307,0.088314,0.088314,0.088307,7829.0,4
2026-02-11 08:29:00,1770798599999,HBAR,1m,0.088298,0.088368,0.088368,0.088297,18820.0,7
2026-02-11 08:30:00,1770798659999,HBAR,1m,0.088329,0.088325,0.088329,0.088325,7860.0,2
2026-02-11 08:31:00,1770798719999,HBAR,1m,0.088314,0.088278,0.088314,0.088278,6180.0,3
2026-02-11 08:32:00,1770798779999,HBAR,1m,0.08827,0.08834,0.088366,0.08827,36896.0,15
2026-02-11 08:33:00,1770798839999,HBAR,1m,0.088262,0.088228,0.088272,0.088228,34453.0,8
2026-02-11 08:34:00,1770798899999,HBAR,1m,0.088295,0.088414,0.088414,0.088295,27960.0,10
2026-02-11 08:35:00,1770798959999,HBAR,1m,0.088419,0.088536,0.088536,0.088419,30297.0,14
2026-02-11 08:36:00,1770799019999,HBAR,1m,0.088552,0.088466,0.088591,0.08845,33660.0,14
2026-02-11 08:37:00,1770799079999,HBAR,1m,0.088374,0.088386,0.08844,0.088371,39260.0,14
2026-02-11 08:38:00,1770799139999,HBAR,1m,0.088385,0.088427,0.088427,0.088335,56520.0,22
2026-02-11 08:39:00,1770799199999,HBAR,1m,0.088449,0.088422,0.088449,0.088422,11220.0,3
2026-02-11 08:40:00,1770799259999,HBAR,1m,0.088347,0.088451,0.088451,0.088347,44790.0,15
2026-02-11 08:41:00,1770799319999,HBAR,1m,0.08845,0.088449,0.088456,0.088449,11020.0,6
2026-02-11 08:42:00,1770799379999,HBAR,1m,0.088431,0.088471,0.088471,0.088431,26060.0,10
2026-02-11 08:43:00,1770799439999,HBAR,1m,0.088408,0.088429,0.088429,0.088408,6380.0,4
2026-02-11 08:44:00,1770799499999,HBAR,1m,0.088418,0.088449,0.088458,0.088394,17188.0,8
2026-02-11 08:45:00,1770799559999,HBAR,1m,0.088417,0.088391,0.088417,0.088391,796.0,2
2026-02-11 08:46:00,1770799619999,HBAR,1m,0.088416,0.088416,0.088416,0.088416,4080.0,2
2026-02-11 08:47:00,1770799679999,HBAR,1m,0.088406,0.088406,0.088406,0.088406,2250.0,1
2026-02-11 08:48:00,1770799739999,HBAR,1m,0.088425,0.088425,0.088425,0.088425,263.0,1
2026-02-11 08:49:00,1770799799999,HBAR,1m,0.088425,0.088425,0.088425,0.088425,0.0,0
2026-02-11 08:50:00,1770799859999,HBAR,1m,0.088475,0.088491,0.088491,0.088475,19384.0,5
2026-02-11 08:51:00,1770799919999,HBAR,1m,0.088491,0.088491,0.088491,0.088491,0.0,0
2026-02-11 08:52:00,1770799979999,HBAR,1m,0.088491,0.088491,0.088491,0.088491,0.0,0
2026-02-11 08:53:00,1770800039999,HBAR,1m,0.088516,0.088454,0.088516,0.088454,540.0,3
2026-02-11 08:54:00,1770800099999,HBAR,1m,0.088413,0.088394,0.088413,0.088394,478.0,2
2026-02-11 08:55:00,1770800159999,HBAR,1m,0.088394,0.088394,0.088394,0.088394,0.0,0
2026-02-11 08:56:00,1770800219999,HBAR,1m,0.088412,0.088412,0.088412,0.088412,194.0,1
2026-02-11 08:57:00,1770800279999,HBAR,1m,0.088412,0.088412,0.088412,0.088412,0.0,0
2026-02-11 08:58:00,1770800339999,HBAR,1m,0.08843,0.08843,0.08843,0.08843,181.0,1
2026-02-11 08:59:00,1770800399999,HBAR,1m,0.088432,0.088432,0.088432,0.088432,195.0,1
2026-02-11 09:00:00,1770800459999,HBAR,1m,0.088466,0.088436,0.088472,0.088435,14342.0,5
2026-02-11 09:01:00,1770800519999,HBAR,1m,0.088435,0.08844,0.08844,0.088429,32989.0,8
2026-02-11 09:02:00,1770800579999,HBAR,1m,0.088607,0.088607,0.088607,0.088607,205.0,1
2026-02-11 09:03:00,1770800639999,HBAR,1m,0.0886,0.088631,0.088631,0.0886,636.0,2
2026-02-11 09:04:00,1770800699999,HBAR,1m,0.088591,0.088591,0.088591,0.088591,216.0,1
2026-02-11 09:05:00,1770800759999,HBAR,1m,0.088634,0.088634,0.088634,0.088634,209.0,1
2026-02-11 09:06:00,1770800819999,HBAR,1m,0.088492,0.088419,0.088511,0.088419,23734.0,7
2026-02-11 09:07:00,1770800879999,HBAR,1m,0.088382,0.088432,0.088432,0.088382,9343.0,5
2026-02-11 09:08:00,1770800939999,HBAR,1m,0.088443,0.088489,0.088489,0.088443,8967.0,5
2026-02-11 09:09:00,1770800999999,HBAR,1m,0.088538,0.088477,0.088538,0.088458,13054.0,5
2026-02-11 09:10:00,1770801059999,HBAR,1m,0.088515,0.08849,0.088515,0.088464,4724.0,3
2026-02-11 09:11:00,1770801119999,HBAR,1m,0.08851,0.08851,0.08851,0.08851,210.0,1
2026-02-11 09:12:00,1770801179999,HBAR,1m,0.088602,0.088602,0.088602,0.088602,168.0,1
2026-02-11 09:13:00,1770801239999,HBAR,1m,0.088619,0.088708,0.088708,0.088619,916.0,3
2026-02-11 09:14:00,1770801299999,HBAR,1m,0.088721,0.088721,0.088721,0.088721,181.0,1
2026-02-11 09:15:00,1770801359999,HBAR,1m,0.088779,0.088725,0.088819,0.088725,744.0,4
2026-02-11 09:16:00,1770801419999,HBAR,1m,0.088785,0.088785,0.088785,0.088785,1720.0,1
2026-02-11 09:17:00,1770801479999,HBAR,1m,0.088867,0.088867,0.088867,0.088867,169.0,1
2026-02-11 09:18:00,1770801539999,HBAR,1m,0.088681,0.088681,0.088681,0.088681,328.0,1
2026-02-11 09:19:00,1770801599999,HBAR,1m,0.088618,0.088618,0.088618,0.088618,306.0,1
2026-02-11 09:20:00,1770801659999,HBAR,1m,0.088643,0.088643,0.088643,0.088643,257.0,1
2026-02-11 09:21:00,1770801719999,HBAR,1m,0.088643,0.088643,0.088643,0.088643,0.0,0
2026-02-11 09:22:00,1770801779999,HBAR,1m,0.08866,0.08866,0.08866,0.08866,401.0,1
2026-02-11 09:23:00,1770801839999,HBAR,1m,0.088624,0.088476,0.088624,0.088476,5532.0,2
2026-02-11 09:24:00,1770801899999,HBAR,1m,0.088442,0.088442,0.088442,0.088442,5211.0,1
2026-02-11 09:25:00,1770801959999,HBAR,1m,0.088522,0.088558,0.088558,0.088522,414.0,2
2026-02-11 09:26:00,1770802019999,HBAR,1m,0.088559,0.088559,0.088559,0.088559,206.0,2
2026-02-11 09:27:00,1770802079999,HBAR,1m,0.088559,0.088559,0.088559,0.088559,0.0,0
2026-02-11 09:28:00,1770802139999,HBAR,1m,0.088559,0.088559,0.088559,0.088559,0.0,0
2026-02-11 09:29:00,1770802199999,HBAR,1m,0.088559,0.088559,0.088559,0.088559,0.0,0
2026-02-11 09:30:00,1770802259999,HBAR,1m,0.088559,0.088559,0.088559,0.088559,0.0,0
2026-02-11 09:31:00,1770802319999,HBAR,1m,0.088559,0.088559,0.088559,0.088559,0.0,0
2026-02-11 09:32:00,1770802379999,HBAR,1m,0.088635,0.088635,0.088635,0.088635,185.0,1
2026-02-11 09:33:00,1770802439999,HBAR,1m,0.088682,0.088551,0.088682,0.088551,2537.0,3
2026-02-11 09:34:00,1770802499999,HBAR,1m,0.088531,0.088549,0.088549,0.088531,3701.0,3
2026-02-11 09:35:00,1770802559999,HBAR,1m,0.088561,0.088561,0.088561,0.088561,2250.0,1
2026-02-11 09:36:00,1770802619999,HBAR,1m,0.088561,0.088561,0.088561,0.088561,0.0,0
2026-02-11 09:37:00,1770802679999,HBAR,1m,0.088561,0.088561,0.088561,0.088561,0.0,0
2026-02-11 09:38:00,1770802739999,HBAR,1m,0.088561,0.088561,0.088561,0.088561,0.0,0
2026-02-11 09:39:00,1770802799999,HBAR,1m,0.088561,0.088561,0.088561,0.088561,0.0,0
2026-02-11 09:40:00,1770802859999,HBAR,1m,0.088523,0.088523,0.088523,0.088523,218.0,1
2026-02-11 09:41:00,1770802919999,HBAR,1m,0.088527,0.088499,0.088527,0.088499,5944.0,2
2026-02-11 09:42:00,1770802979999,HBAR,1m,0.088499,0.088499,0.088499,0.088499,0.0,0
2026-02-11 09:43:00,1770803039999,HBAR,1m,0.088499,0.088499,0.088499,0.088499,0.0,0
2026-02-11 09:44:00,1770803099999,HBAR,1m,0.088377,0.088377,0.088377,0.088377,2250.0,1
2026-02-11 09:45:00,1770803159999,HBAR,1m,0.088377,0.088377,0.088377,0.088377,0.0,0
2026-02-11 09:46:00,1770803219999,HBAR,1m,0.088389,0.088389,0.088389,0.088389,464.0,1
2026-02-11 09:47:00,1770803279999,HBAR,1m,0.088389,0.088389,0.088389,0.088389,0.0,0
2026-02-11 09:48:00,1770803339999,HBAR,1m,0.08843,0.08843,0.08843,0.08843,297.0,1
2026-02-11 09:49:00,1770803399999,HBAR,1m,0.088391,0.088391,0.088391,0.088391,2263.0,1
2026-02-11 09:50:00,1770803459999,HBAR,1m,0.088548,0.088484,0.088548,0.088484,2553.0,3
2026-02-11 09:51:00,1770803519999,HBAR,1m,0.088485,0.088485,0.088485,0.088485,448.0,1
2026-02-11 09:52:00,1770803579999,HBAR,1m,0.088486,0.088486,0.088486,0.088486,405.0,2
2026-02-11 09:53:00,1770803639999,HBAR,1m,0.088443,0.088443,0.088443,0.088443,682.0,1
2026-02-11 09:54:00,1770803699999,HBAR,1m,0.088443,0.088443,0.088443,0.088443,0.0,0
2026-02-11 09:55:00,1770803759999,HBAR,1m,0.088445,0.088445,0.088445,0.088445,2250.0,1
2026-02-11 09:56:00,1770803819999,HBAR,1m,0.088464,0.088464,0.088464,0.088464,187.0,1
2026-02-11 09:57:00,1770803879999,HBAR,1m,0.088454,0.088473,0.088473,0.088454,4500.0,2
2026-02-11 09:58:00,1770803939999,HBAR,1m,0.08846,0.08846,0.08846,0.08846,190.0,1
2026-02-11 09:59:00,1770803999999,HBAR,1m,0.08846,0.08846,0.08846,0.08846,0.0,0
2026-02-11 10:00:00,1770804059999,HBAR,1m,0.08846,0.08846,0.08846,0.08846,0.0,0
2026-02-11 10:01:00,1770804119999,HBAR,1m,0.088473,0.088286,0.088473,0.088286,45799.0,13
2026-02-11 10:02:00,1770804179999,HBAR,1m,0.088286,0.088286,0.088286,0.088286,0.0,0
2026-02-11 10:03:00,1770804239999,HBAR,1m,0.08827,0.088292,0.088292,0.08827,2478.0,2
2026-02-11 10:04:00,1770804299999,HBAR,1m,0.088218,0.088157,0.088218,0.088157,39227.0,4
2026-02-11 10:05:00,1770804359999,HBAR,1m,0.088191,0.088191,0.088191,0.088191,204.0,1
2026-02-11 10:06:00,1770804419999,HBAR,1m,0.088258,0.088258,0.088258,0.088258,776.0,2
2026-02-11 10:07:00,1770804479999,HBAR,1m,0.088303,0.08824,0.088303,0.08824,634.0,3
2026-02-11 10:08:00,1770804539999,HBAR,1m,0.088208,0.088208,0.088208,0.088208,199.0,1
2026-02-11 10:09:00,1770804599999,HBAR,1m,0.088179,0.088179,0.088179,0.088179,181.0,1
2026-02-11 10:10:00,1770804659999,HBAR,1m,0.088223,0.088269,0.088269,0.088223,14146.0,2
2026-02-11 10:11:00,1770804719999,HBAR,1m,0.088307,0.088289,0.088307,0.088289,406.0,2
2026-02-11 10:12:00,1770804779999,HBAR,1m,0.088329,0.088329,0.088329,0.088329,246.0,1
2026-02-11 10:13:00,1770804839999,HBAR,1m,0.088383,0.088237,0.088383,0.088237,9548.0,11
2026-02-11 10:14:00,1770804899999,HBAR,1m,0.088213,0.088213,0.088213,0.088213,9711.0,1
2026-02-11 10:15:00,1770804959999,HBAR,1m,0.088184,0.088184,0.088184,0.088184,372.0,1
2026-02-11 10:16:00,1770805019999,HBAR,1m,0.088184,0.088184,0.088184,0.088184,0.0,0
2026-02-11 10:17:00,1770805079999,HBAR,1m,0.088144,0.088096,0.088144,0.088096,2064.0,6
2026-02-11 10:18:00,1770805139999,HBAR,1m,0.08814,0.08814,0.08814,0.08814,135.0,1
2026-02-11 10:19:00,1770805199999,HBAR,1m,0.088123,0.088,0.088123,0.088,59687.0,7
2026-02-11 10:20:00,1770805259999,HBAR,1m,0.088,0.088123,0.088123,0.087993,8092.0,4
2026-02-11 10:21:00,1770805319999,HBAR,1m,0.088128,0.088128,0.088128,0.088128,162.0,1
2026-02-11 10:22:00,1770805379999,HBAR,1m,0.088128,0.088128,0.088128,0.088128,0.0,0
2026-02-11 10:23:00,1770805439999,HBAR,1m,0.088223,0.088223,0.088223,0.088223,187.0,1
2026-02-11 10:24:00,1770805499999,HBAR,1m,0.088223,0.088223,0.088223,0.088223,0.0,0
2026-02-11 10:25:00,1770805559999,HBAR,1m,0.088179,0.088179,0.088179,0.088179,178.0,1
2026-02-11 10:26:00,1770805619999,HBAR,1m,0.088192,0.088226,0.088226,0.088192,609.0,2
2026-02-11 10:27:00,1770805679999,HBAR,1m,0.088226,0.088226,0.088226,0.088226,0.0,0
2026-02-11 10:28:00,1770805739999,HBAR,1m,0.088261,0.088262,0.088262,0.088261,392.0,2
2026-02-11 10:29:00,1770805799999,HBAR,1m,0.088222,0.088222,0.088222,0.088222,398.0,2
2026-02-11 10:30:00,1770805859999,HBAR,1m,0.088223,0.088223,0.088223,0.088223,135.0,1
2026-02-11 10:31:00,1770805919999,HBAR,1m,0.088223,0.088223,0.088223,0.088223,0.0,0
2026-02-11 10:32:00,1770805979999,HBAR,1m,0.088223,0.088223,0.088223,0.088223,0.0,0
2026-02-11 10:33:00,1770806039999,HBAR,1m,0.088191,0.088191,0.088191,0.088191,529.0,2
2026-02-11 10:34:00,1770806099999,HBAR,1m,0.088191,0.088191,0.088191,0.088191,0.0,0
2026-02-11 10:35:00,1770806159999,HBAR,1m,0.087966,0.087907,0.087966,0.087907,10293.0,3
2026-02-11 10:36:00,1770806219999,HBAR,1m,0.087944,0.087933,0.087944,0.087933,27352.0,4
2026-02-11 10:37:00,1770806279999,HBAR,1m,0.087852,0.087852,0.087852,0.087852,223.0,2
2026-02-11 10:38:00,1770806339999,HBAR,1m,0.087812,0.087916,0.087916,0.087812,39446.0,2
2026-02-11 10:39:00,1770806399999,HBAR,1m,0.087958,0.087958,0.087958,0.087958,13157.0,2
2026-02-11 10:40:00,1770806459999,HBAR,1m,0.087958,0.087958,0.087958,0.087958,0.0,0
2026-02-11 10:41:00,1770806519999,HBAR,1m,0.087958,0.087958,0.087958,0.087958,0.0,0
2026-02-11 10:42:00,1770806579999,HBAR,1m,0.087997,0.087997,0.087997,0.087997,223.0,2
2026-02-11 10:43:00,1770806639999,HBAR,1m,0.087908,0.087908,0.087908,0.087908,221.0,1
2026-02-11 10:44:00,1770806699999,HBAR,1m,0.087966,0.087966,0.087966,0.087966,120.0,1
2026-02-11 10:45:00,1770806759999,HBAR,1m,0.087908,0.087908,0.087908,0.087908,226.0,1
2026-02-11 10:46:00,1770806819999,HBAR,1m,0.087908,0.087908,0.087908,0.087908,0.0,0
2026-02-11 10:47:00,1770806879999,HBAR,1m,0.087916,0.087916,0.087916,0.087916,204.0,1
2026-02-11 10:48:00,1770806939999,HBAR,1m,0.087916,0.087916,0.087916,0.087916,0.0,0
2026-02-11 10:49:00,1770806999999,HBAR,1m,0.087916,0.0879,0.087916,0.0879,2512.0,2
2026-02-11 10:50:00,1770807059999,HBAR,1m,0.0879,0.0879,0.0879,0.0879,0.0,0
2026-02-11 10:51:00,1770807119999,HBAR,1m,0.087964,0.087964,0.087964,0.087964,174.0,1
2026-02-11 10:52:00,1770807179999,HBAR,1m,0.087833,0.087774,0.087833,0.087774,3819.0,3
2026-02-11 10:53:00,1770807239999,HBAR,1m,0.087774,0.087774,0.087774,0.087774,0.0,0
2026-02-11 10:54:00,1770807299999,HBAR,1m,0.087792,0.087792,0.087792,0.087792,206.0,1
2026-02-11 10:55:00,1770807359999,HBAR,1m,0.087792,0.087792,0.087792,0.087792,0.0,0
2026-02-11 10:56:00,1770807419999,HBAR,1m,0.087792,0.087792,0.087792,0.087792,0.0,0
2026-02-11 10:57:00,1770807479999,HBAR,1m,0.087792,0.087792,0.087792,0.087792,0.0,0
2026-02-11 10:58:00,1770807539999,HBAR,1m,0.087984,0.088037,0.088049,0.087984,799.0,3
2026-02-11 10:59:00,1770807599999,HBAR,1m,0.087965,0.087965,0.087965,0.087965,215.0,1
2026-02-11 11:00:00,1770807659999,HBAR,1m,0.088033,0.088092,0.088092,0.088033,1409.0,2
2026-02-11 11:01:00,1770807719999,HBAR,1m,0.088203,0.088233,0.088233,0.088203,636.0,3
2026-02-11 11:02:00,1770807779999,HBAR,1m,0.088178,0.088214,0.088214,0.088178,788.0,4
2026-02-11 11:03:00,1770807839999,HBAR,1m,0.088214,0.088214,0.088214,0.088214,0.0,0
2026-02-11 11:04:00,1770807899999,HBAR,1m,0.088214,0.088214,0.088214,0.088214,0.0,0
2026-02-11 11:05:00,1770807959999,HBAR,1m,0.088203,0.088203,0.088203,0.088203,479.0,1
2026-02-11 11:06:00,1770808019999,HBAR,1m,0.088209,0.088209,0.088209,0.088209,202.0,1
2026-02-11 11:07:00,1770808079999,HBAR,1m,0.088209,0.088209,0.088209,0.088209,0.0,0
2026-02-11 11:08:00,1770808139999,HBAR,1m,0.088298,0.088298,0.088298,0.088298,250.0,1
2026-02-11 11:09:00,1770808199999,HBAR,1m,0.088298,0.088298,0.088298,0.088298,0.0,0
2026-02-11 11:10:00,1770808259999,HBAR,1m,0.088203,0.088203,0.088203,0.088203,239.0,1
2026-02-11 11:11:00,1770808319999,HBAR,1m,0.088311,0.088311,0.088311,0.088311,210.0,1
2026-02-11 11:12:00,1770808379999,HBAR,1m,0.088241,0.088287,0.088287,0.088241,558.0,3
2026-02-11 11:13:00,1770808439999,HBAR,1m,0.088241,0.088239,0.088241,0.088239,1200.0,4
2026-02-11 11:14:00,1770808499999,HBAR,1m,0.08815,0.08815,0.08815,0.08815,407.0,2
2026-02-11 11:15:00,1770808559999,HBAR,1m,0.088176,0.088176,0.088176,0.088176,213.0,1
2026-02-11 11:16:00,1770808619999,HBAR,1m,0.088169,0.08815,0.088169,0.08815,1468.0,5
2026-02-11 11:17:00,1770808679999,HBAR,1m,0.08815,0.08815,0.08815,0.08815,0.0,0
2026-02-11 11:18:00,1770808739999,HBAR,1m,0.08815,0.08815,0.08815,0.08815,0.0,0
2026-02-11 11:19:00,1770808799999,HBAR,1m,0.08815,0.08815,0.08815,0.08815,0.0,0
2026-02-11 11:20:00,1770808859999,HBAR,1m,0.08864,0.08864,0.08864,0.08864,162.0,1
2026-02-11 11:21:00,1770808919999,HBAR,1m,0.088615,0.088615,0.088615,0.088615,177.0,1
2026-02-11 11:22:00,1770808979999,HBAR,1m,0.088615,0.088615,0.088615,0.088615,0.0,0
2026-02-11 11:23:00,1770809039999,HBAR,1m,0.088615,0.088615,0.088615,0.088615,0.0,0
2026-02-11 11:24:00,1770809099999,HBAR,1m,0.088626,0.088626,0.088626,0.088626,176.0,1
2026-02-11 11:25:00,1770809159999,HBAR,1m,0.088626,0.088605,0.088626,0.088604,749.0,4
2026-02-11 11:26:00,1770809219999,HBAR,1m,0.088561,0.088628,0.088628,0.088561,347.0,2
2026-02-11 11:27:00,1770809279999,HBAR,1m,0.088683,0.088683,0.088683,0.088683,220.0,1
2026-02-11 11:28:00,1770809339999,HBAR,1m,0.088728,0.088765,0.088765,0.088728,353.0,2
2026-02-11 11:29:00,1770809399999,HBAR,1m,0.088755,0.088755,0.088755,0.088755,184.0,1
2026-02-11 11:30:00,1770809459999,HBAR,1m,0.088676,0.088676,0.088676,0.088676,219.0,1
2026-02-11 11:31:00,1770809519999,HBAR,1m,0.088676,0.088676,0.088676,0.088676,0.0,0
2026-02-11 11:32:00,1770809579999,HBAR,1m,0.08853,0.08853,0.08853,0.08853,195.0,1
2026-02-11 11:33:00,1770809639999,HBAR,1m,0.088538,0.088538,0.088538,0.088538,176.0,1
2026-02-11 11:34:00,1770809699999,HBAR,1m,0.088538,0.088538,0.088538,0.088538,0.0,0
2026-02-11 11:35:00,1770809759999,HBAR,1m,0.088574,0.088574,0.088574,0.088574,251.0,1
2026-02-11 11:36:00,1770809819999,HBAR,1m,0.088574,0.088574,0.088574,0.088574,0.0,0
2026-02-11 11:37:00,1770809879999,HBAR,1m,0.088594,0.088594,0.088594,0.088594,574.0,3
2026-02-11 11:38:00,1770809939999,HBAR,1m,0.088601,0.088601,0.088601,0.088601,324.0,3
2026-02-11 11:39:00,1770809999999,HBAR,1m,0.088618,0.088618,0.088618,0.088618,390.0,3
2026-02-11 11:40:00,1770810059999,HBAR,1m,0.088623,0.088623,0.088623,0.088623,223.0,1
2026-02-11 11:41:00,1770810119999,HBAR,1m,0.088623,0.088623,0.088623,0.088623,0.0,0
2026-02-11 11:42:00,1770810179999,HBAR,1m,0.088575,0.088575,0.088575,0.088575,325.0,1
2026-02-11 11:43:00,1770810239999,HBAR,1m,0.088582,0.088628,0.088628,0.088582,1608.0,5
2026-02-11 11:44:00,1770810299999,HBAR,1m,0.0886,0.08862,0.08862,0.0886,998.0,4
2026-02-11 11:45:00,1770810359999,HBAR,1m,0.088586,0.088586,0.088586,0.088586,197.0,1
2026-02-11 11:46:00,1770810419999,HBAR,1m,0.088595,0.08862,0.08862,0.088595,404.0,2
2026-02-11 11:47:00,1770810479999,HBAR,1m,0.088618,0.088618,0.088618,0.088618,178.0,1
2026-02-11 11:48:00,1770810539999,HBAR,1m,0.088685,0.088685,0.088685,0.088685,194.0,1
2026-02-11 11:49:00,1770810599999,HBAR,1m,0.088729,0.088728,0.088729,0.088728,511.0,2
2026-02-11 11:50:00,1770810659999,HBAR,1m,0.088728,0.088728,0.088728,0.088728,0.0,0
2026-02-11 11:51:00,1770810719999,HBAR,1m,0.088799,0.088892,0.088892,0.088799,748.0,2
2026-02-11 11:52:00,1770810779999,HBAR,1m,0.08888,0.08888,0.08888,0.08888,193.0,1
2026-02-11 11:53:00,1770810839999,HBAR,1m,0.089,0.089049,0.089049,0.089,1053.0,2
2026-02-11 11:54:00,1770810899999,HBAR,1m,0.089002,0.089002,0.089002,0.089002,187.0,1
2026-02-11 11:55:00,1770810959999,HBAR,1m,0.08904,0.08904,0.08904,0.08904,498.0,1
2026-02-11 11:56:00,1770811019999,HBAR,1m,0.089087,0.089087,0.089087,0.089087,190.0,1
2026-02-11 11:57:00,1770811079999,HBAR,1m,0.089087,0.089087,0.089087,0.089087,0.0,0
2026-02-11 11:58:00,1770811139999,HBAR,1m,0.089105,0.089105,0.089105,0.089105,174.0,1
2026-02-11 11:59:00,1770811199999,HBAR,1m,0.089105,0.089105,0.089105,0.089105,0.0,0
2026-02-11 12:00:00,1770811259999,HBAR,1m,0.089014,0.089013,0.089014,0.089013,5616.0,2
2026-02-11 12:01:00,1770811319999,HBAR,1m,0.088887,0.088876,0.088887,0.088876,2448.0,3
2026-02-11 12:02:00,1770811379999,HBAR,1m,0.088899,0.088884,0.088899,0.088884,49538.0,5
2026-02-11 12:03:00,1770811439999,HBAR,1m,0.088801,0.088801,0.088801,0.088801,243.0,1
2026-02-11 12:04:00,1770811499999,HBAR,1m,0.088706,0.088706,0.088706,0.088706,124.0,1
2026-02-11 12:05:00,1770811559999,HBAR,1m,0.088706,0.088706,0.088706,0.088706,0.0,0
2026-02-11 12:06:00,1770811619999,HBAR,1m,0.088752,0.088752,0.088752,0.088752,389.0,1
2026-02-11 12:07:00,1770811679999,HBAR,1m,0.088742,0.088982,0.088982,0.088742,50280.0,5
2026-02-11 12:08:00,1770811739999,HBAR,1m,0.089043,0.089043,0.089043,0.089043,8486.0,1
2026-02-11 12:09:00,1770811799999,HBAR,1m,0.089043,0.089043,0.089043,0.089043,0.0,0
2026-02-11 12:10:00,1770811859999,HBAR,1m,0.089043,0.089043,0.089043,0.089043,0.0,0
2026-02-11 12:11:00,1770811919999,HBAR,1m,0.088704,0.088704,0.088704,0.088704,499.0,1
2026-02-11 12:12:00,1770811979999,HBAR,1m,0.088704,0.088704,0.088704,0.088704,0.0,0
2026-02-11 12:13:00,1770812039999,HBAR,1m,0.088497,0.088497,0.088497,0.088497,203.0,1
2026-02-11 12:14:00,1770812099999,HBAR,1m,0.088497,0.088497,0.088497,0.088497,0.0,0
2026-02-11 12:15:00,1770812159999,HBAR,1m,0.088661,0.088661,0.088661,0.088661,233.0,1
2026-02-11 12:16:00,1770812219999,HBAR,1m,0.088661,0.088661,0.088661,0.088661,0.0,0
2026-02-11 12:17:00,1770812279999,HBAR,1m,0.088688,0.088688,0.088688,0.088688,342.0,1
2026-02-11 12:18:00,1770812339999,HBAR,1m,0.088702,0.088702,0.088702,0.088702,233.0,1
2026-02-11 12:19:00,1770812399999,HBAR,1m,0.088702,0.088702,0.088702,0.088702,0.0,0
2026-02-11 12:20:00,1770812459999,HBAR,1m,0.088661,0.088661,0.088661,0.088661,2250.0,1
2026-02-11 12:21:00,1770812519999,HBAR,1m,0.088747,0.088747,0.088747,0.088747,189.0,1
2026-02-11 12:22:00,1770812579999,HBAR,1m,0.088827,0.088827,0.088827,0.088827,11697.0,3
2026-02-11 12:23:00,1770812639999,HBAR,1m,0.088827,0.088827,0.088827,0.088827,0.0,0
2026-02-11 12:24:00,1770812699999,HBAR,1m,0.088827,0.088827,0.088827,0.088827,0.0,0
2026-02-11 12:25:00,1770812759999,HBAR,1m,0.088827,0.088827,0.088827,0.088827,0.0,0
2026-02-11 12:26:00,1770812819999,HBAR,1m,0.088827,0.088827,0.088827,0.088827,0.0,0
2026-02-11 12:27:00,1770812879999,HBAR,1m,0.088827,0.088827,0.088827,0.088827,0.0,0
2026-02-11 12:28:00,1770812939999,HBAR,1m,0.088823,0.088823,0.088823,0.088823,220.0,1
2026-02-11 12:29:00,1770812999999,HBAR,1m,0.088823,0.088823,0.088823,0.088823,0.0,0
2026-02-11 12:30:00,1770813059999,HBAR,1m,0.08875,0.08875,0.08875,0.08875,182.0,1
2026-02-11 12:31:00,1770813119999,HBAR,1m,0.088656,0.088656,0.088656,0.088656,2250.0,1
2026-02-11 12:32:00,1770813179999,HBAR,1m,0.088693,0.088713,0.088713,0.088693,422.0,2
2026-02-11 12:33:00,1770813239999,HBAR,1m,0.088713,0.088713,0.088713,0.088713,0.0,0
2026-02-11 12:34:00,1770813299999,HBAR,1m,0.08883,0.08883,0.08883,0.08883,199.0,1
2026-02-11 12:35:00,1770813359999,HBAR,1m,0.08883,0.08883,0.08883,0.08883,0.0,0
2026-02-11 12:36:00,1770813419999,HBAR,1m,0.088799,0.088799,0.088799,0.088799,218.0,1
2026-02-11 12:37:00,1770813479999,HBAR,1m,0.088799,0.088799,0.088799,0.088799,0.0,0
2026-02-11 12:38:00,1770813539999,HBAR,1m,0.08884,0.08884,0.08884,0.08884,3302.0,1
2026-02-11 12:39:00,1770813599999,HBAR,1m,0.08884,0.08884,0.08884,0.08884,0.0,0
2026-02-11 12:40:00,1770813659999,HBAR,1m,0.0887,0.0887,0.0887,0.0887,216.0,1
2026-02-11 12:41:00,1770813719999,HBAR,1m,0.0887,0.0887,0.0887,0.0887,0.0,0
2026-02-11 12:42:00,1770813779999,HBAR,1m,0.088617,0.088658,0.088658,0.088617,450.0,2
2026-02-11 12:43:00,1770813839999,HBAR,1m,0.088658,0.088658,0.088658,0.088658,0.0,0
2026-02-11 12:44:00,1770813899999,HBAR,1m,0.088658,0.088658,0.088658,0.088658,0.0,0
2026-02-11 12:45:00,1770813959999,HBAR,1m,0.088655,0.088655,0.088655,0.088655,234.0,1
2026-02-11 12:46:00,1770814019999,HBAR,1m,0.088655,0.088655,0.088655,0.088655,0.0,0
2026-02-11 12:47:00,1770814079999,HBAR,1m,0.088655,0.088655,0.088655,0.088655,0.0,0
2026-02-11 12:48:00,1770814139999,HBAR,1m,0.088596,0.088596,0.088596,0.088596,195.0,1
2026-02-11 12:49:00,1770814199999,HBAR,1m,0.088596,0.088596,0.088596,0.088596,0.0,0
2026-02-11 12:50:00,1770814259999,HBAR,1m,0.088596,0.088596,0.088596,0.088596,0.0,0
2026-02-11 12:51:00,1770814319999,HBAR,1m,0.088736,0.088736,0.088736,0.088736,282.0,1
2026-02-11 12:52:00,1770814379999,HBAR,1m,0.088736,0.088736,0.088736,0.088736,0.0,0
2026-02-11 12:53:00,1770814439999,HBAR,1m,0.088744,0.088744,0.088744,0.088744,269.0,1
2026-02-11 12:54:00,1770814499999,HBAR,1m,0.088736,0.088736,0.088736,0.088736,224.0,1
2026-02-11 12:55:00,1770814559999,HBAR,1m,0.088733,0.088733,0.088733,0.088733,263.0,1
2026-02-11 12:56:00,1770814619999,HBAR,1m,0.088733,0.088733,0.088733,0.088733,0.0,0
2026-02-11 12:57:00,1770814679999,HBAR,1m,0.088721,0.088721,0.088721,0.088721,217.0,1
2026-02-11 12:58:00,1770814739999,HBAR,1m,0.088721,0.088721,0.088721,0.088721,0.0,0
2026-02-11 12:59:00,1770814799999,HBAR,1m,0.088755,0.088756,0.088756,0.088755,385.0,2
2026-02-11 13:00:00,1770814859999,HBAR,1m,0.088756,0.088756,0.088756,0.088756,0.0,0
2026-02-11 13:01:00,1770814919999,HBAR,1m,0.088756,0.088756,0.088756,0.088756,0.0,0
2026-02-11 13:02:00,1770814979999,HBAR,1m,0.088753,0.088732,0.088753,0.088732,342.0,2
2026-02-11 13:03:00,1770815039999,HBAR,1m,0.088704,0.088704,0.088704,0.088704,157.0,1
2026-02-11 13:04:00,1770815099999,HBAR,1m,0.088704,0.088704,0.088704,0.088704,0.0,0
2026-02-11 13:05:00,1770815159999,HBAR,1m,0.088627,0.088627,0.088627,0.088627,189.0,1
2026-02-11 13:06:00,1770815219999,HBAR,1m,0.08874,0.088754,0.088754,0.08874,2673.0,4
2026-02-11 13:07:00,1770815279999,HBAR,1m,0.08876,0.08876,0.08876,0.08876,4635.0,1
2026-02-11 13:08:00,1770815339999,HBAR,1m,0.088738,0.088724,0.088738,0.088724,12670.0,3
2026-02-11 13:09:00,1770815399999,HBAR,1m,0.088491,0.088565,0.088565,0.088472,12661.0,6
2026-02-11 13:10:00,1770815459999,HBAR,1m,0.08857,0.088551,0.08857,0.088551,3605.0,3
2026-02-11 13:11:00,1770815519999,HBAR,1m,0.088545,0.088444,0.088545,0.088444,3060.0,3
2026-02-11 13:12:00,1770815579999,HBAR,1m,0.088452,0.088438,0.088452,0.088435,12800.0,3
2026-02-11 13:13:00,1770815639999,HBAR,1m,0.08845,0.088484,0.088484,0.08845,8451.0,3
2026-02-11 13:14:00,1770815699999,HBAR,1m,0.088484,0.088484,0.088484,0.088484,0.0,0
2026-02-11 13:15:00,1770815759999,HBAR,1m,0.088484,0.088484,0.088484,0.088484,0.0,0
2026-02-11 13:16:00,1770815819999,HBAR,1m,0.0884,0.0884,0.0884,0.0884,1000.0,1
2026-02-11 13:17:00,1770815879999,HBAR,1m,0.088269,0.088269,0.088269,0.088269,202.0,1
2026-02-11 13:18:00,1770815939999,HBAR,1m,0.088269,0.088206,0.088269,0.088206,376.0,2
2026-02-11 13:19:00,1770815999999,HBAR,1m,0.088206,0.088187,0.088206,0.088187,1983.0,4
2026-02-11 13:20:00,1770816059999,HBAR,1m,0.088187,0.088187,0.088187,0.088187,0.0,0
2026-02-11 13:21:00,1770816119999,HBAR,1m,0.088187,0.088187,0.088187,0.088187,0.0,0
2026-02-11 13:22:00,1770816179999,HBAR,1m,0.088195,0.088195,0.088195,0.088195,197.0,2
2026-02-11 13:23:00,1770816239999,HBAR,1m,0.08815,0.08815,0.08815,0.08815,1000.0,3
2026-02-11 13:24:00,1770816299999,HBAR,1m,0.08815,0.08815,0.08815,0.08815,0.0,0
2026-02-11 13:25:00,1770816359999,HBAR,1m,0.08815,0.08815,0.08815,0.08815,0.0,0
2026-02-11 13:26:00,1770816419999,HBAR,1m,0.08815,0.08815,0.08815,0.08815,0.0,0
2026-02-11 13:27:00,1770816479999,HBAR,1m,0.088131,0.088131,0.088131,0.088131,219.0,1
2026-02-11 13:28:00,1770816539999,HBAR,1m,0.088131,0.088131,0.088131,0.088131,0.0,0
2026-02-11 13:29:00,1770816599999,HBAR,1m,0.088131,0.088131,0.088131,0.088131,0.0,0
2026-02-11 13:30:00,1770816659999,HBAR,1m,0.088135,0.088179,0.088665,0.088135,174502.0,36
2026-02-11 13:31:00,1770816719999,HBAR,1m,0.088107,0.088242,0.088255,0.088052,35238.0,8
2026-02-11 13:32:00,1770816779999,HBAR,1m,0.088469,0.088637,0.088637,0.088469,1046.0,2
2026-02-11 13:33:00,1770816839999,HBAR,1m,0.088794,0.08892,0.089029,0.08879,29458.0,13
2026-02-11 13:34:00,1770816899999,HBAR,1m,0.088947,0.08895,0.08895,0.088947,424.0,2
2026-02-11 13:35:00,1770816959999,HBAR,1m,0.088663,0.088663,0.088663,0.088663,675.0,1
2026-02-11 13:36:00,1770817019999,HBAR,1m,0.08868,0.08868,0.08868,0.08868,188.0,1
2026-02-11 13:37:00,1770817079999,HBAR,1m,0.088593,0.088562,0.088593,0.088562,1132.0,2
2026-02-11 13:38:00,1770817139999,HBAR,1m,0.088887,0.088887,0.088887,0.088887,363.0,1
2026-02-11 13:39:00,1770817199999,HBAR,1m,0.088887,0.088887,0.088887,0.088887,0.0,0
2026-02-11 13:40:00,1770817259999,HBAR,1m,0.088887,0.088887,0.088887,0.088887,0.0,0
2026-02-11 13:41:00,1770817319999,HBAR,1m,0.088721,0.088721,0.088721,0.088721,213.0,1
2026-02-11 13:42:00,1770817379999,HBAR,1m,0.088721,0.088721,0.088721,0.088721,0.0,0
2026-02-11 13:43:00,1770817439999,HBAR,1m,0.088721,0.088721,0.088721,0.088721,0.0,0
2026-02-11 13:44:00,1770817499999,HBAR,1m,0.088721,0.088721,0.088721,0.088721,0.0,0
2026-02-11 13:45:00,1770817559999,HBAR,1m,0.088618,0.088618,0.088618,0.088618,226.0,1
2026-02-11 13:46:00,1770817619999,HBAR,1m,0.08871,0.08871,0.08871,0.08871,203.0,1
2026-02-11 13:47:00,1770817679999,HBAR,1m,0.08871,0.08871,0.08871,0.08871,0.0,0
2026-02-11 13:48:00,1770817739999,HBAR,1m,0.08871,0.08871,0.08871,0.08871,0.0,0
2026-02-11 13:49:00,1770817799999,HBAR,1m,0.08871,0.08871,0.08871,0.08871,0.0,0
2026-02-11 13:50:00,1770817859999,HBAR,1m,0.08871,0.08871,0.08871,0.08871,0.0,0
2026-02-11 13:51:00,1770817919999,HBAR,1m,0.088399,0.088399,0.088399,0.088399,2250.0,2
2026-02-11 13:52:00,1770817979999,HBAR,1m,0.088242,0.088242,0.088242,0.088242,199.0,1
2026-02-11 13:53:00,1770818039999,HBAR,1m,0.088278,0.088278,0.088278,0.088278,163.0,1
2026-02-11 13:54:00,1770818099999,HBAR,1m,0.088345,0.088345,0.088345,0.088345,195.0,1
2026-02-11 13:55:00,1770818159999,HBAR,1m,0.088345,0.088345,0.088345,0.088345,0.0,0
2026-02-11 13:56:00,1770818219999,HBAR,1m,0.088608,0.088608,0.088608,0.088608,377.0,1
2026-02-11 13:57:00,1770818279999,HBAR,1m,0.088608,0.088608,0.088608,0.088608,0.0,0
2026-02-11 13:58:00,1770818339999,HBAR,1m,0.088771,0.088947,0.088947,0.088771,1262.0,3
2026-02-11 13:59:00,1770818399999,HBAR,1m,0.088947,0.088947,0.088947,0.088947,0.0,0
2026-02-11 14:00:00,1770818459999,HBAR,1m,0.089027,0.089027,0.089027,0.089027,405.0,2
2026-02-11 14:01:00,1770818519999,HBAR,1m,0.089226,0.089226,0.089226,0.089226,176.0,1
2026-02-11 14:02:00,1770818579999,HBAR,1m,0.089226,0.089226,0.089226,0.089226,0.0,0
2026-02-11 14:03:00,1770818639999,HBAR,1m,0.089667,0.089805,0.089818,0.089667,2825.0,4
2026-02-11 14:04:00,1770818699999,HBAR,1m,0.090101,0.089924,0.090101,0.089924,69005.0,18
2026-02-11 14:05:00,1770818759999,HBAR,1m,0.089924,0.089941,0.089941,0.089884,2237.0,5
2026-02-11 14:06:00,1770818819999,HBAR,1m,0.089723,0.089999,0.089999,0.089723,3594.0,4
2026-02-11 14:07:00,1770818879999,HBAR,1m,0.090185,0.090185,0.090185,0.090185,144.0,1
2026-02-11 14:08:00,1770818939999,HBAR,1m,0.090055,0.090055,0.090055,0.090055,158.0,1
2026-02-11 14:09:00,1770818999999,HBAR,1m,0.089917,0.089917,0.089917,0.089917,195.0,1
2026-02-11 14:10:00,1770819059999,HBAR,1m,0.090273,0.090625,0.090984,0.090258,208266.0,29
2026-02-11 14:11:00,1770819119999,HBAR,1m,0.090703,0.090648,0.090703,0.090648,569.0,2
2026-02-11 14:12:00,1770819179999,HBAR,1m,0.090866,0.090904,0.090904,0.090866,31054.0,5
2026-02-11 14:13:00,1770819239999,HBAR,1m,0.090746,0.090746,0.090746,0.090746,174.0,1
2026-02-11 14:14:00,1770819299999,HBAR,1m,0.090761,0.090761,0.090761,0.090761,311.0,1
2026-02-11 14:15:00,1770819359999,HBAR,1m,0.090883,0.090936,0.090936,0.09086,3473.0,3
2026-02-11 14:16:00,1770819419999,HBAR,1m,0.09089,0.09089,0.09089,0.09089,123392.0,1
2026-02-11 14:17:00,1770819479999,HBAR,1m,0.090629,0.090629,0.090629,0.090629,350.0,1
2026-02-11 14:18:00,1770819539999,HBAR,1m,0.090746,0.090746,0.090746,0.090746,217.0,1
2026-02-11 14:19:00,1770819599999,HBAR,1m,0.090954,0.090799,0.090954,0.090799,311.0,2
2026-02-11 14:20:00,1770819659999,HBAR,1m,0.090642,0.090642,0.090642,0.090642,200.0,1
2026-02-11 14:21:00,1770819719999,HBAR,1m,0.090371,0.090371,0.090371,0.090371,156.0,1
2026-02-11 14:22:00,1770819779999,HBAR,1m,0.090388,0.090147,0.090388,0.090115,83157.0,11
2026-02-11 14:23:00,1770819839999,HBAR,1m,0.090147,0.090147,0.090147,0.090147,16642.0,2
2026-02-11 14:24:00,1770819899999,HBAR,1m,0.089959,0.089843,0.089959,0.089843,7812.0,2
2026-02-11 14:25:00,1770819959999,HBAR,1m,0.089843,0.089843,0.089843,0.089843,0.0,0
2026-02-11 14:26:00,1770820019999,HBAR,1m,0.089835,0.089835,0.089835,0.089835,190.0,1
2026-02-11 14:27:00,1770820079999,HBAR,1m,0.089877,0.089877,0.089877,0.089877,190.0,1
2026-02-11 14:28:00,1770820139999,HBAR,1m,0.089877,0.089877,0.089877,0.089877,0.0,0
2026-02-11 14:29:00,1770820199999,HBAR,1m,0.090011,0.090011,0.090011,0.090011,9942.0,1
2026-02-11 14:30:00,1770820259999,HBAR,1m,0.089992,0.090176,0.090176,0.089992,8441.0,3
2026-02-11 14:31:00,1770820319999,HBAR,1m,0.090155,0.090207,0.090207,0.090155,7250.0,2
2026-02-11 14:32:00,1770820379999,HBAR,1m,0.090284,0.089969,0.090284,0.089969,8667.0,6
2026-02-11 14:33:00,1770820439999,HBAR,1m,0.089984,0.089952,0.089984,0.089952,4500.0,2
2026-02-11 14:34:00,1770820499999,HBAR,1m,0.089874,0.089479,0.089874,0.089479,40655.0,9
2026-02-11 14:35:00,1770820559999,HBAR,1m,0.089449,0.089341,0.089449,0.089283,14164.0,7
2026-02-11 14:36:00,1770820619999,HBAR,1m,0.089313,0.089263,0.089313,0.089263,14711.0,3
2026-02-11 14:37:00,1770820679999,HBAR,1m,0.089166,0.089386,0.089386,0.089115,4810.0,4
2026-02-11 14:38:00,1770820739999,HBAR,1m,0.089386,0.089386,0.089386,0.089386,0.0,0
2026-02-11 14:39:00,1770820799999,HBAR,1m,0.089386,0.089386,0.089386,0.089386,0.0,0
2026-02-11 14:40:00,1770820859999,HBAR,1m,0.089386,0.089386,0.089386,0.089386,0.0,0
2026-02-11 14:41:00,1770820919999,HBAR,1m,0.089142,0.08904,0.089142,0.08904,9876.0,2
2026-02-11 14:42:00,1770820979999,HBAR,1m,0.088973,0.088788,0.088973,0.088788,12883.0,3
2026-02-11 14:43:00,1770821039999,HBAR,1m,0.088788,0.088788,0.088788,0.088788,0.0,0
2026-02-11 14:44:00,1770821099999,HBAR,1m,0.089019,0.089014,0.089019,0.089014,675.0,2
2026-02-11 14:45:00,1770821159999,HBAR,1m,0.088901,0.088878,0.08917,0.088878,291916.0,20
2026-02-11 14:46:00,1770821219999,HBAR,1m,0.08879,0.08879,0.08879,0.08879,307.0,1
2026-02-11 14:47:00,1770821279999,HBAR,1m,0.088649,0.088642,0.088649,0.088642,1510.0,3
2026-02-11 14:48:00,1770821339999,HBAR,1m,0.088571,0.088559,0.088571,0.088559,6257.0,2
2026-02-11 14:49:00,1770821399999,HBAR,1m,0.088559,0.088559,0.088559,0.088559,0.0,0
2026-02-11 14:50:00,1770821459999,HBAR,1m,0.088397,0.088319,0.088397,0.088319,11781.0,3
2026-02-11 14:51:00,1770821519999,HBAR,1m,0.088317,0.088258,0.088317,0.088258,1189.0,2
2026-02-11 14:52:00,1770821579999,HBAR,1m,0.088459,0.088459,0.088459,0.088459,149.0,1
2026-02-11 14:53:00,1770821639999,HBAR,1m,0.088544,0.088544,0.088544,0.088544,2250.0,1
2026-02-11 14:54:00,1770821699999,HBAR,1m,0.088495,0.088392,0.088495,0.088392,2452.0,2
2026-02-11 14:55:00,1770821759999,HBAR,1m,0.088403,0.088369,0.088403,0.088369,1036.0,2
2026-02-11 14:56:00,1770821819999,HBAR,1m,0.088319,0.088122,0.088319,0.088122,16011.0,5
2026-02-11 14:57:00,1770821879999,HBAR,1m,0.088094,0.087763,0.088094,0.087691,34333.0,8
2026-02-11 14:58:00,1770821939999,HBAR,1m,0.087922,0.087884,0.087922,0.087884,730.0,2
2026-02-11 14:59:00,1770821999999,HBAR,1m,0.087884,0.087884,0.087884,0.087884,0.0,0
2026-02-11 15:00:00,1770822059999,HBAR,1m,0.087835,0.087951,0.087951,0.087835,363.0,2
2026-02-11 15:01:00,1770822119999,HBAR,1m,0.087755,0.088414,0.088414,0.087755,38203.0,6
2026-02-11 15:02:00,1770822179999,HBAR,1m,0.088266,0.088155,0.088266,0.088152,10760.0,5
2026-02-11 15:03:00,1770822239999,HBAR,1m,0.088134,0.088106,0.088134,0.088106,5032.0,2
2026-02-11 15:04:00,1770822299999,HBAR,1m,0.088035,0.087979,0.088035,0.08796,16546.0,4
2026-02-11 15:05:00,1770822359999,HBAR,1m,0.088024,0.088076,0.088076,0.088024,5568.0,2
2026-02-11 15:06:00,1770822419999,HBAR,1m,0.088076,0.088076,0.088076,0.088076,0.0,0
2026-02-11 15:07:00,1770822479999,HBAR,1m,0.088004,0.08772,0.088004,0.0877,60314.0,13
2026-02-11 15:08:00,1770822539999,HBAR,1m,0.087616,0.0874,0.087616,0.087218,530064.0,34
2026-02-11 15:09:00,1770822599999,HBAR,1m,0.087348,0.087348,0.087348,0.087348,230.0,1
2026-02-11 15:10:00,1770822659999,HBAR,1m,0.087622,0.08772,0.08772,0.087622,5553.0,2
2026-02-11 15:11:00,1770822719999,HBAR,1m,0.087645,0.087589,0.087645,0.087589,637.0,3
2026-02-11 15:12:00,1770822779999,HBAR,1m,0.087527,0.087459,0.087527,0.087459,8139.0,3
2026-02-11 15:13:00,1770822839999,HBAR,1m,0.087395,0.087224,0.087395,0.087224,19666.0,7
2026-02-11 15:14:00,1770822899999,HBAR,1m,0.087511,0.087511,0.087511,0.087511,215.0,1
2026-02-11 15:15:00,1770822959999,HBAR,1m,0.087615,0.087451,0.087717,0.087451,11177.0,5
2026-02-11 15:16:00,1770823019999,HBAR,1m,0.087496,0.087496,0.087496,0.087496,9711.0,1
2026-02-11 15:17:00,1770823079999,HBAR,1m,0.087496,0.087496,0.087496,0.087496,0.0,0
2026-02-11 15:18:00,1770823139999,HBAR,1m,0.087811,0.087745,0.087811,0.087745,21961.0,4
2026-02-11 15:19:00,1770823199999,HBAR,1m,0.08802,0.08802,0.08802,0.08802,2700.0,1
2026-02-11 15:20:00,1770823259999,HBAR,1m,0.087792,0.087792,0.087792,0.087792,2376.0,1
2026-02-11 15:21:00,1770823319999,HBAR,1m,0.087825,0.08811,0.08811,0.087825,126825.0,14
2026-02-11 15:22:00,1770823379999,HBAR,1m,0.088291,0.088432,0.088432,0.088291,31974.0,6
2026-02-11 15:23:00,1770823439999,HBAR,1m,0.088432,0.088432,0.088432,0.088432,0.0,0
2026-02-11 15:24:00,1770823499999,HBAR,1m,0.08807,0.08807,0.08807,0.08807,195.0,1
2026-02-11 15:25:00,1770823559999,HBAR,1m,0.088081,0.088081,0.088081,0.088081,9868.0,3
2026-02-11 15:26:00,1770823619999,HBAR,1m,0.088081,0.088081,0.088081,0.088081,0.0,0
2026-02-11 15:27:00,1770823679999,HBAR,1m,0.087866,0.087796,0.087904,0.087796,698.0,3
2026-02-11 15:28:00,1770823739999,HBAR,1m,0.087796,0.087796,0.087796,0.087796,0.0,0
2026-02-11 15:29:00,1770823799999,HBAR,1m,0.087937,0.087937,0.087937,0.087937,345.0,1
2026-02-11 15:30:00,1770823859999,HBAR,1m,0.087737,0.087737,0.087737,0.087737,407.0,1
2026-02-11 15:31:00,1770823919999,HBAR,1m,0.087835,0.087835,0.087835,0.087835,161.0,1
2026-02-11 15:32:00,1770823979999,HBAR,1m,0.087758,0.087758,0.087758,0.087758,206.0,1
2026-02-11 15:33:00,1770824039999,HBAR,1m,0.087876,0.087876,0.087876,0.087876,358.0,1
2026-02-11 15:34:00,1770824099999,HBAR,1m,0.087927,0.087846,0.087927,0.087846,956.0,3
2026-02-11 15:35:00,1770824159999,HBAR,1m,0.08793,0.08793,0.08793,0.08793,9711.0,1
2026-02-11 15:36:00,1770824219999,HBAR,1m,0.087848,0.087848,0.087848,0.087848,199.0,1
2026-02-11 15:37:00,1770824279999,HBAR,1m,0.08789,0.087912,0.087926,0.08789,3392.0,3
2026-02-11 15:38:00,1770824339999,HBAR,1m,0.087678,0.087678,0.087678,0.087678,224.0,1
2026-02-11 15:39:00,1770824399999,HBAR,1m,0.087816,0.087854,0.087854,0.087816,630.0,3
2026-02-11 15:40:00,1770824459999,HBAR,1m,0.087846,0.087846,0.087846,0.087846,303.0,1
2026-02-11 15:41:00,1770824519999,HBAR,1m,0.088047,0.08797,0.088133,0.08797,18983.0,5
2026-02-11 15:42:00,1770824579999,HBAR,1m,0.08797,0.08797,0.08797,0.08797,0.0,0
2026-02-11 15:43:00,1770824639999,HBAR,1m,0.088007,0.087917,0.088007,0.087917,428.0,2
2026-02-11 15:44:00,1770824699999,HBAR,1m,0.088146,0.088146,0.088146,0.088146,568.0,1
2026-02-11 15:45:00,1770824759999,HBAR,1m,0.088156,0.088097,0.088156,0.088097,736.0,3
2026-02-11 15:46:00,1770824819999,HBAR,1m,0.088057,0.088038,0.088057,0.088038,837.0,2
2026-02-11 15:47:00,1770824879999,HBAR,1m,0.087977,0.087815,0.087977,0.087815,341202.0,21
2026-02-11 15:48:00,1770824939999,HBAR,1m,0.087771,0.087791,0.087791,0.087771,269.0,2
2026-02-11 15:49:00,1770824999999,HBAR,1m,0.087791,0.087791,0.087791,0.087791,0.0,0
2026-02-11 15:50:00,1770825059999,HBAR,1m,0.087473,0.087362,0.087473,0.087362,187.0,2
2026-02-11 15:51:00,1770825119999,HBAR,1m,0.087478,0.087491,0.087491,0.087355,858.0,3
2026-02-11 15:52:00,1770825179999,HBAR,1m,0.087491,0.087491,0.087491,0.087491,0.0,0
2026-02-11 15:53:00,1770825239999,HBAR,1m,0.087717,0.087715,0.087717,0.087715,609.0,3
2026-02-11 15:54:00,1770825299999,HBAR,1m,0.087818,0.087815,0.08787,0.087806,4292.0,7
2026-02-11 15:55:00,1770825359999,HBAR,1m,0.087807,0.087836,0.087836,0.087807,2442.0,2
2026-02-11 15:56:00,1770825419999,HBAR,1m,0.087991,0.087991,0.087991,0.087991,2250.0,1
2026-02-11 15:57:00,1770825479999,HBAR,1m,0.087925,0.087937,0.087937,0.087925,5069.0,3
2026-02-11 15:58:00,1770825539999,HBAR,1m,0.08786,0.08786,0.08786,0.08786,5367.0,1
2026-02-11 15:59:00,1770825599999,HBAR,1m,0.08786,0.08786,0.08786,0.08786,0.0,0
2026-02-11 16:00:00,1770825659999,HBAR,1m,0.087908,0.087825,0.087908,0.087825,2013.0,2
2026-02-11 16:01:00,1770825719999,HBAR,1m,0.087754,0.087895,0.087902,0.087742,6982.0,5
2026-02-11 16:02:00,1770825779999,HBAR,1m,0.087936,0.087952,0.087976,0.087921,21479.0,6
2026-02-11 16:03:00,1770825839999,HBAR,1m,0.087948,0.087948,0.087948,0.087948,6246.0,1
2026-02-11 16:04:00,1770825899999,HBAR,1m,0.088018,0.088018,0.088018,0.088018,6451.0,1
2026-02-11 16:05:00,1770825959999,HBAR,1m,0.088018,0.088018,0.088018,0.088018,0.0,0
2026-02-11 16:06:00,1770826019999,HBAR,1m,0.088055,0.0881,0.0881,0.088055,1400.0,6
2026-02-11 16:07:00,1770826079999,HBAR,1m,0.088117,0.088117,0.088117,0.088117,6978.0,1
2026-02-11 16:08:00,1770826139999,HBAR,1m,0.088117,0.088117,0.088117,0.088117,0.0,0
2026-02-11 16:09:00,1770826199999,HBAR,1m,0.088081,0.088081,0.088081,0.088081,175.0,1
2026-02-11 16:10:00,1770826259999,HBAR,1m,0.088036,0.088377,0.088391,0.088036,36143.0,9
2026-02-11 16:11:00,1770826319999,HBAR,1m,0.088455,0.0886,0.0886,0.088371,1295.0,3
2026-02-11 16:12:00,1770826379999,HBAR,1m,0.088633,0.08879,0.08879,0.088633,17043.0,2
2026-02-11 16:13:00,1770826439999,HBAR,1m,0.088901,0.088901,0.088901,0.088901,205.0,1
2026-02-11 16:14:00,1770826499999,HBAR,1m,0.088933,0.088714,0.088933,0.088714,452.0,2
2026-02-11 16:15:00,1770826559999,HBAR,1m,0.088763,0.088657,0.088763,0.088657,380.0,2
2026-02-11 16:16:00,1770826619999,HBAR,1m,0.088655,0.088655,0.088655,0.088655,159.0,1
2026-02-11 16:17:00,1770826679999,HBAR,1m,0.088655,0.088655,0.088655,0.088655,0.0,0
2026-02-11 16:18:00,1770826739999,HBAR,1m,0.088628,0.088628,0.088628,0.088628,481.0,1
2026-02-11 16:19:00,1770826799999,HBAR,1m,0.088628,0.088628,0.088628,0.088628,0.0,0
2026-02-11 16:20:00,1770826859999,HBAR,1m,0.088778,0.088778,0.088778,0.088778,219.0,1
2026-02-11 16:21:00,1770826919999,HBAR,1m,0.088778,0.088778,0.088778,0.088778,0.0,0
2026-02-11 16:22:00,1770826979999,HBAR,1m,0.088551,0.088551,0.088551,0.088551,361.0,1
2026-02-11 16:23:00,1770827039999,HBAR,1m,0.088591,0.088493,0.088591,0.088493,4908.0,2
2026-02-11 16:24:00,1770827099999,HBAR,1m,0.088615,0.088571,0.088615,0.088571,4909.0,2
2026-02-11 16:25:00,1770827159999,HBAR,1m,0.088521,0.088501,0.088521,0.088501,4909.0,2
2026-02-11 16:26:00,1770827219999,HBAR,1m,0.088362,0.088236,0.088362,0.088236,29460.0,6
2026-02-11 16:27:00,1770827279999,HBAR,1m,0.088211,0.088142,0.088246,0.088059,175501.0,17
2026-02-11 16:28:00,1770827339999,HBAR,1m,0.088194,0.088175,0.088194,0.088175,4909.0,4
2026-02-11 16:29:00,1770827399999,HBAR,1m,0.088104,0.088021,0.088104,0.088021,4909.0,2
2026-02-11 16:30:00,1770827459999,HBAR,1m,0.088032,0.088113,0.088133,0.088032,5228.0,4
2026-02-11 16:31:00,1770827519999,HBAR,1m,0.088245,0.088251,0.088251,0.088245,4909.0,2
2026-02-11 16:32:00,1770827579999,HBAR,1m,0.088215,0.088201,0.088215,0.088195,11242.0,4
2026-02-11 16:33:00,1770827639999,HBAR,1m,0.088153,0.088169,0.088169,0.08812,5368.0,3
2026-02-11 16:34:00,1770827699999,HBAR,1m,0.08817,0.088207,0.088207,0.08817,4909.0,3
2026-02-11 16:35:00,1770827759999,HBAR,1m,0.088208,0.087989,0.088208,0.087954,18060.0,4
2026-02-11 16:36:00,1770827819999,HBAR,1m,0.087905,0.087913,0.087913,0.087905,4909.0,2
2026-02-11 16:37:00,1770827879999,HBAR,1m,0.087769,0.087491,0.087769,0.087491,17326.0,5
2026-02-11 16:38:00,1770827939999,HBAR,1m,0.087556,0.087543,0.087556,0.087475,11265.0,3
2026-02-11 16:39:00,1770827999999,HBAR,1m,0.087543,0.087578,0.087579,0.087543,5069.0,3
2026-02-11 16:40:00,1770828059999,HBAR,1m,0.087719,0.087805,0.087805,0.087719,4909.0,2
2026-02-11 16:41:00,1770828119999,HBAR,1m,0.087806,0.087808,0.087808,0.087806,4909.0,2
2026-02-11 16:42:00,1770828179999,HBAR,1m,0.08777,0.087807,0.087807,0.08777,4909.0,2
2026-02-11 16:43:00,1770828239999,HBAR,1m,0.087806,0.08777,0.087806,0.08777,4909.0,2
2026-02-11 16:44:00,1770828299999,HBAR,1m,0.087698,0.087671,0.087769,0.087671,7159.0,4
2026-02-11 16:45:00,1770828359999,HBAR,1m,0.087576,0.087612,0.087612,0.087576,4909.0,2
2026-02-11 16:46:00,1770828419999,HBAR,1m,0.087692,0.087699,0.087699,0.087692,4909.0,2
2026-02-11 16:47:00,1770828479999,HBAR,1m,0.087696,0.087772,0.087772,0.087696,4909.0,2
2026-02-11 16:48:00,1770828539999,HBAR,1m,0.087591,0.087518,0.087591,0.087516,4909.0,3
2026-02-11 16:49:00,1770828599999,HBAR,1m,0.087401,0.08726,0.087401,0.08726,4909.0,2
2026-02-11 16:50:00,1770828659999,HBAR,1m,0.087266,0.08727,0.08727,0.087227,14620.0,4
2026-02-11 16:51:00,1770828719999,HBAR,1m,0.087408,0.0873,0.087408,0.0873,4909.0,2
2026-02-11 16:52:00,1770828779999,HBAR,1m,0.087206,0.087331,0.087331,0.087206,4909.0,2
2026-02-11 16:53:00,1770828839999,HBAR,1m,0.087445,0.087414,0.087445,0.087414,5035.0,3
2026-02-11 16:54:00,1770828899999,HBAR,1m,0.087378,0.087444,0.087444,0.087378,4909.0,2
2026-02-11 16:55:00,1770828959999,HBAR,1m,0.087446,0.087509,0.087509,0.087446,4909.0,2
2026-02-11 16:56:00,1770829019999,HBAR,1m,0.087513,0.087447,0.087513,0.087447,4909.0,2
2026-02-11 16:57:00,1770829079999,HBAR,1m,0.087482,0.087547,0.087547,0.087482,4909.0,3
2026-02-11 16:58:00,1770829139999,HBAR,1m,0.087506,0.087526,0.087526,0.087506,4909.0,2
2026-02-11 16:59:00,1770829199999,HBAR,1m,0.087485,0.087517,0.087517,0.087485,4909.0,2
2026-02-11 17:00:00,1770829259999,HBAR,1m,0.087449,0.087547,0.087547,0.087449,5023.0,3
2026-02-11 17:01:00,1770829319999,HBAR,1m,0.087702,0.087636,0.087702,0.087636,4909.0,2
2026-02-11 17:02:00,1770829379999,HBAR,1m,0.087606,0.087565,0.087606,0.087565,7228.0,5
2026-02-11 17:03:00,1770829439999,HBAR,1m,0.087587,0.087637,0.087637,0.087587,4909.0,4
2026-02-11 17:04:00,1770829499999,HBAR,1m,0.087611,0.087674,0.087674,0.087611,4909.0,3
2026-02-11 17:05:00,1770829559999,HBAR,1m,0.087643,0.087591,0.087643,0.087591,4909.0,2
2026-02-11 17:06:00,1770829619999,HBAR,1m,0.087533,0.087594,0.087594,0.087533,4909.0,3
2026-02-11 17:07:00,1770829679999,HBAR,1m,0.087609,0.087634,0.087634,0.087609,4909.0,2
2026-02-11 17:08:00,1770829739999,HBAR,1m,0.087753,0.087661,0.087757,0.087661,5135.0,3
2026-02-11 17:09:00,1770829799999,HBAR,1m,0.087673,0.087669,0.087673,0.087669,4909.0,2
2026-02-11 17:10:00,1770829859999,HBAR,1m,0.087737,0.087719,0.087737,0.087719,4909.0,2
2026-02-11 17:11:00,1770829919999,HBAR,1m,0.087767,0.087747,0.08791,0.087747,11097.0,5
2026-02-11 17:12:00,1770829979999,HBAR,1m,0.087693,0.087872,0.087872,0.087693,4909.0,2
2026-02-11 17:13:00,1770830039999,HBAR,1m,0.087782,0.087781,0.087782,0.087781,4909.0,2
2026-02-11 17:14:00,1770830099999,HBAR,1m,0.087798,0.087821,0.087821,0.087798,4909.0,2
2026-02-11 17:15:00,1770830159999,HBAR,1m,0.087833,0.087847,0.087847,0.087833,4909.0,2
2026-02-11 17:16:00,1770830219999,HBAR,1m,0.087851,0.087991,0.087991,0.087851,4909.0,2
2026-02-11 17:17:00,1770830279999,HBAR,1m,0.088051,0.088043,0.088051,0.088043,4909.0,2
2026-02-11 17:18:00,1770830339999,HBAR,1m,0.088127,0.088063,0.088127,0.088063,16258.0,4
2026-02-11 17:19:00,1770830399999,HBAR,1m,0.088018,0.088207,0.088207,0.088018,11242.0,3
2026-02-11 17:20:00,1770830459999,HBAR,1m,0.088427,0.088487,0.088487,0.088407,7739.0,3
2026-02-11 17:21:00,1770830519999,HBAR,1m,0.088434,0.088504,0.088504,0.088434,4909.0,2
2026-02-11 17:22:00,1770830579999,HBAR,1m,0.088546,0.08859,0.08859,0.088546,27496.0,5
2026-02-11 17:23:00,1770830639999,HBAR,1m,0.088819,0.088807,0.088831,0.088807,13697.0,3
2026-02-11 17:24:00,1770830699999,HBAR,1m,0.088876,0.088806,0.088876,0.088806,4909.0,2
2026-02-11 17:25:00,1770830759999,HBAR,1m,0.088812,0.088971,0.088971,0.088812,4909.0,2
2026-02-11 17:26:00,1770830819999,HBAR,1m,0.089178,0.089311,0.089311,0.089144,13294.0,4
2026-02-11 17:27:00,1770830879999,HBAR,1m,0.089332,0.089239,0.089332,0.089239,6623.0,3
2026-02-11 17:28:00,1770830939999,HBAR,1m,0.089319,0.089415,0.089415,0.089265,6104.0,3
2026-02-11 17:29:00,1770830999999,HBAR,1m,0.089375,0.089426,0.089426,0.089375,5245.0,3
2026-02-11 17:30:00,1770831059999,HBAR,1m,0.089425,0.089404,0.089425,0.089404,4909.0,2
2026-02-11 17:31:00,1770831119999,HBAR,1m,0.089361,0.089381,0.089394,0.089361,8068.0,4
2026-02-11 17:32:00,1770831179999,HBAR,1m,0.089371,0.089126,0.089371,0.089126,14620.0,3
2026-02-11 17:33:00,1770831239999,HBAR,1m,0.089135,0.089211,0.089211,0.089135,4909.0,2
2026-02-11 17:34:00,1770831299999,HBAR,1m,0.089324,0.089404,0.089404,0.089324,4909.0,2
2026-02-11 17:35:00,1770831359999,HBAR,1m,0.089391,0.089384,0.089391,0.089383,4909.0,3
2026-02-11 17:36:00,1770831419999,HBAR,1m,0.089306,0.089413,0.089413,0.089306,4909.0,2
2026-02-11 17:37:00,1770831479999,HBAR,1m,0.08947,0.08937,0.08947,0.08937,4909.0,2
2026-02-11 17:38:00,1770831539999,HBAR,1m,0.08942,0.089328,0.08942,0.089328,4909.0,2
2026-02-11 17:39:00,1770831599999,HBAR,1m,0.089445,0.089362,0.089445,0.089361,4909.0,3
2026-02-11 17:40:00,1770831659999,HBAR,1m,0.089288,0.089112,0.089288,0.089112,10514.0,3
2026-02-11 17:41:00,1770831719999,HBAR,1m,0.089072,0.089001,0.089072,0.089001,5178.0,3
2026-02-11 17:42:00,1770831779999,HBAR,1m,0.08903,0.088953,0.08903,0.088953,4909.0,2
2026-02-11 17:43:00,1770831839999,HBAR,1m,0.08901,0.088926,0.08901,0.08892,4909.0,3
2026-02-11 17:44:00,1770831899999,HBAR,1m,0.088949,0.088946,0.088949,0.088946,4909.0,2
2026-02-11 17:45:00,1770831959999,HBAR,1m,0.088966,0.088917,0.088966,0.088917,4909.0,2
2026-02-11 17:46:00,1770832019999,HBAR,1m,0.088766,0.088802,0.088802,0.088766,7276.0,3
2026-02-11 17:47:00,1770832079999,HBAR,1m,0.08888,0.088838,0.08888,0.088838,4909.0,2
2026-02-11 17:48:00,1770832139999,HBAR,1m,0.088988,0.089009,0.089009,0.088988,4909.0,2
2026-02-11 17:49:00,1770832199999,HBAR,1m,0.089007,0.089056,0.089056,0.089007,4909.0,2
2026-02-11 17:50:00,1770832259999,HBAR,1m,0.089107,0.089038,0.089107,0.089038,4909.0,2
2026-02-11 17:51:00,1770832319999,HBAR,1m,0.089098,0.0892,0.0892,0.089098,4909.0,2
2026-02-11 17:52:00,1770832379999,HBAR,1m,0.089139,0.089201,0.089201,0.089139,7738.0,4
2026-02-11 17:53:00,1770832439999,HBAR,1m,0.089231,0.089242,0.089242,0.089231,2578.0,2
2026-02-11 17:54:00,1770832499999,HBAR,1m,0.089242,0.089242,0.089242,0.089242,0.0,0
2026-02-11 17:55:00,1770832559999,HBAR,1m,0.089063,0.089074,0.089074,0.089063,658.0,2
2026-02-11 17:56:00,1770832619999,HBAR,1m,0.089011,0.089011,0.089011,0.089011,429.0,2
2026-02-11 17:57:00,1770832679999,HBAR,1m,0.088989,0.088958,0.088999,0.088958,988.0,3
2026-02-11 17:58:00,1770832739999,HBAR,1m,0.088958,0.088958,0.088958,0.088958,0.0,0
2026-02-11 17:59:00,1770832799999,HBAR,1m,0.088846,0.088845,0.088846,0.088845,665.0,2
2026-02-11 18:00:00,1770832859999,HBAR,1m,0.088845,0.088845,0.088845,0.088845,0.0,0
2026-02-11 18:01:00,1770832919999,HBAR,1m,0.088926,0.088893,0.088926,0.088893,389.0,2
2026-02-11 18:02:00,1770832979999,HBAR,1m,0.088893,0.088783,0.088893,0.088783,2457.0,2
2026-02-11 18:03:00,1770833039999,HBAR,1m,0.088846,0.088846,0.088846,0.088846,561.0,1
2026-02-11 18:04:00,1770833099999,HBAR,1m,0.088846,0.088846,0.088846,0.088846,0.0,0
2026-02-11 18:05:00,1770833159999,HBAR,1m,0.088846,0.088846,0.088846,0.088846,0.0,0
2026-02-11 18:06:00,1770833219999,HBAR,1m,0.088615,0.088516,0.088615,0.088516,5606.0,2
2026-02-11 18:07:00,1770833279999,HBAR,1m,0.088516,0.088516,0.088516,0.088516,0.0,0
2026-02-11 18:08:00,1770833339999,HBAR,1m,0.088584,0.088584,0.088584,0.088584,249.0,1
2026-02-11 18:09:00,1770833399999,HBAR,1m,0.088531,0.088531,0.088531,0.088531,564.0,1
2026-02-11 18:10:00,1770833459999,HBAR,1m,0.088458,0.088455,0.088458,0.088455,17564.0,3
2026-02-11 18:11:00,1770833519999,HBAR,1m,0.088432,0.088432,0.088432,0.088432,1100.0,1
2026-02-11 18:12:00,1770833579999,HBAR,1m,0.088482,0.088482,0.088482,0.088482,181.0,1
2026-02-11 18:13:00,1770833639999,HBAR,1m,0.088524,0.088524,0.088524,0.088524,213.0,1
2026-02-11 18:14:00,1770833699999,HBAR,1m,0.088605,0.088605,0.088605,0.088605,223.0,1
2026-02-11 18:15:00,1770833759999,HBAR,1m,0.088608,0.088655,0.088655,0.088608,3454.0,3
2026-02-11 18:16:00,1770833819999,HBAR,1m,0.088699,0.088995,0.088995,0.088699,9942.0,3
2026-02-11 18:17:00,1770833879999,HBAR,1m,0.089132,0.089132,0.089132,0.089132,187.0,1
2026-02-11 18:18:00,1770833939999,HBAR,1m,0.089132,0.089132,0.089132,0.089132,0.0,0
2026-02-11 18:19:00,1770833999999,HBAR,1m,0.089164,0.089164,0.089164,0.089164,217.0,1
2026-02-11 18:20:00,1770834059999,HBAR,1m,0.089045,0.089045,0.089045,0.089045,360.0,1
2026-02-11 18:21:00,1770834119999,HBAR,1m,0.089014,0.089062,0.089065,0.089014,551.0,3
2026-02-11 18:22:00,1770834179999,HBAR,1m,0.089082,0.089082,0.089082,0.089082,180.0,1
2026-02-11 18:23:00,1770834239999,HBAR,1m,0.088991,0.089029,0.089029,0.088991,981.0,2
2026-02-11 18:24:00,1770834299999,HBAR,1m,0.089029,0.089029,0.089029,0.089029,0.0,0
2026-02-11 18:25:00,1770834359999,HBAR,1m,0.089029,0.089029,0.089029,0.089029,0.0,0
2026-02-11 18:26:00,1770834419999,HBAR,1m,0.089046,0.089035,0.089081,0.089035,899.0,3
2026-02-11 18:27:00,1770834479999,HBAR,1m,0.089078,0.089078,0.089078,0.089078,51.0,1
2026-02-11 18:28:00,1770834539999,HBAR,1m,0.089259,0.089259,0.089259,0.089259,603.0,2
2026-02-11 18:29:00,1770834599999,HBAR,1m,0.089064,0.089064,0.089064,0.089064,385.0,1
2026-02-11 18:30:00,1770834659999,HBAR,1m,0.089064,0.089064,0.089064,0.089064,0.0,0
2026-02-11 18:31:00,1770834719999,HBAR,1m,0.089096,0.089096,0.089096,0.089096,178.0,1
2026-02-11 18:32:00,1770834779999,HBAR,1m,0.088984,0.088935,0.088984,0.088935,744.0,3
2026-02-11 18:33:00,1770834839999,HBAR,1m,0.088935,0.088935,0.088935,0.088935,0.0,0
2026-02-11 18:34:00,1770834899999,HBAR,1m,0.088935,0.088935,0.088935,0.088935,0.0,0
2026-02-11 18:35:00,1770834959999,HBAR,1m,0.088935,0.088935,0.088935,0.088935,0.0,0
2026-02-11 18:36:00,1770835019999,HBAR,1m,0.088945,0.088945,0.088945,0.088945,381.0,1
2026-02-11 18:37:00,1770835079999,HBAR,1m,0.088945,0.088945,0.088945,0.088945,0.0,0
2026-02-11 18:38:00,1770835139999,HBAR,1m,0.089064,0.089085,0.089085,0.089064,420.0,2
2026-02-11 18:39:00,1770835199999,HBAR,1m,0.089247,0.089154,0.089247,0.089154,393.0,2
2026-02-11 18:40:00,1770835259999,HBAR,1m,0.089154,0.089154,0.089154,0.089154,0.0,0
2026-02-11 18:41:00,1770835319999,HBAR,1m,0.089154,0.089154,0.089154,0.089154,0.0,0
2026-02-11 18:42:00,1770835379999,HBAR,1m,0.089154,0.089154,0.089154,0.089154,0.0,0
2026-02-11 18:43:00,1770835439999,HBAR,1m,0.088943,0.088943,0.088943,0.088943,380.0,1
2026-02-11 18:44:00,1770835499999,HBAR,1m,0.088943,0.088943,0.088943,0.088943,0.0,0
2026-02-11 18:45:00,1770835559999,HBAR,1m,0.08903,0.08903,0.08903,0.08903,340.0,1
2026-02-11 18:46:00,1770835619999,HBAR,1m,0.089212,0.089324,0.089324,0.089212,9251.0,2
2026-02-11 18:47:00,1770835679999,HBAR,1m,0.089378,0.089356,0.08946,0.089356,169660.0,13
2026-02-11 18:48:00,1770835739999,HBAR,1m,0.089344,0.089266,0.089344,0.089266,236.0,2
2026-02-11 18:49:00,1770835799999,HBAR,1m,0.089339,0.089339,0.089339,0.089339,207.0,1
2026-02-11 18:50:00,1770835859999,HBAR,1m,0.089166,0.089166,0.089166,0.089166,2250.0,1
2026-02-11 18:51:00,1770835919999,HBAR,1m,0.089131,0.08913,0.089131,0.08913,352.0,2
2026-02-11 18:52:00,1770835979999,HBAR,1m,0.08913,0.08913,0.08913,0.08913,0.0,0
2026-02-11 18:53:00,1770836039999,HBAR,1m,0.089146,0.089198,0.089198,0.089146,331.0,2
2026-02-11 18:54:00,1770836099999,HBAR,1m,0.089198,0.089198,0.089198,0.089198,0.0,0
2026-02-11 18:55:00,1770836159999,HBAR,1m,0.089139,0.089139,0.089139,0.089139,208.0,1
2026-02-11 18:56:00,1770836219999,HBAR,1m,0.089163,0.089163,0.089163,0.089163,402.0,2
2026-02-11 18:57:00,1770836279999,HBAR,1m,0.089166,0.089166,0.089166,0.089166,169.0,1
2026-02-11 18:58:00,1770836339999,HBAR,1m,0.089166,0.089166,0.089166,0.089166,0.0,0
2026-02-11 18:59:00,1770836399999,HBAR,1m,0.089085,0.089085,0.089085,0.089085,221.0,1
2026-02-11 19:00:00,1770836459999,HBAR,1m,0.089085,0.089085,0.089085,0.089085,0.0,0
2026-02-11 19:01:00,1770836519999,HBAR,1m,0.089091,0.089091,0.089091,0.089091,206.0,1
2026-02-11 19:02:00,1770836579999,HBAR,1m,0.089091,0.089091,0.089091,0.089091,0.0,0
2026-02-11 19:03:00,1770836639999,HBAR,1m,0.088978,0.088978,0.088978,0.088978,158.0,1
2026-02-11 19:04:00,1770836699999,HBAR,1m,0.088978,0.088978,0.088978,0.088978,0.0,0
2026-02-11 19:05:00,1770836759999,HBAR,1m,0.088978,0.088978,0.088978,0.088978,0.0,0
2026-02-11 19:06:00,1770836819999,HBAR,1m,0.089138,0.089138,0.089138,0.089138,400.0,1
2026-02-11 19:07:00,1770836879999,HBAR,1m,0.089145,0.089145,0.089145,0.089145,231.0,1
2026-02-11 19:08:00,1770836939999,HBAR,1m,0.089194,0.089194,0.089194,0.089194,193.0,1
2026-02-11 19:09:00,1770836999999,HBAR,1m,0.089228,0.089171,0.089228,0.08914,50824.0,7
2026-02-11 19:10:00,1770837059999,HBAR,1m,0.089171,0.089171,0.089171,0.089171,0.0,0
2026-02-11 19:11:00,1770837119999,HBAR,1m,0.089071,0.089071,0.089071,0.089071,4193.0,1
2026-02-11 19:12:00,1770837179999,HBAR,1m,0.089176,0.089176,0.089176,0.089176,134.0,1
2026-02-11 19:13:00,1770837239999,HBAR,1m,0.089176,0.089176,0.089176,0.089176,0.0,0
2026-02-11 19:14:00,1770837299999,HBAR,1m,0.089283,0.089283,0.089283,0.089283,204.0,1
2026-02-11 19:15:00,1770837359999,HBAR,1m,0.089283,0.089283,0.089283,0.089283,0.0,0
2026-02-11 19:16:00,1770837419999,HBAR,1m,0.089283,0.089283,0.089283,0.089283,0.0,0
2026-02-11 19:17:00,1770837479999,HBAR,1m,0.089284,0.08919,0.089284,0.08919,1122.0,2
2026-02-11 19:18:00,1770837539999,HBAR,1m,0.08919,0.08919,0.08919,0.08919,0.0,0
2026-02-11 19:19:00,1770837599999,HBAR,1m,0.089158,0.089044,0.089158,0.089044,3372.0,2
2026-02-11 19:20:00,1770837659999,HBAR,1m,0.089044,0.089044,0.089044,0.089044,0.0,0
2026-02-11 19:21:00,1770837719999,HBAR,1m,0.088956,0.088956,0.088956,0.088956,125.0,1
2026-02-11 19:22:00,1770837779999,HBAR,1m,0.088956,0.088956,0.088956,0.088956,0.0,0
2026-02-11 19:23:00,1770837839999,HBAR,1m,0.088956,0.088956,0.088956,0.088956,0.0,0
2026-02-11 19:24:00,1770837899999,HBAR,1m,0.089165,0.089165,0.089165,0.089165,4192.0,1
2026-02-11 19:25:00,1770837959999,HBAR,1m,0.089165,0.089165,0.089165,0.089165,0.0,0
2026-02-11 19:26:00,1770838019999,HBAR,1m,0.089099,0.089119,0.089119,0.089099,86185.0,6
2026-02-11 19:27:00,1770838079999,HBAR,1m,0.089045,0.089045,0.089045,0.089045,125.0,1
2026-02-11 19:28:00,1770838139999,HBAR,1m,0.08892,0.08892,0.08892,0.08892,187.0,1
2026-02-11 19:29:00,1770838199999,HBAR,1m,0.088828,0.088828,0.088828,0.088828,125.0,1
2026-02-11 19:30:00,1770838259999,HBAR,1m,0.088655,0.088655,0.088655,0.088655,5637.0,1
2026-02-11 19:31:00,1770838319999,HBAR,1m,0.088778,0.088778,0.088778,0.088778,125.0,1
2026-02-11 19:32:00,1770838379999,HBAR,1m,0.088739,0.088739,0.088739,0.088739,203.0,1
2026-02-11 19:33:00,1770838439999,HBAR,1m,0.088739,0.088739,0.088739,0.088739,0.0,0
2026-02-11 19:34:00,1770838499999,HBAR,1m,0.088739,0.088739,0.088739,0.088739,0.0,0
2026-02-11 19:35:00,1770838559999,HBAR,1m,0.088739,0.088739,0.088739,0.088739,0.0,0
2026-02-11 19:36:00,1770838619999,HBAR,1m,0.088898,0.088898,0.088898,0.088898,378.0,1
2026-02-11 19:37:00,1770838679999,HBAR,1m,0.088955,0.088955,0.088955,0.088955,212.0,1
2026-02-11 19:38:00,1770838739999,HBAR,1m,0.088955,0.088955,0.088955,0.088955,0.0,0
2026-02-11 19:39:00,1770838799999,HBAR,1m,0.088906,0.088844,0.088906,0.088844,4706.0,3
2026-02-11 19:40:00,1770838859999,HBAR,1m,0.088893,0.088893,0.088893,0.088893,932.0,1
2026-02-11 19:41:00,1770838919999,HBAR,1m,0.088965,0.088934,0.089042,0.088934,343336.0,15
2026-02-11 19:42:00,1770838979999,HBAR,1m,0.088934,0.088934,0.088934,0.088934,0.0,0
2026-02-11 19:43:00,1770839039999,HBAR,1m,0.088934,0.088934,0.088934,0.088934,0.0,0
2026-02-11 19:44:00,1770839099999,HBAR,1m,0.089053,0.089095,0.089095,0.089053,5393.0,3
2026-02-11 19:45:00,1770839159999,HBAR,1m,0.089061,0.088914,0.089061,0.088914,12151.0,4
2026-02-11 19:46:00,1770839219999,HBAR,1m,0.08891,0.08891,0.08891,0.08891,2367.0,1
2026-02-11 19:47:00,1770839279999,HBAR,1m,0.08891,0.08891,0.08891,0.08891,0.0,0
2026-02-11 19:48:00,1770839339999,HBAR,1m,0.08891,0.08891,0.08891,0.08891,0.0,0
2026-02-11 19:49:00,1770839399999,HBAR,1m,0.08887,0.088915,0.088915,0.08887,578.0,2
2026-02-11 19:50:00,1770839459999,HBAR,1m,0.088915,0.088915,0.088915,0.088915,0.0,0
2026-02-11 19:51:00,1770839519999,HBAR,1m,0.088915,0.088915,0.088915,0.088915,0.0,0
2026-02-11 19:52:00,1770839579999,HBAR,1m,0.088915,0.088915,0.088915,0.088915,0.0,0
2026-02-11 19:53:00,1770839639999,HBAR,1m,0.088968,0.08891,0.088968,0.088897,8770.0,7
2026-02-11 19:54:00,1770839699999,HBAR,1m,0.08891,0.08891,0.08891,0.08891,0.0,0
2026-02-11 19:55:00,1770839759999,HBAR,1m,0.088846,0.088869,0.088869,0.088846,434.0,2
2026-02-11 19:56:00,1770839819999,HBAR,1m,0.088869,0.088869,0.088869,0.088869,0.0,0
2026-02-11 19:57:00,1770839879999,HBAR,1m,0.088916,0.089024,0.089024,0.088916,464.0,2
2026-02-11 19:58:00,1770839939999,HBAR,1m,0.088994,0.088994,0.088994,0.088994,194.0,1
2026-02-11 19:59:00,1770839999999,HBAR,1m,0.08898,0.08898,0.08898,0.08898,412.0,1
2026-02-11 20:00:00,1770840059999,HBAR,1m,0.08898,0.08898,0.08898,0.08898,0.0,0
2026-02-11 20:01:00,1770840119999,HBAR,1m,0.08892,0.08892,0.08892,0.08892,196.0,1
2026-02-11 20:02:00,1770840179999,HBAR,1m,0.088983,0.08906,0.08906,0.088983,403.0,2
2026-02-11 20:03:00,1770840239999,HBAR,1m,0.089045,0.089045,0.089045,0.089045,184.0,1
2026-02-11 20:04:00,1770840299999,HBAR,1m,0.089045,0.089045,0.089045,0.089045,0.0,0
2026-02-11 20:05:00,1770840359999,HBAR,1m,0.088837,0.088837,0.088837,0.088837,455.0,1
2026-02-11 20:06:00,1770840419999,HBAR,1m,0.088689,0.088689,0.088689,0.088689,119.0,1
2026-02-11 20:07:00,1770840479999,HBAR,1m,0.088668,0.088674,0.088674,0.088668,2369.0,2
2026-02-11 20:08:00,1770840539999,HBAR,1m,0.088714,0.088714,0.088714,0.088714,119.0,1
2026-02-11 20:09:00,1770840599999,HBAR,1m,0.088721,0.088721,0.088721,0.088721,206.0,1
2026-02-11 20:10:00,1770840659999,HBAR,1m,0.088854,0.088854,0.088854,0.088854,229.0,1
2026-02-11 20:11:00,1770840719999,HBAR,1m,0.088854,0.088854,0.088854,0.088854,0.0,0
2026-02-11 20:12:00,1770840779999,HBAR,1m,0.088854,0.088854,0.088854,0.088854,0.0,0
2026-02-11 20:13:00,1770840839999,HBAR,1m,0.088854,0.088854,0.088854,0.088854,0.0,0
2026-02-11 20:14:00,1770840899999,HBAR,1m,0.088854,0.088854,0.088854,0.088854,0.0,0
2026-02-11 20:15:00,1770840959999,HBAR,1m,0.088854,0.088854,0.088854,0.088854,0.0,0
2026-02-11 20:16:00,1770841019999,HBAR,1m,0.088976,0.088976,0.088976,0.088976,2380.0,1
2026-02-11 20:17:00,1770841079999,HBAR,1m,0.088976,0.088976,0.088976,0.088976,0.0,0
2026-02-11 20:18:00,1770841139999,HBAR,1m,0.088911,0.088911,0.088911,0.088911,490.0,1
2026-02-11 20:19:00,1770841199999,HBAR,1m,0.088911,0.088911,0.088911,0.088911,0.0,0
2026-02-11 20:20:00,1770841259999,HBAR,1m,0.088911,0.088911,0.088911,0.088911,0.0,0
2026-02-11 20:21:00,1770841319999,HBAR,1m,0.088911,0.088911,0.088911,0.088911,0.0,0
2026-02-11 20:22:00,1770841379999,HBAR,1m,0.088771,0.088701,0.088771,0.088701,94.0,2
2026-02-11 20:23:00,1770841439999,HBAR,1m,0.088701,0.088701,0.088701,0.088701,0.0,0
2026-02-11 20:24:00,1770841499999,HBAR,1m,0.088701,0.088701,0.088701,0.088701,0.0,0
2026-02-11 20:25:00,1770841559999,HBAR,1m,0.08862,0.08862,0.08862,0.08862,153.0,1
2026-02-11 20:26:00,1770841619999,HBAR,1m,0.08859,0.08859,0.08859,0.08859,2250.0,1
2026-02-11 20:27:00,1770841679999,HBAR,1m,0.08859,0.08859,0.08859,0.08859,0.0,0
2026-02-11 20:28:00,1770841739999,HBAR,1m,0.088518,0.088518,0.088518,0.088518,331.0,1
2026-02-11 20:29:00,1770841799999,HBAR,1m,0.088495,0.088495,0.088495,0.088495,223.0,1
2026-02-11 20:30:00,1770841859999,HBAR,1m,0.088472,0.088472,0.088472,0.088472,287.0,1
2026-02-11 20:31:00,1770841919999,HBAR,1m,0.088499,0.088499,0.088499,0.088499,2250.0,1
2026-02-11 20:32:00,1770841979999,HBAR,1m,0.088557,0.08851,0.088557,0.08851,2822.0,6
2026-02-11 20:33:00,1770842039999,HBAR,1m,0.08851,0.08851,0.08851,0.08851,0.0,0
2026-02-11 20:34:00,1770842099999,HBAR,1m,0.08851,0.08851,0.08851,0.08851,0.0,0
2026-02-11 20:35:00,1770842159999,HBAR,1m,0.088665,0.088665,0.088665,0.088665,134.0,1
2026-02-11 20:36:00,1770842219999,HBAR,1m,0.088665,0.088665,0.088665,0.088665,0.0,0
2026-02-11 20:37:00,1770842279999,HBAR,1m,0.088756,0.088756,0.088756,0.088756,344.0,1
2026-02-11 20:38:00,1770842339999,HBAR,1m,0.088756,0.088756,0.088756,0.088756,0.0,0
2026-02-11 20:39:00,1770842399999,HBAR,1m,0.088736,0.088737,0.088737,0.088736,1447.0,3
2026-02-11 20:40:00,1770842459999,HBAR,1m,0.088837,0.088838,0.088838,0.088837,546.0,2
2026-02-11 20:41:00,1770842519999,HBAR,1m,0.088841,0.088841,0.088841,0.088841,173.0,1
2026-02-11 20:42:00,1770842579999,HBAR,1m,0.088773,0.088773,0.088773,0.088773,183.0,1
2026-02-11 20:43:00,1770842639999,HBAR,1m,0.088773,0.088773,0.088773,0.088773,0.0,0
2026-02-11 20:44:00,1770842699999,HBAR,1m,0.088873,0.088851,0.088873,0.088851,415.0,2
2026-02-11 20:45:00,1770842759999,HBAR,1m,0.088851,0.088851,0.088851,0.088851,0.0,0
2026-02-11 20:46:00,1770842819999,HBAR,1m,0.088812,0.088812,0.088812,0.088812,219.0,1
2026-02-11 20:47:00,1770842879999,HBAR,1m,0.088884,0.088884,0.088884,0.088884,205.0,1
2026-02-11 20:48:00,1770842939999,HBAR,1m,0.089137,0.089137,0.089137,0.089137,236.0,1
2026-02-11 20:49:00,1770842999999,HBAR,1m,0.089137,0.089137,0.089137,0.089137,0.0,0
2026-02-11 20:50:00,1770843059999,HBAR,1m,0.089097,0.089092,0.089097,0.089092,10117.0,4
2026-02-11 20:51:00,1770843119999,HBAR,1m,0.089092,0.089023,0.089092,0.089023,1124.0,3
2026-02-11 20:52:00,1770843179999,HBAR,1m,0.088963,0.088987,0.088994,0.088963,519.0,3
2026-02-11 20:53:00,1770843239999,HBAR,1m,0.088987,0.088987,0.088987,0.088987,0.0,0
2026-02-11 20:54:00,1770843299999,HBAR,1m,0.089047,0.089047,0.089047,0.089047,370.0,2
2026-02-11 20:55:00,1770843359999,HBAR,1m,0.089,0.089,0.089,0.089,221.0,1
2026-02-11 20:56:00,1770843419999,HBAR,1m,0.089013,0.089013,0.089013,0.089013,477.0,1
2026-02-11 20:57:00,1770843479999,HBAR,1m,0.089027,0.089027,0.089027,0.089027,195.0,1
2026-02-11 20:58:00,1770843539999,HBAR,1m,0.089027,0.089027,0.089027,0.089027,0.0,0
2026-02-11 20:59:00,1770843599999,HBAR,1m,0.089027,0.089027,0.089027,0.089027,0.0,0
2026-02-11 21:00:00,1770843659999,HBAR,1m,0.089131,0.089131,0.089131,0.089131,216.0,1
2026-02-11 21:01:00,1770843719999,HBAR,1m,0.089092,0.089092,0.089092,0.089092,2380.0,1
2026-02-11 21:02:00,1770843779999,HBAR,1m,0.088979,0.088979,0.088979,0.088979,249.0,2
2026-02-11 21:03:00,1770843839999,HBAR,1m,0.089029,0.089029,0.089029,0.089029,172.0,1
2026-02-11 21:04:00,1770843899999,HBAR,1m,0.089029,0.089029,0.089029,0.089029,0.0,0
2026-02-11 21:05:00,1770843959999,HBAR,1m,0.089029,0.089029,0.089029,0.089029,0.0,0
2026-02-11 21:06:00,1770844019999,HBAR,1m,0.089093,0.089093,0.089093,0.089093,186.0,1
2026-02-11 21:07:00,1770844079999,HBAR,1m,0.089116,0.089116,0.089116,0.089116,203.0,1
2026-02-11 21:08:00,1770844139999,HBAR,1m,0.089116,0.089116,0.089116,0.089116,0.0,0
2026-02-11 21:09:00,1770844199999,HBAR,1m,0.089072,0.089072,0.089072,0.089072,381.0,2
2026-02-11 21:10:00,1770844259999,HBAR,1m,0.089072,0.089072,0.089072,0.089072,0.0,0
2026-02-11 21:11:00,1770844319999,HBAR,1m,0.089116,0.089116,0.089116,0.089116,195.0,1
2026-02-11 21:12:00,1770844379999,HBAR,1m,0.089116,0.089116,0.089116,0.089116,0.0,0
2026-02-11 21:13:00,1770844439999,HBAR,1m,0.089163,0.089184,0.089184,0.089163,794.0,3
2026-02-11 21:14:00,1770844499999,HBAR,1m,0.089184,0.089184,0.089184,0.089184,0.0,0
2026-02-11 21:15:00,1770844559999,HBAR,1m,0.089292,0.089242,0.089292,0.089242,355.0,2
2026-02-11 21:16:00,1770844619999,HBAR,1m,0.08916,0.08916,0.08916,0.08916,212.0,1
2026-02-11 21:17:00,1770844679999,HBAR,1m,0.08916,0.08916,0.08916,0.08916,0.0,0
2026-02-11 21:18:00,1770844739999,HBAR,1m,0.089164,0.089229,0.089229,0.089164,395.0,2
2026-02-11 21:19:00,1770844799999,HBAR,1m,0.089229,0.089229,0.089229,0.089229,0.0,0
2026-02-11 21:20:00,1770844859999,HBAR,1m,0.089294,0.089294,0.089294,0.089294,400.0,1
2026-02-11 21:21:00,1770844919999,HBAR,1m,0.089216,0.089216,0.089216,0.089216,341.0,1
2026-02-11 21:22:00,1770844979999,HBAR,1m,0.089216,0.089216,0.089216,0.089216,0.0,0
2026-02-11 21:23:00,1770845039999,HBAR,1m,0.08925,0.08925,0.08925,0.08925,4783.0,1
2026-02-11 21:24:00,1770845099999,HBAR,1m,0.089332,0.08938,0.08938,0.089332,6830.0,2
2026-02-11 21:25:00,1770845159999,HBAR,1m,0.089564,0.089564,0.089564,0.089564,208.0,1
2026-02-11 21:26:00,1770845219999,HBAR,1m,0.089683,0.089683,0.089683,0.089683,298.0,1
2026-02-11 21:27:00,1770845279999,HBAR,1m,0.089693,0.089565,0.089693,0.089565,1343.0,2
2026-02-11 21:28:00,1770845339999,HBAR,1m,0.089602,0.089683,0.089683,0.089602,805.0,4
2026-02-11 21:29:00,1770845399999,HBAR,1m,0.089861,0.089846,0.089861,0.089783,29222.0,5
2026-02-11 21:30:00,1770845459999,HBAR,1m,0.089825,0.089825,0.089825,0.089825,191.0,1
2026-02-11 21:31:00,1770845519999,HBAR,1m,0.089785,0.089785,0.089785,0.089785,157.0,1
2026-02-11 21:32:00,1770845579999,HBAR,1m,0.089785,0.089785,0.089785,0.089785,0.0,0
2026-02-11 21:33:00,1770845639999,HBAR,1m,0.08983,0.08983,0.08983,0.08983,184.0,1
2026-02-11 21:34:00,1770845699999,HBAR,1m,0.089752,0.089663,0.089752,0.089663,26565.0,3
2026-02-11 21:35:00,1770845759999,HBAR,1m,0.089794,0.089794,0.089794,0.089794,1113.0,1
2026-02-11 21:36:00,1770845819999,HBAR,1m,0.08983,0.08983,0.08983,0.08983,168.0,1
2026-02-11 21:37:00,1770845879999,HBAR,1m,0.089832,0.090022,0.090022,0.089832,1081.0,5
2026-02-11 21:38:00,1770845939999,HBAR,1m,0.089933,0.089933,0.089933,0.089933,172.0,1
2026-02-11 21:39:00,1770845999999,HBAR,1m,0.089806,0.089806,0.089806,0.089806,292.0,1
2026-02-11 21:40:00,1770846059999,HBAR,1m,0.089745,0.089745,0.089745,0.089745,193.0,1
2026-02-11 21:41:00,1770846119999,HBAR,1m,0.089562,0.08952,0.089562,0.08952,3635.0,8
2026-02-11 21:42:00,1770846179999,HBAR,1m,0.089513,0.08947,0.089513,0.08947,3394.0,3
2026-02-11 21:43:00,1770846239999,HBAR,1m,0.08947,0.08947,0.08947,0.08947,0.0,0
2026-02-11 21:44:00,1770846299999,HBAR,1m,0.08929,0.089335,0.089335,0.08929,24997.0,7
2026-02-11 21:45:00,1770846359999,HBAR,1m,0.089323,0.089323,0.089323,0.089323,340.0,2
2026-02-11 21:46:00,1770846419999,HBAR,1m,0.089284,0.089261,0.089284,0.089261,2870.0,3
2026-02-11 21:47:00,1770846479999,HBAR,1m,0.089261,0.089261,0.089261,0.089261,0.0,0
2026-02-11 21:48:00,1770846539999,HBAR,1m,0.089261,0.089261,0.089261,0.089261,0.0,0
2026-02-11 21:49:00,1770846599999,HBAR,1m,0.089337,0.089337,0.089337,0.089337,28013.0,1
2026-02-11 21:50:00,1770846659999,HBAR,1m,0.089337,0.089337,0.089337,0.089337,0.0,0
2026-02-11 21:51:00,1770846719999,HBAR,1m,0.089341,0.089353,0.089353,0.089341,2458.0,2
2026-02-11 21:52:00,1770846779999,HBAR,1m,0.089412,0.089392,0.089412,0.089392,386.0,2
2026-02-11 21:53:00,1770846839999,HBAR,1m,0.089392,0.089392,0.089392,0.089392,0.0,0
2026-02-11 21:54:00,1770846899999,HBAR,1m,0.08935,0.08933,0.08935,0.08933,28013.0,4
2026-02-11 21:55:00,1770846959999,HBAR,1m,0.089283,0.089306,0.089306,0.089283,55959.0,6
2026-02-11 21:56:00,1770847019999,HBAR,1m,0.089306,0.089306,0.089306,0.089306,0.0,0
2026-02-11 21:57:00,1770847079999,HBAR,1m,0.089276,0.089276,0.089276,0.089276,2250.0,1
2026-02-11 21:58:00,1770847139999,HBAR,1m,0.089342,0.089314,0.089342,0.089314,2444.0,2
2026-02-11 21:59:00,1770847199999,HBAR,1m,0.089314,0.089314,0.089314,0.089314,0.0,0
2026-02-11 22:00:00,1770847259999,HBAR,1m,0.089329,0.089311,0.089329,0.089288,5344.0,4
2026-02-11 22:01:00,1770847319999,HBAR,1m,0.089298,0.089298,0.089298,0.089298,2250.0,1
2026-02-11 22:02:00,1770847379999,HBAR,1m,0.089337,0.089289,0.089337,0.089289,1614.0,4
2026-02-11 22:03:00,1770847439999,HBAR,1m,0.089289,0.089289,0.089289,0.089289,0.0,0
2026-02-11 22:04:00,1770847499999,HBAR,1m,0.089162,0.089162,0.089162,0.089162,207.0,1
2026-02-11 22:05:00,1770847559999,HBAR,1m,0.089277,0.089247,0.089277,0.089247,2453.0,3
2026-02-11 22:06:00,1770847619999,HBAR,1m,0.089343,0.089343,0.089343,0.089343,177.0,1
2026-02-11 22:07:00,1770847679999,HBAR,1m,0.089289,0.089289,0.089289,0.089269,3250.0,3
2026-02-11 22:08:00,1770847739999,HBAR,1m,0.089323,0.089323,0.089323,0.089323,171.0,1
2026-02-11 22:09:00,1770847799999,HBAR,1m,0.089312,0.089312,0.089312,0.089312,2250.0,1
2026-02-11 22:10:00,1770847859999,HBAR,1m,0.089301,0.089301,0.089301,0.089301,2250.0,1
2026-02-11 22:11:00,1770847919999,HBAR,1m,0.089301,0.089301,0.089301,0.089301,0.0,0
2026-02-11 22:12:00,1770847979999,HBAR,1m,0.089481,0.089481,0.089481,0.089481,1069.0,1
2026-02-11 22:13:00,1770848039999,HBAR,1m,0.089441,0.0893,0.089441,0.089298,5740.0,11
2026-02-11 22:14:00,1770848099999,HBAR,1m,0.089412,0.089441,0.089464,0.089412,208163.0,10
2026-02-11 22:15:00,1770848159999,HBAR,1m,0.08938,0.08938,0.08938,0.08938,4966.0,1
2026-02-11 22:16:00,1770848219999,HBAR,1m,0.089454,0.089454,0.089454,0.089454,241.0,1
2026-02-11 22:17:00,1770848279999,HBAR,1m,0.089393,0.089393,0.089393,0.089393,194.0,1
2026-02-11 22:18:00,1770848339999,HBAR,1m,0.089413,0.089413,0.089413,0.089413,204.0,1
2026-02-11 22:19:00,1770848399999,HBAR,1m,0.089372,0.089372,0.089372,0.089372,564.0,1
2026-02-11 22:20:00,1770848459999,HBAR,1m,0.089435,0.089373,0.089435,0.089294,29080.0,7
2026-02-11 22:21:00,1770848519999,HBAR,1m,0.089356,0.089326,0.089356,0.089326,9061.0,6
2026-02-11 22:22:00,1770848579999,HBAR,1m,0.089326,0.089326,0.089326,0.089326,0.0,0
2026-02-11 22:23:00,1770848639999,HBAR,1m,0.08934,0.089271,0.08934,0.089271,2654.0,3
2026-02-11 22:24:00,1770848699999,HBAR,1m,0.089271,0.089271,0.089271,0.089271,0.0,0
2026-02-11 22:25:00,1770848759999,HBAR,1m,0.089271,0.089271,0.089271,0.089271,0.0,0
2026-02-11 22:26:00,1770848819999,HBAR,1m,0.089302,0.089302,0.089302,0.089302,174.0,1
2026-02-11 22:27:00,1770848879999,HBAR,1m,0.089354,0.089354,0.089354,0.089354,197.0,1
2026-02-11 22:28:00,1770848939999,HBAR,1m,0.089354,0.089354,0.089354,0.089354,0.0,0
2026-02-11 22:29:00,1770848999999,HBAR,1m,0.089354,0.089354,0.089354,0.089354,0.0,0
2026-02-11 22:30:00,1770849059999,HBAR,1m,0.089277,0.089197,0.089277,0.089197,5434.0,2
2026-02-11 22:31:00,1770849119999,HBAR,1m,0.089197,0.089197,0.089197,0.089197,0.0,0
2026-02-11 22:32:00,1770849179999,HBAR,1m,0.089384,0.089347,0.089384,0.089347,2804.0,6
2026-02-11 22:33:00,1770849239999,HBAR,1m,0.089327,0.089327,0.089327,0.089327,2250.0,1
2026-02-11 22:34:00,1770849299999,HBAR,1m,0.089196,0.089239,0.089239,0.089196,3210.0,2
2026-02-11 22:35:00,1770849359999,HBAR,1m,0.089208,0.089208,0.089208,0.089208,177.0,1
2026-02-11 22:36:00,1770849419999,HBAR,1m,0.089208,0.089208,0.089208,0.089208,0.0,0
2026-02-11 22:37:00,1770849479999,HBAR,1m,0.089208,0.089208,0.089208,0.089208,0.0,0
2026-02-11 22:38:00,1770849539999,HBAR,1m,0.089368,0.089368,0.089368,0.089368,180.0,1
2026-02-11 22:39:00,1770849599999,HBAR,1m,0.089235,0.089227,0.089235,0.089227,19235.0,4
2026-02-11 22:40:00,1770849659999,HBAR,1m,0.089447,0.089447,0.089447,0.089447,9170.0,2
2026-02-11 22:41:00,1770849719999,HBAR,1m,0.089447,0.089447,0.089447,0.089447,0.0,0
2026-02-11 22:42:00,1770849779999,HBAR,1m,0.089463,0.089463,0.089463,0.089463,210.0,1
2026-02-11 22:43:00,1770849839999,HBAR,1m,0.089568,0.089545,0.089568,0.089478,1596.0,3
2026-02-11 22:44:00,1770849899999,HBAR,1m,0.089478,0.089478,0.089478,0.089478,222.0,1
2026-02-11 22:45:00,1770849959999,HBAR,1m,0.089376,0.089376,0.089376,0.089376,5064.0,1
2026-02-11 22:46:00,1770850019999,HBAR,1m,0.089376,0.089376,0.089376,0.089376,387.0,2
2026-02-11 22:47:00,1770850079999,HBAR,1m,0.089376,0.089376,0.089376,0.089376,352.0,1
2026-02-11 22:48:00,1770850139999,HBAR,1m,0.089376,0.089376,0.089376,0.089376,0.0,0
2026-02-11 22:49:00,1770850199999,HBAR,1m,0.089437,0.089437,0.089437,0.089437,416.0,2
2026-02-11 22:50:00,1770850259999,HBAR,1m,0.089375,0.089304,0.089375,0.089304,7689.0,2
2026-02-11 22:51:00,1770850319999,HBAR,1m,0.089142,0.089142,0.089142,0.089142,330.0,1
2026-02-11 22:52:00,1770850379999,HBAR,1m,0.089135,0.089135,0.089135,0.089135,317.0,1
2026-02-11 22:53:00,1770850439999,HBAR,1m,0.088965,0.089061,0.089061,0.088965,4399.0,3
2026-02-11 22:54:00,1770850499999,HBAR,1m,0.089082,0.089082,0.089082,0.089082,434.0,2
2026-02-11 22:55:00,1770850559999,HBAR,1m,0.089082,0.089082,0.089082,0.089082,0.0,0
2026-02-11 22:56:00,1770850619999,HBAR,1m,0.089082,0.089082,0.089082,0.089082,0.0,0
2026-02-11 22:57:00,1770850679999,HBAR,1m,0.089082,0.089082,0.089082,0.089082,0.0,0
2026-02-11 22:58:00,1770850739999,HBAR,1m,0.089082,0.089082,0.089082,0.089082,0.0,0
2026-02-11 22:59:00,1770850799999,HBAR,1m,0.089244,0.089244,0.089244,0.089244,11523.0,2
2026-02-11 23:00:00,1770850859999,HBAR,1m,0.089244,0.089244,0.089244,0.089244,0.0,0
2026-02-11 23:01:00,1770850919999,HBAR,1m,0.089,0.088919,0.089,0.088919,22491.0,11
2026-02-11 23:02:00,1770850979999,HBAR,1m,0.088978,0.088978,0.088978,0.088978,235.0,1
2026-02-11 23:03:00,1770851039999,HBAR,1m,0.089068,0.088997,0.089068,0.088997,5000.0,4
2026-02-11 23:04:00,1770851099999,HBAR,1m,0.088965,0.088965,0.088965,0.088965,2250.0,1
2026-02-11 23:05:00,1770851159999,HBAR,1m,0.089015,0.089015,0.089015,0.089015,2250.0,1
2026-02-11 23:06:00,1770851219999,HBAR,1m,0.089015,0.089015,0.089015,0.089015,0.0,0
2026-02-11 23:07:00,1770851279999,HBAR,1m,0.089047,0.088866,0.089047,0.088866,454.0,2
2026-02-11 23:08:00,1770851339999,HBAR,1m,0.088797,0.088746,0.088797,0.088746,3040.0,3
2026-02-11 23:09:00,1770851399999,HBAR,1m,0.088728,0.088676,0.088728,0.088676,1132.0,3
2026-02-11 23:10:00,1770851459999,HBAR,1m,0.088645,0.088645,0.088645,0.088645,1000.0,1
2026-02-11 23:11:00,1770851519999,HBAR,1m,0.088645,0.088645,0.088645,0.088645,0.0,0
2026-02-11 23:12:00,1770851579999,HBAR,1m,0.088737,0.088737,0.088737,0.088737,175.0,1
2026-02-11 23:13:00,1770851639999,HBAR,1m,0.088737,0.088737,0.088737,0.088737,0.0,0
2026-02-11 23:14:00,1770851699999,HBAR,1m,0.088737,0.088737,0.088737,0.088737,0.0,0
2026-02-11 23:15:00,1770851759999,HBAR,1m,0.088725,0.088746,0.088746,0.088725,11905.0,3
2026-02-11 23:16:00,1770851819999,HBAR,1m,0.088845,0.088845,0.088845,0.088845,2250.0,1
2026-02-11 23:17:00,1770851879999,HBAR,1m,0.088913,0.088897,0.088913,0.088897,14373.0,4
2026-02-11 23:18:00,1770851939999,HBAR,1m,0.088884,0.088903,0.088903,0.088884,7594.0,2
2026-02-11 23:19:00,1770851999999,HBAR,1m,0.088824,0.088824,0.088824,0.088824,2250.0,1
2026-02-11 23:20:00,1770852059999,HBAR,1m,0.088762,0.088651,0.088762,0.088651,59160.0,9
2026-02-11 23:21:00,1770852119999,HBAR,1m,0.08848,0.088492,0.088492,0.088443,28980.0,7
2026-02-11 23:22:00,1770852179999,HBAR,1m,0.088409,0.088339,0.088409,0.088339,4694.0,2
2026-02-11 23:23:00,1770852239999,HBAR,1m,0.088509,0.088509,0.088509,0.088509,983.0,1
2026-02-11 23:24:00,1770852299999,HBAR,1m,0.088509,0.088509,0.088509,0.088509,0.0,0
2026-02-11 23:25:00,1770852359999,HBAR,1m,0.088509,0.088509,0.088509,0.088509,0.0,0
2026-02-11 23:26:00,1770852419999,HBAR,1m,0.088509,0.088509,0.088509,0.088509,0.0,0
2026-02-11 23:27:00,1770852479999,HBAR,1m,0.088509,0.088509,0.088509,0.088509,0.0,0
2026-02-11 23:28:00,1770852539999,HBAR,1m,0.088509,0.088509,0.088509,0.088509,0.0,0
2026-02-11 23:29:00,1770852599999,HBAR,1m,0.088509,0.088509,0.088509,0.088509,0.0,0
2026-02-11 23:30:00,1770852659999,HBAR,1m,0.088671,0.088671,0.088671,0.088671,171.0,1
2026-02-11 23:31:00,1770852719999,HBAR,1m,0.088671,0.088671,0.088671,0.088671,0.0,0
2026-02-11 23:32:00,1770852779999,HBAR,1m,0.088622,0.088622,0.088622,0.088622,344.0,1
2026-02-11 23:33:00,1770852839999,HBAR,1m,0.088622,0.088622,0.088622,0.088622,672.0,2
2026-02-11 23:34:00,1770852899999,HBAR,1m,0.088581,0.088581,0.088581,0.088581,199.0,1
2026-02-11 23:35:00,1770852959999,HBAR,1m,0.088418,0.088418,0.088418,0.088418,208.0,1
2026-02-11 23:36:00,1770853019999,HBAR,1m,0.088418,0.088418,0.088418,0.088418,0.0,0
2026-02-11 23:37:00,1770853079999,HBAR,1m,0.088418,0.088418,0.088418,0.088418,0.0,0
2026-02-11 23:38:00,1770853139999,HBAR,1m,0.088725,0.088725,0.088725,0.088725,220.0,1
2026-02-11 23:39:00,1770853199999,HBAR,1m,0.088725,0.088725,0.088725,0.088725,0.0,0
2026-02-11 23:40:00,1770853259999,HBAR,1m,0.088943,0.088943,0.088943,0.088943,485.0,2
2026-02-11 23:41:00,1770853319999,HBAR,1m,0.08898,0.08898,0.08898,0.08898,203.0,1
2026-02-11 23:42:00,1770853379999,HBAR,1m,0.088907,0.088907,0.088907,0.088907,361.0,1
2026-02-11 23:43:00,1770853439999,HBAR,1m,0.088907,0.088907,0.088907,0.088907,0.0,0
2026-02-11 23:44:00,1770853499999,HBAR,1m,0.088927,0.088927,0.088927,0.088927,188.0,1
2026-02-11 23:45:00,1770853559999,HBAR,1m,0.089004,0.089004,0.089004,0.089004,185.0,1
2026-02-11 23:46:00,1770853619999,HBAR,1m,0.089004,0.089004,0.089004,0.089004,0.0,0
2026-02-11 23:47:00,1770853679999,HBAR,1m,0.088918,0.088918,0.088918,0.088918,502.0,1
2026-02-11 23:48:00,1770853739999,HBAR,1m,0.088956,0.088956,0.088956,0.088956,198.0,1
2026-02-11 23:49:00,1770853799999,HBAR,1m,0.08892,0.08892,0.08892,0.08892,172.0,1
2026-02-11 23:50:00,1770853859999,HBAR,1m,0.088853,0.088853,0.088853,0.088853,178.0,1
2026-02-11 23:51:00,1770853919999,HBAR,1m,0.08887,0.08887,0.08887,0.08887,1125.0,1
2026-02-11 23:52:00,1770853979999,HBAR,1m,0.08887,0.08887,0.08887,0.08887,0.0,0
2026-02-11 23:53:00,1770854039999,HBAR,1m,0.088907,0.088907,0.088907,0.088907,656.0,2
2026-02-11 23:54:00,1770854099999,HBAR,1m,0.088881,0.088881,0.088881,0.088881,224.0,1
2026-02-11 23:55:00,1770854159999,HBAR,1m,0.088872,0.08886,0.088872,0.08886,874.0,3
2026-02-11 23:56:00,1770854219999,HBAR,1m,0.088876,0.088939,0.088939,0.088876,596.0,2
2026-02-11 23:57:00,1770854279999,HBAR,1m,0.088944,0.088944,0.088944,0.088944,176.0,1
2026-02-11 23:58:00,1770854339999,HBAR,1m,0.088944,0.088944,0.088944,0.088944,0.0,0
2026-02-11 23:59:00,1770854399999,HBAR,1m,0.088983,0.089062,0.089062,0.088983,1336.0,3
2026-02-12 00:00:00,1770854459999,HBAR,1m,0.089101,0.08914,0.08914,0.089101,1252.0,2
2026-02-12 00:01:00,1770854519999,HBAR,1m,0.089199,0.089133,0.08921,0.089133,871.0,3
2026-02-12 00:02:00,1770854579999,HBAR,1m,0.089389,0.089405,0.089405,0.089389,49538.0,4
2026-02-12 00:03:00,1770854639999,HBAR,1m,0.089358,0.089443,0.089488,0.089358,1503.0,3
2026-02-12 00:04:00,1770854699999,HBAR,1m,0.089397,0.089488,0.089488,0.089325,12314.0,5
2026-02-12 00:05:00,1770854759999,HBAR,1m,0.08969,0.089755,0.089755,0.08969,682.0,2
2026-02-12 00:06:00,1770854819999,HBAR,1m,0.089618,0.089618,0.089618,0.089618,192.0,1
2026-02-12 00:07:00,1770854879999,HBAR,1m,0.089618,0.089618,0.089618,0.089618,0.0,0
2026-02-12 00:08:00,1770854939999,HBAR,1m,0.089614,0.089616,0.089616,0.089614,541.0,3
2026-02-12 00:09:00,1770854999999,HBAR,1m,0.089742,0.089742,0.089742,0.089742,170.0,1
2026-02-12 00:10:00,1770855059999,HBAR,1m,0.089742,0.089742,0.089742,0.089742,0.0,0
2026-02-12 00:11:00,1770855119999,HBAR,1m,0.089742,0.089742,0.089742,0.089742,0.0,0
2026-02-12 00:12:00,1770855179999,HBAR,1m,0.089582,0.08973,0.08973,0.089582,35039.0,6
2026-02-12 00:13:00,1770855239999,HBAR,1m,0.089674,0.089676,0.089676,0.089674,402.0,2
2026-02-12 00:14:00,1770855299999,HBAR,1m,0.089795,0.089795,0.089795,0.089795,460.0,1
2026-02-12 00:15:00,1770855359999,HBAR,1m,0.089754,0.089754,0.089754,0.089754,33284.0,9
2026-02-12 00:16:00,1770855419999,HBAR,1m,0.089805,0.089805,0.089805,0.089805,2912.0,1
2026-02-12 00:17:00,1770855479999,HBAR,1m,0.089787,0.089788,0.089788,0.089787,19622.0,3
2026-02-12 00:18:00,1770855539999,HBAR,1m,0.089775,0.089774,0.089775,0.089774,2530.0,2
2026-02-12 00:19:00,1770855599999,HBAR,1m,0.089822,0.089822,0.089822,0.089822,208.0,1
2026-02-12 00:20:00,1770855659999,HBAR,1m,0.089864,0.089864,0.089864,0.089864,15242.0,3
2026-02-12 00:21:00,1770855719999,HBAR,1m,0.0897,0.089585,0.0897,0.089514,88306.0,11
2026-02-12 00:22:00,1770855779999,HBAR,1m,0.089543,0.089545,0.089545,0.089543,4500.0,2
2026-02-12 00:23:00,1770855839999,HBAR,1m,0.089545,0.089545,0.089545,0.089545,0.0,0
2026-02-12 00:24:00,1770855899999,HBAR,1m,0.089545,0.089545,0.089545,0.089545,0.0,0
2026-02-12 00:25:00,1770855959999,HBAR,1m,0.089682,0.089642,0.089711,0.089642,15348.0,7
2026-02-12 00:26:00,1770856019999,HBAR,1m,0.089756,0.089756,0.089756,0.089756,310.0,1
2026-02-12 00:27:00,1770856079999,HBAR,1m,0.089556,0.089571,0.089571,0.089556,21106.0,4
2026-02-12 00:28:00,1770856139999,HBAR,1m,0.089571,0.089571,0.089571,0.089571,0.0,0
2026-02-12 00:29:00,1770856199999,HBAR,1m,0.089602,0.089655,0.089655,0.089602,564.0,2
2026-02-12 00:30:00,1770856259999,HBAR,1m,0.089678,0.08965,0.089678,0.08965,9160.0,6
2026-02-12 00:31:00,1770856319999,HBAR,1m,0.089699,0.089699,0.089699,0.089699,456.0,1
2026-02-12 00:32:00,1770856379999,HBAR,1m,0.089699,0.089699,0.089699,0.089699,0.0,0
2026-02-12 00:33:00,1770856439999,HBAR,1m,0.089813,0.089813,0.089813,0.089813,307.0,1
2026-02-12 00:34:00,1770856499999,HBAR,1m,0.089813,0.089813,0.089813,0.089813,0.0,0
2026-02-12 00:35:00,1770856559999,HBAR,1m,0.089806,0.089841,0.089842,0.089806,14058.0,4
2026-02-12 00:36:00,1770856619999,HBAR,1m,0.090063,0.090063,0.090063,0.090063,176.0,1
2026-02-12 00:37:00,1770856679999,HBAR,1m,0.090122,0.090229,0.090229,0.090122,45081.0,10
2026-02-12 00:38:00,1770856739999,HBAR,1m,0.090097,0.090124,0.090124,0.090097,1549.0,3
2026-02-12 00:39:00,1770856799999,HBAR,1m,0.090093,0.090141,0.090141,0.090093,15001.0,2
2026-02-12 00:40:00,1770856859999,HBAR,1m,0.090038,0.090124,0.090124,0.090038,313.0,2
2026-02-12 00:41:00,1770856919999,HBAR,1m,0.090109,0.090109,0.090109,0.090109,170.0,1
2026-02-12 00:42:00,1770856979999,HBAR,1m,0.090056,0.090056,0.090056,0.090056,209.0,1
2026-02-12 00:43:00,1770857039999,HBAR,1m,0.090111,0.090111,0.090111,0.090111,216.0,1
2026-02-12 00:44:00,1770857099999,HBAR,1m,0.090124,0.090208,0.090208,0.090124,1390.0,4
2026-02-12 00:45:00,1770857159999,HBAR,1m,0.090197,0.090197,0.090197,0.090197,257.0,1
2026-02-12 00:46:00,1770857219999,HBAR,1m,0.09027,0.090276,0.090308,0.09027,963.0,3
2026-02-12 00:47:00,1770857279999,HBAR,1m,0.09028,0.09028,0.09028,0.09028,167.0,1
2026-02-12 00:48:00,1770857339999,HBAR,1m,0.090249,0.090249,0.090249,0.090249,435.0,1
2026-02-12 00:49:00,1770857399999,HBAR,1m,0.090197,0.090205,0.090205,0.090196,623.0,3
2026-02-12 00:50:00,1770857459999,HBAR,1m,0.090113,0.090113,0.090113,0.090113,54.0,1
2026-02-12 00:51:00,1770857519999,HBAR,1m,0.090113,0.090113,0.090113,0.090113,0.0,0
2026-02-12 00:52:00,1770857579999,HBAR,1m,0.090113,0.090113,0.090113,0.090113,0.0,0
2026-02-12 00:53:00,1770857639999,HBAR,1m,0.090148,0.090148,0.090148,0.090148,182.0,1
2026-02-12 00:54:00,1770857699999,HBAR,1m,0.090159,0.090159,0.090159,0.090159,189.0,1
2026-02-12 00:55:00,1770857759999,HBAR,1m,0.09016,0.09016,0.09016,0.09016,213.0,1
2026-02-12 00:56:00,1770857819999,HBAR,1m,0.090219,0.090219,0.090219,0.090219,333.0,1
2026-02-12 00:57:00,1770857879999,HBAR,1m,0.090162,0.090162,0.090162,0.090162,466.0,1
2026-02-12 00:58:00,1770857939999,HBAR,1m,0.090159,0.090159,0.090159,0.090159,190.0,1
2026-02-12 00:59:00,1770857999999,HBAR,1m,0.090188,0.09012,0.090188,0.090119,891.0,4
2026-02-12 01:00:00,1770858059999,HBAR,1m,0.09015,0.09015,0.09015,0.09015,170.0,1
2026-02-12 01:01:00,1770858119999,HBAR,1m,0.09015,0.090217,0.090217,0.09015,555.0,2
2026-02-12 01:02:00,1770858179999,HBAR,1m,0.090176,0.090176,0.090176,0.090176,218.0,1
2026-02-12 01:03:00,1770858239999,HBAR,1m,0.090204,0.090211,0.090211,0.090204,409.0,2
2026-02-12 01:04:00,1770858299999,HBAR,1m,0.090182,0.090182,0.090182,0.090182,301.0,1
2026-02-12 01:05:00,1770858359999,HBAR,1m,0.090185,0.090185,0.090185,0.090185,327.0,1
2026-02-12 01:06:00,1770858419999,HBAR,1m,0.090161,0.090161,0.090161,0.090161,122.0,1
2026-02-12 01:07:00,1770858479999,HBAR,1m,0.090304,0.090304,0.090304,0.090304,217.0,1
2026-02-12 01:08:00,1770858539999,HBAR,1m,0.090304,0.090304,0.090304,0.090304,0.0,0
2026-02-12 01:09:00,1770858599999,HBAR,1m,0.090224,0.090224,0.090224,0.090224,214.0,1
2026-02-12 01:10:00,1770858659999,HBAR,1m,0.090225,0.090295,0.090295,0.090225,1874.0,7
2026-02-12 01:11:00,1770858719999,HBAR,1m,0.090311,0.090311,0.090311,0.090311,383.0,1
2026-02-12 01:12:00,1770858779999,HBAR,1m,0.090311,0.090311,0.090311,0.090311,0.0,0
2026-02-12 01:13:00,1770858839999,HBAR,1m,0.090376,0.090376,0.090376,0.090376,284.0,1
2026-02-12 01:14:00,1770858899999,HBAR,1m,0.090291,0.090291,0.090291,0.090291,459.0,1
2026-02-12 01:15:00,1770858959999,HBAR,1m,0.090223,0.090223,0.090223,0.090223,220.0,1
2026-02-12 01:16:00,1770859019999,HBAR,1m,0.090223,0.090223,0.090223,0.090223,0.0,0
2026-02-12 01:17:00,1770859079999,HBAR,1m,0.090223,0.090223,0.090223,0.090223,0.0,0
2026-02-12 01:18:00,1770859139999,HBAR,1m,0.09034,0.090463,0.090463,0.09034,1296.0,3
2026-02-12 01:19:00,1770859199999,HBAR,1m,0.090463,0.090463,0.090463,0.090463,0.0,0
2026-02-12 01:20:00,1770859259999,HBAR,1m,0.090257,0.090257,0.090257,0.090257,183.0,1
2026-02-12 01:21:00,1770859319999,HBAR,1m,0.090217,0.090217,0.090217,0.090217,2250.0,1
2026-02-12 01:22:00,1770859379999,HBAR,1m,0.090256,0.090256,0.090256,0.090256,236.0,1
2026-02-12 01:23:00,1770859439999,HBAR,1m,0.090249,0.090249,0.090249,0.090249,122.0,1
2026-02-12 01:24:00,1770859499999,HBAR,1m,0.090267,0.090267,0.090267,0.090267,374.0,1
2026-02-12 01:25:00,1770859559999,HBAR,1m,0.090512,0.090512,0.090512,0.090512,185.0,1
2026-02-12 01:26:00,1770859619999,HBAR,1m,0.090489,0.090562,0.090562,0.090489,379.0,2
2026-02-12 01:27:00,1770859679999,HBAR,1m,0.090723,0.090723,0.090723,0.090723,1125.0,1
2026-02-12 01:28:00,1770859739999,HBAR,1m,0.09056,0.09056,0.09056,0.09056,179.0,1
2026-02-12 01:29:00,1770859799999,HBAR,1m,0.090527,0.09047,0.090589,0.09047,764.0,3
2026-02-12 01:30:00,1770859859999,HBAR,1m,0.090496,0.090581,0.090581,0.090496,1113.0,4
2026-02-12 01:31:00,1770859919999,HBAR,1m,0.090608,0.090608,0.090608,0.090608,1656.0,3
2026-02-12 01:32:00,1770859979999,HBAR,1m,0.090457,0.09044,0.090457,0.090422,7185.0,4
2026-02-12 01:33:00,1770860039999,HBAR,1m,0.09044,0.09044,0.09044,0.09044,0.0,0
2026-02-12 01:34:00,1770860099999,HBAR,1m,0.090439,0.090399,0.090439,0.090399,352.0,2
2026-02-12 01:35:00,1770860159999,HBAR,1m,0.090369,0.090369,0.090369,0.090369,2250.0,1
2026-02-12 01:36:00,1770860219999,HBAR,1m,0.090369,0.090369,0.090369,0.090369,0.0,0
2026-02-12 01:37:00,1770860279999,HBAR,1m,0.090505,0.090708,0.090708,0.090505,500.0,2
2026-02-12 01:38:00,1770860339999,HBAR,1m,0.090694,0.090691,0.090695,0.090691,1357.0,3
2026-02-12 01:39:00,1770860399999,HBAR,1m,0.090691,0.090691,0.090691,0.090691,0.0,0
2026-02-12 01:40:00,1770860459999,HBAR,1m,0.090536,0.090641,0.090641,0.090536,572.0,3
2026-02-12 01:41:00,1770860519999,HBAR,1m,0.090538,0.090538,0.090538,0.090538,177.0,1
2026-02-12 01:42:00,1770860579999,HBAR,1m,0.090538,0.090538,0.090538,0.090538,0.0,0
2026-02-12 01:43:00,1770860639999,HBAR,1m,0.09061,0.09061,0.09061,0.09061,142.0,1
2026-02-12 01:44:00,1770860699999,HBAR,1m,0.09061,0.09061,0.09061,0.09061,0.0,0
2026-02-12 01:45:00,1770860759999,HBAR,1m,0.090516,0.090516,0.090516,0.090516,451.0,1
2026-02-12 01:46:00,1770860819999,HBAR,1m,0.090516,0.090516,0.090516,0.090516,0.0,0
2026-02-12 01:47:00,1770860879999,HBAR,1m,0.090527,0.090527,0.090527,0.090527,1656.0,1
2026-02-12 01:48:00,1770860939999,HBAR,1m,0.090483,0.090483,0.090483,0.090483,1656.0,1
2026-02-12 01:49:00,1770860999999,HBAR,1m,0.090463,0.090463,0.090463,0.090463,406.0,2
2026-02-12 01:50:00,1770861059999,HBAR,1m,0.090463,0.090463,0.090463,0.090463,0.0,0
2026-02-12 01:51:00,1770861119999,HBAR,1m,0.090463,0.090463,0.090463,0.090463,0.0,0
2026-02-12 01:52:00,1770861179999,HBAR,1m,0.090463,0.090463,0.090463,0.090463,0.0,0
2026-02-12 01:53:00,1770861239999,HBAR,1m,0.090463,0.090463,0.090463,0.090463,0.0,0
2026-02-12 01:54:00,1770861299999,HBAR,1m,0.090463,0.090463,0.090463,0.090463,0.0,0
2026-02-12 01:55:00,1770861359999,HBAR,1m,0.09045,0.09042,0.09045,0.09042,3461.0,2
2026-02-12 01:56:00,1770861419999,HBAR,1m,0.0905,0.0905,0.0905,0.0905,184.0,1
2026-02-12 01:57:00,1770861479999,HBAR,1m,0.090474,0.090474,0.090474,0.090474,892.0,4
2026-02-12 01:58:00,1770861539999,HBAR,1m,0.090386,0.090386,0.090386,0.090386,3319.0,1
2026-02-12 01:59:00,1770861599999,HBAR,1m,0.090284,0.090284,0.090284,0.090284,4421.0,1
2026-02-12 02:00:00,1770861659999,HBAR,1m,0.090284,0.090284,0.090284,0.090284,0.0,0
2026-02-12 02:01:00,1770861719999,HBAR,1m,0.090286,0.090286,0.090286,0.090286,11192.0,2
2026-02-12 02:02:00,1770861779999,HBAR,1m,0.090286,0.090286,0.090286,0.090286,0.0,0
2026-02-12 02:03:00,1770861839999,HBAR,1m,0.090273,0.090273,0.090273,0.090273,199.0,1
2026-02-12 02:04:00,1770861899999,HBAR,1m,0.090273,0.090273,0.090273,0.090273,0.0,0
2026-02-12 02:05:00,1770861959999,HBAR,1m,0.090284,0.090284,0.090284,0.090284,199.0,1
2026-02-12 02:06:00,1770862019999,HBAR,1m,0.090256,0.09028,0.09028,0.090256,2572.0,3
2026-02-12 02:07:00,1770862079999,HBAR,1m,0.090351,0.090346,0.090351,0.090311,4670.0,4
2026-02-12 02:08:00,1770862139999,HBAR,1m,0.090391,0.090395,0.090395,0.090391,345.0,2
2026-02-12 02:09:00,1770862199999,HBAR,1m,0.090382,0.090302,0.090382,0.090302,8865.0,5
2026-02-12 02:10:00,1770862259999,HBAR,1m,0.090318,0.090303,0.090318,0.09029,6960.0,5
2026-02-12 02:11:00,1770862319999,HBAR,1m,0.090208,0.090118,0.090208,0.090118,2406.0,2
2026-02-12 02:12:00,1770862379999,HBAR,1m,0.090261,0.090261,0.090261,0.090261,361.0,1
2026-02-12 02:13:00,1770862439999,HBAR,1m,0.090261,0.090261,0.090261,0.090261,0.0,0
2026-02-12 02:14:00,1770862499999,HBAR,1m,0.090118,0.090118,0.090118,0.090118,5.0,1
2026-02-12 02:15:00,1770862559999,HBAR,1m,0.090118,0.090118,0.090118,0.090118,0.0,0
2026-02-12 02:16:00,1770862619999,HBAR,1m,0.090118,0.090118,0.090118,0.090118,0.0,0
2026-02-12 02:17:00,1770862679999,HBAR,1m,0.090118,0.090118,0.090118,0.090118,0.0,0
2026-02-12 02:18:00,1770862739999,HBAR,1m,0.09007,0.09007,0.09007,0.09007,143.0,1
2026-02-12 02:19:00,1770862799999,HBAR,1m,0.09007,0.09007,0.09007,0.09007,0.0,0
2026-02-12 02:20:00,1770862859999,HBAR,1m,0.090055,0.090055,0.090055,0.090055,180.0,1
2026-02-12 02:21:00,1770862919999,HBAR,1m,0.090055,0.090055,0.090055,0.090055,0.0,0
2026-02-12 02:22:00,1770862979999,HBAR,1m,0.090193,0.090193,0.090193,0.090193,127.0,1
2026-02-12 02:23:00,1770863039999,HBAR,1m,0.090193,0.090193,0.090193,0.090193,0.0,0
2026-02-12 02:24:00,1770863099999,HBAR,1m,0.090193,0.090193,0.090193,0.090193,0.0,0
2026-02-12 02:25:00,1770863159999,HBAR,1m,0.090174,0.090174,0.090174,0.090174,249.0,1
2026-02-12 02:26:00,1770863219999,HBAR,1m,0.090174,0.090174,0.090174,0.090174,0.0,0
2026-02-12 02:27:00,1770863279999,HBAR,1m,0.090174,0.090174,0.090174,0.090174,0.0,0
2026-02-12 02:28:00,1770863339999,HBAR,1m,0.090174,0.090174,0.090174,0.090174,0.0,0
2026-02-12 02:29:00,1770863399999,HBAR,1m,0.090124,0.090124,0.090124,0.090124,202.0,1
2026-02-12 02:30:00,1770863459999,HBAR,1m,0.090186,0.090186,0.090186,0.090186,200.0,1
2026-02-12 02:31:00,1770863519999,HBAR,1m,0.09021,0.09021,0.09021,0.09021,142.0,1
2026-02-12 02:32:00,1770863579999,HBAR,1m,0.090204,0.090204,0.090204,0.090204,235.0,1
2026-02-12 02:33:00,1770863639999,HBAR,1m,0.090456,0.090526,0.090526,0.090456,351.0,2
2026-02-12 02:34:00,1770863699999,HBAR,1m,0.0905,0.0905,0.0905,0.0905,339.0,1
2026-02-12 02:35:00,1770863759999,HBAR,1m,0.090511,0.090408,0.090511,0.090408,399.0,2
2026-02-12 02:36:00,1770863819999,HBAR,1m,0.090408,0.090408,0.090408,0.090408,0.0,0
2026-02-12 02:37:00,1770863879999,HBAR,1m,0.090432,0.090432,0.090432,0.090432,186.0,1
2026-02-12 02:38:00,1770863939999,HBAR,1m,0.090483,0.090483,0.090483,0.090483,169.0,1
2026-02-12 02:39:00,1770863999999,HBAR,1m,0.090545,0.090538,0.090545,0.090485,694.0,3
2026-02-12 02:40:00,1770864059999,HBAR,1m,0.09061,0.090563,0.09061,0.090563,611.0,2
2026-02-12 02:41:00,1770864119999,HBAR,1m,0.09061,0.090561,0.09061,0.090561,2027.0,4
2026-02-12 02:42:00,1770864179999,HBAR,1m,0.090578,0.090578,0.090578,0.090578,676.0,1
2026-02-12 02:43:00,1770864239999,HBAR,1m,0.09056,0.09056,0.09056,0.09056,676.0,1
2026-02-12 02:44:00,1770864299999,HBAR,1m,0.09064,0.090658,0.090683,0.09064,1624.0,5
2026-02-12 02:45:00,1770864359999,HBAR,1m,0.090624,0.090624,0.090624,0.090624,420.0,1
2026-02-12 02:46:00,1770864419999,HBAR,1m,0.090603,0.090603,0.090603,0.090603,155.0,1
2026-02-12 02:47:00,1770864479999,HBAR,1m,0.090572,0.090584,0.090584,0.090572,23486.0,4
2026-02-12 02:48:00,1770864539999,HBAR,1m,0.09052,0.09053,0.09053,0.09052,378.0,2
2026-02-12 02:49:00,1770864599999,HBAR,1m,0.09051,0.09051,0.09051,0.09051,174.0,1
2026-02-12 02:50:00,1770864659999,HBAR,1m,0.090517,0.090517,0.090517,0.090517,295.0,1
2026-02-12 02:51:00,1770864719999,HBAR,1m,0.090527,0.09059,0.09059,0.090527,815.0,3
2026-02-12 02:52:00,1770864779999,HBAR,1m,0.090526,0.090442,0.090526,0.090442,7370.0,3
2026-02-12 02:53:00,1770864839999,HBAR,1m,0.090456,0.090456,0.090456,0.090456,2250.0,2
2026-02-12 02:54:00,1770864899999,HBAR,1m,0.090436,0.090359,0.090436,0.090359,11466.0,4
2026-02-12 02:55:00,1770864959999,HBAR,1m,0.090329,0.09036,0.09036,0.090329,6593.0,3
2026-02-12 02:56:00,1770865019999,HBAR,1m,0.09036,0.09036,0.09036,0.09036,0.0,0
2026-02-12 02:57:00,1770865079999,HBAR,1m,0.090306,0.090306,0.090306,0.090306,2250.0,1
2026-02-12 02:58:00,1770865139999,HBAR,1m,0.090306,0.090315,0.090315,0.090306,554.0,3
2026-02-12 02:59:00,1770865199999,HBAR,1m,0.090315,0.090283,0.090315,0.090283,606.0,2
2026-02-12 03:00:00,1770865259999,HBAR,1m,0.090305,0.0903,0.090305,0.0903,2464.0,2
2026-02-12 03:01:00,1770865319999,HBAR,1m,0.090307,0.090363,0.090363,0.090307,6527.0,2
2026-02-12 03:02:00,1770865379999,HBAR,1m,0.090451,0.090451,0.090451,0.090451,308.0,1
2026-02-12 03:03:00,1770865439999,HBAR,1m,0.09048,0.09048,0.09048,0.09048,171.0,1
2026-02-12 03:04:00,1770865499999,HBAR,1m,0.090576,0.090576,0.090576,0.090576,375.0,1
2026-02-12 03:05:00,1770865559999,HBAR,1m,0.090576,0.090576,0.090576,0.090576,0.0,0
2026-02-12 03:06:00,1770865619999,HBAR,1m,0.090498,0.090551,0.090551,0.090498,369.0,2
2026-02-12 03:07:00,1770865679999,HBAR,1m,0.090526,0.090526,0.090526,0.090526,441.0,1
2026-02-12 03:08:00,1770865739999,HBAR,1m,0.090532,0.090532,0.090532,0.090532,380.0,1
2026-02-12 03:09:00,1770865799999,HBAR,1m,0.090549,0.090549,0.090549,0.090549,205.0,2
2026-02-12 03:10:00,1770865859999,HBAR,1m,0.090517,0.090517,0.090517,0.090517,384.0,1
2026-02-12 03:11:00,1770865919999,HBAR,1m,0.090581,0.090583,0.090583,0.090581,1285.0,4
2026-02-12 03:12:00,1770865979999,HBAR,1m,0.090624,0.090624,0.090624,0.090624,427.0,2
2026-02-12 03:13:00,1770866039999,HBAR,1m,0.090531,0.090531,0.090531,0.090531,205.0,1
2026-02-12 03:14:00,1770866099999,HBAR,1m,0.090574,0.090574,0.090574,0.090574,203.0,1
2026-02-12 03:15:00,1770866159999,HBAR,1m,0.090583,0.090583,0.090583,0.090583,313.0,1
2026-02-12 03:16:00,1770866219999,HBAR,1m,0.090583,0.090583,0.090583,0.090583,0.0,0
2026-02-12 03:17:00,1770866279999,HBAR,1m,0.090552,0.090609,0.090609,0.090552,714.0,3
2026-02-12 03:18:00,1770866339999,HBAR,1m,0.090538,0.090538,0.090538,0.090538,117.0,1
2026-02-12 03:19:00,1770866399999,HBAR,1m,0.090467,0.090467,0.090467,0.090467,215.0,1
2026-02-12 03:20:00,1770866459999,HBAR,1m,0.090467,0.090467,0.090467,0.090467,0.0,0
2026-02-12 03:21:00,1770866519999,HBAR,1m,0.090467,0.090467,0.090467,0.090467,0.0,0
2026-02-12 03:22:00,1770866579999,HBAR,1m,0.090479,0.090479,0.090479,0.090479,982.0,2
2026-02-12 03:23:00,1770866639999,HBAR,1m,0.090428,0.090428,0.090428,0.090428,117.0,1
2026-02-12 03:24:00,1770866699999,HBAR,1m,0.090378,0.090378,0.090378,0.090378,444.0,1
2026-02-12 03:25:00,1770866759999,HBAR,1m,0.090378,0.090378,0.090378,0.090378,169.0,1
2026-02-12 03:26:00,1770866819999,HBAR,1m,0.09037,0.09037,0.09037,0.09037,308.0,1
2026-02-12 03:27:00,1770866879999,HBAR,1m,0.090427,0.090427,0.090427,0.090427,200.0,1
2026-02-12 03:28:00,1770866939999,HBAR,1m,0.090427,0.090427,0.090427,0.090427,0.0,0
2026-02-12 03:29:00,1770866999999,HBAR,1m,0.090427,0.090427,0.090427,0.090427,0.0,0
2026-02-12 03:30:00,1770867059999,HBAR,1m,0.090419,0.090391,0.090419,0.090391,295.0,2
2026-02-12 03:31:00,1770867119999,HBAR,1m,0.090391,0.090391,0.090391,0.090391,0.0,0
2026-02-12 03:32:00,1770867179999,HBAR,1m,0.090391,0.090391,0.090391,0.090391,0.0,0
2026-02-12 03:33:00,1770867239999,HBAR,1m,0.090391,0.090391,0.090391,0.090391,0.0,0
2026-02-12 03:34:00,1770867299999,HBAR,1m,0.090689,0.090689,0.090689,0.090689,201.0,1
2026-02-12 03:35:00,1770867359999,HBAR,1m,0.090689,0.090689,0.090689,0.090689,0.0,0
2026-02-12 03:36:00,1770867419999,HBAR,1m,0.090689,0.090689,0.090689,0.090689,0.0,0
2026-02-12 03:37:00,1770867479999,HBAR,1m,0.090689,0.090689,0.090689,0.090689,0.0,0
2026-02-12 03:38:00,1770867539999,HBAR,1m,0.090689,0.090689,0.090689,0.090689,0.0,0
2026-02-12 03:39:00,1770867599999,HBAR,1m,0.0905,0.0905,0.0905,0.0905,232.0,1
2026-02-12 03:40:00,1770867659999,HBAR,1m,0.0906,0.0906,0.0906,0.0906,216.0,1
2026-02-12 03:41:00,1770867719999,HBAR,1m,0.0906,0.090611,0.090646,0.0906,468.0,3
2026-02-12 03:42:00,1770867779999,HBAR,1m,0.090582,0.090582,0.090582,0.090582,180.0,1
2026-02-12 03:43:00,1770867839999,HBAR,1m,0.090582,0.090582,0.090582,0.090582,0.0,0
2026-02-12 03:44:00,1770867899999,HBAR,1m,0.090684,0.090588,0.090684,0.090588,347.0,2
2026-02-12 03:45:00,1770867959999,HBAR,1m,0.090588,0.090565,0.090588,0.090565,377.0,2
2026-02-12 03:46:00,1770868019999,HBAR,1m,0.090619,0.090619,0.090619,0.090619,207.0,1
2026-02-12 03:47:00,1770868079999,HBAR,1m,0.09062,0.090608,0.090658,0.090608,498.0,3
2026-02-12 03:48:00,1770868139999,HBAR,1m,0.090608,0.090608,0.090608,0.090608,0.0,0
2026-02-12 03:49:00,1770868199999,HBAR,1m,0.09063,0.09063,0.09063,0.09063,344.0,1
2026-02-12 03:50:00,1770868259999,HBAR,1m,0.090598,0.090598,0.090598,0.090598,394.0,1
2026-02-12 03:51:00,1770868319999,HBAR,1m,0.090577,0.090577,0.090577,0.090577,172.0,1
2026-02-12 03:52:00,1770868379999,HBAR,1m,0.090615,0.090615,0.090615,0.090615,213.0,1
2026-02-12 03:53:00,1770868439999,HBAR,1m,0.090615,0.090615,0.090615,0.090615,173.0,1
2026-02-12 03:54:00,1770868499999,HBAR,1m,0.090594,0.090594,0.090594,0.090594,508.0,2
2026-02-12 03:55:00,1770868559999,HBAR,1m,0.090616,0.090616,0.090616,0.090616,183.0,1
2026-02-12 03:56:00,1770868619999,HBAR,1m,0.090616,0.090616,0.090616,0.090616,0.0,0
2026-02-12 03:57:00,1770868679999,HBAR,1m,0.090605,0.090605,0.090605,0.090605,487.0,1
2026-02-12 03:58:00,1770868739999,HBAR,1m,0.090566,0.090566,0.090566,0.090566,418.0,2
2026-02-12 03:59:00,1770868799999,HBAR,1m,0.090566,0.090566,0.090566,0.090566,0.0,0
2026-02-12 04:00:00,1770868859999,HBAR,1m,0.090597,0.090611,0.090611,0.090597,4573.0,3
2026-02-12 04:01:00,1770868919999,HBAR,1m,0.09061,0.09062,0.09062,0.09061,592.0,2
2026-02-12 04:02:00,1770868979999,HBAR,1m,0.09062,0.09062,0.09062,0.09062,0.0,0
2026-02-12 04:03:00,1770869039999,HBAR,1m,0.09062,0.09062,0.09062,0.09062,0.0,0
2026-02-12 04:04:00,1770869099999,HBAR,1m,0.09062,0.09062,0.09062,0.09062,0.0,0
2026-02-12 04:05:00,1770869159999,HBAR,1m,0.09062,0.09062,0.09062,0.09062,0.0,0
2026-02-12 04:06:00,1770869219999,HBAR,1m,0.09063,0.09063,0.09063,0.09063,213.0,1
2026-02-12 04:07:00,1770869279999,HBAR,1m,0.090513,0.090513,0.090513,0.090513,362.0,1
2026-02-12 04:08:00,1770869339999,HBAR,1m,0.090513,0.090513,0.090513,0.090513,0.0,0
2026-02-12 04:09:00,1770869399999,HBAR,1m,0.09059,0.09059,0.09059,0.09059,211.0,1
2026-02-12 04:10:00,1770869459999,HBAR,1m,0.090646,0.090646,0.090646,0.090646,212.0,2
2026-02-12 04:11:00,1770869519999,HBAR,1m,0.090646,0.090646,0.090646,0.090646,0.0,0
2026-02-12 04:12:00,1770869579999,HBAR,1m,0.090641,0.090641,0.090641,0.090641,228.0,1
2026-02-12 04:13:00,1770869639999,HBAR,1m,0.090641,0.090641,0.090641,0.090641,0.0,0
2026-02-12 04:14:00,1770869699999,HBAR,1m,0.090641,0.090641,0.090641,0.090641,0.0,0
2026-02-12 04:15:00,1770869759999,HBAR,1m,0.090611,0.090611,0.090611,0.090611,211.0,1
2026-02-12 04:16:00,1770869819999,HBAR,1m,0.090611,0.090611,0.090611,0.090611,0.0,0
2026-02-12 04:17:00,1770869879999,HBAR,1m,0.090611,0.090611,0.090611,0.090611,0.0,0
2026-02-12 04:18:00,1770869939999,HBAR,1m,0.090466,0.090466,0.090466,0.090466,265.0,1
2026-02-12 04:19:00,1770869999999,HBAR,1m,0.09047,0.09047,0.09047,0.09047,242.0,1
2026-02-12 04:20:00,1770870059999,HBAR,1m,0.090467,0.090458,0.090467,0.090458,10108.0,4
2026-02-12 04:21:00,1770870119999,HBAR,1m,0.090474,0.090474,0.090474,0.090474,367.0,1
2026-02-12 04:22:00,1770870179999,HBAR,1m,0.09044,0.09044,0.09044,0.09044,403.0,2
2026-02-12 04:23:00,1770870239999,HBAR,1m,0.09044,0.09044,0.09044,0.09044,0.0,0
2026-02-12 04:24:00,1770870299999,HBAR,1m,0.09044,0.09044,0.09044,0.09044,0.0,0
2026-02-12 04:25:00,1770870359999,HBAR,1m,0.090383,0.090408,0.090408,0.090383,298.0,2
2026-02-12 04:26:00,1770870419999,HBAR,1m,0.090408,0.090408,0.090408,0.090408,0.0,0
2026-02-12 04:27:00,1770870479999,HBAR,1m,0.09043,0.09043,0.09043,0.09043,207.0,1
2026-02-12 04:28:00,1770870539999,HBAR,1m,0.09043,0.09043,0.09043,0.09043,0.0,0
2026-02-12 04:29:00,1770870599999,HBAR,1m,0.090414,0.090445,0.090445,0.090414,397.0,2
2026-02-12 04:30:00,1770870659999,HBAR,1m,0.090443,0.090443,0.090443,0.090443,203.0,1
2026-02-12 04:31:00,1770870719999,HBAR,1m,0.090443,0.090443,0.090443,0.090443,0.0,0
2026-02-12 04:32:00,1770870779999,HBAR,1m,0.090405,0.090405,0.090405,0.090405,7239.0,2
2026-02-12 04:33:00,1770870839999,HBAR,1m,0.090405,0.090405,0.090405,0.090405,0.0,0
2026-02-12 04:34:00,1770870899999,HBAR,1m,0.090339,0.090339,0.090339,0.090339,124.0,1
2026-02-12 04:35:00,1770870959999,HBAR,1m,0.090389,0.090389,0.090389,0.090389,196.0,1
2026-02-12 04:36:00,1770871019999,HBAR,1m,0.090437,0.090437,0.090437,0.090437,199.0,1
2026-02-12 04:37:00,1770871079999,HBAR,1m,0.090437,0.090437,0.090437,0.090437,0.0,0
2026-02-12 04:38:00,1770871139999,HBAR,1m,0.090437,0.090437,0.090437,0.090437,0.0,0
2026-02-12 04:39:00,1770871199999,HBAR,1m,0.090483,0.090483,0.090483,0.090483,124.0,1
2026-02-12 04:40:00,1770871259999,HBAR,1m,0.090514,0.090514,0.090514,0.090514,348.0,1
2026-02-12 04:41:00,1770871319999,HBAR,1m,0.090538,0.090586,0.090619,0.090538,1836.0,4
2026-02-12 04:42:00,1770871379999,HBAR,1m,0.090586,0.090586,0.090586,0.090586,190.0,1
2026-02-12 04:43:00,1770871439999,HBAR,1m,0.090611,0.090613,0.090613,0.090611,725.0,2
2026-02-12 04:44:00,1770871499999,HBAR,1m,0.090617,0.090617,0.090617,0.090617,167.0,1
2026-02-12 04:45:00,1770871559999,HBAR,1m,0.090608,0.090609,0.090609,0.090608,1070.0,3
2026-02-12 04:46:00,1770871619999,HBAR,1m,0.090697,0.090697,0.090697,0.090697,124.0,1
2026-02-12 04:47:00,1770871679999,HBAR,1m,0.090697,0.090697,0.090697,0.090697,0.0,0
2026-02-12 04:48:00,1770871739999,HBAR,1m,0.090597,0.090597,0.090597,0.090597,244.0,1
2026-02-12 04:49:00,1770871799999,HBAR,1m,0.090608,0.090593,0.090608,0.090593,429.0,2
2026-02-12 04:50:00,1770871859999,HBAR,1m,0.090542,0.090542,0.090542,0.090542,210.0,1
2026-02-12 04:51:00,1770871919999,HBAR,1m,0.090536,0.090523,0.090536,0.090523,472.0,2
2026-02-12 04:52:00,1770871979999,HBAR,1m,0.090505,0.090495,0.090505,0.090495,2963.0,5
2026-02-12 04:53:00,1770872039999,HBAR,1m,0.090495,0.090495,0.090495,0.090495,0.0,0
2026-02-12 04:54:00,1770872099999,HBAR,1m,0.090349,0.09035,0.09035,0.090349,1632.0,2
2026-02-12 04:55:00,1770872159999,HBAR,1m,0.090463,0.090447,0.090463,0.090447,370.0,2
2026-02-12 04:56:00,1770872219999,HBAR,1m,0.090426,0.090426,0.090426,0.090426,351.0,1
2026-02-12 04:57:00,1770872279999,HBAR,1m,0.090383,0.090383,0.090383,0.090383,172.0,1
2026-02-12 04:58:00,1770872339999,HBAR,1m,0.090359,0.090359,0.090359,0.090359,418.0,1
2026-02-12 04:59:00,1770872399999,HBAR,1m,0.090359,0.090359,0.090359,0.090359,0.0,0
2026-02-12 05:00:00,1770872459999,HBAR,1m,0.090375,0.090352,0.090375,0.090352,536.0,2
2026-02-12 05:01:00,1770872519999,HBAR,1m,0.090402,0.09043,0.09043,0.090402,1741.0,2
2026-02-12 05:02:00,1770872579999,HBAR,1m,0.09045,0.09045,0.09045,0.09045,167.0,1
2026-02-12 05:03:00,1770872639999,HBAR,1m,0.09046,0.09046,0.09046,0.09046,359.0,1
2026-02-12 05:04:00,1770872699999,HBAR,1m,0.09048,0.09048,0.09048,0.09048,183.0,1
2026-02-12 05:05:00,1770872759999,HBAR,1m,0.090456,0.090465,0.090465,0.090456,704.0,3
2026-02-12 05:06:00,1770872819999,HBAR,1m,0.090503,0.090553,0.090553,0.090503,978.0,2
2026-02-12 05:07:00,1770872879999,HBAR,1m,0.090553,0.090556,0.090556,0.090553,644.0,2
2026-02-12 05:08:00,1770872939999,HBAR,1m,0.090556,0.090586,0.090586,0.090556,380.0,2
2026-02-12 05:09:00,1770872999999,HBAR,1m,0.090525,0.090525,0.090525,0.090525,1388.0,1
2026-02-12 05:10:00,1770873059999,HBAR,1m,0.090453,0.090453,0.090453,0.090453,2250.0,1
2026-02-12 05:11:00,1770873119999,HBAR,1m,0.090375,0.090405,0.090405,0.090375,398.0,2
2026-02-12 05:12:00,1770873179999,HBAR,1m,0.090388,0.090388,0.090388,0.090388,267.0,1
2026-02-12 05:13:00,1770873239999,HBAR,1m,0.090395,0.090264,0.090395,0.090264,10832.0,13
2026-02-12 05:14:00,1770873299999,HBAR,1m,0.090243,0.090182,0.090243,0.090174,1236.0,4
2026-02-12 05:15:00,1770873359999,HBAR,1m,0.09024,0.090248,0.090248,0.09024,1397.0,2
2026-02-12 05:16:00,1770873419999,HBAR,1m,0.090271,0.090291,0.090291,0.090271,454.0,2
2026-02-12 05:17:00,1770873479999,HBAR,1m,0.090256,0.09016,0.090262,0.090063,34839.0,10
2026-02-12 05:18:00,1770873539999,HBAR,1m,0.090154,0.090127,0.090154,0.0901,33711.0,12
2026-02-12 05:19:00,1770873599999,HBAR,1m,0.090124,0.090135,0.090135,0.090118,32920.0,7
2026-02-12 05:20:00,1770873659999,HBAR,1m,0.090132,0.09036,0.090362,0.090132,33774.0,12
2026-02-12 05:21:00,1770873719999,HBAR,1m,0.090422,0.090485,0.090485,0.090422,32787.0,7
2026-02-12 05:22:00,1770873779999,HBAR,1m,0.090427,0.090428,0.090447,0.090427,32787.0,8
2026-02-12 05:23:00,1770873839999,HBAR,1m,0.090417,0.09042,0.090435,0.090417,37364.0,12
2026-02-12 05:24:00,1770873899999,HBAR,1m,0.090417,0.090467,0.090487,0.090417,37308.0,11
2026-02-12 05:25:00,1770873959999,HBAR,1m,0.090472,0.090528,0.090528,0.090472,34445.0,16
2026-02-12 05:26:00,1770874019999,HBAR,1m,0.090523,0.090475,0.090523,0.090475,32787.0,7
2026-02-12 05:27:00,1770874079999,HBAR,1m,0.090496,0.090425,0.090506,0.090373,36523.0,15
2026-02-12 05:28:00,1770874139999,HBAR,1m,0.090425,0.090372,0.090425,0.090365,71136.0,35
2026-02-12 05:29:00,1770874199999,HBAR,1m,0.09038,0.090441,0.090441,0.09038,32787.0,14
2026-02-12 05:30:00,1770874259999,HBAR,1m,0.090421,0.090399,0.090421,0.090397,38644.0,15
2026-02-12 05:31:00,1770874319999,HBAR,1m,0.0904,0.090477,0.090516,0.090397,39877.0,19
2026-02-12 05:32:00,1770874379999,HBAR,1m,0.090504,0.090628,0.090628,0.090504,32787.0,6
2026-02-12 05:33:00,1770874439999,HBAR,1m,0.090664,0.090718,0.090718,0.090642,58086.0,12
2026-02-12 05:34:00,1770874499999,HBAR,1m,0.09071,0.090713,0.090737,0.09071,32793.0,12
2026-02-12 05:35:00,1770874559999,HBAR,1m,0.090648,0.090669,0.090669,0.090648,39650.0,25
2026-02-12 05:36:00,1770874619999,HBAR,1m,0.090673,0.090674,0.090719,0.090672,32791.0,10
2026-02-12 05:37:00,1770874679999,HBAR,1m,0.090653,0.090651,0.090653,0.090552,64298.0,26
2026-02-12 05:38:00,1770874739999,HBAR,1m,0.09059,0.0905,0.090594,0.0905,42212.0,19
2026-02-12 05:39:00,1770874799999,HBAR,1m,0.0905,0.09055,0.09055,0.0905,49128.0,12
2026-02-12 05:40:00,1770874859999,HBAR,1m,0.090581,0.090618,0.090618,0.090581,32787.0,15
2026-02-12 05:41:00,1770874919999,HBAR,1m,0.090626,0.090619,0.090639,0.090616,32787.0,18
2026-02-12 05:42:00,1770874979999,HBAR,1m,0.090725,0.090725,0.09073,0.090704,32787.0,14
2026-02-12 05:43:00,1770875039999,HBAR,1m,0.090704,0.090788,0.090788,0.090704,32786.0,12
2026-02-12 05:44:00,1770875099999,HBAR,1m,0.090754,0.090718,0.090754,0.090718,33206.0,15
2026-02-12 05:45:00,1770875159999,HBAR,1m,0.090713,0.090797,0.090797,0.090713,32919.0,14
2026-02-12 05:46:00,1770875219999,HBAR,1m,0.090778,0.090801,0.090801,0.090774,34991.0,17
2026-02-12 05:47:00,1770875279999,HBAR,1m,0.09074,0.090742,0.090742,0.09074,16394.0,5
2026-02-12 05:48:00,1770875339999,HBAR,1m,0.090748,0.090697,0.090748,0.090697,970.0,3
2026-02-12 05:49:00,1770875399999,HBAR,1m,0.090748,0.090694,0.090748,0.090694,628.0,3
2026-02-12 05:50:00,1770875459999,HBAR,1m,0.090649,0.090701,0.090701,0.090649,892.0,3
2026-02-12 05:51:00,1770875519999,HBAR,1m,0.090701,0.090701,0.090701,0.090701,467.0,1
2026-02-12 05:52:00,1770875579999,HBAR,1m,0.090709,0.090679,0.090709,0.090679,411.0,2
2026-02-12 05:53:00,1770875639999,HBAR,1m,0.090679,0.090709,0.090709,0.090679,656.0,3
2026-02-12 05:54:00,1770875699999,HBAR,1m,0.090674,0.090674,0.090674,0.090674,196.0,1
2026-02-12 05:55:00,1770875759999,HBAR,1m,0.090711,0.090711,0.090711,0.090711,286.0,2
2026-02-12 05:56:00,1770875819999,HBAR,1m,0.090711,0.090711,0.090711,0.090711,0.0,0
2026-02-12 05:57:00,1770875879999,HBAR,1m,0.090714,0.090679,0.090714,0.090679,1668.0,5
2026-02-12 05:58:00,1770875939999,HBAR,1m,0.090714,0.090714,0.090714,0.090679,1841.0,7
2026-02-12 05:59:00,1770875999999,HBAR,1m,0.090677,0.090677,0.090677,0.090677,181.0,1
2026-02-12 06:00:00,1770876059999,HBAR,1m,0.090707,0.090707,0.090707,0.090707,393.0,2
2026-02-12 06:01:00,1770876119999,HBAR,1m,0.090816,0.090813,0.090816,0.090813,1766.0,2
2026-02-12 06:02:00,1770876179999,HBAR,1m,0.090796,0.090796,0.090796,0.090796,201.0,1
2026-02-12 06:03:00,1770876239999,HBAR,1m,0.090796,0.090796,0.090796,0.090796,416.0,2
2026-02-12 06:04:00,1770876299999,HBAR,1m,0.09086,0.090816,0.09086,0.09079,7268.0,8
2026-02-12 06:05:00,1770876359999,HBAR,1m,0.090847,0.090847,0.090847,0.090847,173.0,1
2026-02-12 06:06:00,1770876419999,HBAR,1m,0.09087,0.09087,0.09087,0.090839,1731.0,5
2026-02-12 06:07:00,1770876479999,HBAR,1m,0.09089,0.090897,0.090897,0.09089,459.0,2
2026-02-12 06:08:00,1770876539999,HBAR,1m,0.090943,0.090943,0.090943,0.090943,375.0,2
2026-02-12 06:09:00,1770876599999,HBAR,1m,0.090949,0.090942,0.091,0.090942,8066.0,17
2026-02-12 06:10:00,1770876659999,HBAR,1m,0.090999,0.090999,0.090999,0.090999,283.0,1
2026-02-12 06:11:00,1770876719999,HBAR,1m,0.09106,0.091024,0.09106,0.091024,789.0,3
2026-02-12 06:12:00,1770876779999,HBAR,1m,0.091062,0.091177,0.091177,0.091062,1068.0,5
2026-02-12 06:13:00,1770876839999,HBAR,1m,0.091342,0.091342,0.091342,0.091342,180.0,1
2026-02-12 06:14:00,1770876899999,HBAR,1m,0.091371,0.091371,0.091371,0.091371,277.0,1
2026-02-12 06:15:00,1770876959999,HBAR,1m,0.091327,0.091327,0.091327,0.091327,751.0,1
2026-02-12 06:16:00,1770877019999,HBAR,1m,0.091353,0.091321,0.091355,0.091321,3008.0,7
2026-02-12 06:17:00,1770877079999,HBAR,1m,0.091337,0.091364,0.09146,0.091337,1904.0,8
2026-02-12 06:18:00,1770877139999,HBAR,1m,0.091372,0.091369,0.091372,0.091369,541.0,2
2026-02-12 06:19:00,1770877199999,HBAR,1m,0.091359,0.091325,0.091359,0.091325,5458.0,6
2026-02-12 06:20:00,1770877259999,HBAR,1m,0.091352,0.091352,0.091352,0.091352,217.0,1
2026-02-12 06:21:00,1770877319999,HBAR,1m,0.091355,0.09134,0.091355,0.091335,6074.0,3
2026-02-12 06:22:00,1770877379999,HBAR,1m,0.091339,0.091454,0.091454,0.091339,1519.0,6
2026-02-12 06:23:00,1770877439999,HBAR,1m,0.091465,0.091465,0.091465,0.091465,217.0,1
2026-02-12 06:24:00,1770877499999,HBAR,1m,0.09144,0.09144,0.09144,0.09144,550.0,3
2026-02-12 06:25:00,1770877559999,HBAR,1m,0.091484,0.091676,0.091676,0.091484,1476.0,4
2026-02-12 06:26:00,1770877619999,HBAR,1m,0.091827,0.091819,0.091827,0.091819,9212.0,2
2026-02-12 06:27:00,1770877679999,HBAR,1m,0.09184,0.091867,0.091867,0.09184,398.0,2
2026-02-12 06:28:00,1770877739999,HBAR,1m,0.091867,0.091861,0.091867,0.091861,30914.0,7
2026-02-12 06:29:00,1770877799999,HBAR,1m,0.091825,0.091831,0.091831,0.091825,707.0,2
2026-02-12 06:30:00,1770877859999,HBAR,1m,0.091847,0.09186,0.09186,0.091846,6376.0,14
2026-02-12 06:31:00,1770877919999,HBAR,1m,0.091994,0.091978,0.092,0.091978,6150.0,3
2026-02-12 06:32:00,1770877979999,HBAR,1m,0.091938,0.091938,0.091938,0.091938,398.0,1
2026-02-12 06:33:00,1770878039999,HBAR,1m,0.09195,0.092054,0.09212,0.09195,30933.0,10
2026-02-12 06:34:00,1770878099999,HBAR,1m,0.092054,0.092257,0.092257,0.091997,134626.0,15
2026-02-12 06:35:00,1770878159999,HBAR,1m,0.092264,0.092178,0.092455,0.092164,90075.0,19
2026-02-12 06:36:00,1770878219999,HBAR,1m,0.092073,0.092073,0.092073,0.092073,267.0,1
2026-02-12 06:37:00,1770878279999,HBAR,1m,0.092078,0.092213,0.092213,0.092078,1234.0,4
2026-02-12 06:38:00,1770878339999,HBAR,1m,0.092193,0.092202,0.092202,0.092193,553.0,3
2026-02-12 06:39:00,1770878399999,HBAR,1m,0.092554,0.092493,0.092554,0.092493,487.0,2
2026-02-12 06:40:00,1770878459999,HBAR,1m,0.092536,0.092522,0.09263,0.092522,19990.0,18
2026-02-12 06:41:00,1770878519999,HBAR,1m,0.092674,0.09285,0.09285,0.092673,24186.0,12
2026-02-12 06:42:00,1770878579999,HBAR,1m,0.092692,0.09278,0.09278,0.092672,19297.0,6
2026-02-12 06:43:00,1770878639999,HBAR,1m,0.092768,0.092893,0.092893,0.092768,19409.0,14
2026-02-12 06:44:00,1770878699999,HBAR,1m,0.092837,0.09292,0.09292,0.092837,19002.0,12
2026-02-12 06:45:00,1770878759999,HBAR,1m,0.092905,0.092922,0.093031,0.092905,30452.0,11
2026-02-12 06:46:00,1770878819999,HBAR,1m,0.092859,0.093031,0.093062,0.092778,148677.0,20
2026-02-12 06:47:00,1770878879999,HBAR,1m,0.092916,0.092675,0.092917,0.092634,21917.0,9
2026-02-12 06:48:00,1770878939999,HBAR,1m,0.092596,0.092787,0.092787,0.092596,19657.0,8
2026-02-12 06:49:00,1770878999999,HBAR,1m,0.092709,0.092566,0.092709,0.092525,19260.0,6
2026-02-12 06:50:00,1770879059999,HBAR,1m,0.092594,0.092539,0.092594,0.092501,21424.0,6
2026-02-12 06:51:00,1770879119999,HBAR,1m,0.09248,0.092521,0.092521,0.09245,46619.0,14
2026-02-12 06:52:00,1770879179999,HBAR,1m,0.092525,0.092647,0.092647,0.092525,19279.0,8
2026-02-12 06:53:00,1770879239999,HBAR,1m,0.092668,0.092646,0.092669,0.092629,19003.0,12
2026-02-12 06:54:00,1770879299999,HBAR,1m,0.092602,0.092474,0.092602,0.092458,62747.0,24
2026-02-12 06:55:00,1770879359999,HBAR,1m,0.092451,0.09247,0.092498,0.092433,50478.0,21
2026-02-12 06:56:00,1770879419999,HBAR,1m,0.092481,0.092529,0.092529,0.092481,19267.0,12
2026-02-12 06:57:00,1770879479999,HBAR,1m,0.092546,0.09261,0.09261,0.092546,19002.0,6
2026-02-12 06:58:00,1770879539999,HBAR,1m,0.092547,0.092467,0.092547,0.092467,26772.0,17
2026-02-12 06:59:00,1770879599999,HBAR,1m,0.0925,0.092621,0.092621,0.0925,19128.0,15
2026-02-12 07:00:00,1770879659999,HBAR,1m,0.092537,0.09281,0.09281,0.092537,19002.0,4
2026-02-12 07:01:00,1770879719999,HBAR,1m,0.092775,0.092702,0.092776,0.092688,19907.0,13
2026-02-12 07:02:00,1770879779999,HBAR,1m,0.092755,0.092786,0.092788,0.092721,19002.0,8
2026-02-12 07:03:00,1770879839999,HBAR,1m,0.092632,0.092547,0.092632,0.09249,37226.0,12
2026-02-12 07:04:00,1770879899999,HBAR,1m,0.09259,0.092674,0.092674,0.092585,19288.0,5
2026-02-12 07:05:00,1770879959999,HBAR,1m,0.092598,0.092557,0.092643,0.092557,19914.0,8
2026-02-12 07:06:00,1770880019999,HBAR,1m,0.09254,0.092584,0.092584,0.092462,64358.0,32
2026-02-12 07:07:00,1770880079999,HBAR,1m,0.092523,0.092466,0.092523,0.092452,34882.0,15
2026-02-12 07:08:00,1770880139999,HBAR,1m,0.092465,0.092498,0.092498,0.092347,58804.0,20
2026-02-12 07:09:00,1770880199999,HBAR,1m,0.092484,0.092585,0.092645,0.092484,20006.0,16
2026-02-12 07:10:00,1770880259999,HBAR,1m,0.092566,0.092515,0.092566,0.092362,116161.0,32
2026-02-12 07:11:00,1770880319999,HBAR,1m,0.092555,0.092512,0.09256,0.092512,19003.0,11
2026-02-12 07:12:00,1770880379999,HBAR,1m,0.092512,0.092526,0.092594,0.0925,30476.0,13
2026-02-12 07:13:00,1770880439999,HBAR,1m,0.092545,0.09256,0.09256,0.092535,20518.0,7
2026-02-12 07:14:00,1770880499999,HBAR,1m,0.092574,0.092594,0.092594,0.092574,19003.0,7
2026-02-12 07:15:00,1770880559999,HBAR,1m,0.092605,0.092521,0.092605,0.092521,19227.0,6
2026-02-12 07:16:00,1770880619999,HBAR,1m,0.092503,0.09261,0.09261,0.092503,19551.0,4
2026-02-12 07:17:00,1770880679999,HBAR,1m,0.092617,0.092569,0.092625,0.092569,23250.0,6
2026-02-12 07:18:00,1770880739999,HBAR,1m,0.092569,0.092449,0.092569,0.092424,65952.0,18
2026-02-12 07:19:00,1770880799999,HBAR,1m,0.092449,0.092648,0.092648,0.092449,82403.0,19
2026-02-12 07:20:00,1770880859999,HBAR,1m,0.092648,0.092841,0.092841,0.092648,85895.0,10
2026-02-12 07:21:00,1770880919999,HBAR,1m,0.092859,0.092791,0.092871,0.092789,19558.0,14
2026-02-12 07:22:00,1770880979999,HBAR,1m,0.092759,0.092771,0.092771,0.092731,19296.0,8
2026-02-12 07:23:00,1770881039999,HBAR,1m,0.092774,0.09307,0.09307,0.092774,19541.0,6
2026-02-12 07:24:00,1770881099999,HBAR,1m,0.093082,0.093095,0.093115,0.093007,19302.0,6
2026-02-12 07:25:00,1770881159999,HBAR,1m,0.093243,0.093291,0.093291,0.093243,19754.0,6
2026-02-12 07:26:00,1770881219999,HBAR,1m,0.093301,0.093374,0.093374,0.093229,20610.0,8
2026-02-12 07:27:00,1770881279999,HBAR,1m,0.093364,0.093078,0.093374,0.093078,21282.0,11
2026-02-12 07:28:00,1770881339999,HBAR,1m,0.092993,0.092921,0.093039,0.092892,19799.0,8
2026-02-12 07:29:00,1770881399999,HBAR,1m,0.092878,0.092946,0.092951,0.09286,39116.0,14
2026-02-12 07:30:00,1770881459999,HBAR,1m,0.092889,0.0929,0.092958,0.092889,19261.0,8
2026-02-12 07:31:00,1770881519999,HBAR,1m,0.092917,0.093067,0.093067,0.092917,19549.0,5
2026-02-12 07:32:00,1770881579999,HBAR,1m,0.093019,0.09302,0.09302,0.093019,19002.0,3
2026-02-12 07:33:00,1770881639999,HBAR,1m,0.092979,0.093035,0.093035,0.092979,19003.0,7
2026-02-12 07:34:00,1770881699999,HBAR,1m,0.093151,0.093091,0.093151,0.093088,19002.0,4
2026-02-12 07:35:00,1770881759999,HBAR,1m,0.093063,0.093082,0.093082,0.093059,20332.0,4
2026-02-12 07:36:00,1770881819999,HBAR,1m,0.093073,0.093119,0.093119,0.093073,19002.0,12
2026-02-12 07:37:00,1770881879999,HBAR,1m,0.093052,0.093039,0.093079,0.093029,19002.0,7
2026-02-12 07:38:00,1770881939999,HBAR,1m,0.093188,0.093213,0.093213,0.093188,20077.0,7
2026-02-12 07:39:00,1770881999999,HBAR,1m,0.093196,0.093224,0.093224,0.093192,19378.0,10
2026-02-12 07:40:00,1770882059999,HBAR,1m,0.0932,0.093139,0.093201,0.093138,19578.0,8
2026-02-12 07:41:00,1770882119999,HBAR,1m,0.093165,0.093201,0.093204,0.093165,19003.0,4
2026-02-12 07:42:00,1770882179999,HBAR,1m,0.093172,0.093132,0.093172,0.093132,19002.0,3
2026-02-12 07:43:00,1770882239999,HBAR,1m,0.093094,0.093103,0.093103,0.093049,21153.0,22
2026-02-12 07:44:00,1770882299999,HBAR,1m,0.093119,0.093124,0.093124,0.093119,19002.0,11
2026-02-12 07:45:00,1770882359999,HBAR,1m,0.09306,0.093103,0.093103,0.09306,20965.0,8
2026-02-12 07:46:00,1770882419999,HBAR,1m,0.093129,0.093244,0.093244,0.093129,21151.0,12
2026-02-12 07:47:00,1770882479999,HBAR,1m,0.093234,0.093247,0.093247,0.093234,19002.0,5
2026-02-12 07:48:00,1770882539999,HBAR,1m,0.093247,0.093235,0.093247,0.093216,19002.0,8
2026-02-12 07:49:00,1770882599999,HBAR,1m,0.093204,0.093244,0.093253,0.093204,19121.0,10
2026-02-12 07:50:00,1770882659999,HBAR,1m,0.093286,0.093294,0.093354,0.093286,34382.0,7
2026-02-12 07:51:00,1770882719999,HBAR,1m,0.093302,0.093328,0.093328,0.093302,21683.0,19
2026-02-12 07:52:00,1770882779999,HBAR,1m,0.093325,0.093205,0.093325,0.093204,19002.0,6
2026-02-12 07:53:00,1770882839999,HBAR,1m,0.093165,0.093234,0.093234,0.093165,21685.0,19
2026-02-12 07:54:00,1770882899999,HBAR,1m,0.093181,0.093253,0.093253,0.093181,19911.0,4
2026-02-12 07:55:00,1770882959999,HBAR,1m,0.093212,0.093207,0.093212,0.093207,19120.0,3
2026-02-12 07:56:00,1770883019999,HBAR,1m,0.093218,0.093204,0.093218,0.093204,19002.0,4
2026-02-12 07:57:00,1770883079999,HBAR,1m,0.093157,0.093205,0.093205,0.093157,19003.0,2
2026-02-12 07:58:00,1770883139999,HBAR,1m,0.093252,0.093426,0.093428,0.093252,32614.0,12
2026-02-12 07:59:00,1770883199999,HBAR,1m,0.09347,0.093511,0.093511,0.09347,19003.0,5
2026-02-12 08:00:00,1770883259999,HBAR,1m,0.093354,0.093402,0.093488,0.093354,19306.0,7
2026-02-12 08:01:00,1770883319999,HBAR,1m,0.093401,0.093439,0.093522,0.093401,26872.0,21
2026-02-12 08:02:00,1770883379999,HBAR,1m,0.09344,0.093444,0.093501,0.093387,141133.0,22
2026-02-12 08:03:00,1770883439999,HBAR,1m,0.093428,0.093408,0.093455,0.093347,23381.0,7
2026-02-12 08:04:00,1770883499999,HBAR,1m,0.093409,0.09345,0.09348,0.093409,22737.0,5
2026-02-12 08:05:00,1770883559999,HBAR,1m,0.09344,0.093451,0.093451,0.093321,26022.0,6
2026-02-12 08:06:00,1770883619999,HBAR,1m,0.093317,0.09346,0.093511,0.093317,25398.0,8
2026-02-12 08:07:00,1770883679999,HBAR,1m,0.093412,0.093461,0.093461,0.093412,19003.0,11
2026-02-12 08:08:00,1770883739999,HBAR,1m,0.09341,0.093436,0.093494,0.0934,21899.0,10
2026-02-12 08:09:00,1770883799999,HBAR,1m,0.093441,0.09335,0.093447,0.09335,31972.0,21
2026-02-12 08:10:00,1770883859999,HBAR,1m,0.093339,0.093346,0.093351,0.093292,80938.0,18
2026-02-12 08:11:00,1770883919999,HBAR,1m,0.093278,0.093328,0.093328,0.093186,43300.0,9
2026-02-12 08:12:00,1770883979999,HBAR,1m,0.093318,0.093432,0.093439,0.093288,34620.0,13
2026-02-12 08:13:00,1770884039999,HBAR,1m,0.093432,0.093458,0.093494,0.093429,24336.0,7
2026-02-12 08:14:00,1770884099999,HBAR,1m,0.093467,0.093437,0.093467,0.093399,20292.0,7
2026-02-12 08:15:00,1770884159999,HBAR,1m,0.093303,0.093358,0.093358,0.093303,36864.0,13
2026-02-12 08:16:00,1770884219999,HBAR,1m,0.093354,0.093376,0.093376,0.093311,42670.0,17
2026-02-12 08:17:00,1770884279999,HBAR,1m,0.093337,0.093318,0.093353,0.093318,38329.0,47
2026-02-12 08:18:00,1770884339999,HBAR,1m,0.093318,0.093328,0.093344,0.093211,55748.0,47
2026-02-12 08:19:00,1770884399999,HBAR,1m,0.093328,0.093219,0.093328,0.093159,165527.0,146
2026-02-12 08:20:00,1770884459999,HBAR,1m,0.09322,0.093308,0.093316,0.09322,56126.0,58
2026-02-12 08:21:00,1770884519999,HBAR,1m,0.093308,0.093401,0.093401,0.09327,67204.0,94
2026-02-12 08:22:00,1770884579999,HBAR,1m,0.093401,0.093373,0.093412,0.093373,119622.0,101
2026-02-12 08:23:00,1770884639999,HBAR,1m,0.093376,0.093427,0.093427,0.093373,74193.0,35
2026-02-12 08:24:00,1770884699999,HBAR,1m,0.0935,0.093381,0.093511,0.093373,103051.0,100
2026-02-12 08:25:00,1770884759999,HBAR,1m,0.093388,0.093374,0.093388,0.09337,125074.0,152
2026-02-12 08:26:00,1770884819999,HBAR,1m,0.093382,0.093315,0.093382,0.093291,134191.0,128
2026-02-12 08:27:00,1770884879999,HBAR,1m,0.093292,0.093254,0.093339,0.093254,110235.0,129
2026-02-12 08:28:00,1770884939999,HBAR,1m,0.093254,0.093319,0.093319,0.093167,263191.0,151
2026-02-12 08:29:00,1770884999999,HBAR,1m,0.093216,0.093168,0.093223,0.093168,46725.0,17
2026-02-12 08:30:00,1770885059999,HBAR,1m,0.093187,0.093316,0.093316,0.093111,43989.0,57
2026-02-12 08:31:00,1770885119999,HBAR,1m,0.093296,0.093215,0.093296,0.093215,30738.0,9
2026-02-12 08:32:00,1770885179999,HBAR,1m,0.093255,0.093285,0.093319,0.093212,29832.0,11
2026-02-12 08:33:00,1770885239999,HBAR,1m,0.09333,0.093358,0.093358,0.09333,19651.0,7
2026-02-12 08:34:00,1770885299999,HBAR,1m,0.093393,0.093403,0.093403,0.093393,19003.0,10
2026-02-12 08:35:00,1770885359999,HBAR,1m,0.093424,0.093455,0.093455,0.093325,31678.0,15
2026-02-12 08:36:00,1770885419999,HBAR,1m,0.093455,0.093535,0.093535,0.093455,19002.0,8
2026-02-12 08:37:00,1770885479999,HBAR,1m,0.093426,0.093342,0.093427,0.093342,94042.0,40
2026-02-12 08:38:00,1770885539999,HBAR,1m,0.09329,0.093352,0.093352,0.093193,39991.0,24
2026-02-12 08:39:00,1770885599999,HBAR,1m,0.093338,0.09337,0.09337,0.093338,21466.0,14
2026-02-12 08:40:00,1770885659999,HBAR,1m,0.093425,0.093419,0.093425,0.093419,19002.0,4
2026-02-12 08:41:00,1770885719999,HBAR,1m,0.093379,0.09341,0.093415,0.093379,19286.0,10
2026-02-12 08:42:00,1770885779999,HBAR,1m,0.093456,0.093351,0.093462,0.093189,23966.0,8
2026-02-12 08:43:00,1770885839999,HBAR,1m,0.093318,0.093265,0.093318,0.093189,44227.0,20
2026-02-12 08:44:00,1770885899999,HBAR,1m,0.093262,0.093155,0.093283,0.093155,28757.0,19
2026-02-12 08:45:00,1770885959999,HBAR,1m,0.093185,0.093258,0.09329,0.093164,37752.0,16
2026-02-12 08:46:00,1770886019999,HBAR,1m,0.093296,0.093303,0.093303,0.093284,28641.0,9
2026-02-12 08:47:00,1770886079999,HBAR,1m,0.093257,0.093391,0.093391,0.093257,30023.0,19
2026-02-12 08:48:00,1770886139999,HBAR,1m,0.093454,0.09339,0.093456,0.093389,19002.0,10
2026-02-12 08:49:00,1770886199999,HBAR,1m,0.09333,0.093277,0.093342,0.093275,43122.0,16
2026-02-12 08:50:00,1770886259999,HBAR,1m,0.093303,0.093344,0.09339,0.093303,21491.0,9
2026-02-12 08:51:00,1770886319999,HBAR,1m,0.093329,0.093431,0.093431,0.093329,21493.0,10
2026-02-12 08:52:00,1770886379999,HBAR,1m,0.093385,0.093329,0.093385,0.093308,79720.0,27
2026-02-12 08:53:00,1770886439999,HBAR,1m,0.093299,0.093307,0.093338,0.093289,43447.0,20
2026-02-12 08:54:00,1770886499999,HBAR,1m,0.093343,0.093372,0.093381,0.093343,20202.0,5
2026-02-12 08:55:00,1770886559999,HBAR,1m,0.093336,0.093407,0.093407,0.093286,38109.0,11
2026-02-12 08:56:00,1770886619999,HBAR,1m,0.093431,0.093454,0.093454,0.093431,19002.0,6
2026-02-12 08:57:00,1770886679999,HBAR,1m,0.093471,0.093471,0.093478,0.093471,21720.0,7
2026-02-12 08:58:00,1770886739999,HBAR,1m,0.093494,0.093513,0.093513,0.093494,19003.0,3
2026-02-12 08:59:00,1770886799999,HBAR,1m,0.093487,0.093547,0.093555,0.093487,56182.0,13
2026-02-12 09:00:00,1770886859999,HBAR,1m,0.0936,0.093673,0.093673,0.0936,22529.0,18
2026-02-12 09:01:00,1770886919999,HBAR,1m,0.093722,0.093693,0.093722,0.09368,19003.0,11
2026-02-12 09:02:00,1770886979999,HBAR,1m,0.093662,0.093728,0.093728,0.093662,20604.0,9
2026-02-12 09:03:00,1770887039999,HBAR,1m,0.093662,0.093594,0.093739,0.093594,20249.0,9
2026-02-12 09:04:00,1770887099999,HBAR,1m,0.093643,0.093727,0.093727,0.093643,19252.0,9
2026-02-12 09:05:00,1770887159999,HBAR,1m,0.093714,0.093737,0.093737,0.093714,19002.0,6
2026-02-12 09:06:00,1770887219999,HBAR,1m,0.093685,0.093717,0.093717,0.093645,20309.0,15
2026-02-12 09:07:00,1770887279999,HBAR,1m,0.093709,0.093733,0.093733,0.093709,19002.0,13
2026-02-12 09:08:00,1770887339999,HBAR,1m,0.093741,0.093772,0.093772,0.09373,20574.0,7
2026-02-12 09:09:00,1770887399999,HBAR,1m,0.09364,0.093773,0.093773,0.093618,39368.0,17
2026-02-12 09:10:00,1770887459999,HBAR,1m,0.093708,0.093806,0.093806,0.093708,19002.0,8
2026-02-12 09:11:00,1770887519999,HBAR,1m,0.093872,0.093841,0.093872,0.093809,28307.0,10
2026-02-12 09:12:00,1770887579999,HBAR,1m,0.093907,0.093876,0.093941,0.093833,20988.0,11
2026-02-12 09:13:00,1770887639999,HBAR,1m,0.093706,0.093732,0.093775,0.093706,26580.0,19
2026-02-12 09:14:00,1770887699999,HBAR,1m,0.093769,0.093781,0.093781,0.093769,19003.0,7
2026-02-12 09:15:00,1770887759999,HBAR,1m,0.093812,0.094215,0.094307,0.093812,233361.0,27
2026-02-12 09:16:00,1770887819999,HBAR,1m,0.094153,0.094044,0.094153,0.093983,24824.0,9
2026-02-12 09:17:00,1770887879999,HBAR,1m,0.094164,0.094617,0.094617,0.094164,24610.0,11
2026-02-12 09:18:00,1770887939999,HBAR,1m,0.094537,0.094524,0.094538,0.094451,19386.0,11
2026-02-12 09:19:00,1770887999999,HBAR,1m,0.094515,0.094562,0.094562,0.094515,19003.0,13
2026-02-12 09:20:00,1770888059999,HBAR,1m,0.094492,0.094479,0.094571,0.094479,20161.0,8
2026-02-12 09:21:00,1770888119999,HBAR,1m,0.094479,0.094536,0.094536,0.09446,21439.0,19
2026-02-12 09:22:00,1770888179999,HBAR,1m,0.09453,0.094577,0.094607,0.09453,19648.0,10
2026-02-12 09:23:00,1770888239999,HBAR,1m,0.094601,0.094607,0.094607,0.094601,19002.0,4
2026-02-12 09:24:00,1770888299999,HBAR,1m,0.09459,0.094597,0.094597,0.09459,19002.0,6
2026-02-12 09:25:00,1770888359999,HBAR,1m,0.094669,0.094741,0.094752,0.094669,20362.0,9
2026-02-12 09:26:00,1770888419999,HBAR,1m,0.094697,0.094863,0.094884,0.094681,22594.0,16
2026-02-12 09:27:00,1770888479999,HBAR,1m,0.094929,0.094989,0.094989,0.094929,19003.0,7
2026-02-12 09:28:00,1770888539999,HBAR,1m,0.094963,0.095003,0.095026,0.094963,19762.0,14
2026-02-12 09:29:00,1770888599999,HBAR,1m,0.094963,0.09501,0.095026,0.094888,28677.0,13
2026-02-12 09:30:00,1770888659999,HBAR,1m,0.094692,0.09479,0.09479,0.094673,22930.0,13
2026-02-12 09:31:00,1770888719999,HBAR,1m,0.094733,0.094772,0.094791,0.094714,22942.0,13
2026-02-12 09:32:00,1770888779999,HBAR,1m,0.094788,0.094981,0.095052,0.094788,30666.0,11
2026-02-12 09:33:00,1770888839999,HBAR,1m,0.09501,0.095243,0.095243,0.09501,22992.0,12
2026-02-12 09:34:00,1770888899999,HBAR,1m,0.095358,0.095322,0.095404,0.095159,19532.0,13
2026-02-12 09:35:00,1770888959999,HBAR,1m,0.095303,0.095264,0.095303,0.095177,20407.0,13
2026-02-12 09:36:00,1770889019999,HBAR,1m,0.095358,0.095328,0.095462,0.095321,23321.0,16
2026-02-12 09:37:00,1770889079999,HBAR,1m,0.095468,0.095468,0.095468,0.095468,19117.0,5
2026-02-12 09:38:00,1770889139999,HBAR,1m,0.095431,0.095349,0.095453,0.095347,20149.0,8
2026-02-12 09:39:00,1770889199999,HBAR,1m,0.095366,0.095164,0.095373,0.095138,36606.0,7
2026-02-12 09:40:00,1770889259999,HBAR,1m,0.095227,0.095319,0.095319,0.095227,19002.0,5
2026-02-12 09:41:00,1770889319999,HBAR,1m,0.095211,0.095194,0.095216,0.095194,29298.0,14
2026-02-12 09:42:00,1770889379999,HBAR,1m,0.095132,0.09484,0.095132,0.094785,103316.0,51
2026-02-12 09:43:00,1770889439999,HBAR,1m,0.094857,0.095007,0.095007,0.094854,37314.0,19
2026-02-12 09:44:00,1770889499999,HBAR,1m,0.095029,0.095063,0.095063,0.095029,19002.0,5
2026-02-12 09:45:00,1770889559999,HBAR,1m,0.095096,0.095245,0.095329,0.095096,19630.0,5
2026-02-12 09:46:00,1770889619999,HBAR,1m,0.095285,0.09519,0.095383,0.09519,19850.0,7
2026-02-12 09:47:00,1770889679999,HBAR,1m,0.09527,0.095263,0.09527,0.095173,19151.0,8
2026-02-12 09:48:00,1770889739999,HBAR,1m,0.095136,0.095215,0.09528,0.095108,32424.0,8
2026-02-12 09:49:00,1770889799999,HBAR,1m,0.09515,0.095243,0.095243,0.095088,20301.0,5
2026-02-12 09:50:00,1770889859999,HBAR,1m,0.095201,0.095176,0.095201,0.095125,19773.0,8
2026-02-12 09:51:00,1770889919999,HBAR,1m,0.095158,0.095308,0.095308,0.095158,19003.0,9
2026-02-12 09:52:00,1770889979999,HBAR,1m,0.095226,0.095252,0.095261,0.095168,19107.0,6
2026-02-12 09:53:00,1770890039999,HBAR,1m,0.095305,0.095393,0.095393,0.095305,19527.0,7
2026-02-12 09:54:00,1770890099999,HBAR,1m,0.095435,0.095363,0.095435,0.095363,19003.0,2
2026-02-12 09:55:00,1770890159999,HBAR,1m,0.095398,0.095544,0.095554,0.095369,21412.0,10
2026-02-12 09:56:00,1770890219999,HBAR,1m,0.095522,0.095649,0.095649,0.095518,23633.0,8
2026-02-12 09:57:00,1770890279999,HBAR,1m,0.09565,0.095383,0.095682,0.095292,65914.0,19
2026-02-12 09:58:00,1770890339999,HBAR,1m,0.095432,0.09566,0.09566,0.095432,19002.0,4
2026-02-12 09:59:00,1770890399999,HBAR,1m,0.095613,0.095545,0.095635,0.095497,21179.0,18
2026-02-12 10:00:00,1770890459999,HBAR,1m,0.095611,0.095619,0.095619,0.095583,19333.0,11
2026-02-12 10:01:00,1770890519999,HBAR,1m,0.095579,0.095582,0.095615,0.095579,19223.0,14
2026-02-12 10:02:00,1770890579999,HBAR,1m,0.095566,0.095489,0.095566,0.095444,19793.0,6
2026-02-12 10:03:00,1770890639999,HBAR,1m,0.095402,0.095571,0.095571,0.095402,21291.0,9
2026-02-12 10:04:00,1770890699999,HBAR,1m,0.095531,0.09553,0.095533,0.095526,20529.0,14
2026-02-12 10:05:00,1770890759999,HBAR,1m,0.095554,0.095553,0.095566,0.095534,19003.0,10
2026-02-12 10:06:00,1770890819999,HBAR,1m,0.0954,0.095384,0.0954,0.095361,38834.0,18
2026-02-12 10:07:00,1770890879999,HBAR,1m,0.095405,0.09535,0.095424,0.09535,23737.0,6
2026-02-12 10:08:00,1770890939999,HBAR,1m,0.095343,0.095315,0.095392,0.09528,58996.0,24
2026-02-12 10:09:00,1770890999999,HBAR,1m,0.095338,0.095392,0.095392,0.095324,143715.0,19
2026-02-12 10:10:00,1770891059999,HBAR,1m,0.095392,0.095392,0.095392,0.095392,9502.0,1
2026-02-12 10:11:00,1770891119999,HBAR,1m,0.095366,0.095279,0.095366,0.095279,17493.0,12
2026-02-12 10:12:00,1770891179999,HBAR,1m,0.095343,0.095279,0.095343,0.095279,8147.0,4
2026-02-12 10:13:00,1770891239999,HBAR,1m,0.095268,0.095298,0.095333,0.095268,18628.0,12
2026-02-12 10:14:00,1770891299999,HBAR,1m,0.095338,0.095338,0.095338,0.095338,3575.0,1
2026-02-12 10:15:00,1770891359999,HBAR,1m,0.095362,0.095317,0.095362,0.095317,12325.0,5
2026-02-12 10:16:00,1770891419999,HBAR,1m,0.095308,0.095243,0.095308,0.095243,15047.0,4
2026-02-12 10:17:00,1770891479999,HBAR,1m,0.095267,0.09525,0.095267,0.095215,15695.0,7
2026-02-12 10:18:00,1770891539999,HBAR,1m,0.095221,0.095221,0.095221,0.095221,131.0,1
2026-02-12 10:19:00,1770891599999,HBAR,1m,0.095182,0.095182,0.095182,0.095182,717.0,1
2026-02-12 10:20:00,1770891659999,HBAR,1m,0.095237,0.095237,0.095237,0.095237,1493.0,1
2026-02-12 10:21:00,1770891719999,HBAR,1m,0.095249,0.095252,0.095286,0.095249,2787.0,6
2026-02-12 10:22:00,1770891779999,HBAR,1m,0.095208,0.095208,0.095208,0.095208,201.0,1
2026-02-12 10:23:00,1770891839999,HBAR,1m,0.095146,0.094985,0.095146,0.094985,67825.0,9
2026-02-12 10:24:00,1770891899999,HBAR,1m,0.094952,0.094924,0.094952,0.094924,1428.0,2
2026-02-12 10:25:00,1770891959999,HBAR,1m,0.095102,0.095102,0.095102,0.095102,192.0,1
2026-02-12 10:26:00,1770892019999,HBAR,1m,0.095102,0.095102,0.095102,0.095102,0.0,0
2026-02-12 10:27:00,1770892079999,HBAR,1m,0.095102,0.095102,0.095102,0.095102,0.0,0
2026-02-12 10:28:00,1770892139999,HBAR,1m,0.095359,0.095491,0.095491,0.095359,1692.0,3
2026-02-12 10:29:00,1770892199999,HBAR,1m,0.095574,0.095536,0.095574,0.095536,510.0,3
2026-02-12 10:30:00,1770892259999,HBAR,1m,0.095767,0.095767,0.095767,0.095767,468.0,1
2026-02-12 10:31:00,1770892319999,HBAR,1m,0.095743,0.095904,0.095904,0.095743,26396.0,8
2026-02-12 10:32:00,1770892379999,HBAR,1m,0.095993,0.095993,0.095993,0.095903,2228.0,4
2026-02-12 10:33:00,1770892439999,HBAR,1m,0.096007,0.096103,0.096103,0.095942,38016.0,6
2026-02-12 10:34:00,1770892499999,HBAR,1m,0.096151,0.096448,0.096448,0.096151,672.0,5
2026-02-12 10:35:00,1770892559999,HBAR,1m,0.096199,0.096181,0.096199,0.096181,150.0,2
2026-02-12 10:36:00,1770892619999,HBAR,1m,0.096169,0.096169,0.096169,0.096169,344.0,1
2026-02-12 10:37:00,1770892679999,HBAR,1m,0.096193,0.096,0.096193,0.096,16561.0,4
2026-02-12 10:38:00,1770892739999,HBAR,1m,0.095567,0.095559,0.095567,0.095559,19526.0,2
2026-02-12 10:39:00,1770892799999,HBAR,1m,0.095533,0.095681,0.095698,0.095531,49175.0,4
2026-02-12 10:40:00,1770892859999,HBAR,1m,0.095681,0.095681,0.095681,0.095681,0.0,0
2026-02-12 10:41:00,1770892919999,HBAR,1m,0.095603,0.09562,0.09562,0.095603,366.0,2
2026-02-12 10:42:00,1770892979999,HBAR,1m,0.09557,0.095518,0.09557,0.095518,5613.0,6
2026-02-12 10:43:00,1770893039999,HBAR,1m,0.095567,0.0955,0.095567,0.0955,8419.0,2
2026-02-12 10:44:00,1770893099999,HBAR,1m,0.095554,0.095554,0.095554,0.095554,346.0,1
2026-02-12 10:45:00,1770893159999,HBAR,1m,0.095617,0.095617,0.095617,0.095617,148.0,1
2026-02-12 10:46:00,1770893219999,HBAR,1m,0.095617,0.095617,0.095617,0.095617,0.0,0
2026-02-12 10:47:00,1770893279999,HBAR,1m,0.096078,0.096078,0.096078,0.096078,160.0,1
2026-02-12 10:48:00,1770893339999,HBAR,1m,0.096078,0.096078,0.096078,0.096078,0.0,0
2026-02-12 10:49:00,1770893399999,HBAR,1m,0.096099,0.096219,0.096219,0.096099,296.0,2
2026-02-12 10:50:00,1770893459999,HBAR,1m,0.096219,0.096219,0.096219,0.096219,0.0,0
2026-02-12 10:51:00,1770893519999,HBAR,1m,0.096219,0.096219,0.096219,0.096219,0.0,0
2026-02-12 10:52:00,1770893579999,HBAR,1m,0.096149,0.09616,0.09616,0.096149,9209.0,7
2026-02-12 10:53:00,1770893639999,HBAR,1m,0.096208,0.096154,0.096208,0.096154,482.0,3
2026-02-12 10:54:00,1770893699999,HBAR,1m,0.096151,0.096151,0.096151,0.096151,183.0,1
2026-02-12 10:55:00,1770893759999,HBAR,1m,0.096017,0.096017,0.096017,0.096017,114.0,1
2026-02-12 10:56:00,1770893819999,HBAR,1m,0.096017,0.096017,0.096017,0.096017,0.0,0
2026-02-12 10:57:00,1770893879999,HBAR,1m,0.096017,0.096017,0.096017,0.096017,0.0,0
2026-02-12 10:58:00,1770893939999,HBAR,1m,0.096165,0.096323,0.096323,0.096165,1322.0,2
2026-02-12 10:59:00,1770893999999,HBAR,1m,0.096393,0.096393,0.096393,0.096393,104.0,1
2026-02-12 11:00:00,1770894059999,HBAR,1m,0.096477,0.096426,0.096491,0.096384,82710.0,23
2026-02-12 11:01:00,1770894119999,HBAR,1m,0.09637,0.096299,0.09637,0.096299,279.0,2
2026-02-12 11:02:00,1770894179999,HBAR,1m,0.096374,0.096374,0.096374,0.096374,114.0,1
2026-02-12 11:03:00,1770894239999,HBAR,1m,0.096362,0.096272,0.096362,0.096272,704.0,4
2026-02-12 11:04:00,1770894299999,HBAR,1m,0.096212,0.096212,0.096212,0.096212,9045.0,1
2026-02-12 11:05:00,1770894359999,HBAR,1m,0.096358,0.096358,0.096358,0.096358,706.0,1
2026-02-12 11:06:00,1770894419999,HBAR,1m,0.096317,0.096265,0.096317,0.096265,3121.0,8
2026-02-12 11:07:00,1770894479999,HBAR,1m,0.095959,0.095607,0.095959,0.095607,61566.0,16
2026-02-12 11:08:00,1770894539999,HBAR,1m,0.095689,0.095689,0.095689,0.095689,121.0,1
2026-02-12 11:09:00,1770894599999,HBAR,1m,0.095756,0.095876,0.095876,0.095756,242296.0,19
2026-02-12 11:10:00,1770894659999,HBAR,1m,0.095708,0.095418,0.095708,0.095416,19678.0,17
2026-02-12 11:11:00,1770894719999,HBAR,1m,0.09546,0.095463,0.095463,0.09546,6794.0,3
2026-02-12 11:12:00,1770894779999,HBAR,1m,0.09544,0.095479,0.095479,0.09544,1163.0,2
2026-02-12 11:13:00,1770894839999,HBAR,1m,0.095477,0.095413,0.095477,0.095413,27602.0,11
2026-02-12 11:14:00,1770894899999,HBAR,1m,0.09547,0.095471,0.095471,0.09547,1523.0,3
2026-02-12 11:15:00,1770894959999,HBAR,1m,0.095394,0.095394,0.095394,0.095394,601.0,1
2026-02-12 11:16:00,1770895019999,HBAR,1m,0.095401,0.0954,0.095401,0.095398,2790.0,3
2026-02-12 11:17:00,1770895079999,HBAR,1m,0.095393,0.095503,0.095503,0.095393,30990.0,3
2026-02-12 11:18:00,1770895139999,HBAR,1m,0.095507,0.095507,0.095507,0.095507,144.0,1
2026-02-12 11:19:00,1770895199999,HBAR,1m,0.095507,0.095507,0.095507,0.095507,0.0,0
2026-02-12 11:20:00,1770895259999,HBAR,1m,0.095507,0.095507,0.095507,0.095507,0.0,0
2026-02-12 11:21:00,1770895319999,HBAR,1m,0.09557,0.095558,0.09557,0.095558,8985.0,2
2026-02-12 11:22:00,1770895379999,HBAR,1m,0.095587,0.095684,0.095684,0.095587,722.0,2
2026-02-12 11:23:00,1770895439999,HBAR,1m,0.095668,0.095668,0.095668,0.095668,396.0,1
2026-02-12 11:24:00,1770895499999,HBAR,1m,0.095668,0.095668,0.095668,0.095668,0.0,0
2026-02-12 11:25:00,1770895559999,HBAR,1m,0.095701,0.09572,0.09572,0.095701,385.0,2
2026-02-12 11:26:00,1770895619999,HBAR,1m,0.095725,0.095725,0.095725,0.095725,202.0,1
2026-02-12 11:27:00,1770895679999,HBAR,1m,0.095725,0.095725,0.095725,0.095725,0.0,0
2026-02-12 11:28:00,1770895739999,HBAR,1m,0.095725,0.095725,0.095725,0.095725,0.0,0
2026-02-12 11:29:00,1770895799999,HBAR,1m,0.095876,0.095932,0.095932,0.095876,280.0,2
2026-02-12 11:30:00,1770895859999,HBAR,1m,0.095919,0.095919,0.095919,0.095919,2687.0,1
2026-02-12 11:31:00,1770895919999,HBAR,1m,0.095919,0.095919,0.095919,0.095919,0.0,0
2026-02-12 11:32:00,1770895979999,HBAR,1m,0.095895,0.095895,0.095895,0.095895,205.0,1
2026-02-12 11:33:00,1770896039999,HBAR,1m,0.095906,0.095906,0.095906,0.095906,189.0,1
2026-02-12 11:34:00,1770896099999,HBAR,1m,0.095986,0.095986,0.095986,0.095986,299.0,1
2026-02-12 11:35:00,1770896159999,HBAR,1m,0.095986,0.095986,0.095986,0.095986,0.0,0
2026-02-12 11:36:00,1770896219999,HBAR,1m,0.095988,0.095988,0.095988,0.095988,120.0,1
2026-02-12 11:37:00,1770896279999,HBAR,1m,0.096031,0.096019,0.096031,0.096019,277.0,2
2026-02-12 11:38:00,1770896339999,HBAR,1m,0.096032,0.095918,0.096032,0.095918,4124.0,3
2026-02-12 11:39:00,1770896399999,HBAR,1m,0.096072,0.096117,0.096117,0.096072,790.0,3
2026-02-12 11:40:00,1770896459999,HBAR,1m,0.095934,0.095934,0.095934,0.095934,157.0,1
2026-02-12 11:41:00,1770896519999,HBAR,1m,0.095699,0.095655,0.095699,0.095655,117473.0,9
2026-02-12 11:42:00,1770896579999,HBAR,1m,0.095655,0.095655,0.095655,0.095655,0.0,0
2026-02-12 11:43:00,1770896639999,HBAR,1m,0.095513,0.095513,0.095513,0.095513,341.0,2
2026-02-12 11:44:00,1770896699999,HBAR,1m,0.095513,0.095513,0.095513,0.095513,0.0,0
2026-02-12 11:45:00,1770896759999,HBAR,1m,0.095521,0.095521,0.095521,0.095521,149.0,1
2026-02-12 11:46:00,1770896819999,HBAR,1m,0.095388,0.095335,0.095388,0.095335,3288.0,3
2026-02-12 11:47:00,1770896879999,HBAR,1m,0.09518,0.095242,0.095242,0.09518,105064.0,7
2026-02-12 11:48:00,1770896939999,HBAR,1m,0.09519,0.095209,0.095209,0.09519,948.0,2
2026-02-12 11:49:00,1770896999999,HBAR,1m,0.095312,0.095312,0.095312,0.095312,387.0,1
2026-02-12 11:50:00,1770897059999,HBAR,1m,0.095312,0.095312,0.095312,0.095312,0.0,0
2026-02-12 11:51:00,1770897119999,HBAR,1m,0.095312,0.095312,0.095312,0.095312,0.0,0
2026-02-12 11:52:00,1770897179999,HBAR,1m,0.095263,0.095242,0.095263,0.095242,440.0,2
2026-02-12 11:53:00,1770897239999,HBAR,1m,0.095274,0.095182,0.095274,0.095181,765147.0,51
2026-02-12 11:54:00,1770897299999,HBAR,1m,0.095182,0.095182,0.095182,0.095182,113491.0,15
2026-02-12 11:55:00,1770897359999,HBAR,1m,0.09518,0.09518,0.09518,0.09518,203.0,1
2026-02-12 11:56:00,1770897419999,HBAR,1m,0.095182,0.095101,0.095182,0.095101,7152.0,3
2026-02-12 11:57:00,1770897479999,HBAR,1m,0.095101,0.095101,0.095101,0.095101,0.0,0
2026-02-12 11:58:00,1770897539999,HBAR,1m,0.095149,0.095181,0.095181,0.095149,9760.0,2
2026-02-12 11:59:00,1770897599999,HBAR,1m,0.095182,0.095182,0.095182,0.095182,12834.0,2
2026-02-12 12:00:00,1770897659999,HBAR,1m,0.095182,0.095227,0.095337,0.095182,132361.0,14
2026-02-12 12:01:00,1770897719999,HBAR,1m,0.095224,0.09538,0.09538,0.095209,8300.0,3
2026-02-12 12:02:00,1770897779999,HBAR,1m,0.095181,0.095108,0.095181,0.095108,9144.0,2
2026-02-12 12:03:00,1770897839999,HBAR,1m,0.095108,0.094762,0.095108,0.09475,1486.0,6
2026-02-12 12:04:00,1770897899999,HBAR,1m,0.094812,0.094812,0.094812,0.094812,520.0,1
2026-02-12 12:05:00,1770897959999,HBAR,1m,0.094712,0.094639,0.094712,0.094639,19855.0,2
2026-02-12 12:06:00,1770898019999,HBAR,1m,0.094639,0.094639,0.094639,0.094639,0.0,0
2026-02-12 12:07:00,1770898079999,HBAR,1m,0.094431,0.09443,0.094431,0.09443,399.0,3
2026-02-12 12:08:00,1770898139999,HBAR,1m,0.09438,0.09438,0.09438,0.09438,165.0,1
2026-02-12 12:09:00,1770898199999,HBAR,1m,0.09446,0.094373,0.09446,0.094373,1347.0,4
2026-02-12 12:10:00,1770898259999,HBAR,1m,0.094373,0.094279,0.094373,0.094279,4482.0,8
2026-02-12 12:11:00,1770898319999,HBAR,1m,0.094338,0.094308,0.094338,0.094308,486.0,2
2026-02-12 12:12:00,1770898379999,HBAR,1m,0.094299,0.094299,0.094299,0.094299,456.0,2
2026-02-12 12:13:00,1770898439999,HBAR,1m,0.094229,0.094229,0.094229,0.094229,180.0,1
2026-02-12 12:14:00,1770898499999,HBAR,1m,0.094212,0.094212,0.094212,0.094212,202.0,1
2026-02-12 12:15:00,1770898559999,HBAR,1m,0.09426,0.094222,0.094306,0.094221,26267.0,7
2026-02-12 12:16:00,1770898619999,HBAR,1m,0.09425,0.094268,0.094268,0.09425,10017.0,5
2026-02-12 12:17:00,1770898679999,HBAR,1m,0.094267,0.094267,0.094267,0.094267,3989.0,1
2026-02-12 12:18:00,1770898739999,HBAR,1m,0.094155,0.094242,0.094242,0.094155,1444.0,3
2026-02-12 12:19:00,1770898799999,HBAR,1m,0.094231,0.094211,0.094231,0.094211,316.0,2
2026-02-12 12:20:00,1770898859999,HBAR,1m,0.094414,0.094421,0.094421,0.094414,234.0,2
2026-02-12 12:21:00,1770898919999,HBAR,1m,0.094421,0.094421,0.094421,0.094421,0.0,0
2026-02-12 12:22:00,1770898979999,HBAR,1m,0.094378,0.094378,0.094378,0.094378,194.0,1
2026-02-12 12:23:00,1770899039999,HBAR,1m,0.094251,0.094251,0.094251,0.094251,199.0,1
2026-02-12 12:24:00,1770899099999,HBAR,1m,0.094273,0.094228,0.094273,0.094228,360.0,2
2026-02-12 12:25:00,1770899159999,HBAR,1m,0.094279,0.09429,0.09429,0.094279,5644.0,4
2026-02-12 12:26:00,1770899219999,HBAR,1m,0.094394,0.094394,0.094394,0.094394,159.0,1
2026-02-12 12:27:00,1770899279999,HBAR,1m,0.094366,0.094366,0.094366,0.094366,202.0,1
2026-02-12 12:28:00,1770899339999,HBAR,1m,0.094411,0.094559,0.094559,0.094411,8182.0,5
2026-02-12 12:29:00,1770899399999,HBAR,1m,0.094513,0.09451,0.094513,0.09451,10000.0,2
2026-02-12 12:30:00,1770899459999,HBAR,1m,0.094238,0.094236,0.094238,0.094236,10000.0,3
2026-02-12 12:31:00,1770899519999,HBAR,1m,0.094303,0.094303,0.094303,0.094303,162.0,1
2026-02-12 12:32:00,1770899579999,HBAR,1m,0.094303,0.094303,0.094303,0.094303,0.0,0
2026-02-12 12:33:00,1770899639999,HBAR,1m,0.09426,0.094228,0.094351,0.094228,4820.0,14
2026-02-12 12:34:00,1770899699999,HBAR,1m,0.094228,0.094228,0.094228,0.094228,0.0,0
2026-02-12 12:35:00,1770899759999,HBAR,1m,0.094343,0.094343,0.094343,0.094343,211.0,1
2026-02-12 12:36:00,1770899819999,HBAR,1m,0.094309,0.094309,0.094309,0.094309,117.0,1
2026-02-12 12:37:00,1770899879999,HBAR,1m,0.094298,0.094299,0.094299,0.094298,403.0,2
2026-02-12 12:38:00,1770899939999,HBAR,1m,0.094396,0.094396,0.094396,0.094396,180.0,1
2026-02-12 12:39:00,1770899999999,HBAR,1m,0.094277,0.094277,0.094277,0.094277,203.0,1
2026-02-12 12:40:00,1770900059999,HBAR,1m,0.094277,0.094277,0.094277,0.094277,0.0,0
2026-02-12 12:41:00,1770900119999,HBAR,1m,0.094403,0.094474,0.094474,0.094403,19969.0,4
2026-02-12 12:42:00,1770900179999,HBAR,1m,0.094474,0.094474,0.094474,0.094474,0.0,0
2026-02-12 12:43:00,1770900239999,HBAR,1m,0.094197,0.094197,0.094197,0.094197,189.0,1
2026-02-12 12:44:00,1770900299999,HBAR,1m,0.094239,0.094239,0.094239,0.094239,238.0,1
2026-02-12 12:45:00,1770900359999,HBAR,1m,0.094239,0.094239,0.094239,0.094239,0.0,0
2026-02-12 12:46:00,1770900419999,HBAR,1m,0.094077,0.094077,0.094077,0.094077,195.0,1
2026-02-12 12:47:00,1770900479999,HBAR,1m,0.094077,0.094077,0.094077,0.094077,0.0,0
2026-02-12 12:48:00,1770900539999,HBAR,1m,0.094245,0.094245,0.094245,0.094245,165.0,1
2026-02-12 12:49:00,1770900599999,HBAR,1m,0.094303,0.094303,0.094303,0.094303,256.0,1
2026-02-12 12:50:00,1770900659999,HBAR,1m,0.094303,0.094303,0.094303,0.094303,0.0,0
2026-02-12 12:51:00,1770900719999,HBAR,1m,0.094371,0.09433,0.094371,0.09433,2098.0,3
2026-02-12 12:52:00,1770900779999,HBAR,1m,0.094345,0.094333,0.094345,0.094331,40364.0,6
2026-02-12 12:53:00,1770900839999,HBAR,1m,0.094333,0.094195,0.094333,0.094195,351.0,3
2026-02-12 12:54:00,1770900899999,HBAR,1m,0.094189,0.094061,0.094189,0.094061,642.0,3
2026-02-12 12:55:00,1770900959999,HBAR,1m,0.09413,0.09413,0.09413,0.09413,395.0,1
2026-02-12 12:56:00,1770901019999,HBAR,1m,0.094258,0.094258,0.094258,0.094258,203.0,1
2026-02-12 12:57:00,1770901079999,HBAR,1m,0.094258,0.094258,0.094258,0.094258,0.0,0
2026-02-12 12:58:00,1770901139999,HBAR,1m,0.094398,0.094437,0.094437,0.094398,19800.0,3
2026-02-12 12:59:00,1770901199999,HBAR,1m,0.094436,0.094508,0.094508,0.094436,395.0,2
2026-02-12 13:00:00,1770901259999,HBAR,1m,0.094508,0.094508,0.094508,0.094508,0.0,0
2026-02-12 13:01:00,1770901319999,HBAR,1m,0.09457,0.09457,0.09457,0.09457,1002.0,1
2026-02-12 13:02:00,1770901379999,HBAR,1m,0.094553,0.09448,0.094553,0.09448,1164.0,4
2026-02-12 13:03:00,1770901439999,HBAR,1m,0.09448,0.09448,0.09448,0.09448,0.0,0
2026-02-12 13:04:00,1770901499999,HBAR,1m,0.094496,0.094496,0.094496,0.094496,208.0,1
2026-02-12 13:05:00,1770901559999,HBAR,1m,0.094781,0.09466,0.094781,0.09466,2442.0,2
2026-02-12 13:06:00,1770901619999,HBAR,1m,0.09466,0.09466,0.09466,0.09466,0.0,0
2026-02-12 13:07:00,1770901679999,HBAR,1m,0.094551,0.094551,0.094551,0.094551,239.0,1
2026-02-12 13:08:00,1770901739999,HBAR,1m,0.094533,0.094533,0.094533,0.094533,884.0,1
2026-02-12 13:09:00,1770901799999,HBAR,1m,0.094735,0.094735,0.094735,0.094735,3968.0,1
2026-02-12 13:10:00,1770901859999,HBAR,1m,0.094718,0.094666,0.094718,0.094666,1241.0,3
2026-02-12 13:11:00,1770901919999,HBAR,1m,0.094666,0.094666,0.094666,0.094666,0.0,0
2026-02-12 13:12:00,1770901979999,HBAR,1m,0.094666,0.094666,0.094666,0.094666,0.0,0
2026-02-12 13:13:00,1770902039999,HBAR,1m,0.094666,0.094666,0.094666,0.094666,0.0,0
2026-02-12 13:14:00,1770902099999,HBAR,1m,0.094724,0.094724,0.094724,0.094724,167.0,1
2026-02-12 13:15:00,1770902159999,HBAR,1m,0.094561,0.094561,0.094561,0.094561,164.0,1
2026-02-12 13:16:00,1770902219999,HBAR,1m,0.094561,0.094561,0.094561,0.094561,0.0,0
2026-02-12 13:17:00,1770902279999,HBAR,1m,0.094763,0.094785,0.094785,0.094763,348.0,2
2026-02-12 13:18:00,1770902339999,HBAR,1m,0.09491,0.094961,0.094961,0.09491,1685.0,2
2026-02-12 13:19:00,1770902399999,HBAR,1m,0.094758,0.094715,0.094758,0.094715,521.0,2
2026-02-12 13:20:00,1770902459999,HBAR,1m,0.094803,0.094803,0.094803,0.094803,198.0,1
2026-02-12 13:21:00,1770902519999,HBAR,1m,0.094614,0.094655,0.094655,0.094614,48246.0,5
2026-02-12 13:22:00,1770902579999,HBAR,1m,0.094663,0.094643,0.094663,0.094643,35692.0,7
2026-02-12 13:23:00,1770902639999,HBAR,1m,0.094764,0.094764,0.094764,0.094764,181.0,1
2026-02-12 13:24:00,1770902699999,HBAR,1m,0.094855,0.094917,0.094917,0.094855,367.0,2
2026-02-12 13:25:00,1770902759999,HBAR,1m,0.094739,0.094739,0.094739,0.094739,159.0,1
2026-02-12 13:26:00,1770902819999,HBAR,1m,0.094485,0.094285,0.094524,0.094285,97570.0,11
2026-02-12 13:27:00,1770902879999,HBAR,1m,0.094285,0.094285,0.094285,0.094285,0.0,0
2026-02-12 13:28:00,1770902939999,HBAR,1m,0.094404,0.094404,0.094404,0.094404,172.0,1
2026-02-12 13:29:00,1770902999999,HBAR,1m,0.094532,0.09454,0.09454,0.094532,545.0,2
2026-02-12 13:30:00,1770903059999,HBAR,1m,0.094588,0.094941,0.094941,0.094588,2075.0,2
2026-02-12 13:31:00,1770903119999,HBAR,1m,0.094945,0.09472,0.094945,0.094651,7802.0,6
2026-02-12 13:32:00,1770903179999,HBAR,1m,0.094799,0.094852,0.094852,0.094799,6494.0,3
2026-02-12 13:33:00,1770903239999,HBAR,1m,0.094983,0.094954,0.094983,0.094937,5263.0,3
2026-02-12 13:34:00,1770903299999,HBAR,1m,0.094975,0.095043,0.095129,0.094975,16127.0,9
2026-02-12 13:35:00,1770903359999,HBAR,1m,0.095035,0.095047,0.095053,0.094955,12701.0,8
2026-02-12 13:36:00,1770903419999,HBAR,1m,0.095025,0.095051,0.095051,0.095024,7983.0,6
2026-02-12 13:37:00,1770903479999,HBAR,1m,0.095055,0.095104,0.095104,0.095045,3191.0,4
2026-02-12 13:38:00,1770903539999,HBAR,1m,0.095019,0.095074,0.095093,0.095019,8452.0,4
2026-02-12 13:39:00,1770903599999,HBAR,1m,0.095094,0.095203,0.095203,0.095094,15381.0,8
2026-02-12 13:40:00,1770903659999,HBAR,1m,0.09524,0.095468,0.095468,0.095237,10284.0,14
2026-02-12 13:41:00,1770903719999,HBAR,1m,0.095465,0.095496,0.095496,0.095465,4461.0,5
2026-02-12 13:42:00,1770903779999,HBAR,1m,0.095334,0.095394,0.095394,0.095324,3008.0,4
2026-02-12 13:43:00,1770903839999,HBAR,1m,0.095385,0.095444,0.095444,0.095385,1651.0,6
2026-02-12 13:44:00,1770903899999,HBAR,1m,0.095556,0.095606,0.095606,0.095556,4040.0,4
2026-02-12 13:45:00,1770903959999,HBAR,1m,0.095626,0.095626,0.095626,0.095626,148.0,1
2026-02-12 13:46:00,1770904019999,HBAR,1m,0.095467,0.095467,0.095467,0.095467,195.0,1
2026-02-12 13:47:00,1770904079999,HBAR,1m,0.095486,0.095486,0.095486,0.095486,182.0,1
2026-02-12 13:48:00,1770904139999,HBAR,1m,0.095579,0.095607,0.095607,0.095579,356.0,2
2026-02-12 13:49:00,1770904199999,HBAR,1m,0.095395,0.095413,0.095413,0.095395,757.0,2
2026-02-12 13:50:00,1770904259999,HBAR,1m,0.095507,0.095566,0.095566,0.095507,366.0,2
2026-02-12 13:51:00,1770904319999,HBAR,1m,0.095445,0.095505,0.095515,0.095445,2673.0,3
2026-02-12 13:52:00,1770904379999,HBAR,1m,0.095572,0.095572,0.095572,0.095572,455.0,1
2026-02-12 13:53:00,1770904439999,HBAR,1m,0.095534,0.095534,0.095534,0.095534,115.0,1
2026-02-12 13:54:00,1770904499999,HBAR,1m,0.095498,0.095498,0.095498,0.095498,115.0,1
2026-02-12 13:55:00,1770904559999,HBAR,1m,0.095615,0.095615,0.095615,0.095615,185.0,1
2026-02-12 13:56:00,1770904619999,HBAR,1m,0.095496,0.095496,0.095496,0.095496,167.0,1
2026-02-12 13:57:00,1770904679999,HBAR,1m,0.095593,0.095593,0.095593,0.095593,251.0,1
2026-02-12 13:58:00,1770904739999,HBAR,1m,0.095611,0.095611,0.095611,0.095611,182.0,1
2026-02-12 13:59:00,1770904799999,HBAR,1m,0.095668,0.095668,0.095668,0.095668,206.0,1
2026-02-12 14:00:00,1770904859999,HBAR,1m,0.095656,0.095683,0.095755,0.095656,83513.0,17
2026-02-12 14:01:00,1770904919999,HBAR,1m,0.095593,0.095593,0.095593,0.095593,105.0,1
2026-02-12 14:02:00,1770904979999,HBAR,1m,0.095368,0.09527,0.095384,0.095265,51099.0,11
2026-02-12 14:03:00,1770905039999,HBAR,1m,0.095121,0.09508,0.095121,0.095068,5280.0,4
2026-02-12 14:04:00,1770905099999,HBAR,1m,0.095026,0.095029,0.095029,0.095026,7224.0,3
2026-02-12 14:05:00,1770905159999,HBAR,1m,0.095029,0.095029,0.095029,0.095029,0.0,0
2026-02-12 14:06:00,1770905219999,HBAR,1m,0.094854,0.094806,0.094854,0.094806,49098.0,6
2026-02-12 14:07:00,1770905279999,HBAR,1m,0.094728,0.094728,0.094728,0.094728,305.0,1
2026-02-12 14:08:00,1770905339999,HBAR,1m,0.094675,0.094671,0.094675,0.094671,1172.0,2
2026-02-12 14:09:00,1770905399999,HBAR,1m,0.094671,0.094612,0.094671,0.094612,4302.0,9
2026-02-12 14:10:00,1770905459999,HBAR,1m,0.094742,0.094742,0.094742,0.094742,1487.0,1
2026-02-12 14:11:00,1770905519999,HBAR,1m,0.094742,0.094742,0.094742,0.094742,0.0,0
2026-02-12 14:12:00,1770905579999,HBAR,1m,0.09485,0.09485,0.09485,0.09485,10384.0,2
2026-02-12 14:13:00,1770905639999,HBAR,1m,0.09485,0.09485,0.09485,0.09485,0.0,0
2026-02-12 14:14:00,1770905699999,HBAR,1m,0.094815,0.094815,0.094815,0.094815,172.0,1
2026-02-12 14:15:00,1770905759999,HBAR,1m,0.094725,0.094725,0.094725,0.094725,2808.0,1
2026-02-12 14:16:00,1770905819999,HBAR,1m,0.094877,0.094877,0.094877,0.094877,9784.0,2
2026-02-12 14:17:00,1770905879999,HBAR,1m,0.094892,0.094892,0.094892,0.094892,116.0,1
2026-02-12 14:18:00,1770905939999,HBAR,1m,0.094689,0.094689,0.094689,0.094689,234.0,1
2026-02-12 14:19:00,1770905999999,HBAR,1m,0.094689,0.094689,0.094689,0.094689,0.0,0
2026-02-12 14:20:00,1770906059999,HBAR,1m,0.094689,0.094689,0.094689,0.094689,0.0,0
2026-02-12 14:21:00,1770906119999,HBAR,1m,0.094689,0.094689,0.094689,0.094689,0.0,0
2026-02-12 14:22:00,1770906179999,HBAR,1m,0.095181,0.095181,0.095181,0.095181,181.0,1
2026-02-12 14:23:00,1770906239999,HBAR,1m,0.095094,0.095094,0.095094,0.095094,169.0,1
2026-02-12 14:24:00,1770906299999,HBAR,1m,0.095122,0.095143,0.095143,0.095122,358.0,2
2026-02-12 14:25:00,1770906359999,HBAR,1m,0.095123,0.095123,0.095123,0.095123,211.0,1
2026-02-12 14:26:00,1770906419999,HBAR,1m,0.095303,0.095292,0.095303,0.095292,1582.0,2
2026-02-12 14:27:00,1770906479999,HBAR,1m,0.095326,0.095326,0.095326,0.095326,196.0,1
2026-02-12 14:28:00,1770906539999,HBAR,1m,0.095326,0.095326,0.095326,0.095326,0.0,0
2026-02-12 14:29:00,1770906599999,HBAR,1m,0.095535,0.095535,0.095535,0.095535,158.0,1
2026-02-12 14:30:00,1770906659999,HBAR,1m,0.095332,0.095332,0.095332,0.095332,186.0,1
2026-02-12 14:31:00,1770906719999,HBAR,1m,0.095322,0.095433,0.095433,0.095322,25717.0,2
2026-02-12 14:32:00,1770906779999,HBAR,1m,0.095433,0.095433,0.095433,0.095433,0.0,0
2026-02-12 14:33:00,1770906839999,HBAR,1m,0.095718,0.095718,0.095718,0.095718,182.0,1
2026-02-12 14:34:00,1770906899999,HBAR,1m,0.095788,0.095703,0.095788,0.095703,10088.0,4
2026-02-12 14:35:00,1770906959999,HBAR,1m,0.095793,0.095793,0.095793,0.095793,2250.0,1
2026-02-12 14:36:00,1770907019999,HBAR,1m,0.095594,0.095594,0.095594,0.095594,197.0,1
2026-02-12 14:37:00,1770907079999,HBAR,1m,0.095374,0.095374,0.095374,0.095374,126.0,1
2026-02-12 14:38:00,1770907139999,HBAR,1m,0.095453,0.095424,0.095453,0.095424,375.0,2
2026-02-12 14:39:00,1770907199999,HBAR,1m,0.095424,0.095424,0.095424,0.095424,0.0,0
2026-02-12 14:40:00,1770907259999,HBAR,1m,0.095575,0.095575,0.095575,0.095575,2250.0,1
2026-02-12 14:41:00,1770907319999,HBAR,1m,0.095575,0.095575,0.095575,0.095575,0.0,0
2026-02-12 14:42:00,1770907379999,HBAR,1m,0.095659,0.095659,0.095659,0.095659,206.0,1
2026-02-12 14:43:00,1770907439999,HBAR,1m,0.095547,0.095547,0.095547,0.095547,195.0,1
2026-02-12 14:44:00,1770907499999,HBAR,1m,0.095533,0.095533,0.095533,0.095533,205.0,1
2026-02-12 14:45:00,1770907559999,HBAR,1m,0.095533,0.095533,0.095533,0.095533,0.0,0
2026-02-12 14:46:00,1770907619999,HBAR,1m,0.095312,0.095312,0.095312,0.095312,201.0,1
2026-02-12 14:47:00,1770907679999,HBAR,1m,0.095312,0.095312,0.095312,0.095312,0.0,0
2026-02-12 14:48:00,1770907739999,HBAR,1m,0.095525,0.095525,0.095525,0.095525,188.0,1
2026-02-12 14:49:00,1770907799999,HBAR,1m,0.095625,0.095497,0.095625,0.095497,25349.0,3
2026-02-12 14:50:00,1770907859999,HBAR,1m,0.095497,0.095497,0.095497,0.095497,0.0,0
2026-02-12 14:51:00,1770907919999,HBAR,1m,0.095483,0.095476,0.095483,0.095476,557.0,2
2026-02-12 14:52:00,1770907979999,HBAR,1m,0.095472,0.095472,0.095472,0.095472,2867.0,2
2026-02-12 14:53:00,1770908039999,HBAR,1m,0.095537,0.095608,0.095608,0.095537,297.0,2
2026-02-12 14:54:00,1770908099999,HBAR,1m,0.095608,0.095608,0.095608,0.095608,0.0,0
2026-02-12 14:55:00,1770908159999,HBAR,1m,0.095706,0.095603,0.095706,0.095603,338.0,2
2026-02-12 14:56:00,1770908219999,HBAR,1m,0.095481,0.095481,0.095481,0.095481,189.0,1
2026-02-12 14:57:00,1770908279999,HBAR,1m,0.095353,0.095353,0.095353,0.095353,6861.0,3
2026-02-12 14:58:00,1770908339999,HBAR,1m,0.095353,0.095353,0.095353,0.095353,0.0,0
2026-02-12 14:59:00,1770908399999,HBAR,1m,0.095353,0.095353,0.095353,0.095353,0.0,0
2026-02-12 15:00:00,1770908459999,HBAR,1m,0.095444,0.095444,0.095444,0.095444,2250.0,1
2026-02-12 15:01:00,1770908519999,HBAR,1m,0.095256,0.095256,0.095256,0.095256,9217.0,2
2026-02-12 15:02:00,1770908579999,HBAR,1m,0.095471,0.095471,0.095471,0.095471,374.0,1
2026-02-12 15:03:00,1770908639999,HBAR,1m,0.095471,0.095471,0.095471,0.095471,0.0,0
2026-02-12 15:04:00,1770908699999,HBAR,1m,0.09505,0.094717,0.09505,0.094712,49732.0,11
2026-02-12 15:05:00,1770908759999,HBAR,1m,0.094656,0.094656,0.094656,0.094656,163.0,1
2026-02-12 15:06:00,1770908819999,HBAR,1m,0.094447,0.094589,0.094589,0.094445,59255.0,9
2026-02-12 15:07:00,1770908879999,HBAR,1m,0.094822,0.094822,0.094822,0.094822,378.0,2
2026-02-12 15:08:00,1770908939999,HBAR,1m,0.094782,0.094603,0.094782,0.094603,261.0,2
2026-02-12 15:09:00,1770908999999,HBAR,1m,0.094603,0.094603,0.094603,0.094603,0.0,0
2026-02-12 15:10:00,1770909059999,HBAR,1m,0.094324,0.094307,0.094324,0.094307,11213.0,3
2026-02-12 15:11:00,1770909119999,HBAR,1m,0.094464,0.094464,0.094464,0.094464,1896.0,1
2026-02-12 15:12:00,1770909179999,HBAR,1m,0.094464,0.094464,0.094464,0.094464,0.0,0
2026-02-12 15:13:00,1770909239999,HBAR,1m,0.094464,0.094464,0.094464,0.094464,0.0,0
2026-02-12 15:14:00,1770909299999,HBAR,1m,0.094689,0.094673,0.094689,0.094673,396.0,2
2026-02-12 15:15:00,1770909359999,HBAR,1m,0.094558,0.094558,0.094558,0.094558,2250.0,1
2026-02-12 15:16:00,1770909419999,HBAR,1m,0.094864,0.094864,0.094864,0.094864,9610.0,2
2026-02-12 15:17:00,1770909479999,HBAR,1m,0.094788,0.094788,0.094788,0.094788,376.0,1
2026-02-12 15:18:00,1770909539999,HBAR,1m,0.094664,0.094677,0.094677,0.094664,2582.0,2
2026-02-12 15:19:00,1770909599999,HBAR,1m,0.094625,0.094625,0.094625,0.094625,112.0,1
2026-02-12 15:20:00,1770909659999,HBAR,1m,0.094625,0.094625,0.094625,0.094625,0.0,0
2026-02-12 15:21:00,1770909719999,HBAR,1m,0.094625,0.094625,0.094625,0.094625,0.0,0
2026-02-12 15:22:00,1770909779999,HBAR,1m,0.094894,0.094882,0.094894,0.094882,535.0,2
2026-02-12 15:23:00,1770909839999,HBAR,1m,0.095327,0.095327,0.095327,0.095327,2250.0,1
2026-02-12 15:24:00,1770909899999,HBAR,1m,0.095042,0.095042,0.095042,0.095042,361.0,1
2026-02-12 15:25:00,1770909959999,HBAR,1m,0.095102,0.095102,0.095102,0.095102,9711.0,2
2026-02-12 15:26:00,1770910019999,HBAR,1m,0.094981,0.094952,0.094981,0.094952,719.0,4
2026-02-12 15:27:00,1770910079999,HBAR,1m,0.094952,0.094952,0.094952,0.094952,0.0,0
2026-02-12 15:28:00,1770910139999,HBAR,1m,0.094952,0.094952,0.094952,0.094952,0.0,0
2026-02-12 15:29:00,1770910199999,HBAR,1m,0.094952,0.094952,0.094952,0.094952,0.0,0
2026-02-12 15:30:00,1770910259999,HBAR,1m,0.095191,0.095191,0.095191,0.095191,190.0,1
2026-02-12 15:31:00,1770910319999,HBAR,1m,0.095172,0.095201,0.095201,0.095172,598.0,3
2026-02-12 15:32:00,1770910379999,HBAR,1m,0.095201,0.095201,0.095201,0.095201,0.0,0
2026-02-12 15:33:00,1770910439999,HBAR,1m,0.095201,0.095201,0.095201,0.095201,0.0,0
2026-02-12 15:34:00,1770910499999,HBAR,1m,0.094734,0.094734,0.094734,0.094734,20000.0,4
2026-02-12 15:35:00,1770910559999,HBAR,1m,0.094693,0.094693,0.094693,0.094693,127.0,1
2026-02-12 15:36:00,1770910619999,HBAR,1m,0.094693,0.094693,0.094693,0.094693,0.0,0
2026-02-12 15:37:00,1770910679999,HBAR,1m,0.094693,0.094693,0.094693,0.094693,0.0,0
2026-02-12 15:38:00,1770910739999,HBAR,1m,0.094331,0.094152,0.094331,0.094138,2700.0,3
2026-02-12 15:39:00,1770910799999,HBAR,1m,0.093956,0.093956,0.093956,0.093956,1.0,1
2026-02-12 15:40:00,1770910859999,HBAR,1m,0.093833,0.093621,0.093833,0.093621,30286.0,8
2026-02-12 15:41:00,1770910919999,HBAR,1m,0.093652,0.093652,0.093652,0.093652,7143.0,2
2026-02-12 15:42:00,1770910979999,HBAR,1m,0.093559,0.093507,0.093559,0.093507,7328.0,2
2026-02-12 15:43:00,1770911039999,HBAR,1m,0.093507,0.093507,0.093507,0.093507,0.0,0
2026-02-12 15:44:00,1770911099999,HBAR,1m,0.093507,0.093507,0.093507,0.093507,0.0,0
2026-02-12 15:45:00,1770911159999,HBAR,1m,0.093591,0.093506,0.093591,0.093361,20496.0,9
2026-02-12 15:46:00,1770911219999,HBAR,1m,0.093515,0.093515,0.093515,0.093515,2231.0,1
2026-02-12 15:47:00,1770911279999,HBAR,1m,0.093685,0.093632,0.093685,0.093632,1605.0,4
2026-02-12 15:48:00,1770911339999,HBAR,1m,0.093411,0.093411,0.093411,0.093411,5000.0,1
2026-02-12 15:49:00,1770911399999,HBAR,1m,0.093411,0.093411,0.093411,0.093411,0.0,0
2026-02-12 15:50:00,1770911459999,HBAR,1m,0.093642,0.093527,0.093642,0.093527,7985.0,2
2026-02-12 15:51:00,1770911519999,HBAR,1m,0.093527,0.093527,0.093527,0.093527,0.0,0
2026-02-12 15:52:00,1770911579999,HBAR,1m,0.093562,0.093562,0.093562,0.093562,2250.0,1
2026-02-12 15:53:00,1770911639999,HBAR,1m,0.093128,0.093128,0.093128,0.093128,163.0,1
2026-02-12 15:54:00,1770911699999,HBAR,1m,0.093128,0.093128,0.093128,0.093128,0.0,0
2026-02-12 15:55:00,1770911759999,HBAR,1m,0.092877,0.092858,0.092877,0.092858,11673.0,3
2026-02-12 15:56:00,1770911819999,HBAR,1m,0.092858,0.092858,0.092858,0.092858,0.0,0
2026-02-12 15:57:00,1770911879999,HBAR,1m,0.092853,0.09287,0.09287,0.092853,1155.0,2
2026-02-12 15:58:00,1770911939999,HBAR,1m,0.09287,0.09287,0.09287,0.09287,0.0,0
2026-02-12 15:59:00,1770911999999,HBAR,1m,0.092782,0.092713,0.092782,0.092713,37483.0,4
2026-02-12 16:00:00,1770912059999,HBAR,1m,0.092742,0.092878,0.092878,0.092742,39198.0,7
2026-02-12 16:01:00,1770912119999,HBAR,1m,0.092798,0.092798,0.092798,0.092798,127.0,1
2026-02-12 16:02:00,1770912179999,HBAR,1m,0.092744,0.092757,0.092757,0.09267,91110.0,12
2026-02-12 16:03:00,1770912239999,HBAR,1m,0.09291,0.092927,0.092927,0.092787,13174.0,4
2026-02-12 16:04:00,1770912299999,HBAR,1m,0.092927,0.092927,0.092927,0.092927,0.0,0
2026-02-12 16:05:00,1770912359999,HBAR,1m,0.092702,0.092625,0.092702,0.092625,2437.0,2
2026-02-12 16:06:00,1770912419999,HBAR,1m,0.092475,0.09232,0.092475,0.09232,65353.0,10
2026-02-12 16:07:00,1770912479999,HBAR,1m,0.092164,0.092058,0.092164,0.092058,151234.0,21
2026-02-12 16:08:00,1770912539999,HBAR,1m,0.091973,0.091973,0.091973,0.091973,541.0,1
2026-02-12 16:09:00,1770912599999,HBAR,1m,0.091933,0.091933,0.091933,0.091933,2.0,1
2026-02-12 16:10:00,1770912659999,HBAR,1m,0.091951,0.09214,0.092167,0.091951,11922.0,6
2026-02-12 16:11:00,1770912719999,HBAR,1m,0.091902,0.091841,0.091902,0.091841,544.0,2
2026-02-12 16:12:00,1770912779999,HBAR,1m,0.091859,0.0921,0.0921,0.091851,23466.0,5
2026-02-12 16:13:00,1770912839999,HBAR,1m,0.0921,0.0921,0.0921,0.0921,0.0,0
2026-02-12 16:14:00,1770912899999,HBAR,1m,0.092068,0.091826,0.092068,0.091813,31383.0,8
2026-02-12 16:15:00,1770912959999,HBAR,1m,0.091813,0.091671,0.091813,0.091654,59874.0,18
2026-02-12 16:16:00,1770913019999,HBAR,1m,0.091792,0.091764,0.091813,0.091757,30384.0,6
2026-02-12 16:17:00,1770913079999,HBAR,1m,0.091894,0.092161,0.092189,0.091894,49800.0,6
2026-02-12 16:18:00,1770913139999,HBAR,1m,0.092166,0.091833,0.092166,0.091833,46293.0,11
2026-02-12 16:19:00,1770913199999,HBAR,1m,0.091564,0.091554,0.091564,0.091554,29777.0,4
2026-02-12 16:20:00,1770913259999,HBAR,1m,0.091472,0.091526,0.091526,0.091472,26239.0,5
2026-02-12 16:21:00,1770913319999,HBAR,1m,0.091487,0.091392,0.091487,0.091392,20816.0,6
2026-02-12 16:22:00,1770913379999,HBAR,1m,0.091215,0.091303,0.091303,0.091191,134905.0,24
2026-02-12 16:23:00,1770913439999,HBAR,1m,0.0913,0.091506,0.091537,0.0913,34939.0,14
2026-02-12 16:24:00,1770913499999,HBAR,1m,0.091626,0.091441,0.091678,0.091441,18273.0,10
2026-02-12 16:25:00,1770913559999,HBAR,1m,0.091451,0.091393,0.091528,0.091393,14622.0,11
2026-02-12 16:26:00,1770913619999,HBAR,1m,0.091329,0.091306,0.091491,0.091306,24336.0,9
2026-02-12 16:27:00,1770913679999,HBAR,1m,0.091126,0.091149,0.091149,0.091116,5818.0,3
2026-02-12 16:28:00,1770913739999,HBAR,1m,0.091101,0.091059,0.09112,0.091056,12948.0,6
2026-02-12 16:29:00,1770913799999,HBAR,1m,0.091192,0.091185,0.091192,0.091185,1356.0,2
2026-02-12 16:30:00,1770913859999,HBAR,1m,0.091252,0.091163,0.091294,0.091163,19964.0,8
2026-02-12 16:31:00,1770913919999,HBAR,1m,0.091165,0.09132,0.09132,0.091044,7347.0,5
2026-02-12 16:32:00,1770913979999,HBAR,1m,0.09118,0.091156,0.0913,0.091152,109956.0,16
2026-02-12 16:33:00,1770914039999,HBAR,1m,0.091085,0.09117,0.091172,0.091085,18428.0,4
2026-02-12 16:34:00,1770914099999,HBAR,1m,0.091201,0.091303,0.09136,0.091173,147671.0,17
2026-02-12 16:35:00,1770914159999,HBAR,1m,0.091521,0.091538,0.091572,0.091476,123350.0,15
2026-02-12 16:36:00,1770914219999,HBAR,1m,0.091482,0.091477,0.091482,0.091477,1099.0,2
2026-02-12 16:37:00,1770914279999,HBAR,1m,0.091935,0.091935,0.091935,0.091935,2250.0,1
2026-02-12 16:38:00,1770914339999,HBAR,1m,0.091773,0.091839,0.091839,0.091773,54476.0,6
2026-02-12 16:39:00,1770914399999,HBAR,1m,0.091721,0.091622,0.091756,0.091622,28743.0,7
2026-02-12 16:40:00,1770914459999,HBAR,1m,0.091644,0.091644,0.091644,0.091644,9711.0,2
2026-02-12 16:41:00,1770914519999,HBAR,1m,0.091791,0.091851,0.091851,0.091753,839.0,3
2026-02-12 16:42:00,1770914579999,HBAR,1m,0.091835,0.091835,0.091835,0.091835,172.0,1
2026-02-12 16:43:00,1770914639999,HBAR,1m,0.091835,0.091835,0.091835,0.091835,0.0,0
2026-02-12 16:44:00,1770914699999,HBAR,1m,0.09159,0.091564,0.09159,0.091564,24024.0,7
2026-02-12 16:45:00,1770914759999,HBAR,1m,0.091606,0.091576,0.091606,0.091576,2239.0,5
2026-02-12 16:46:00,1770914819999,HBAR,1m,0.091455,0.091263,0.091576,0.091263,8346.0,3
2026-02-12 16:47:00,1770914879999,HBAR,1m,0.091301,0.091301,0.091301,0.091301,2765.0,1
2026-02-12 16:48:00,1770914939999,HBAR,1m,0.091295,0.091295,0.091295,0.091295,5477.0,1
2026-02-12 16:49:00,1770914999999,HBAR,1m,0.091113,0.091255,0.091255,0.091113,21166.0,6
2026-02-12 16:50:00,1770915059999,HBAR,1m,0.091305,0.091324,0.091354,0.091305,20678.0,5
2026-02-12 16:51:00,1770915119999,HBAR,1m,0.091312,0.091228,0.091312,0.091228,23882.0,7
2026-02-12 16:52:00,1770915179999,HBAR,1m,0.091228,0.091228,0.091228,0.091228,0.0,0
2026-02-12 16:53:00,1770915239999,HBAR,1m,0.090919,0.09081,0.090919,0.09081,11961.0,2
2026-02-12 16:54:00,1770915299999,HBAR,1m,0.090617,0.090495,0.090617,0.090495,45710.0,15
2026-02-12 16:55:00,1770915359999,HBAR,1m,0.090604,0.090646,0.090646,0.090604,1325.0,3
2026-02-12 16:56:00,1770915419999,HBAR,1m,0.090709,0.090729,0.090729,0.090709,397.0,2
2026-02-12 16:57:00,1770915479999,HBAR,1m,0.090713,0.090713,0.090713,0.090713,199.0,1
2026-02-12 16:58:00,1770915539999,HBAR,1m,0.090711,0.090711,0.090711,0.090711,248.0,1
2026-02-12 16:59:00,1770915599999,HBAR,1m,0.090711,0.090711,0.090711,0.090711,0.0,0
2026-02-12 17:00:00,1770915659999,HBAR,1m,0.090819,0.090735,0.090819,0.090735,2039.0,5
2026-02-12 17:01:00,1770915719999,HBAR,1m,0.090683,0.090844,0.090844,0.090683,5414.0,2
2026-02-12 17:02:00,1770915779999,HBAR,1m,0.090883,0.090839,0.090883,0.090839,3817.0,2
2026-02-12 17:03:00,1770915839999,HBAR,1m,0.091148,0.091063,0.091148,0.091063,5265.0,2
2026-02-12 17:04:00,1770915899999,HBAR,1m,0.091037,0.090943,0.091037,0.090908,83170.0,11
2026-02-12 17:05:00,1770915959999,HBAR,1m,0.090611,0.090611,0.090611,0.090611,169.0,1
2026-02-12 17:06:00,1770916019999,HBAR,1m,0.090627,0.090627,0.090627,0.090627,214.0,1
2026-02-12 17:07:00,1770916079999,HBAR,1m,0.090852,0.090852,0.090852,0.090852,337.0,1
2026-02-12 17:08:00,1770916139999,HBAR,1m,0.090995,0.090992,0.090995,0.090992,462.0,2
2026-02-12 17:09:00,1770916199999,HBAR,1m,0.090898,0.091031,0.091031,0.090898,5221.0,2
2026-02-12 17:10:00,1770916259999,HBAR,1m,0.091016,0.091016,0.091016,0.091016,217.0,1
2026-02-12 17:11:00,1770916319999,HBAR,1m,0.090754,0.09069,0.090754,0.09069,423.0,2
2026-02-12 17:12:00,1770916379999,HBAR,1m,0.090752,0.090752,0.090752,0.090752,186.0,1
2026-02-12 17:13:00,1770916439999,HBAR,1m,0.090752,0.090752,0.090752,0.090752,0.0,0
2026-02-12 17:14:00,1770916499999,HBAR,1m,0.090773,0.090784,0.090794,0.09074,23447.0,7
2026-02-12 17:15:00,1770916559999,HBAR,1m,0.090773,0.090773,0.090773,0.090773,156.0,1
2026-02-12 17:16:00,1770916619999,HBAR,1m,0.090623,0.090623,0.090623,0.090623,9610.0,2
2026-02-12 17:17:00,1770916679999,HBAR,1m,0.090703,0.090703,0.090703,0.090703,174.0,1
2026-02-12 17:18:00,1770916739999,HBAR,1m,0.090548,0.090548,0.090548,0.090548,191.0,1
2026-02-12 17:19:00,1770916799999,HBAR,1m,0.090548,0.090548,0.090548,0.090548,0.0,0
2026-02-12 17:20:00,1770916859999,HBAR,1m,0.090548,0.090548,0.090548,0.090548,0.0,0
2026-02-12 17:21:00,1770916919999,HBAR,1m,0.090548,0.090548,0.090548,0.090548,0.0,0
2026-02-12 17:22:00,1770916979999,HBAR,1m,0.09098,0.091024,0.091024,0.09098,24332.0,5
2026-02-12 17:23:00,1770917039999,HBAR,1m,0.09126,0.09119,0.09126,0.09119,9339.0,4
2026-02-12 17:24:00,1770917099999,HBAR,1m,0.091279,0.091345,0.091345,0.091279,76746.0,7
2026-02-12 17:25:00,1770917159999,HBAR,1m,0.091227,0.091227,0.091227,0.091227,439.0,1
2026-02-12 17:26:00,1770917219999,HBAR,1m,0.091409,0.091409,0.091409,0.091409,396.0,1
2026-02-12 17:27:00,1770917279999,HBAR,1m,0.091409,0.091409,0.091409,0.091409,0.0,0
2026-02-12 17:28:00,1770917339999,HBAR,1m,0.091464,0.091429,0.091489,0.091429,3624.0,5
2026-02-12 17:29:00,1770917399999,HBAR,1m,0.091136,0.091136,0.091136,0.091136,319.0,1
2026-02-12 17:30:00,1770917459999,HBAR,1m,0.091136,0.091136,0.091136,0.091136,0.0,0
2026-02-12 17:31:00,1770917519999,HBAR,1m,0.090996,0.090996,0.090996,0.090996,258.0,1
2026-02-12 17:32:00,1770917579999,HBAR,1m,0.090797,0.090777,0.090797,0.090777,19716.0,3
2026-02-12 17:33:00,1770917639999,HBAR,1m,0.090598,0.090746,0.090746,0.090598,463.0,2
2026-02-12 17:34:00,1770917699999,HBAR,1m,0.090824,0.090824,0.090825,0.090824,10156.0,3
2026-02-12 17:35:00,1770917759999,HBAR,1m,0.090845,0.090806,0.090845,0.090806,2893.0,4
2026-02-12 17:36:00,1770917819999,HBAR,1m,0.090806,0.090806,0.090806,0.090806,0.0,0
2026-02-12 17:37:00,1770917879999,HBAR,1m,0.090651,0.090755,0.090755,0.090651,13164.0,3
2026-02-12 17:38:00,1770917939999,HBAR,1m,0.091021,0.090941,0.091111,0.090913,100583.0,11
2026-02-12 17:39:00,1770917999999,HBAR,1m,0.090898,0.090915,0.090915,0.090798,578.0,3
2026-02-12 17:40:00,1770918059999,HBAR,1m,0.090869,0.090869,0.090869,0.090869,257.0,1
2026-02-12 17:41:00,1770918119999,HBAR,1m,0.091031,0.091031,0.091031,0.091031,195.0,1
2026-02-12 17:42:00,1770918179999,HBAR,1m,0.090885,0.090885,0.090885,0.090885,297.0,1
2026-02-12 17:43:00,1770918239999,HBAR,1m,0.090885,0.090885,0.090885,0.090885,0.0,0
2026-02-12 17:44:00,1770918299999,HBAR,1m,0.090885,0.090885,0.090885,0.090885,0.0,0
2026-02-12 17:45:00,1770918359999,HBAR,1m,0.090622,0.090622,0.090622,0.090622,4945.0,1
2026-02-12 17:46:00,1770918419999,HBAR,1m,0.090498,0.090498,0.090498,0.090498,196.0,1
2026-02-12 17:47:00,1770918479999,HBAR,1m,0.09033,0.090381,0.090381,0.09033,418.0,2
2026-02-12 17:48:00,1770918539999,HBAR,1m,0.090359,0.090235,0.090359,0.090235,37545.0,6
2026-02-12 17:49:00,1770918599999,HBAR,1m,0.090423,0.090412,0.090423,0.090412,313.0,2
2026-02-12 17:50:00,1770918659999,HBAR,1m,0.090412,0.090412,0.090412,0.090412,0.0,0
2026-02-12 17:51:00,1770918719999,HBAR,1m,0.090415,0.090383,0.090415,0.090383,1139.0,2
2026-02-12 17:52:00,1770918779999,HBAR,1m,0.090383,0.090383,0.090383,0.090383,0.0,0
2026-02-12 17:53:00,1770918839999,HBAR,1m,0.090419,0.090054,0.090419,0.090054,4910.0,6
2026-02-12 17:54:00,1770918899999,HBAR,1m,0.090053,0.090056,0.090056,0.090044,71688.0,13
2026-02-12 17:55:00,1770918959999,HBAR,1m,0.090056,0.090056,0.090056,0.090056,0.0,0
2026-02-12 17:56:00,1770919019999,HBAR,1m,0.09,0.089979,0.09,0.089979,82287.0,14
2026-02-12 17:57:00,1770919079999,HBAR,1m,0.090197,0.09025,0.09025,0.090197,8799.0,4
2026-02-12 17:58:00,1770919139999,HBAR,1m,0.090106,0.090106,0.090106,0.090106,192.0,1
2026-02-12 17:59:00,1770919199999,HBAR,1m,0.090124,0.090125,0.090125,0.090124,364.0,2
2026-02-12 18:00:00,1770919259999,HBAR,1m,0.090177,0.09017,0.090177,0.09017,3177.0,3
2026-02-12 18:01:00,1770919319999,HBAR,1m,0.090293,0.090399,0.090399,0.090293,2520.0,2
2026-02-12 18:02:00,1770919379999,HBAR,1m,0.090399,0.090399,0.090399,0.090399,0.0,0
2026-02-12 18:03:00,1770919439999,HBAR,1m,0.090451,0.090451,0.090451,0.090451,3362.0,1
2026-02-12 18:04:00,1770919499999,HBAR,1m,0.090503,0.090503,0.090503,0.090503,213.0,1
2026-02-12 18:05:00,1770919559999,HBAR,1m,0.090582,0.090582,0.090582,0.090582,183.0,1
2026-02-12 18:06:00,1770919619999,HBAR,1m,0.090582,0.090582,0.090582,0.090582,0.0,0
2026-02-12 18:07:00,1770919679999,HBAR,1m,0.090836,0.090836,0.090836,0.090836,169.0,1
2026-02-12 18:08:00,1770919739999,HBAR,1m,0.090875,0.090815,0.09089,0.090815,2119.0,6
2026-02-12 18:09:00,1770919799999,HBAR,1m,0.090891,0.090891,0.090891,0.090891,311.0,1
2026-02-12 18:10:00,1770919859999,HBAR,1m,0.090891,0.090891,0.090891,0.090891,0.0,0
2026-02-12 18:11:00,1770919919999,HBAR,1m,0.090891,0.090891,0.090891,0.090891,0.0,0
2026-02-12 18:12:00,1770919979999,HBAR,1m,0.090891,0.090891,0.090891,0.090891,0.0,0
2026-02-12 18:13:00,1770920039999,HBAR,1m,0.090615,0.090615,0.090615,0.090615,248.0,1
2026-02-12 18:14:00,1770920099999,HBAR,1m,0.090615,0.090615,0.090615,0.090615,0.0,0
2026-02-12 18:15:00,1770920159999,HBAR,1m,0.090724,0.090724,0.090724,0.090724,157.0,1
2026-02-12 18:16:00,1770920219999,HBAR,1m,0.090673,0.090722,0.090722,0.090673,379.0,2
2026-02-12 18:17:00,1770920279999,HBAR,1m,0.090722,0.090722,0.090722,0.090722,0.0,0
2026-02-12 18:18:00,1770920339999,HBAR,1m,0.090547,0.090465,0.090547,0.090465,63580.0,7
2026-02-12 18:19:00,1770920399999,HBAR,1m,0.090454,0.090454,0.090454,0.090454,240.0,1
2026-02-12 18:20:00,1770920459999,HBAR,1m,0.090269,0.090303,0.090436,0.090269,315.0,3
2026-02-12 18:21:00,1770920519999,HBAR,1m,0.090343,0.090301,0.090343,0.09023,473091.0,18
2026-02-12 18:22:00,1770920579999,HBAR,1m,0.090286,0.090272,0.090286,0.090272,2274.0,2
2026-02-12 18:23:00,1770920639999,HBAR,1m,0.090272,0.090272,0.090272,0.090272,0.0,0
2026-02-12 18:24:00,1770920699999,HBAR,1m,0.090348,0.090399,0.090427,0.090348,931.0,4
2026-02-12 18:25:00,1770920759999,HBAR,1m,0.090116,0.090116,0.090116,0.090116,591.0,2
2026-02-12 18:26:00,1770920819999,HBAR,1m,0.090325,0.09018,0.090325,0.09018,118.0,2
2026-02-12 18:27:00,1770920879999,HBAR,1m,0.090416,0.090322,0.090416,0.090322,112875.0,13
2026-02-12 18:28:00,1770920939999,HBAR,1m,0.090224,0.090224,0.090224,0.090224,192.0,1
2026-02-12 18:29:00,1770920999999,HBAR,1m,0.090108,0.090077,0.090108,0.090077,354.0,2
2026-02-12 18:30:00,1770921059999,HBAR,1m,0.090056,0.090041,0.09006,0.090041,2596.0,4
2026-02-12 18:31:00,1770921119999,HBAR,1m,0.08999,0.08999,0.08999,0.08999,185.0,1
2026-02-12 18:32:00,1770921179999,HBAR,1m,0.08999,0.08999,0.08999,0.08999,0.0,0
2026-02-12 18:33:00,1770921239999,HBAR,1m,0.090014,0.090095,0.09018,0.090014,227044.0,23
2026-02-12 18:34:00,1770921299999,HBAR,1m,0.09011,0.09011,0.09011,0.09011,194.0,1
2026-02-12 18:35:00,1770921359999,HBAR,1m,0.090079,0.090325,0.09035,0.090079,26574.0,7
2026-02-12 18:36:00,1770921419999,HBAR,1m,0.09034,0.090297,0.090377,0.090297,36610.0,11
2026-02-12 18:37:00,1770921479999,HBAR,1m,0.090239,0.090324,0.090352,0.090239,21673.0,12
2026-02-12 18:38:00,1770921539999,HBAR,1m,0.090363,0.090427,0.090506,0.09034,45691.0,12
2026-02-12 18:39:00,1770921599999,HBAR,1m,0.090397,0.090435,0.090435,0.090397,9136.0,4
2026-02-12 18:40:00,1770921659999,HBAR,1m,0.090458,0.090305,0.090458,0.090305,9310.0,4
2026-02-12 18:41:00,1770921719999,HBAR,1m,0.090242,0.090217,0.090242,0.090217,742.0,3
2026-02-12 18:42:00,1770921779999,HBAR,1m,0.090231,0.090231,0.090231,0.090231,196.0,1
2026-02-12 18:43:00,1770921839999,HBAR,1m,0.090191,0.090191,0.090191,0.090191,362.0,1
2026-02-12 18:44:00,1770921899999,HBAR,1m,0.090191,0.090191,0.090191,0.090191,0.0,0
2026-02-12 18:45:00,1770921959999,HBAR,1m,0.090318,0.090389,0.090399,0.090317,22331.0,6
2026-02-12 18:46:00,1770922019999,HBAR,1m,0.09035,0.09044,0.09044,0.09035,17190.0,6
2026-02-12 18:47:00,1770922079999,HBAR,1m,0.090504,0.090638,0.090784,0.090504,97748.0,16
2026-02-12 18:48:00,1770922139999,HBAR,1m,0.090607,0.090607,0.090607,0.090607,179.0,1
2026-02-12 18:49:00,1770922199999,HBAR,1m,0.090611,0.090573,0.090611,0.090573,234.0,2
2026-02-12 18:50:00,1770922259999,HBAR,1m,0.090494,0.090494,0.090494,0.090494,212.0,1
2026-02-12 18:51:00,1770922319999,HBAR,1m,0.090433,0.090517,0.090517,0.090433,607.0,3
2026-02-12 18:52:00,1770922379999,HBAR,1m,0.090517,0.090517,0.090517,0.090517,0.0,0
2026-02-12 18:53:00,1770922439999,HBAR,1m,0.090517,0.090517,0.090517,0.090517,0.0,0
2026-02-12 18:54:00,1770922499999,HBAR,1m,0.090536,0.090578,0.090578,0.090536,388.0,2
2026-02-12 18:55:00,1770922559999,HBAR,1m,0.090578,0.090578,0.090578,0.090578,0.0,0
2026-02-12 18:56:00,1770922619999,HBAR,1m,0.090578,0.090578,0.090578,0.090578,0.0,0
2026-02-12 18:57:00,1770922679999,HBAR,1m,0.090429,0.090449,0.090449,0.090429,529.0,3
2026-02-12 18:58:00,1770922739999,HBAR,1m,0.09053,0.09053,0.09053,0.09053,2250.0,1
2026-02-12 18:59:00,1770922799999,HBAR,1m,0.09056,0.090507,0.09056,0.090507,421.0,2
2026-02-12 19:00:00,1770922859999,HBAR,1m,0.090605,0.090605,0.090605,0.090605,6969.0,1
2026-02-12 19:01:00,1770922919999,HBAR,1m,0.090791,0.090791,0.090791,0.090791,157.0,1
2026-02-12 19:02:00,1770922979999,HBAR,1m,0.090709,0.090709,0.090709,0.090709,177.0,1
2026-02-12 19:03:00,1770923039999,HBAR,1m,0.090736,0.090686,0.090736,0.090686,550.0,2
2026-02-12 19:04:00,1770923099999,HBAR,1m,0.090686,0.090686,0.090686,0.090686,0.0,0
2026-02-12 19:05:00,1770923159999,HBAR,1m,0.090706,0.090706,0.090706,0.090706,290.0,1
2026-02-12 19:06:00,1770923219999,HBAR,1m,0.090706,0.090647,0.090706,0.090647,12913.0,8
2026-02-12 19:07:00,1770923279999,HBAR,1m,0.090651,0.090641,0.090651,0.090641,430.0,2
2026-02-12 19:08:00,1770923339999,HBAR,1m,0.090641,0.090641,0.090641,0.090641,0.0,0
2026-02-12 19:09:00,1770923399999,HBAR,1m,0.090767,0.090596,0.090767,0.090596,377.0,2
2026-02-12 19:10:00,1770923459999,HBAR,1m,0.090625,0.090625,0.090625,0.090625,266.0,1
2026-02-12 19:11:00,1770923519999,HBAR,1m,0.090385,0.090325,0.090385,0.090325,2622.0,2
2026-02-12 19:12:00,1770923579999,HBAR,1m,0.090344,0.090344,0.090344,0.090344,553.0,1
2026-02-12 19:13:00,1770923639999,HBAR,1m,0.090344,0.090344,0.090344,0.090344,0.0,0
2026-02-12 19:14:00,1770923699999,HBAR,1m,0.090649,0.090622,0.090649,0.090622,959.0,2
2026-02-12 19:15:00,1770923759999,HBAR,1m,0.090709,0.090709,0.090709,0.090709,321.0,1
2026-02-12 19:16:00,1770923819999,HBAR,1m,0.090835,0.090755,0.090835,0.090755,10266.0,3
2026-02-12 19:17:00,1770923879999,HBAR,1m,0.090755,0.090755,0.090755,0.090755,0.0,0
2026-02-12 19:18:00,1770923939999,HBAR,1m,0.090845,0.090845,0.090845,0.090845,177.0,1
2026-02-12 19:19:00,1770923999999,HBAR,1m,0.090896,0.090916,0.090916,0.090896,11044.0,3
2026-02-12 19:20:00,1770924059999,HBAR,1m,0.09094,0.090749,0.09094,0.090749,32338.0,8
2026-02-12 19:21:00,1770924119999,HBAR,1m,0.090828,0.090828,0.090828,0.090828,187.0,1
2026-02-12 19:22:00,1770924179999,HBAR,1m,0.090828,0.090828,0.090828,0.090828,0.0,0
2026-02-12 19:23:00,1770924239999,HBAR,1m,0.091068,0.091078,0.091078,0.091068,654.0,3
2026-02-12 19:24:00,1770924299999,HBAR,1m,0.09132,0.091327,0.091327,0.09132,30238.0,4
2026-02-12 19:25:00,1770924359999,HBAR,1m,0.091309,0.091309,0.091309,0.091309,211.0,1
2026-02-12 19:26:00,1770924419999,HBAR,1m,0.091309,0.091309,0.091309,0.091309,0.0,0
2026-02-12 19:27:00,1770924479999,HBAR,1m,0.091154,0.091154,0.091154,0.091154,192.0,1
2026-02-12 19:28:00,1770924539999,HBAR,1m,0.091154,0.091154,0.091154,0.091154,0.0,0
2026-02-12 19:29:00,1770924599999,HBAR,1m,0.091154,0.091154,0.091154,0.091154,0.0,0
2026-02-12 19:30:00,1770924659999,HBAR,1m,0.091283,0.091283,0.091283,0.091283,486.0,1
2026-02-12 19:31:00,1770924719999,HBAR,1m,0.091376,0.091457,0.091457,0.091376,2871.0,4
2026-02-12 19:32:00,1770924779999,HBAR,1m,0.091527,0.091527,0.091527,0.091527,167.0,1
2026-02-12 19:33:00,1770924839999,HBAR,1m,0.091447,0.091447,0.091447,0.091447,193.0,1
2026-02-12 19:34:00,1770924899999,HBAR,1m,0.09126,0.09126,0.09126,0.09126,198.0,1
2026-02-12 19:35:00,1770924959999,HBAR,1m,0.091154,0.091154,0.091154,0.091154,274.0,1
2026-02-12 19:36:00,1770925019999,HBAR,1m,0.091367,0.091463,0.091463,0.091367,557.0,2
2026-02-12 19:37:00,1770925079999,HBAR,1m,0.091463,0.091463,0.091463,0.091463,0.0,0
2026-02-12 19:38:00,1770925139999,HBAR,1m,0.091368,0.09129,0.091368,0.09129,398.0,2
2026-02-12 19:39:00,1770925199999,HBAR,1m,0.091354,0.091455,0.091455,0.091354,219034.0,16
2026-02-12 19:40:00,1770925259999,HBAR,1m,0.091317,0.091357,0.091357,0.091317,478.0,2
2026-02-12 19:41:00,1770925319999,HBAR,1m,0.091357,0.091357,0.091357,0.091357,0.0,0
2026-02-12 19:42:00,1770925379999,HBAR,1m,0.091246,0.091246,0.091246,0.091246,189.0,1
2026-02-12 19:43:00,1770925439999,HBAR,1m,0.091246,0.091246,0.091246,0.091246,0.0,0
2026-02-12 19:44:00,1770925499999,HBAR,1m,0.091344,0.091344,0.091344,0.091344,443.0,1
2026-02-12 19:45:00,1770925559999,HBAR,1m,0.091344,0.091344,0.091344,0.091344,0.0,0
2026-02-12 19:46:00,1770925619999,HBAR,1m,0.091344,0.091344,0.091344,0.091344,0.0,0
2026-02-12 19:47:00,1770925679999,HBAR,1m,0.091344,0.091344,0.091344,0.091344,0.0,0
2026-02-12 19:48:00,1770925739999,HBAR,1m,0.091178,0.091178,0.091178,0.091178,2250.0,1
2026-02-12 19:49:00,1770925799999,HBAR,1m,0.091178,0.091178,0.091178,0.091178,0.0,0
2026-02-12 19:50:00,1770925859999,HBAR,1m,0.091178,0.091178,0.091178,0.091178,0.0,0
2026-02-12 19:51:00,1770925919999,HBAR,1m,0.091178,0.091178,0.091178,0.091178,0.0,0
2026-02-12 19:52:00,1770925979999,HBAR,1m,0.0909,0.090872,0.090901,0.090872,31533.0,5
2026-02-12 19:53:00,1770926039999,HBAR,1m,0.090872,0.090872,0.090872,0.090872,0.0,0
2026-02-12 19:54:00,1770926099999,HBAR,1m,0.090894,0.090894,0.090894,0.090894,169.0,1
2026-02-12 19:55:00,1770926159999,HBAR,1m,0.09085,0.09085,0.09085,0.09085,182.0,1
2026-02-12 19:56:00,1770926219999,HBAR,1m,0.09085,0.09085,0.09085,0.09085,0.0,0
2026-02-12 19:57:00,1770926279999,HBAR,1m,0.09085,0.09085,0.09085,0.09085,0.0,0
2026-02-12 19:58:00,1770926339999,HBAR,1m,0.09085,0.09085,0.09085,0.09085,0.0,0
2026-02-12 19:59:00,1770926399999,HBAR,1m,0.09085,0.09085,0.09085,0.09085,0.0,0
2026-02-12 20:00:00,1770926459999,HBAR,1m,0.090827,0.090758,0.090827,0.090758,410.0,2
2026-02-12 20:01:00,1770926519999,HBAR,1m,0.090758,0.090758,0.090758,0.090758,0.0,0
2026-02-12 20:02:00,1770926579999,HBAR,1m,0.090724,0.090724,0.090724,0.090724,7946.0,1
2026-02-12 20:03:00,1770926639999,HBAR,1m,0.090724,0.090724,0.090724,0.090724,0.0,0
2026-02-12 20:04:00,1770926699999,HBAR,1m,0.090572,0.090582,0.090582,0.090572,759.0,2
2026-02-12 20:05:00,1770926759999,HBAR,1m,0.090651,0.090668,0.090668,0.090651,5405.0,3
2026-02-12 20:06:00,1770926819999,HBAR,1m,0.090668,0.090668,0.090668,0.090668,0.0,0
2026-02-12 20:07:00,1770926879999,HBAR,1m,0.090668,0.090668,0.090668,0.090668,0.0,0
2026-02-12 20:08:00,1770926939999,HBAR,1m,0.090724,0.090677,0.090724,0.090677,2762.0,10
2026-02-12 20:09:00,1770926999999,HBAR,1m,0.090562,0.090551,0.090562,0.090551,4500.0,2
2026-02-12 20:10:00,1770927059999,HBAR,1m,0.090495,0.090468,0.090495,0.090462,9187.0,6
2026-02-12 20:11:00,1770927119999,HBAR,1m,0.090292,0.090292,0.090292,0.090292,2250.0,1
2026-02-12 20:12:00,1770927179999,HBAR,1m,0.09047,0.09047,0.09047,0.09047,156.0,1
2026-02-12 20:13:00,1770927239999,HBAR,1m,0.090623,0.090623,0.090623,0.090623,1312.0,1
2026-02-12 20:14:00,1770927299999,HBAR,1m,0.090627,0.090627,0.090627,0.090627,1578.0,2
2026-02-12 20:15:00,1770927359999,HBAR,1m,0.090734,0.090742,0.090763,0.090734,1747.0,3
2026-02-12 20:16:00,1770927419999,HBAR,1m,0.090742,0.090742,0.090742,0.090742,0.0,0
2026-02-12 20:17:00,1770927479999,HBAR,1m,0.090806,0.09083,0.090931,0.090806,569544.0,22
2026-02-12 20:18:00,1770927539999,HBAR,1m,0.090864,0.090864,0.090864,0.090864,439.0,1
2026-02-12 20:19:00,1770927599999,HBAR,1m,0.090889,0.090889,0.090889,0.090889,176.0,1
2026-02-12 20:20:00,1770927659999,HBAR,1m,0.090889,0.090889,0.090889,0.090889,0.0,0
2026-02-12 20:21:00,1770927719999,HBAR,1m,0.090656,0.090665,0.090665,0.090656,398.0,2
2026-02-12 20:22:00,1770927779999,HBAR,1m,0.090665,0.090665,0.090665,0.090665,216.0,1
2026-02-12 20:23:00,1770927839999,HBAR,1m,0.090665,0.090665,0.090665,0.090665,0.0,0
2026-02-12 20:24:00,1770927899999,HBAR,1m,0.090523,0.090576,0.090576,0.090523,4306.0,2
2026-02-12 20:25:00,1770927959999,HBAR,1m,0.090659,0.090659,0.090659,0.090659,347.0,1
2026-02-12 20:26:00,1770928019999,HBAR,1m,0.090659,0.090659,0.090659,0.090659,0.0,0
2026-02-12 20:27:00,1770928079999,HBAR,1m,0.090549,0.09057,0.09057,0.090549,681.0,2
2026-02-12 20:28:00,1770928139999,HBAR,1m,0.090625,0.090625,0.090625,0.090625,207.0,1
2026-02-12 20:29:00,1770928199999,HBAR,1m,0.090647,0.090647,0.090647,0.090647,176.0,1
2026-02-12 20:30:00,1770928259999,HBAR,1m,0.09053,0.090528,0.09053,0.090528,1860.0,2
2026-02-12 20:31:00,1770928319999,HBAR,1m,0.090528,0.090528,0.090528,0.090528,0.0,0
2026-02-12 20:32:00,1770928379999,HBAR,1m,0.090468,0.090507,0.090514,0.090468,1242.0,4
2026-02-12 20:33:00,1770928439999,HBAR,1m,0.090535,0.090605,0.090605,0.090535,4800.0,7
2026-02-12 20:34:00,1770928499999,HBAR,1m,0.090613,0.090632,0.090632,0.090613,898.0,2
2026-02-12 20:35:00,1770928559999,HBAR,1m,0.090592,0.090636,0.090636,0.090592,752.0,2
2026-02-12 20:36:00,1770928619999,HBAR,1m,0.090687,0.090683,0.090687,0.090683,367.0,2
2026-02-12 20:37:00,1770928679999,HBAR,1m,0.090704,0.090704,0.090704,0.090704,442.0,1
2026-02-12 20:38:00,1770928739999,HBAR,1m,0.090704,0.090704,0.090704,0.090704,0.0,0
2026-02-12 20:39:00,1770928799999,HBAR,1m,0.090704,0.090704,0.090704,0.090704,0.0,0
2026-02-12 20:40:00,1770928859999,HBAR,1m,0.090704,0.090704,0.090704,0.090704,0.0,0
2026-02-12 20:41:00,1770928919999,HBAR,1m,0.09072,0.09072,0.09072,0.09072,249.0,1
2026-02-12 20:42:00,1770928979999,HBAR,1m,0.09072,0.09072,0.09072,0.09072,0.0,0
2026-02-12 20:43:00,1770929039999,HBAR,1m,0.090651,0.0906,0.090651,0.0906,744.0,2
2026-02-12 20:44:00,1770929099999,HBAR,1m,0.0906,0.0906,0.0906,0.0906,0.0,0
2026-02-12 20:45:00,1770929159999,HBAR,1m,0.090661,0.090661,0.090661,0.090661,197.0,1
2026-02-12 20:46:00,1770929219999,HBAR,1m,0.090638,0.09055,0.090669,0.09055,2237.0,4
2026-02-12 20:47:00,1770929279999,HBAR,1m,0.090337,0.090337,0.090337,0.090337,198.0,1
2026-02-12 20:48:00,1770929339999,HBAR,1m,0.090359,0.090359,0.090359,0.090359,553.0,1
2026-02-12 20:49:00,1770929399999,HBAR,1m,0.090408,0.090408,0.090408,0.090408,1335.0,1
2026-02-12 20:50:00,1770929459999,HBAR,1m,0.090246,0.090225,0.090246,0.090225,17720.0,4
2026-02-12 20:51:00,1770929519999,HBAR,1m,0.090225,0.090225,0.090225,0.090225,0.0,0
2026-02-12 20:52:00,1770929579999,HBAR,1m,0.090277,0.090277,0.090277,0.090277,156.0,1
2026-02-12 20:53:00,1770929639999,HBAR,1m,0.090282,0.090336,0.090336,0.090282,1261.0,2
2026-02-12 20:54:00,1770929699999,HBAR,1m,0.090355,0.090355,0.090355,0.090355,213.0,1
2026-02-12 20:55:00,1770929759999,HBAR,1m,0.090345,0.090345,0.090345,0.090345,116.0,1
2026-02-12 20:56:00,1770929819999,HBAR,1m,0.090252,0.090252,0.090252,0.090252,1660.0,1
2026-02-12 20:57:00,1770929879999,HBAR,1m,0.090252,0.090252,0.090252,0.090252,0.0,0
2026-02-12 20:58:00,1770929939999,HBAR,1m,0.090361,0.090417,0.090417,0.090361,11438.0,3
2026-02-12 20:59:00,1770929999999,HBAR,1m,0.0904,0.0904,0.0904,0.0904,170.0,1
2026-02-12 21:00:00,1770930059999,HBAR,1m,0.090535,0.090535,0.090535,0.090535,209.0,1
2026-02-12 21:01:00,1770930119999,HBAR,1m,0.090535,0.090535,0.090535,0.090535,0.0,0
2026-02-12 21:02:00,1770930179999,HBAR,1m,0.090535,0.090535,0.090535,0.090535,0.0,0
2026-02-12 21:03:00,1770930239999,HBAR,1m,0.090594,0.090639,0.090639,0.090594,1081.0,4
2026-02-12 21:04:00,1770930299999,HBAR,1m,0.090616,0.090616,0.090616,0.090616,488.0,1
2026-02-12 21:05:00,1770930359999,HBAR,1m,0.09063,0.090666,0.090666,0.090592,1521.0,6
2026-02-12 21:06:00,1770930419999,HBAR,1m,0.090604,0.090604,0.090604,0.090604,178.0,1
2026-02-12 21:07:00,1770930479999,HBAR,1m,0.090564,0.090555,0.090564,0.090555,746.0,2
2026-02-12 21:08:00,1770930539999,HBAR,1m,0.090555,0.090555,0.090555,0.090555,0.0,0
2026-02-12 21:09:00,1770930599999,HBAR,1m,0.090723,0.090723,0.090723,0.090723,285.0,2
2026-02-12 21:10:00,1770930659999,HBAR,1m,0.090634,0.090634,0.090634,0.090634,182.0,1
2026-02-12 21:11:00,1770930719999,HBAR,1m,0.090653,0.09065,0.090653,0.09065,816.0,3
2026-02-12 21:12:00,1770930779999,HBAR,1m,0.090704,0.090704,0.090704,0.090704,156.0,1
2026-02-12 21:13:00,1770930839999,HBAR,1m,0.09073,0.09073,0.09073,0.09073,212.0,2
2026-02-12 21:14:00,1770930899999,HBAR,1m,0.090732,0.090721,0.090732,0.090671,1146.0,5
2026-02-12 21:15:00,1770930959999,HBAR,1m,0.090721,0.090721,0.090721,0.090721,0.0,0
2026-02-12 21:16:00,1770931019999,HBAR,1m,0.090702,0.090702,0.090702,0.090702,204.0,1
2026-02-12 21:17:00,1770931079999,HBAR,1m,0.09073,0.09073,0.09073,0.09073,204.0,1
2026-02-12 21:18:00,1770931139999,HBAR,1m,0.090744,0.090892,0.090892,0.090744,549.0,3
2026-02-12 21:19:00,1770931199999,HBAR,1m,0.090843,0.0909,0.0909,0.090843,364.0,2
2026-02-12 21:20:00,1770931259999,HBAR,1m,0.090903,0.090903,0.090903,0.090903,323.0,1
2026-02-12 21:21:00,1770931319999,HBAR,1m,0.090853,0.090719,0.090853,0.090719,408.0,2
2026-02-12 21:22:00,1770931379999,HBAR,1m,0.090719,0.090719,0.090719,0.090719,0.0,0
2026-02-12 21:23:00,1770931439999,HBAR,1m,0.090694,0.090713,0.090713,0.090684,1464.0,3
2026-02-12 21:24:00,1770931499999,HBAR,1m,0.090803,0.090773,0.090803,0.090773,4107.0,2
2026-02-12 21:25:00,1770931559999,HBAR,1m,0.090791,0.090791,0.090791,0.090791,913.0,3
2026-02-12 21:26:00,1770931619999,HBAR,1m,0.090718,0.090718,0.090718,0.090718,358.0,1
2026-02-12 21:27:00,1770931679999,HBAR,1m,0.090781,0.090725,0.090781,0.090725,366.0,2
2026-02-12 21:28:00,1770931739999,HBAR,1m,0.090744,0.090809,0.090809,0.090744,676.0,2
2026-02-12 21:29:00,1770931799999,HBAR,1m,0.090794,0.090794,0.090794,0.090794,175.0,1
2026-02-12 21:30:00,1770931859999,HBAR,1m,0.090869,0.090774,0.090869,0.090774,366.0,2
2026-02-12 21:31:00,1770931919999,HBAR,1m,0.09076,0.09076,0.09076,0.09076,392.0,2
2026-02-12 21:32:00,1770931979999,HBAR,1m,0.090719,0.090719,0.090719,0.090719,182.0,1
2026-02-12 21:33:00,1770932039999,HBAR,1m,0.090764,0.09084,0.09084,0.090764,656.0,2
2026-02-12 21:34:00,1770932099999,HBAR,1m,0.090962,0.090991,0.090991,0.090962,1234.0,2
2026-02-12 21:35:00,1770932159999,HBAR,1m,0.09105,0.09105,0.09105,0.09105,207.0,1
2026-02-12 21:36:00,1770932219999,HBAR,1m,0.091073,0.091073,0.091073,0.091073,208.0,1
2026-02-12 21:37:00,1770932279999,HBAR,1m,0.091168,0.091116,0.091168,0.091098,705.0,3
2026-02-12 21:38:00,1770932339999,HBAR,1m,0.091023,0.091023,0.091023,0.091023,169.0,1
2026-02-12 21:39:00,1770932399999,HBAR,1m,0.091118,0.091118,0.091118,0.091118,176.0,1
2026-02-12 21:40:00,1770932459999,HBAR,1m,0.091118,0.091118,0.091118,0.091118,0.0,0
2026-02-12 21:41:00,1770932519999,HBAR,1m,0.091118,0.091118,0.091118,0.091118,0.0,0
2026-02-12 21:42:00,1770932579999,HBAR,1m,0.090889,0.090889,0.090889,0.090889,7969.0,2
2026-02-12 21:43:00,1770932639999,HBAR,1m,0.090889,0.090889,0.090889,0.090889,0.0,0
2026-02-12 21:44:00,1770932699999,HBAR,1m,0.090798,0.090777,0.090798,0.090777,2438.0,2
2026-02-12 21:45:00,1770932759999,HBAR,1m,0.090777,0.090777,0.090777,0.090777,2062.0,1
2026-02-12 21:46:00,1770932819999,HBAR,1m,0.090674,0.090724,0.090724,0.090674,573.0,2
2026-02-12 21:47:00,1770932879999,HBAR,1m,0.090694,0.090694,0.090694,0.090694,2250.0,1
2026-02-12 21:48:00,1770932939999,HBAR,1m,0.090616,0.090655,0.090655,0.090616,7128.0,5
2026-02-12 21:49:00,1770932999999,HBAR,1m,0.090655,0.090655,0.090655,0.090655,0.0,0
2026-02-12 21:50:00,1770933059999,HBAR,1m,0.090755,0.090755,0.090755,0.090755,182.0,2
2026-02-12 21:51:00,1770933119999,HBAR,1m,0.090755,0.090755,0.090755,0.090755,0.0,0
2026-02-12 21:52:00,1770933179999,HBAR,1m,0.090755,0.090755,0.090755,0.090755,0.0,0
2026-02-12 21:53:00,1770933239999,HBAR,1m,0.090755,0.090755,0.090755,0.090755,0.0,0
2026-02-12 21:54:00,1770933299999,HBAR,1m,0.090654,0.090652,0.090654,0.090652,6212.0,2
2026-02-12 21:55:00,1770933359999,HBAR,1m,0.090652,0.090652,0.090652,0.090652,0.0,0
2026-02-12 21:56:00,1770933419999,HBAR,1m,0.090652,0.090652,0.090652,0.090652,0.0,0
2026-02-12 21:57:00,1770933479999,HBAR,1m,0.090652,0.090652,0.090652,0.090652,0.0,0
2026-02-12 21:58:00,1770933539999,HBAR,1m,0.090746,0.090746,0.090746,0.090746,192.0,1
2026-02-12 21:59:00,1770933599999,HBAR,1m,0.090746,0.090746,0.090746,0.090746,0.0,0
2026-02-12 22:00:00,1770933659999,HBAR,1m,0.090844,0.090814,0.090844,0.090814,667.0,3
2026-02-12 22:01:00,1770933719999,HBAR,1m,0.090814,0.090814,0.090814,0.090814,0.0,0
2026-02-12 22:02:00,1770933779999,HBAR,1m,0.090883,0.090846,0.090883,0.090846,587.0,2
2026-02-12 22:03:00,1770933839999,HBAR,1m,0.090865,0.090865,0.090865,0.090865,177.0,1
2026-02-12 22:04:00,1770933899999,HBAR,1m,0.09088,0.09088,0.09088,0.09088,813.0,1
2026-02-12 22:05:00,1770933959999,HBAR,1m,0.090902,0.090902,0.090902,0.090902,538.0,2
2026-02-12 22:06:00,1770934019999,HBAR,1m,0.090928,0.091032,0.091032,0.090928,2870.0,8
2026-02-12 22:07:00,1770934079999,HBAR,1m,0.090981,0.090981,0.090981,0.090981,178.0,1
2026-02-12 22:08:00,1770934139999,HBAR,1m,0.090957,0.090976,0.091039,0.090957,1143.0,4
2026-02-12 22:09:00,1770934199999,HBAR,1m,0.091061,0.091061,0.091061,0.091061,3923.0,1
2026-02-12 22:10:00,1770934259999,HBAR,1m,0.091183,0.091129,0.091203,0.091129,911.0,5
2026-02-12 22:11:00,1770934319999,HBAR,1m,0.091163,0.091151,0.091163,0.091151,374.0,2
2026-02-12 22:12:00,1770934379999,HBAR,1m,0.091243,0.091243,0.091243,0.091243,116.0,1
2026-02-12 22:13:00,1770934439999,HBAR,1m,0.091088,0.090999,0.091088,0.090999,2479.0,3
2026-02-12 22:14:00,1770934499999,HBAR,1m,0.091282,0.091294,0.091294,0.091282,405.0,3
2026-02-12 22:15:00,1770934559999,HBAR,1m,0.091183,0.091183,0.091183,0.091183,190.0,1
2026-02-12 22:16:00,1770934619999,HBAR,1m,0.091183,0.091183,0.091183,0.091183,0.0,0
2026-02-12 22:17:00,1770934679999,HBAR,1m,0.091162,0.091162,0.091162,0.091162,188.0,1
2026-02-12 22:18:00,1770934739999,HBAR,1m,0.09115,0.09115,0.09115,0.09115,204.0,2
2026-02-12 22:19:00,1770934799999,HBAR,1m,0.091183,0.091183,0.091183,0.091183,213.0,1
2026-02-12 22:20:00,1770934859999,HBAR,1m,0.091101,0.091101,0.091101,0.091101,209.0,1
2026-02-12 22:21:00,1770934919999,HBAR,1m,0.091101,0.091101,0.091101,0.091101,0.0,0
2026-02-12 22:22:00,1770934979999,HBAR,1m,0.091045,0.091045,0.091045,0.091045,639.0,1
2026-02-12 22:23:00,1770935039999,HBAR,1m,0.091045,0.091045,0.091045,0.091045,0.0,0
2026-02-12 22:24:00,1770935099999,HBAR,1m,0.091297,0.091297,0.091297,0.091297,110.0,1
2026-02-12 22:25:00,1770935159999,HBAR,1m,0.091297,0.091297,0.091297,0.091297,0.0,0
2026-02-12 22:26:00,1770935219999,HBAR,1m,0.091297,0.091297,0.091297,0.091297,0.0,0
2026-02-12 22:27:00,1770935279999,HBAR,1m,0.091371,0.091371,0.091371,0.091371,182.0,2
2026-02-12 22:28:00,1770935339999,HBAR,1m,0.091444,0.091444,0.091444,0.091444,211.0,1
2026-02-12 22:29:00,1770935399999,HBAR,1m,0.09146,0.091523,0.091523,0.09146,357.0,2
2026-02-12 22:30:00,1770935459999,HBAR,1m,0.091459,0.091459,0.091459,0.091459,786.0,1
2026-02-12 22:31:00,1770935519999,HBAR,1m,0.091585,0.091604,0.091615,0.091585,794.0,3
2026-02-12 22:32:00,1770935579999,HBAR,1m,0.091781,0.091758,0.091781,0.091758,2760.0,3
2026-02-12 22:33:00,1770935639999,HBAR,1m,0.09184,0.09184,0.09184,0.09184,203.0,2
2026-02-12 22:34:00,1770935699999,HBAR,1m,0.09184,0.09184,0.09184,0.09184,0.0,0
2026-02-12 22:35:00,1770935759999,HBAR,1m,0.091831,0.091899,0.091899,0.091831,116752.0,16
2026-02-12 22:36:00,1770935819999,HBAR,1m,0.091922,0.091922,0.091922,0.091922,195.0,1
2026-02-12 22:37:00,1770935879999,HBAR,1m,0.091968,0.091968,0.091968,0.091968,218.0,1
2026-02-12 22:38:00,1770935939999,HBAR,1m,0.092011,0.091911,0.092011,0.091911,1787.0,4
2026-02-12 22:39:00,1770935999999,HBAR,1m,0.091901,0.091909,0.091909,0.091901,593.0,3
2026-02-12 22:40:00,1770936059999,HBAR,1m,0.092002,0.092002,0.092002,0.092002,170.0,1
2026-02-12 22:41:00,1770936119999,HBAR,1m,0.092002,0.092002,0.092002,0.092002,0.0,0
2026-02-12 22:42:00,1770936179999,HBAR,1m,0.09192,0.091888,0.09192,0.091888,3080.0,6
2026-02-12 22:43:00,1770936239999,HBAR,1m,0.091888,0.091888,0.091888,0.091888,0.0,0
2026-02-12 22:44:00,1770936299999,HBAR,1m,0.092194,0.092311,0.092341,0.092194,4222.0,5
2026-02-12 22:45:00,1770936359999,HBAR,1m,0.092295,0.092295,0.092295,0.092295,326.0,1
2026-02-12 22:46:00,1770936419999,HBAR,1m,0.0924,0.0924,0.0924,0.0924,350.0,1
2026-02-12 22:47:00,1770936479999,HBAR,1m,0.092491,0.092471,0.092491,0.092442,1123.0,4
2026-02-12 22:48:00,1770936539999,HBAR,1m,0.092392,0.092391,0.092392,0.092391,354.0,2
2026-02-12 22:49:00,1770936599999,HBAR,1m,0.092433,0.092433,0.092433,0.092433,188.0,1
2026-02-12 22:50:00,1770936659999,HBAR,1m,0.092569,0.092569,0.092569,0.092569,110.0,1
2026-02-12 22:51:00,1770936719999,HBAR,1m,0.092569,0.092569,0.092569,0.092569,0.0,0
2026-02-12 22:52:00,1770936779999,HBAR,1m,0.092526,0.092526,0.092526,0.092526,193.0,1
2026-02-12 22:53:00,1770936839999,HBAR,1m,0.092475,0.092475,0.092475,0.092475,380.0,3
2026-02-12 22:54:00,1770936899999,HBAR,1m,0.092478,0.092478,0.092478,0.092478,18128.0,1
2026-02-12 22:55:00,1770936959999,HBAR,1m,0.092539,0.092539,0.092539,0.092539,179.0,1
2026-02-12 22:56:00,1770937019999,HBAR,1m,0.092539,0.092539,0.092539,0.092539,0.0,0
2026-02-12 22:57:00,1770937079999,HBAR,1m,0.092526,0.092628,0.092628,0.092526,55205.0,11
2026-02-12 22:58:00,1770937139999,HBAR,1m,0.09271,0.092771,0.092771,0.09271,283.0,2
2026-02-12 22:59:00,1770937199999,HBAR,1m,0.092781,0.09273,0.092781,0.09273,498.0,3
2026-02-12 23:00:00,1770937259999,HBAR,1m,0.092797,0.092679,0.092867,0.092679,1784.0,6
2026-02-12 23:01:00,1770937319999,HBAR,1m,0.092518,0.092545,0.092545,0.092518,386.0,2
2026-02-12 23:02:00,1770937379999,HBAR,1m,0.092545,0.092545,0.092545,0.092545,0.0,0
2026-02-12 23:03:00,1770937439999,HBAR,1m,0.092718,0.092718,0.092718,0.092718,188.0,1
2026-02-12 23:04:00,1770937499999,HBAR,1m,0.092668,0.092727,0.092727,0.092668,357.0,2
2026-02-12 23:05:00,1770937559999,HBAR,1m,0.092727,0.092727,0.092727,0.092727,0.0,0
2026-02-12 23:06:00,1770937619999,HBAR,1m,0.092831,0.092886,0.092905,0.092831,943.0,3
2026-02-12 23:07:00,1770937679999,HBAR,1m,0.092923,0.092923,0.092923,0.092923,166.0,1
2026-02-12 23:08:00,1770937739999,HBAR,1m,0.092923,0.092923,0.092923,0.092923,0.0,0
2026-02-12 23:09:00,1770937799999,HBAR,1m,0.092879,0.092879,0.092879,0.092879,416.0,2
2026-02-12 23:10:00,1770937859999,HBAR,1m,0.092825,0.092824,0.092895,0.092824,752.0,4
2026-02-12 23:11:00,1770937919999,HBAR,1m,0.092806,0.092759,0.092825,0.092759,3953.0,10
2026-02-12 23:12:00,1770937979999,HBAR,1m,0.092759,0.092689,0.092759,0.092689,2323.0,4
2026-02-12 23:13:00,1770938039999,HBAR,1m,0.092767,0.092767,0.092767,0.092767,202.0,1
2026-02-12 23:14:00,1770938099999,HBAR,1m,0.092768,0.092745,0.092768,0.092745,347.0,2
2026-02-12 23:15:00,1770938159999,HBAR,1m,0.09268,0.092614,0.09268,0.092614,18639.0,6
2026-02-12 23:16:00,1770938219999,HBAR,1m,0.092667,0.092667,0.092667,0.092667,119.0,1
2026-02-12 23:17:00,1770938279999,HBAR,1m,0.092695,0.092695,0.092695,0.092695,179.0,1
2026-02-12 23:18:00,1770938339999,HBAR,1m,0.092695,0.092666,0.092695,0.092666,343.0,2
2026-02-12 23:19:00,1770938399999,HBAR,1m,0.092593,0.092555,0.092593,0.092555,2412.0,2
2026-02-12 23:20:00,1770938459999,HBAR,1m,0.092697,0.092697,0.092697,0.092697,253.0,1
2026-02-12 23:21:00,1770938519999,HBAR,1m,0.092719,0.092719,0.092719,0.092719,193.0,1
2026-02-12 23:22:00,1770938579999,HBAR,1m,0.092757,0.09272,0.092757,0.09272,733.0,3
2026-02-12 23:23:00,1770938639999,HBAR,1m,0.09272,0.09272,0.09272,0.09272,0.0,0
2026-02-12 23:24:00,1770938699999,HBAR,1m,0.092834,0.09293,0.09293,0.092834,28111.0,6
2026-02-12 23:25:00,1770938759999,HBAR,1m,0.092947,0.092947,0.092947,0.092947,183.0,1
2026-02-12 23:26:00,1770938819999,HBAR,1m,0.09322,0.09323,0.09323,0.09322,29708.0,5
2026-02-12 23:27:00,1770938879999,HBAR,1m,0.093089,0.093186,0.093186,0.093089,305.0,2
2026-02-12 23:28:00,1770938939999,HBAR,1m,0.093163,0.093163,0.093163,0.093163,168.0,1
2026-02-12 23:29:00,1770938999999,HBAR,1m,0.09322,0.093194,0.09322,0.093194,334.0,2
2026-02-12 23:30:00,1770939059999,HBAR,1m,0.093217,0.093178,0.093217,0.093178,396.0,4
2026-02-12 23:31:00,1770939119999,HBAR,1m,0.093137,0.093137,0.093137,0.093137,186.0,1
2026-02-12 23:32:00,1770939179999,HBAR,1m,0.093259,0.093323,0.093376,0.093259,1503.0,4
2026-02-12 23:33:00,1770939239999,HBAR,1m,0.093323,0.093323,0.093323,0.093323,0.0,0
2026-02-12 23:34:00,1770939299999,HBAR,1m,0.093346,0.093271,0.093346,0.093271,595.0,3
2026-02-12 23:35:00,1770939359999,HBAR,1m,0.093331,0.09333,0.093331,0.09333,348.0,2
2026-02-12 23:36:00,1770939419999,HBAR,1m,0.093267,0.093267,0.093267,0.093267,161.0,1
2026-02-12 23:37:00,1770939479999,HBAR,1m,0.093267,0.093267,0.093267,0.093267,0.0,0
2026-02-12 23:38:00,1770939539999,HBAR,1m,0.093297,0.093297,0.093297,0.093297,213.0,1
2026-02-12 23:39:00,1770939599999,HBAR,1m,0.093248,0.093467,0.093467,0.093248,4495.0,4
2026-02-12 23:40:00,1770939659999,HBAR,1m,0.093552,0.093596,0.093627,0.093552,520.0,3
2026-02-12 23:41:00,1770939719999,HBAR,1m,0.093515,0.093638,0.093638,0.093515,678.0,4
2026-02-12 23:42:00,1770939779999,HBAR,1m,0.093717,0.093717,0.093717,0.093717,204.0,2
2026-02-12 23:43:00,1770939839999,HBAR,1m,0.093748,0.093702,0.093748,0.093701,3027.0,4
2026-02-12 23:44:00,1770939899999,HBAR,1m,0.093413,0.093408,0.093413,0.093408,444.0,2
2026-02-12 23:45:00,1770939959999,HBAR,1m,0.093358,0.093397,0.093397,0.093358,393.0,2
2026-02-12 23:46:00,1770940019999,HBAR,1m,0.09342,0.09342,0.09342,0.09342,322.0,1
2026-02-12 23:47:00,1770940079999,HBAR,1m,0.09342,0.09342,0.09342,0.09342,124.0,1
2026-02-12 23:48:00,1770940139999,HBAR,1m,0.093427,0.093427,0.093427,0.093427,124.0,1
2026-02-12 23:49:00,1770940199999,HBAR,1m,0.093074,0.092905,0.093074,0.092905,32052.0,10
2026-02-12 23:50:00,1770940259999,HBAR,1m,0.092905,0.092905,0.092905,0.092905,0.0,0
2026-02-12 23:51:00,1770940319999,HBAR,1m,0.092865,0.092865,0.092865,0.092865,412.0,2
2026-02-12 23:52:00,1770940379999,HBAR,1m,0.0929,0.0929,0.0929,0.0929,9107.0,6
2026-02-12 23:53:00,1770940439999,HBAR,1m,0.0929,0.0929,0.0929,0.0929,0.0,0
2026-02-12 23:54:00,1770940499999,HBAR,1m,0.0929,0.0929,0.0929,0.0929,0.0,0
2026-02-12 23:55:00,1770940559999,HBAR,1m,0.0929,0.0929,0.0929,0.0929,0.0,0
2026-02-12 23:56:00,1770940619999,HBAR,1m,0.0929,0.0929,0.0929,0.0929,0.0,0
2026-02-12 23:57:00,1770940679999,HBAR,1m,0.0929,0.0929,0.0929,0.0929,0.0,0
2026-02-12 23:58:00,1770940739999,HBAR,1m,0.093229,0.093186,0.093229,0.093186,388.0,2
2026-02-12 23:59:00,1770940799999,HBAR,1m,0.093119,0.093176,0.093176,0.093119,640.0,2
2026-02-13 00:00:00,1770940859999,HBAR,1m,0.093176,0.093,0.093176,0.093,12963.0,5
2026-02-13 00:01:00,1770940919999,HBAR,1m,0.093148,0.093409,0.093409,0.093148,1393.0,3
2026-02-13 00:02:00,1770940979999,HBAR,1m,0.093563,0.093563,0.093563,0.093563,200.0,1
2026-02-13 00:03:00,1770941039999,HBAR,1m,0.093485,0.093485,0.093485,0.093485,152.0,1
2026-02-13 00:04:00,1770941099999,HBAR,1m,0.093482,0.093403,0.093482,0.093359,20284.0,12
2026-02-13 00:05:00,1770941159999,HBAR,1m,0.093441,0.093362,0.093441,0.093362,14834.0,3
2026-02-13 00:06:00,1770941219999,HBAR,1m,0.093362,0.093362,0.093362,0.093362,0.0,0
2026-02-13 00:07:00,1770941279999,HBAR,1m,0.093269,0.093138,0.093269,0.093138,22737.0,8
2026-02-13 00:08:00,1770941339999,HBAR,1m,0.093028,0.093061,0.093061,0.093028,1211.0,3
2026-02-13 00:09:00,1770941399999,HBAR,1m,0.093071,0.093103,0.093105,0.093071,27128.0,8
2026-02-13 00:10:00,1770941459999,HBAR,1m,0.093115,0.093102,0.093115,0.093102,5105.0,4
2026-02-13 00:11:00,1770941519999,HBAR,1m,0.093066,0.093048,0.093066,0.093048,12857.0,5
2026-02-13 00:12:00,1770941579999,HBAR,1m,0.093028,0.092755,0.093028,0.09271,12852.0,10
2026-02-13 00:13:00,1770941639999,HBAR,1m,0.092869,0.092822,0.092869,0.092803,22250.0,4
2026-02-13 00:14:00,1770941699999,HBAR,1m,0.09282,0.09282,0.09282,0.09282,181.0,1
2026-02-13 00:15:00,1770941759999,HBAR,1m,0.092825,0.092852,0.092852,0.092823,28213.0,6
2026-02-13 00:16:00,1770941819999,HBAR,1m,0.092823,0.092742,0.092823,0.092742,7211.0,2
2026-02-13 00:17:00,1770941879999,HBAR,1m,0.092634,0.092521,0.092634,0.0925,21118.0,14
2026-02-13 00:18:00,1770941939999,HBAR,1m,0.09245,0.09245,0.09245,0.09245,217.0,1
2026-02-13 00:19:00,1770941999999,HBAR,1m,0.092506,0.092506,0.092506,0.092506,1012.0,1
2026-02-13 00:20:00,1770942059999,HBAR,1m,0.092518,0.09262,0.09262,0.092518,48290.0,7
2026-02-13 00:21:00,1770942119999,HBAR,1m,0.092827,0.09283,0.09283,0.092827,8317.0,2
2026-02-13 00:22:00,1770942179999,HBAR,1m,0.092682,0.092694,0.092694,0.092682,5237.0,3
2026-02-13 00:23:00,1770942239999,HBAR,1m,0.092631,0.092631,0.092631,0.092631,336.0,1
2026-02-13 00:24:00,1770942299999,HBAR,1m,0.092631,0.092631,0.092631,0.092631,0.0,0
2026-02-13 00:25:00,1770942359999,HBAR,1m,0.092631,0.092631,0.092631,0.092631,0.0,0
2026-02-13 00:26:00,1770942419999,HBAR,1m,0.092925,0.092932,0.092932,0.092925,488.0,2
2026-02-13 00:27:00,1770942479999,HBAR,1m,0.093029,0.09303,0.09303,0.093029,406.0,2
2026-02-13 00:28:00,1770942539999,HBAR,1m,0.093062,0.093146,0.093146,0.093062,20350.0,5
2026-02-13 00:29:00,1770942599999,HBAR,1m,0.093092,0.093092,0.093092,0.093092,164.0,1
2026-02-13 00:30:00,1770942659999,HBAR,1m,0.092937,0.092934,0.092937,0.092934,9340.0,3
2026-02-13 00:31:00,1770942719999,HBAR,1m,0.093008,0.093008,0.093008,0.093008,6559.0,3
2026-02-13 00:32:00,1770942779999,HBAR,1m,0.092954,0.092955,0.092955,0.092954,5337.0,2
2026-02-13 00:33:00,1770942839999,HBAR,1m,0.092738,0.092533,0.092738,0.092533,63294.0,10
2026-02-13 00:34:00,1770942899999,HBAR,1m,0.092533,0.092533,0.092533,0.092533,0.0,0
2026-02-13 00:35:00,1770942959999,HBAR,1m,0.092446,0.092446,0.092446,0.092446,199.0,1
2026-02-13 00:36:00,1770943019999,HBAR,1m,0.092484,0.092484,0.092484,0.092484,10933.0,2
2026-02-13 00:37:00,1770943079999,HBAR,1m,0.092444,0.092444,0.092444,0.092444,174.0,1
2026-02-13 00:38:00,1770943139999,HBAR,1m,0.092421,0.092421,0.092421,0.092421,1265.0,1
2026-02-13 00:39:00,1770943199999,HBAR,1m,0.092421,0.092421,0.092421,0.092421,0.0,0
2026-02-13 00:40:00,1770943259999,HBAR,1m,0.092533,0.092489,0.092533,0.092489,1171.0,5
2026-02-13 00:41:00,1770943319999,HBAR,1m,0.092489,0.092489,0.092489,0.092489,0.0,0
2026-02-13 00:42:00,1770943379999,HBAR,1m,0.092419,0.092419,0.092419,0.092419,207.0,1
2026-02-13 00:43:00,1770943439999,HBAR,1m,0.092419,0.092419,0.092419,0.092419,0.0,0
2026-02-13 00:44:00,1770943499999,HBAR,1m,0.092419,0.092419,0.092419,0.092419,0.0,0
2026-02-13 00:45:00,1770943559999,HBAR,1m,0.092419,0.092419,0.092419,0.092419,0.0,0
2026-02-13 00:46:00,1770943619999,HBAR,1m,0.09233,0.09233,0.09233,0.09233,121.0,1
2026-02-13 00:47:00,1770943679999,HBAR,1m,0.092435,0.09238,0.092435,0.09238,700.0,4
2026-02-13 00:48:00,1770943739999,HBAR,1m,0.092369,0.092217,0.092369,0.092217,8002.0,2
2026-02-13 00:49:00,1770943799999,HBAR,1m,0.09225,0.09225,0.09225,0.09225,164.0,1
2026-02-13 00:50:00,1770943859999,HBAR,1m,0.09225,0.09225,0.09225,0.09225,0.0,0
2026-02-13 00:51:00,1770943919999,HBAR,1m,0.09227,0.092208,0.09227,0.092208,764.0,3
2026-02-13 00:52:00,1770943979999,HBAR,1m,0.092245,0.092237,0.092245,0.092237,1335.0,2
2026-02-13 00:53:00,1770944039999,HBAR,1m,0.092239,0.092239,0.092239,0.092239,174.0,1
2026-02-13 00:54:00,1770944099999,HBAR,1m,0.092267,0.092267,0.092267,0.092267,6494.0,1
2026-02-13 00:55:00,1770944159999,HBAR,1m,0.09251,0.092509,0.09251,0.092509,4962.0,2
2026-02-13 00:56:00,1770944219999,HBAR,1m,0.092609,0.092609,0.092609,0.092609,540.0,1
2026-02-13 00:57:00,1770944279999,HBAR,1m,0.092508,0.092508,0.092508,0.092508,2421.0,2
2026-02-13 00:58:00,1770944339999,HBAR,1m,0.092459,0.092459,0.092459,0.092459,404.0,1
2026-02-13 00:59:00,1770944399999,HBAR,1m,0.092548,0.092548,0.092548,0.092548,1561.0,1
2026-02-13 01:00:00,1770944459999,HBAR,1m,0.092529,0.092529,0.092529,0.092529,247.0,1
2026-02-13 01:01:00,1770944519999,HBAR,1m,0.092529,0.092529,0.092529,0.092529,0.0,0
2026-02-13 01:02:00,1770944579999,HBAR,1m,0.09255,0.092632,0.092632,0.09255,1080.0,2
2026-02-13 01:03:00,1770944639999,HBAR,1m,0.092631,0.092616,0.09267,0.092616,20101.0,5
2026-02-13 01:04:00,1770944699999,HBAR,1m,0.092616,0.092616,0.092616,0.092616,0.0,0
2026-02-13 01:05:00,1770944759999,HBAR,1m,0.092445,0.092445,0.092445,0.092445,429.0,1
2026-02-13 01:06:00,1770944819999,HBAR,1m,0.092445,0.092445,0.092445,0.092445,0.0,0
2026-02-13 01:07:00,1770944879999,HBAR,1m,0.092812,0.092812,0.092812,0.092812,5000.0,1
2026-02-13 01:08:00,1770944939999,HBAR,1m,0.092875,0.092875,0.092875,0.092875,208.0,1
2026-02-13 01:09:00,1770944999999,HBAR,1m,0.092781,0.092734,0.092781,0.092734,585.0,2
2026-02-13 01:10:00,1770945059999,HBAR,1m,0.092734,0.092734,0.092734,0.092734,0.0,0
2026-02-13 01:11:00,1770945119999,HBAR,1m,0.092747,0.092747,0.092747,0.092747,197.0,1
2026-02-13 01:12:00,1770945179999,HBAR,1m,0.092747,0.092747,0.092747,0.092747,0.0,0
2026-02-13 01:13:00,1770945239999,HBAR,1m,0.09282,0.092746,0.09282,0.092746,905.0,4
2026-02-13 01:14:00,1770945299999,HBAR,1m,0.092746,0.092746,0.092746,0.092746,0.0,0
2026-02-13 01:15:00,1770945359999,HBAR,1m,0.092824,0.092758,0.092824,0.092758,606.0,2
2026-02-13 01:16:00,1770945419999,HBAR,1m,0.092762,0.092723,0.092762,0.092723,6235.0,7
2026-02-13 01:17:00,1770945479999,HBAR,1m,0.092723,0.092723,0.092723,0.092723,0.0,0
2026-02-13 01:18:00,1770945539999,HBAR,1m,0.092613,0.092613,0.092613,0.092613,181.0,1
2026-02-13 01:19:00,1770945599999,HBAR,1m,0.092659,0.092659,0.092659,0.092659,174.0,1
2026-02-13 01:20:00,1770945659999,HBAR,1m,0.09266,0.09266,0.09266,0.09266,135.0,1
2026-02-13 01:21:00,1770945719999,HBAR,1m,0.092631,0.092655,0.092655,0.092631,363.0,2
2026-02-13 01:22:00,1770945779999,HBAR,1m,0.092655,0.092655,0.092655,0.092655,0.0,0
2026-02-13 01:23:00,1770945839999,HBAR,1m,0.092701,0.092632,0.092701,0.092611,33060.0,7
2026-02-13 01:24:00,1770945899999,HBAR,1m,0.09259,0.09259,0.09259,0.09259,388.0,2
2026-02-13 01:25:00,1770945959999,HBAR,1m,0.09259,0.09259,0.09259,0.09259,0.0,0
2026-02-13 01:26:00,1770946019999,HBAR,1m,0.09259,0.09259,0.09259,0.09259,0.0,0
2026-02-13 01:27:00,1770946079999,HBAR,1m,0.092414,0.092414,0.092414,0.092414,196.0,1
2026-02-13 01:28:00,1770946139999,HBAR,1m,0.092414,0.092414,0.092414,0.092414,0.0,0
2026-02-13 01:29:00,1770946199999,HBAR,1m,0.092414,0.092414,0.092414,0.092414,0.0,0
2026-02-13 01:30:00,1770946259999,HBAR,1m,0.092647,0.092647,0.092647,0.092647,195.0,1
2026-02-13 01:31:00,1770946319999,HBAR,1m,0.092647,0.092647,0.092647,0.092647,0.0,0
2026-02-13 01:32:00,1770946379999,HBAR,1m,0.092626,0.092626,0.092626,0.092626,207.0,1
2026-02-13 01:33:00,1770946439999,HBAR,1m,0.092513,0.092513,0.092513,0.092513,316.0,1
2026-02-13 01:34:00,1770946499999,HBAR,1m,0.09267,0.09267,0.09267,0.09267,134.0,1
2026-02-13 01:35:00,1770946559999,HBAR,1m,0.092649,0.092632,0.092649,0.092606,6885.0,3
2026-02-13 01:36:00,1770946619999,HBAR,1m,0.092632,0.092676,0.092696,0.092632,17029.0,7
2026-02-13 01:37:00,1770946679999,HBAR,1m,0.09275,0.09275,0.09275,0.09275,172.0,1
2026-02-13 01:38:00,1770946739999,HBAR,1m,0.09275,0.09275,0.09275,0.09275,0.0,0
2026-02-13 01:39:00,1770946799999,HBAR,1m,0.092955,0.092975,0.092975,0.092955,437.0,2
2026-02-13 01:40:00,1770946859999,HBAR,1m,0.092975,0.092975,0.092975,0.092975,0.0,0
2026-02-13 01:41:00,1770946919999,HBAR,1m,0.093024,0.093024,0.093024,0.093024,181.0,1
2026-02-13 01:42:00,1770946979999,HBAR,1m,0.092984,0.092922,0.092984,0.092922,354.0,2
2026-02-13 01:43:00,1770947039999,HBAR,1m,0.092806,0.092806,0.092806,0.092806,374.0,1
2026-02-13 01:44:00,1770947099999,HBAR,1m,0.092755,0.092755,0.092755,0.092755,205.0,1
2026-02-13 01:45:00,1770947159999,HBAR,1m,0.092688,0.092804,0.092804,0.092688,22385.0,6
2026-02-13 01:46:00,1770947219999,HBAR,1m,0.092846,0.092954,0.092954,0.092846,17240.0,4
2026-02-13 01:47:00,1770947279999,HBAR,1m,0.092901,0.0929,0.092901,0.0929,1027.0,6
2026-02-13 01:48:00,1770947339999,HBAR,1m,0.092872,0.092872,0.092872,0.092872,162.0,1
2026-02-13 01:49:00,1770947399999,HBAR,1m,0.092872,0.092872,0.092872,0.092872,0.0,0
2026-02-13 01:50:00,1770947459999,HBAR,1m,0.092858,0.092858,0.092858,0.092858,8752.0,1
2026-02-13 01:51:00,1770947519999,HBAR,1m,0.092929,0.092929,0.092929,0.092929,172.0,1
2026-02-13 01:52:00,1770947579999,HBAR,1m,0.092858,0.092858,0.092858,0.092858,236.0,1
2026-02-13 01:53:00,1770947639999,HBAR,1m,0.092795,0.092817,0.092817,0.092795,389.0,2
2026-02-13 01:54:00,1770947699999,HBAR,1m,0.092817,0.092817,0.092817,0.092817,0.0,0
2026-02-13 01:55:00,1770947759999,HBAR,1m,0.092817,0.092817,0.092817,0.092817,0.0,0
2026-02-13 01:56:00,1770947819999,HBAR,1m,0.092459,0.09247,0.09247,0.092459,583.0,2
2026-02-13 01:57:00,1770947879999,HBAR,1m,0.09247,0.09247,0.09247,0.09247,0.0,0
2026-02-13 01:58:00,1770947939999,HBAR,1m,0.092487,0.092487,0.092487,0.092487,207.0,1
2026-02-13 01:59:00,1770947999999,HBAR,1m,0.092524,0.092524,0.092524,0.092524,385.0,2
2026-02-13 02:00:00,1770948059999,HBAR,1m,0.092524,0.092524,0.092524,0.092524,0.0,0
2026-02-13 02:01:00,1770948119999,HBAR,1m,0.092664,0.092521,0.092664,0.092521,20309.0,5
2026-02-13 02:02:00,1770948179999,HBAR,1m,0.092538,0.092564,0.092564,0.092538,620.0,2
2026-02-13 02:03:00,1770948239999,HBAR,1m,0.092671,0.092671,0.092671,0.092671,9478.0,4
2026-02-13 02:04:00,1770948299999,HBAR,1m,0.092704,0.092656,0.092704,0.092651,13015.0,5
2026-02-13 02:05:00,1770948359999,HBAR,1m,0.092754,0.092804,0.092804,0.092753,8748.0,4
2026-02-13 02:06:00,1770948419999,HBAR,1m,0.092864,0.092864,0.092864,0.092864,165.0,1
2026-02-13 02:07:00,1770948479999,HBAR,1m,0.092944,0.092928,0.09297,0.092928,837.0,3
2026-02-13 02:08:00,1770948539999,HBAR,1m,0.092864,0.092869,0.092869,0.092864,592.0,2
2026-02-13 02:09:00,1770948599999,HBAR,1m,0.092869,0.092869,0.092869,0.092869,0.0,0
2026-02-13 02:10:00,1770948659999,HBAR,1m,0.092906,0.092906,0.092906,0.092906,179.0,1
2026-02-13 02:11:00,1770948719999,HBAR,1m,0.092906,0.092906,0.092906,0.092906,174.0,1
2026-02-13 02:12:00,1770948779999,HBAR,1m,0.092929,0.092929,0.092929,0.092929,212.0,1
2026-02-13 02:13:00,1770948839999,HBAR,1m,0.09293,0.09293,0.09293,0.09293,134.0,1
2026-02-13 02:14:00,1770948899999,HBAR,1m,0.092868,0.092868,0.092868,0.092868,163.0,1
2026-02-13 02:15:00,1770948959999,HBAR,1m,0.092912,0.092912,0.092912,0.092912,199.0,1
2026-02-13 02:16:00,1770949019999,HBAR,1m,0.093058,0.093058,0.093058,0.093058,179.0,1
2026-02-13 02:17:00,1770949079999,HBAR,1m,0.093069,0.093069,0.093069,0.093069,114.0,1
2026-02-13 02:18:00,1770949139999,HBAR,1m,0.093108,0.093023,0.093108,0.093023,538.0,2
2026-02-13 02:19:00,1770949199999,HBAR,1m,0.092961,0.092961,0.092961,0.092961,168.0,1
2026-02-13 02:20:00,1770949259999,HBAR,1m,0.092837,0.092837,0.092837,0.092837,114.0,1
2026-02-13 02:21:00,1770949319999,HBAR,1m,0.092712,0.092653,0.092713,0.092653,32775.0,4
2026-02-13 02:22:00,1770949379999,HBAR,1m,0.092653,0.092616,0.092653,0.092616,5253.0,3
2026-02-13 02:23:00,1770949439999,HBAR,1m,0.092709,0.092709,0.092709,0.092709,363.0,1
2026-02-13 02:24:00,1770949499999,HBAR,1m,0.092715,0.092802,0.092802,0.092715,228.0,2
2026-02-13 02:25:00,1770949559999,HBAR,1m,0.092824,0.092824,0.092824,0.092824,119.0,1
2026-02-13 02:26:00,1770949619999,HBAR,1m,0.092824,0.092824,0.092824,0.092824,0.0,0
2026-02-13 02:27:00,1770949679999,HBAR,1m,0.092961,0.092961,0.092961,0.092961,115.0,1
2026-02-13 02:28:00,1770949739999,HBAR,1m,0.09296,0.09296,0.09296,0.09296,194.0,1
2026-02-13 02:29:00,1770949799999,HBAR,1m,0.092907,0.092907,0.092907,0.092907,170.0,1
2026-02-13 02:30:00,1770949859999,HBAR,1m,0.092907,0.092907,0.092907,0.092907,0.0,0
2026-02-13 02:31:00,1770949919999,HBAR,1m,0.09267,0.09267,0.09267,0.09267,3347.0,1
2026-02-13 02:32:00,1770949979999,HBAR,1m,0.09267,0.09267,0.09267,0.09267,0.0,0
2026-02-13 02:33:00,1770950039999,HBAR,1m,0.092719,0.09276,0.09276,0.092719,551.0,3
2026-02-13 02:34:00,1770950099999,HBAR,1m,0.092758,0.092758,0.092758,0.092758,7619.0,1
2026-02-13 02:35:00,1770950159999,HBAR,1m,0.092786,0.092786,0.092786,0.092786,201.0,1
2026-02-13 02:36:00,1770950219999,HBAR,1m,0.092626,0.092628,0.092628,0.092626,1627.0,3
2026-02-13 02:37:00,1770950279999,HBAR,1m,0.092628,0.092628,0.092628,0.092628,0.0,0
2026-02-13 02:38:00,1770950339999,HBAR,1m,0.092628,0.092628,0.092628,0.092628,0.0,0
2026-02-13 02:39:00,1770950399999,HBAR,1m,0.092488,0.092488,0.092488,0.092488,440.0,1
2026-02-13 02:40:00,1770950459999,HBAR,1m,0.092506,0.092506,0.092506,0.092506,605.0,1
2026-02-13 02:41:00,1770950519999,HBAR,1m,0.092402,0.092402,0.092402,0.092402,3277.0,2
2026-02-13 02:42:00,1770950579999,HBAR,1m,0.092404,0.092442,0.092442,0.092404,609.0,2
2026-02-13 02:43:00,1770950639999,HBAR,1m,0.092455,0.092537,0.092537,0.092455,5660.0,2
2026-02-13 02:44:00,1770950699999,HBAR,1m,0.092557,0.092557,0.092557,0.092557,360.0,2
2026-02-13 02:45:00,1770950759999,HBAR,1m,0.092557,0.092557,0.092557,0.092557,0.0,0
2026-02-13 02:46:00,1770950819999,HBAR,1m,0.092607,0.092607,0.092607,0.092607,215.0,1
2026-02-13 02:47:00,1770950879999,HBAR,1m,0.092743,0.092743,0.092743,0.092743,201.0,1
2026-02-13 02:48:00,1770950939999,HBAR,1m,0.092692,0.092692,0.092692,0.092692,181.0,1
2026-02-13 02:49:00,1770950999999,HBAR,1m,0.092713,0.092687,0.092713,0.092687,776.0,3
2026-02-13 02:50:00,1770951059999,HBAR,1m,0.0927,0.092785,0.092785,0.0927,748.0,3
2026-02-13 02:51:00,1770951119999,HBAR,1m,0.092785,0.092785,0.092785,0.092785,0.0,0
2026-02-13 02:52:00,1770951179999,HBAR,1m,0.092785,0.092785,0.092785,0.092785,0.0,0
2026-02-13 02:53:00,1770951239999,HBAR,1m,0.093062,0.093062,0.093062,0.093062,175.0,1
2026-02-13 02:54:00,1770951299999,HBAR,1m,0.093017,0.093017,0.093017,0.093017,170.0,1
2026-02-13 02:55:00,1770951359999,HBAR,1m,0.093017,0.093017,0.093017,0.093017,0.0,0
2026-02-13 02:56:00,1770951419999,HBAR,1m,0.09311,0.09311,0.09311,0.09311,162.0,1
2026-02-13 02:57:00,1770951479999,HBAR,1m,0.093195,0.093145,0.093195,0.093145,555.0,2
2026-02-13 02:58:00,1770951539999,HBAR,1m,0.093192,0.093192,0.093192,0.093192,119.0,1
2026-02-13 02:59:00,1770951599999,HBAR,1m,0.093128,0.093128,0.093128,0.093128,153.0,1
2026-02-13 03:00:00,1770951659999,HBAR,1m,0.093071,0.093071,0.093071,0.093071,153.0,1
2026-02-13 03:01:00,1770951719999,HBAR,1m,0.093113,0.093113,0.093113,0.093113,170.0,1
2026-02-13 03:02:00,1770951779999,HBAR,1m,0.093018,0.093018,0.093018,0.093018,198.0,1
2026-02-13 03:03:00,1770951839999,HBAR,1m,0.092967,0.092967,0.092967,0.092967,179.0,1
2026-02-13 03:04:00,1770951899999,HBAR,1m,0.092942,0.092942,0.092942,0.092942,4159.0,4
2026-02-13 03:05:00,1770951959999,HBAR,1m,0.092852,0.092852,0.092852,0.092852,746.0,2
2026-02-13 03:06:00,1770952019999,HBAR,1m,0.092778,0.092778,0.092778,0.092778,16449.0,3
2026-02-13 03:07:00,1770952079999,HBAR,1m,0.092597,0.092597,0.092597,0.092597,153.0,1
2026-02-13 03:08:00,1770952139999,HBAR,1m,0.092536,0.092527,0.092536,0.092488,98604.0,10
2026-02-13 03:09:00,1770952199999,HBAR,1m,0.092564,0.09257,0.09257,0.092564,357.0,2
2026-02-13 03:10:00,1770952259999,HBAR,1m,0.092473,0.092473,0.092473,0.092473,503.0,2
2026-02-13 03:11:00,1770952319999,HBAR,1m,0.092473,0.092473,0.092473,0.092473,0.0,0
2026-02-13 03:12:00,1770952379999,HBAR,1m,0.092518,0.092518,0.092518,0.092518,381.0,1
2026-02-13 03:13:00,1770952439999,HBAR,1m,0.092518,0.092518,0.092518,0.092518,0.0,0
2026-02-13 03:14:00,1770952499999,HBAR,1m,0.092397,0.092397,0.092397,0.092397,311.0,1
2026-02-13 03:15:00,1770952559999,HBAR,1m,0.092355,0.092355,0.092355,0.092355,168.0,1
2026-02-13 03:16:00,1770952619999,HBAR,1m,0.092393,0.092349,0.092393,0.092349,335.0,2
2026-02-13 03:17:00,1770952679999,HBAR,1m,0.092349,0.092349,0.092349,0.092349,0.0,0
2026-02-13 03:18:00,1770952739999,HBAR,1m,0.092411,0.092411,0.092411,0.092411,359.0,1
2026-02-13 03:19:00,1770952799999,HBAR,1m,0.09262,0.09262,0.09262,0.09262,195.0,1
2026-02-13 03:20:00,1770952859999,HBAR,1m,0.092385,0.092486,0.092486,0.092385,813.0,3
2026-02-13 03:21:00,1770952919999,HBAR,1m,0.092513,0.092513,0.092513,0.092513,828.0,1
2026-02-13 03:22:00,1770952979999,HBAR,1m,0.092522,0.092522,0.092522,0.092522,184.0,1
2026-02-13 03:23:00,1770953039999,HBAR,1m,0.092522,0.092522,0.092522,0.092522,0.0,0
2026-02-13 03:24:00,1770953099999,HBAR,1m,0.092488,0.09246,0.092488,0.09246,378.0,2
2026-02-13 03:25:00,1770953159999,HBAR,1m,0.09247,0.09247,0.09247,0.09247,244.0,1
2026-02-13 03:26:00,1770953219999,HBAR,1m,0.092525,0.092525,0.092525,0.092525,434.0,1
2026-02-13 03:27:00,1770953279999,HBAR,1m,0.092549,0.09255,0.09255,0.092525,514.0,3
2026-02-13 03:28:00,1770953339999,HBAR,1m,0.092419,0.092419,0.092419,0.092419,844.0,2
2026-02-13 03:29:00,1770953399999,HBAR,1m,0.092403,0.092476,0.092476,0.092403,380.0,2
2026-02-13 03:30:00,1770953459999,HBAR,1m,0.092469,0.09252,0.09252,0.092469,441.0,2
2026-02-13 03:31:00,1770953519999,HBAR,1m,0.092609,0.092645,0.092645,0.092609,9901.0,3
2026-02-13 03:32:00,1770953579999,HBAR,1m,0.092703,0.092678,0.092703,0.092678,9891.0,3
2026-02-13 03:33:00,1770953639999,HBAR,1m,0.092708,0.09271,0.09271,0.092708,372.0,2
2026-02-13 03:34:00,1770953699999,HBAR,1m,0.09275,0.092751,0.092751,0.09275,361.0,2
2026-02-13 03:35:00,1770953759999,HBAR,1m,0.092577,0.092577,0.092577,0.092577,378.0,1
2026-02-13 03:36:00,1770953819999,HBAR,1m,0.092577,0.092577,0.092577,0.092577,0.0,0
2026-02-13 03:37:00,1770953879999,HBAR,1m,0.092577,0.092577,0.092577,0.092577,0.0,0
2026-02-13 03:38:00,1770953939999,HBAR,1m,0.092686,0.092686,0.092686,0.092686,197.0,1
2026-02-13 03:39:00,1770953999999,HBAR,1m,0.092686,0.092686,0.092686,0.092686,0.0,0
2026-02-13 03:40:00,1770954059999,HBAR,1m,0.092686,0.092686,0.092686,0.092686,0.0,0
2026-02-13 03:41:00,1770954119999,HBAR,1m,0.092621,0.092621,0.092621,0.092621,194.0,1
2026-02-13 03:42:00,1770954179999,HBAR,1m,0.092713,0.092752,0.092752,0.092713,375.0,2
2026-02-13 03:43:00,1770954239999,HBAR,1m,0.092857,0.092857,0.092857,0.092857,207.0,1
2026-02-13 03:44:00,1770954299999,HBAR,1m,0.092798,0.092798,0.092798,0.092798,162.0,1
2026-02-13 03:45:00,1770954359999,HBAR,1m,0.092622,0.092622,0.092622,0.092622,210.0,1
2026-02-13 03:46:00,1770954419999,HBAR,1m,0.092599,0.092578,0.092599,0.092578,496.0,2
2026-02-13 03:47:00,1770954479999,HBAR,1m,0.092578,0.092578,0.092578,0.092578,0.0,0
2026-02-13 03:48:00,1770954539999,HBAR,1m,0.092588,0.092579,0.092588,0.092579,612.0,2
2026-02-13 03:49:00,1770954599999,HBAR,1m,0.092579,0.092579,0.092579,0.092579,0.0,0
2026-02-13 03:50:00,1770954659999,HBAR,1m,0.092672,0.092672,0.092672,0.092672,226.0,1
2026-02-13 03:51:00,1770954719999,HBAR,1m,0.092672,0.092672,0.092672,0.092672,0.0,0
2026-02-13 03:52:00,1770954779999,HBAR,1m,0.092672,0.092672,0.092672,0.092672,0.0,0
2026-02-13 03:53:00,1770954839999,HBAR,1m,0.092579,0.092579,0.092579,0.092579,215.0,1
2026-02-13 03:54:00,1770954899999,HBAR,1m,0.092579,0.092579,0.092579,0.092579,0.0,0
2026-02-13 03:55:00,1770954959999,HBAR,1m,0.092579,0.092579,0.092579,0.092579,0.0,0
2026-02-13 03:56:00,1770955019999,HBAR,1m,0.092626,0.092626,0.092626,0.092626,201.0,1
2026-02-13 03:57:00,1770955079999,HBAR,1m,0.092649,0.092598,0.092649,0.092598,468.0,2
2026-02-13 03:58:00,1770955139999,HBAR,1m,0.092603,0.092603,0.092603,0.092603,198.0,1
2026-02-13 03:59:00,1770955199999,HBAR,1m,0.092573,0.092573,0.092573,0.092573,194.0,1
2026-02-13 04:00:00,1770955259999,HBAR,1m,0.092638,0.092638,0.092638,0.092638,194.0,1
2026-02-13 04:01:00,1770955319999,HBAR,1m,0.092746,0.092706,0.092746,0.092706,10143.0,3
2026-02-13 04:02:00,1770955379999,HBAR,1m,0.092621,0.092621,0.092621,0.092621,540.0,1
2026-02-13 04:03:00,1770955439999,HBAR,1m,0.092612,0.092549,0.092612,0.092549,10114.0,4
2026-02-13 04:04:00,1770955499999,HBAR,1m,0.092341,0.092341,0.092341,0.092341,266.0,1
2026-02-13 04:05:00,1770955559999,HBAR,1m,0.092248,0.092218,0.092248,0.092205,35221.0,6
2026-02-13 04:06:00,1770955619999,HBAR,1m,0.092453,0.092453,0.092453,0.092453,190.0,1
2026-02-13 04:07:00,1770955679999,HBAR,1m,0.092453,0.092453,0.092453,0.092453,0.0,0
2026-02-13 04:08:00,1770955739999,HBAR,1m,0.092453,0.092453,0.092453,0.092453,0.0,0
2026-02-13 04:09:00,1770955799999,HBAR,1m,0.092453,0.092453,0.092453,0.092453,0.0,0
2026-02-13 04:10:00,1770955859999,HBAR,1m,0.092453,0.092453,0.092453,0.092453,0.0,0
2026-02-13 04:11:00,1770955919999,HBAR,1m,0.092458,0.092487,0.092487,0.092458,317.0,2
2026-02-13 04:12:00,1770955979999,HBAR,1m,0.092487,0.092487,0.092487,0.092487,0.0,0
2026-02-13 04:13:00,1770956039999,HBAR,1m,0.092468,0.092468,0.092468,0.092468,188.0,1
2026-02-13 04:14:00,1770956099999,HBAR,1m,0.092468,0.092468,0.092468,0.092468,0.0,0
2026-02-13 04:15:00,1770956159999,HBAR,1m,0.092485,0.092485,0.092485,0.092485,194.0,1
2026-02-13 04:16:00,1770956219999,HBAR,1m,0.092469,0.092468,0.092469,0.092468,392.0,2
2026-02-13 04:17:00,1770956279999,HBAR,1m,0.092488,0.092488,0.092488,0.092488,176.0,1
2026-02-13 04:18:00,1770956339999,HBAR,1m,0.092497,0.092503,0.092503,0.092472,898.0,4
2026-02-13 04:19:00,1770956399999,HBAR,1m,0.092501,0.09256,0.09256,0.092501,622.0,2
2026-02-13 04:20:00,1770956459999,HBAR,1m,0.092444,0.092378,0.092444,0.092378,802.0,4
2026-02-13 04:21:00,1770956519999,HBAR,1m,0.092105,0.092105,0.092105,0.092105,213.0,1
2026-02-13 04:22:00,1770956579999,HBAR,1m,0.092105,0.092105,0.092105,0.092105,0.0,0
2026-02-13 04:23:00,1770956639999,HBAR,1m,0.09215,0.09215,0.09215,0.09215,198.0,1
2026-02-13 04:24:00,1770956699999,HBAR,1m,0.092261,0.092233,0.092304,0.092233,2638.0,7
2026-02-13 04:25:00,1770956759999,HBAR,1m,0.092217,0.092217,0.092217,0.092217,200.0,1
2026-02-13 04:26:00,1770956819999,HBAR,1m,0.092217,0.092217,0.092217,0.092217,0.0,0
2026-02-13 04:27:00,1770956879999,HBAR,1m,0.092309,0.092304,0.092309,0.092262,784.0,4
2026-02-13 04:28:00,1770956939999,HBAR,1m,0.092304,0.092304,0.092304,0.092304,0.0,0
2026-02-13 04:29:00,1770956999999,HBAR,1m,0.092337,0.092288,0.092337,0.092288,392.0,2
2026-02-13 04:30:00,1770957059999,HBAR,1m,0.09222,0.09222,0.09222,0.09222,208.0,1
2026-02-13 04:31:00,1770957119999,HBAR,1m,0.092161,0.092161,0.092161,0.092161,559.0,2
2026-02-13 04:32:00,1770957179999,HBAR,1m,0.092178,0.092178,0.092178,0.092178,174.0,1
2026-02-13 04:33:00,1770957239999,HBAR,1m,0.092132,0.09214,0.09214,0.092132,354.0,2
2026-02-13 04:34:00,1770957299999,HBAR,1m,0.092195,0.092208,0.092208,0.092195,381.0,2
2026-02-13 04:35:00,1770957359999,HBAR,1m,0.092294,0.092335,0.092335,0.092294,14963.0,3
2026-02-13 04:36:00,1770957419999,HBAR,1m,0.092267,0.092267,0.092267,0.092267,178.0,1
2026-02-13 04:37:00,1770957479999,HBAR,1m,0.092356,0.092356,0.092356,0.092356,2250.0,1
2026-02-13 04:38:00,1770957539999,HBAR,1m,0.092356,0.092356,0.092356,0.092356,0.0,0
2026-02-13 04:39:00,1770957599999,HBAR,1m,0.092298,0.092276,0.092298,0.092276,4119.0,2
2026-02-13 04:40:00,1770957659999,HBAR,1m,0.092313,0.092313,0.092313,0.092313,9711.0,2
2026-02-13 04:41:00,1770957719999,HBAR,1m,0.092256,0.092328,0.092328,0.092256,10938.0,6
2026-02-13 04:42:00,1770957779999,HBAR,1m,0.092328,0.092328,0.092328,0.092328,0.0,0
2026-02-13 04:43:00,1770957839999,HBAR,1m,0.092465,0.092352,0.092465,0.092352,508.0,2
2026-02-13 04:44:00,1770957899999,HBAR,1m,0.092352,0.092352,0.092352,0.092352,0.0,0
2026-02-13 04:45:00,1770957959999,HBAR,1m,0.092255,0.092255,0.092255,0.092255,179.0,1
2026-02-13 04:46:00,1770958019999,HBAR,1m,0.092251,0.092234,0.092251,0.092234,604.0,2
2026-02-13 04:47:00,1770958079999,HBAR,1m,0.092184,0.092184,0.092184,0.092184,175.0,1
2026-02-13 04:48:00,1770958139999,HBAR,1m,0.092184,0.092184,0.092184,0.092184,0.0,0
2026-02-13 04:49:00,1770958199999,HBAR,1m,0.092184,0.092184,0.092184,0.092184,0.0,0
2026-02-13 04:50:00,1770958259999,HBAR,1m,0.092239,0.092239,0.092239,0.092239,208.0,1
2026-02-13 04:51:00,1770958319999,HBAR,1m,0.092213,0.092153,0.092213,0.092153,465.0,2
2026-02-13 04:52:00,1770958379999,HBAR,1m,0.092138,0.092138,0.092138,0.092138,208.0,1
2026-02-13 04:53:00,1770958439999,HBAR,1m,0.092138,0.092138,0.092138,0.092138,0.0,0
2026-02-13 04:54:00,1770958499999,HBAR,1m,0.092211,0.092211,0.092211,0.092211,119.0,1
2026-02-13 04:55:00,1770958559999,HBAR,1m,0.092225,0.092225,0.092225,0.092225,179.0,1
2026-02-13 04:56:00,1770958619999,HBAR,1m,0.092227,0.092227,0.092227,0.092227,1397.0,1
2026-02-13 04:57:00,1770958679999,HBAR,1m,0.092236,0.092236,0.092236,0.092236,237.0,1
2026-02-13 04:58:00,1770958739999,HBAR,1m,0.092165,0.092165,0.092165,0.092165,188.0,1
2026-02-13 04:59:00,1770958799999,HBAR,1m,0.092165,0.092165,0.092165,0.092165,0.0,0
2026-02-13 05:00:00,1770958859999,HBAR,1m,0.092079,0.092116,0.092116,0.092079,378.0,2
2026-02-13 05:01:00,1770958919999,HBAR,1m,0.09217,0.09217,0.09217,0.09217,10394.0,3
2026-02-13 05:02:00,1770958979999,HBAR,1m,0.09217,0.09217,0.09217,0.09217,0.0,0
2026-02-13 05:03:00,1770959039999,HBAR,1m,0.092245,0.092245,0.092245,0.092245,168.0,1
2026-02-13 05:04:00,1770959099999,HBAR,1m,0.09226,0.09226,0.09226,0.09226,373.0,1
2026-02-13 05:05:00,1770959159999,HBAR,1m,0.092279,0.092279,0.092279,0.092279,166.0,1
2026-02-13 05:06:00,1770959219999,HBAR,1m,0.092079,0.092077,0.092079,0.092077,1165.0,3
2026-02-13 05:07:00,1770959279999,HBAR,1m,0.092099,0.092099,0.092099,0.092099,184.0,1
2026-02-13 05:08:00,1770959339999,HBAR,1m,0.092148,0.092104,0.092148,0.092104,401.0,2
2026-02-13 05:09:00,1770959399999,HBAR,1m,0.092148,0.092148,0.092148,0.092148,84.0,1
2026-02-13 05:10:00,1770959459999,HBAR,1m,0.092158,0.092158,0.092158,0.092158,309.0,1
2026-02-13 05:11:00,1770959519999,HBAR,1m,0.092158,0.092158,0.092158,0.092158,0.0,0
2026-02-13 05:12:00,1770959579999,HBAR,1m,0.092133,0.092133,0.092133,0.092133,547.0,2
2026-02-13 05:13:00,1770959639999,HBAR,1m,0.092175,0.092253,0.092253,0.092175,20876.0,5
2026-02-13 05:14:00,1770959699999,HBAR,1m,0.092215,0.092215,0.092215,0.092215,203.0,1
2026-02-13 05:15:00,1770959759999,HBAR,1m,0.092183,0.092075,0.092183,0.092075,725.0,2
2026-02-13 05:16:00,1770959819999,HBAR,1m,0.092175,0.092175,0.092175,0.092175,373.0,2
2026-02-13 05:17:00,1770959879999,HBAR,1m,0.092275,0.092275,0.092275,0.092275,188.0,1
2026-02-13 05:18:00,1770959939999,HBAR,1m,0.0923,0.092285,0.0923,0.092285,9915.0,3
2026-02-13 05:19:00,1770959999999,HBAR,1m,0.092173,0.092173,0.092173,0.092173,129.0,1
2026-02-13 05:20:00,1770960059999,HBAR,1m,0.092264,0.092264,0.092264,0.092264,372.0,1
2026-02-13 05:21:00,1770960119999,HBAR,1m,0.092264,0.092264,0.092264,0.092264,0.0,0
2026-02-13 05:22:00,1770960179999,HBAR,1m,0.092294,0.092294,0.092294,0.092294,267.0,1
2026-02-13 05:23:00,1770960239999,HBAR,1m,0.092294,0.092294,0.092294,0.092294,0.0,0
2026-02-13 05:24:00,1770960299999,HBAR,1m,0.092204,0.092204,0.092204,0.092204,191.0,1
2026-02-13 05:25:00,1770960359999,HBAR,1m,0.092155,0.092163,0.092163,0.092155,441.0,2
2026-02-13 05:26:00,1770960419999,HBAR,1m,0.092187,0.092187,0.092187,0.092187,471.0,1
2026-02-13 05:27:00,1770960479999,HBAR,1m,0.092187,0.092187,0.092187,0.092187,0.0,0
2026-02-13 05:28:00,1770960539999,HBAR,1m,0.092139,0.092139,0.092139,0.092139,186.0,2
2026-02-13 05:29:00,1770960599999,HBAR,1m,0.092182,0.092182,0.092182,0.092182,163.0,1
2026-02-13 05:30:00,1770960659999,HBAR,1m,0.092256,0.092256,0.092256,0.092256,204.0,1
2026-02-13 05:31:00,1770960719999,HBAR,1m,0.092372,0.092378,0.092378,0.092367,7861.0,4
2026-02-13 05:32:00,1770960779999,HBAR,1m,0.092378,0.092378,0.092378,0.092378,0.0,0
2026-02-13 05:33:00,1770960839999,HBAR,1m,0.092197,0.092197,0.092197,0.092197,364.0,1
2026-02-13 05:34:00,1770960899999,HBAR,1m,0.092197,0.092197,0.092197,0.092197,0.0,0
2026-02-13 05:35:00,1770960959999,HBAR,1m,0.092175,0.092175,0.092175,0.092175,168.0,1
2026-02-13 05:36:00,1770961019999,HBAR,1m,0.092175,0.092175,0.092175,0.092175,0.0,0
2026-02-13 05:37:00,1770961079999,HBAR,1m,0.092245,0.092245,0.092245,0.092245,192.0,1
2026-02-13 05:38:00,1770961139999,HBAR,1m,0.092222,0.092238,0.092238,0.092222,707.0,3
2026-02-13 05:39:00,1770961199999,HBAR,1m,0.092175,0.092272,0.092272,0.092175,9948.0,2
2026-02-13 05:40:00,1770961259999,HBAR,1m,0.092272,0.092272,0.092272,0.092272,0.0,0
2026-02-13 05:41:00,1770961319999,HBAR,1m,0.092272,0.092272,0.092272,0.092272,0.0,0
2026-02-13 05:42:00,1770961379999,HBAR,1m,0.092334,0.092334,0.092334,0.092334,178.0,1
2026-02-13 05:43:00,1770961439999,HBAR,1m,0.092334,0.092334,0.092334,0.092334,0.0,0
2026-02-13 05:44:00,1770961499999,HBAR,1m,0.092334,0.092334,0.092334,0.092334,0.0,0
2026-02-13 05:45:00,1770961559999,HBAR,1m,0.092394,0.092413,0.092413,0.092394,918.0,3
2026-02-13 05:46:00,1770961619999,HBAR,1m,0.092413,0.092413,0.092413,0.092413,0.0,0
2026-02-13 05:47:00,1770961679999,HBAR,1m,0.092315,0.092315,0.092315,0.092315,188.0,1
2026-02-13 05:48:00,1770961739999,HBAR,1m,0.092315,0.092315,0.092315,0.092315,0.0,0
2026-02-13 05:49:00,1770961799999,HBAR,1m,0.09225,0.09225,0.09225,0.09225,435.0,1
2026-02-13 05:50:00,1770961859999,HBAR,1m,0.092251,0.092251,0.092251,0.092251,176.0,1
2026-02-13 05:51:00,1770961919999,HBAR,1m,0.092285,0.092285,0.092285,0.092285,595.0,2
2026-02-13 05:52:00,1770961979999,HBAR,1m,0.092213,0.092213,0.092213,0.092213,202.0,1
2026-02-13 05:53:00,1770962039999,HBAR,1m,0.092197,0.092197,0.092197,0.092197,165.0,1
2026-02-13 05:54:00,1770962099999,HBAR,1m,0.092095,0.092095,0.092095,0.092095,170.0,1
2026-02-13 05:55:00,1770962159999,HBAR,1m,0.092138,0.092138,0.092138,0.092138,437.0,3
2026-02-13 05:56:00,1770962219999,HBAR,1m,0.092178,0.092174,0.092178,0.092133,644.0,3
2026-02-13 05:57:00,1770962279999,HBAR,1m,0.092024,0.092028,0.092028,0.092024,356.0,2
2026-02-13 05:58:00,1770962339999,HBAR,1m,0.092028,0.092028,0.092028,0.092028,0.0,0
2026-02-13 05:59:00,1770962399999,HBAR,1m,0.092014,0.091982,0.092014,0.091982,828.0,4
2026-02-13 06:00:00,1770962459999,HBAR,1m,0.091965,0.092005,0.092005,0.091965,608.0,3
2026-02-13 06:01:00,1770962519999,HBAR,1m,0.092049,0.092075,0.092075,0.092049,706.0,3
2026-02-13 06:02:00,1770962579999,HBAR,1m,0.092062,0.092062,0.092062,0.092062,298.0,2
2026-02-13 06:03:00,1770962639999,HBAR,1m,0.092062,0.092062,0.092062,0.092062,0.0,0
2026-02-13 06:04:00,1770962699999,HBAR,1m,0.092023,0.092023,0.092023,0.092023,188.0,1
2026-02-13 06:05:00,1770962759999,HBAR,1m,0.092033,0.092064,0.092064,0.092033,387.0,2
2026-02-13 06:06:00,1770962819999,HBAR,1m,0.092053,0.092053,0.092053,0.092053,179.0,1
2026-02-13 06:07:00,1770962879999,HBAR,1m,0.092053,0.092053,0.092053,0.092053,0.0,0
2026-02-13 06:08:00,1770962939999,HBAR,1m,0.092053,0.092053,0.092053,0.092053,0.0,0
2026-02-13 06:09:00,1770962999999,HBAR,1m,0.092064,0.092064,0.092064,0.092064,257.0,1
2026-02-13 06:10:00,1770963059999,HBAR,1m,0.092071,0.092071,0.092071,0.092071,208.0,1
2026-02-13 06:11:00,1770963119999,HBAR,1m,0.09213,0.092141,0.092191,0.09213,878.0,4
2026-02-13 06:12:00,1770963179999,HBAR,1m,0.092033,0.092033,0.092033,0.092033,166.0,1
2026-02-13 06:13:00,1770963239999,HBAR,1m,0.092025,0.092025,0.092025,0.092025,199.0,1
2026-02-13 06:14:00,1770963299999,HBAR,1m,0.092025,0.092025,0.092025,0.092025,0.0,0
2026-02-13 06:15:00,1770963359999,HBAR,1m,0.091917,0.091917,0.091917,0.091917,213.0,1
2026-02-13 06:16:00,1770963419999,HBAR,1m,0.091917,0.091917,0.091917,0.091917,0.0,0
2026-02-13 06:17:00,1770963479999,HBAR,1m,0.092012,0.092012,0.092012,0.092012,111.0,1
2026-02-13 06:18:00,1770963539999,HBAR,1m,0.092003,0.092003,0.092003,0.092003,409.0,2
2026-02-13 06:19:00,1770963599999,HBAR,1m,0.092009,0.092009,0.092009,0.092009,173.0,1
2026-02-13 06:20:00,1770963659999,HBAR,1m,0.09201,0.092025,0.092025,0.09201,8566.0,2
2026-02-13 06:21:00,1770963719999,HBAR,1m,0.092025,0.092025,0.092025,0.092025,0.0,0
2026-02-13 06:22:00,1770963779999,HBAR,1m,0.092025,0.092025,0.092025,0.092025,0.0,0
2026-02-13 06:23:00,1770963839999,HBAR,1m,0.091957,0.091957,0.091957,0.091957,119.0,1
2026-02-13 06:24:00,1770963899999,HBAR,1m,0.0917,0.091775,0.091775,0.0917,738.0,3
2026-02-13 06:25:00,1770963959999,HBAR,1m,0.091609,0.091609,0.091609,0.091609,201.0,1
2026-02-13 06:26:00,1770964019999,HBAR,1m,0.091609,0.091609,0.091609,0.091609,0.0,0
2026-02-13 06:27:00,1770964079999,HBAR,1m,0.091587,0.091675,0.091675,0.091587,1300.0,5
2026-02-13 06:28:00,1770964139999,HBAR,1m,0.091633,0.091633,0.091633,0.091633,185.0,1
2026-02-13 06:29:00,1770964199999,HBAR,1m,0.091636,0.091636,0.091636,0.091636,190.0,1
2026-02-13 06:30:00,1770964259999,HBAR,1m,0.091635,0.091635,0.091635,0.091635,440.0,1
2026-02-13 06:31:00,1770964319999,HBAR,1m,0.091579,0.091502,0.091579,0.091502,555.0,3
2026-02-13 06:32:00,1770964379999,HBAR,1m,0.091448,0.091448,0.091448,0.091448,46.0,1
2026-02-13 06:33:00,1770964439999,HBAR,1m,0.091493,0.091555,0.091555,0.091493,362.0,2
2026-02-13 06:34:00,1770964499999,HBAR,1m,0.091687,0.091682,0.091705,0.091682,423.0,3
2026-02-13 06:35:00,1770964559999,HBAR,1m,0.091704,0.091713,0.091713,0.091704,48698.0,4
2026-02-13 06:36:00,1770964619999,HBAR,1m,0.091713,0.091713,0.091713,0.091713,0.0,0
2026-02-13 06:37:00,1770964679999,HBAR,1m,0.091585,0.091679,0.091679,0.091585,13021.0,3
2026-02-13 06:38:00,1770964739999,HBAR,1m,0.09167,0.09167,0.09167,0.09167,5070.0,1
2026-02-13 06:39:00,1770964799999,HBAR,1m,0.091663,0.091663,0.091663,0.091663,215.0,1
2026-02-13 06:40:00,1770964859999,HBAR,1m,0.091641,0.091721,0.091721,0.091641,6455.0,2
2026-02-13 06:41:00,1770964919999,HBAR,1m,0.091743,0.091743,0.091743,0.091743,4260.0,1
2026-02-13 06:42:00,1770964979999,HBAR,1m,0.091743,0.091743,0.091743,0.091743,0.0,0
2026-02-13 06:43:00,1770965039999,HBAR,1m,0.091663,0.091663,0.091663,0.091663,205.0,1
2026-02-13 06:44:00,1770965099999,HBAR,1m,0.091671,0.091649,0.091671,0.091649,39001.0,5
2026-02-13 06:45:00,1770965159999,HBAR,1m,0.0917,0.091693,0.0917,0.091666,2931.0,3
2026-02-13 06:46:00,1770965219999,HBAR,1m,0.0917,0.091723,0.091723,0.0917,13840.0,3
2026-02-13 06:47:00,1770965279999,HBAR,1m,0.091774,0.091837,0.091837,0.091774,12784.0,2
2026-02-13 06:48:00,1770965339999,HBAR,1m,0.091837,0.091837,0.091837,0.091837,0.0,0
2026-02-13 06:49:00,1770965399999,HBAR,1m,0.091746,0.091746,0.091746,0.091746,403.0,2
2026-02-13 06:50:00,1770965459999,HBAR,1m,0.091764,0.091764,0.091764,0.091764,200.0,1
2026-02-13 06:51:00,1770965519999,HBAR,1m,0.091936,0.092023,0.092023,0.091936,5175.0,2
2026-02-13 06:52:00,1770965579999,HBAR,1m,0.092023,0.092023,0.092023,0.092023,296.0,2
2026-02-13 06:53:00,1770965639999,HBAR,1m,0.092008,0.092008,0.092008,0.092008,205.0,1
2026-02-13 06:54:00,1770965699999,HBAR,1m,0.092002,0.092002,0.092002,0.092002,480.0,1
2026-02-13 06:55:00,1770965759999,HBAR,1m,0.092091,0.092091,0.092091,0.092091,2112.0,1
2026-02-13 06:56:00,1770965819999,HBAR,1m,0.092186,0.092186,0.092186,0.092186,154.0,1
2026-02-13 06:57:00,1770965879999,HBAR,1m,0.092296,0.092372,0.092372,0.092296,20000.0,3
2026-02-13 06:58:00,1770965939999,HBAR,1m,0.092255,0.092255,0.092255,0.092255,5500.0,1
2026-02-13 06:59:00,1770965999999,HBAR,1m,0.092367,0.092367,0.092367,0.092367,249.0,1
2026-02-13 07:00:00,1770966059999,HBAR,1m,0.092264,0.092264,0.092264,0.092264,431.0,1
2026-02-13 07:01:00,1770966119999,HBAR,1m,0.092264,0.092264,0.092264,0.092264,0.0,0
2026-02-13 07:02:00,1770966179999,HBAR,1m,0.092373,0.092342,0.092373,0.092284,1327.0,5
2026-02-13 07:03:00,1770966239999,HBAR,1m,0.092342,0.092342,0.092342,0.092342,0.0,0
2026-02-13 07:04:00,1770966299999,HBAR,1m,0.092406,0.092406,0.092406,0.092406,354.0,1
2026-02-13 07:05:00,1770966359999,HBAR,1m,0.092463,0.092463,0.092463,0.092463,380.0,1
2026-02-13 07:06:00,1770966419999,HBAR,1m,0.092441,0.092441,0.092441,0.092441,412.0,1
2026-02-13 07:07:00,1770966479999,HBAR,1m,0.092441,0.092441,0.092441,0.092441,0.0,0
2026-02-13 07:08:00,1770966539999,HBAR,1m,0.092381,0.092381,0.092381,0.092381,1397.0,1
2026-02-13 07:09:00,1770966599999,HBAR,1m,0.092208,0.092208,0.092208,0.092208,466.0,1
2026-02-13 07:10:00,1770966659999,HBAR,1m,0.092151,0.092149,0.092151,0.092149,378.0,3
2026-02-13 07:11:00,1770966719999,HBAR,1m,0.092235,0.092453,0.092453,0.092235,11654.0,3
2026-02-13 07:12:00,1770966779999,HBAR,1m,0.092453,0.092453,0.092453,0.092453,0.0,0
2026-02-13 07:13:00,1770966839999,HBAR,1m,0.0925,0.092542,0.092542,0.0925,364.0,2
2026-02-13 07:14:00,1770966899999,HBAR,1m,0.092492,0.092492,0.092492,0.092492,525.0,2
2026-02-13 07:15:00,1770966959999,HBAR,1m,0.092493,0.092493,0.092493,0.092493,184.0,1
2026-02-13 07:16:00,1770967019999,HBAR,1m,0.092457,0.092457,0.092457,0.092457,211.0,1
2026-02-13 07:17:00,1770967079999,HBAR,1m,0.092564,0.092583,0.092583,0.092564,8646.0,3
2026-02-13 07:18:00,1770967139999,HBAR,1m,0.09247,0.092461,0.09247,0.092461,349.0,2
2026-02-13 07:19:00,1770967199999,HBAR,1m,0.092461,0.092461,0.092461,0.092461,0.0,0
2026-02-13 07:20:00,1770967259999,HBAR,1m,0.092472,0.092473,0.092495,0.09244,1897.0,4
2026-02-13 07:21:00,1770967319999,HBAR,1m,0.092563,0.092557,0.092563,0.092557,348.0,2
2026-02-13 07:22:00,1770967379999,HBAR,1m,0.092557,0.092557,0.092557,0.092557,0.0,0
2026-02-13 07:23:00,1770967439999,HBAR,1m,0.092462,0.092462,0.092462,0.092462,137.0,1
2026-02-13 07:24:00,1770967499999,HBAR,1m,0.092382,0.092446,0.092446,0.092382,431.0,2
2026-02-13 07:25:00,1770967559999,HBAR,1m,0.09238,0.09238,0.09238,0.09238,375.0,3
2026-02-13 07:26:00,1770967619999,HBAR,1m,0.09238,0.09238,0.09238,0.09238,0.0,0
2026-02-13 07:27:00,1770967679999,HBAR,1m,0.09238,0.09238,0.09238,0.09238,0.0,0
2026-02-13 07:28:00,1770967739999,HBAR,1m,0.092335,0.092335,0.092335,0.092335,209.0,1
2026-02-13 07:29:00,1770967799999,HBAR,1m,0.092354,0.092408,0.092408,0.092354,484.0,2
2026-02-13 07:30:00,1770967859999,HBAR,1m,0.09228,0.09228,0.09228,0.09228,186.0,2
2026-02-13 07:31:00,1770967919999,HBAR,1m,0.09228,0.09228,0.09228,0.09228,0.0,0
2026-02-13 07:32:00,1770967979999,HBAR,1m,0.092326,0.092326,0.092326,0.092326,416.0,1
2026-02-13 07:33:00,1770968039999,HBAR,1m,0.092326,0.092326,0.092326,0.092326,0.0,0
2026-02-13 07:34:00,1770968099999,HBAR,1m,0.092299,0.092331,0.092331,0.092299,16996.0,3
2026-02-13 07:35:00,1770968159999,HBAR,1m,0.09243,0.09243,0.09243,0.09243,210.0,1
2026-02-13 07:36:00,1770968219999,HBAR,1m,0.09243,0.09243,0.09243,0.09243,5463.0,1
2026-02-13 07:37:00,1770968279999,HBAR,1m,0.092238,0.092238,0.092238,0.092238,167.0,2
2026-02-13 07:38:00,1770968339999,HBAR,1m,0.092221,0.092221,0.092221,0.092221,16495.0,2
2026-02-13 07:39:00,1770968399999,HBAR,1m,0.092192,0.092192,0.092192,0.092192,2186.0,4
2026-02-13 07:40:00,1770968459999,HBAR,1m,0.092173,0.092179,0.0922,0.092173,6214.0,4
2026-02-13 07:41:00,1770968519999,HBAR,1m,0.092159,0.092178,0.092178,0.092159,370.0,2
2026-02-13 07:42:00,1770968579999,HBAR,1m,0.092149,0.092208,0.092208,0.092146,9658.0,9
2026-02-13 07:43:00,1770968639999,HBAR,1m,0.092179,0.092179,0.092179,0.092179,3578.0,4
2026-02-13 07:44:00,1770968699999,HBAR,1m,0.092179,0.092179,0.092179,0.092179,0.0,0
2026-02-13 07:45:00,1770968759999,HBAR,1m,0.092129,0.09213,0.09213,0.092129,379.0,3
2026-02-13 07:46:00,1770968819999,HBAR,1m,0.09209,0.09209,0.09209,0.09209,208.0,1
2026-02-13 07:47:00,1770968879999,HBAR,1m,0.092197,0.092197,0.092197,0.092197,680.0,2
2026-02-13 07:48:00,1770968939999,HBAR,1m,0.092138,0.092138,0.092138,0.092138,300.0,1
2026-02-13 07:49:00,1770968999999,HBAR,1m,0.092156,0.092156,0.092156,0.092156,304.0,1
2026-02-13 07:50:00,1770969059999,HBAR,1m,0.092157,0.092157,0.092157,0.092157,176.0,2
2026-02-13 07:51:00,1770969119999,HBAR,1m,0.092087,0.092087,0.092087,0.092087,125.0,1
2026-02-13 07:52:00,1770969179999,HBAR,1m,0.092175,0.092175,0.092175,0.092175,461.0,4
2026-02-13 07:53:00,1770969239999,HBAR,1m,0.092175,0.092175,0.092175,0.092175,0.0,0
2026-02-13 07:54:00,1770969299999,HBAR,1m,0.092318,0.092386,0.092386,0.092318,5732.0,2
2026-02-13 07:55:00,1770969359999,HBAR,1m,0.092457,0.092436,0.092457,0.092436,13508.0,2
2026-02-13 07:56:00,1770969419999,HBAR,1m,0.092484,0.092484,0.092484,0.092484,169.0,1
2026-02-13 07:57:00,1770969479999,HBAR,1m,0.092456,0.092446,0.092456,0.092446,12946.0,3
2026-02-13 07:58:00,1770969539999,HBAR,1m,0.092465,0.092465,0.092465,0.092465,213.0,1
2026-02-13 07:59:00,1770969599999,HBAR,1m,0.092474,0.092474,0.092474,0.092474,165.0,1
2026-02-13 08:00:00,1770969659999,HBAR,1m,0.09257,0.09257,0.09257,0.09257,259.0,1
2026-02-13 08:01:00,1770969719999,HBAR,1m,0.09257,0.09257,0.09257,0.09257,0.0,0
2026-02-13 08:02:00,1770969779999,HBAR,1m,0.092428,0.09244,0.09244,0.092428,368.0,2
2026-02-13 08:03:00,1770969839999,HBAR,1m,0.092465,0.092465,0.092465,0.092465,250.0,1
2026-02-13 08:04:00,1770969899999,HBAR,1m,0.092528,0.092528,0.092528,0.092528,168.0,1
2026-02-13 08:05:00,1770969959999,HBAR,1m,0.092646,0.092646,0.092646,0.092646,183.0,1
2026-02-13 08:06:00,1770970019999,HBAR,1m,0.092718,0.092896,0.092896,0.092718,402.0,2
2026-02-13 08:07:00,1770970079999,HBAR,1m,0.092896,0.092896,0.092896,0.092896,0.0,0
2026-02-13 08:08:00,1770970139999,HBAR,1m,0.09284,0.09284,0.09284,0.09284,114.0,1
2026-02-13 08:09:00,1770970199999,HBAR,1m,0.092901,0.092901,0.092901,0.092901,184.0,1
2026-02-13 08:10:00,1770970259999,HBAR,1m,0.092863,0.092863,0.092863,0.092863,179.0,1
2026-02-13 08:11:00,1770970319999,HBAR,1m,0.09292,0.092894,0.09292,0.092894,945.0,3
2026-02-13 08:12:00,1770970379999,HBAR,1m,0.09293,0.09299,0.09299,0.09293,752.0,5
2026-02-13 08:13:00,1770970439999,HBAR,1m,0.092922,0.092922,0.092922,0.092922,171.0,1
2026-02-13 08:14:00,1770970499999,HBAR,1m,0.092868,0.092868,0.092868,0.092868,427.0,1
2026-02-13 08:15:00,1770970559999,HBAR,1m,0.092892,0.092849,0.092892,0.092849,25180.0,5
2026-02-13 08:16:00,1770970619999,HBAR,1m,0.09291,0.092957,0.092957,0.09291,19376.0,8
2026-02-13 08:17:00,1770970679999,HBAR,1m,0.092974,0.092974,0.092974,0.092974,179.0,1
2026-02-13 08:18:00,1770970739999,HBAR,1m,0.092878,0.09297,0.09297,0.092878,305.0,2
2026-02-13 08:19:00,1770970799999,HBAR,1m,0.09295,0.093006,0.093006,0.09295,1076.0,2
2026-02-13 08:20:00,1770970859999,HBAR,1m,0.093006,0.093006,0.093006,0.093006,0.0,0
2026-02-13 08:21:00,1770970919999,HBAR,1m,0.093027,0.093381,0.093381,0.093027,59113.0,13
2026-02-13 08:22:00,1770970979999,HBAR,1m,0.093381,0.093381,0.093381,0.093381,0.0,0
2026-02-13 08:23:00,1770971039999,HBAR,1m,0.093275,0.09324,0.093275,0.09324,314.0,2
2026-02-13 08:24:00,1770971099999,HBAR,1m,0.093236,0.093236,0.093236,0.093236,141.0,1
2026-02-13 08:25:00,1770971159999,HBAR,1m,0.093151,0.093359,0.093359,0.093151,2006.0,5
2026-02-13 08:26:00,1770971219999,HBAR,1m,0.093415,0.093415,0.093415,0.093415,928.0,1
2026-02-13 08:27:00,1770971279999,HBAR,1m,0.093353,0.093353,0.093353,0.093353,195.0,1
2026-02-13 08:28:00,1770971339999,HBAR,1m,0.093403,0.093403,0.093403,0.093403,11780.0,3
2026-02-13 08:29:00,1770971399999,HBAR,1m,0.093376,0.093354,0.093397,0.093354,13865.0,4
2026-02-13 08:30:00,1770971459999,HBAR,1m,0.093387,0.093371,0.093387,0.093371,333.0,2
2026-02-13 08:31:00,1770971519999,HBAR,1m,0.093396,0.09349,0.09349,0.093396,18514.0,3
2026-02-13 08:32:00,1770971579999,HBAR,1m,0.093469,0.093469,0.093469,0.093469,381.0,1
2026-02-13 08:33:00,1770971639999,HBAR,1m,0.093514,0.093514,0.093514,0.093514,232.0,1
2026-02-13 08:34:00,1770971699999,HBAR,1m,0.093514,0.093514,0.093514,0.093514,0.0,0
2026-02-13 08:35:00,1770971759999,HBAR,1m,0.093535,0.093535,0.093535,0.093535,178.0,1
2026-02-13 08:36:00,1770971819999,HBAR,1m,0.093535,0.093535,0.093535,0.093535,0.0,0
2026-02-13 08:37:00,1770971879999,HBAR,1m,0.0936,0.0936,0.0936,0.0936,53418.0,8
2026-02-13 08:38:00,1770971939999,HBAR,1m,0.093603,0.09364,0.09364,0.093603,774.0,2
2026-02-13 08:39:00,1770971999999,HBAR,1m,0.093569,0.093582,0.093582,0.093569,2003.0,2
2026-02-13 08:40:00,1770972059999,HBAR,1m,0.093491,0.093491,0.093491,0.093491,161.0,1
2026-02-13 08:41:00,1770972119999,HBAR,1m,0.093478,0.093478,0.093478,0.093478,203.0,1
2026-02-13 08:42:00,1770972179999,HBAR,1m,0.093478,0.093478,0.093478,0.093478,0.0,0
2026-02-13 08:43:00,1770972239999,HBAR,1m,0.093478,0.093478,0.093478,0.093478,0.0,0
2026-02-13 08:44:00,1770972299999,HBAR,1m,0.093478,0.093478,0.093478,0.093478,0.0,0
2026-02-13 08:45:00,1770972359999,HBAR,1m,0.093439,0.093439,0.093439,0.093439,327.0,1
2026-02-13 08:46:00,1770972419999,HBAR,1m,0.093454,0.093454,0.093454,0.093454,171.0,1
2026-02-13 08:47:00,1770972479999,HBAR,1m,0.093372,0.093372,0.093372,0.093372,180.0,1
2026-02-13 08:48:00,1770972539999,HBAR,1m,0.093372,0.093372,0.093372,0.093372,0.0,0
2026-02-13 08:49:00,1770972599999,HBAR,1m,0.093372,0.093372,0.093372,0.093372,0.0,0
2026-02-13 08:50:00,1770972659999,HBAR,1m,0.093607,0.093568,0.093657,0.093568,472.0,3
2026-02-13 08:51:00,1770972719999,HBAR,1m,0.093567,0.093567,0.093567,0.093567,188.0,1
2026-02-13 08:52:00,1770972779999,HBAR,1m,0.093567,0.093567,0.093567,0.093567,0.0,0
2026-02-13 08:53:00,1770972839999,HBAR,1m,0.093616,0.093612,0.093616,0.093612,492.0,2
2026-02-13 08:54:00,1770972899999,HBAR,1m,0.093612,0.093612,0.093612,0.093612,0.0,0
2026-02-13 08:55:00,1770972959999,HBAR,1m,0.093574,0.093574,0.093574,0.093574,206.0,1
2026-02-13 08:56:00,1770973019999,HBAR,1m,0.093574,0.093574,0.093574,0.093574,0.0,0
2026-02-13 08:57:00,1770973079999,HBAR,1m,0.09354,0.09354,0.09354,0.09354,4430.0,2
2026-02-13 08:58:00,1770973139999,HBAR,1m,0.09354,0.09354,0.09354,0.09354,0.0,0
2026-02-13 08:59:00,1770973199999,HBAR,1m,0.093472,0.093472,0.093472,0.093472,203.0,1
2026-02-13 09:00:00,1770973259999,HBAR,1m,0.093472,0.093472,0.093472,0.093472,0.0,0
2026-02-13 09:01:00,1770973319999,HBAR,1m,0.093295,0.093267,0.093295,0.093267,54936.0,5
2026-02-13 09:02:00,1770973379999,HBAR,1m,0.093239,0.093189,0.093239,0.093146,76563.0,10
2026-02-13 09:03:00,1770973439999,HBAR,1m,0.093143,0.093142,0.093143,0.093142,422.0,2
2026-02-13 09:04:00,1770973499999,HBAR,1m,0.093142,0.093142,0.093142,0.093142,418.0,2
2026-02-13 09:05:00,1770973559999,HBAR,1m,0.093142,0.093142,0.093142,0.093142,0.0,0
2026-02-13 09:06:00,1770973619999,HBAR,1m,0.093143,0.093142,0.093143,0.093142,663.0,2
2026-02-13 09:07:00,1770973679999,HBAR,1m,0.093195,0.093195,0.093195,0.093195,198.0,1
2026-02-13 09:08:00,1770973739999,HBAR,1m,0.093148,0.093148,0.093148,0.093148,407.0,1
2026-02-13 09:09:00,1770973799999,HBAR,1m,0.093202,0.093202,0.093202,0.093202,409.0,1
2026-02-13 09:10:00,1770973859999,HBAR,1m,0.093194,0.093243,0.093287,0.093194,8283.0,11
2026-02-13 09:11:00,1770973919999,HBAR,1m,0.093243,0.093243,0.093243,0.093243,0.0,0
2026-02-13 09:12:00,1770973979999,HBAR,1m,0.093254,0.093231,0.093254,0.093231,942.0,7
2026-02-13 09:13:00,1770974039999,HBAR,1m,0.093202,0.093202,0.093202,0.093202,208.0,1
2026-02-13 09:14:00,1770974099999,HBAR,1m,0.093219,0.093219,0.093219,0.093219,175.0,1
2026-02-13 09:15:00,1770974159999,HBAR,1m,0.093186,0.093186,0.093186,0.093186,176.0,1
2026-02-13 09:16:00,1770974219999,HBAR,1m,0.093231,0.093325,0.093325,0.093231,10468.0,3
2026-02-13 09:17:00,1770974279999,HBAR,1m,0.093325,0.093325,0.093325,0.093325,0.0,0
2026-02-13 09:18:00,1770974339999,HBAR,1m,0.093196,0.093196,0.093196,0.093196,189.0,1
2026-02-13 09:19:00,1770974399999,HBAR,1m,0.093265,0.093265,0.093265,0.093265,214.0,1
2026-02-13 09:20:00,1770974459999,HBAR,1m,0.093217,0.093217,0.093217,0.093217,209.0,1
2026-02-13 09:21:00,1770974519999,HBAR,1m,0.09328,0.093404,0.093404,0.09328,390.0,2
2026-02-13 09:22:00,1770974579999,HBAR,1m,0.093449,0.093335,0.093449,0.093335,11395.0,4
2026-02-13 09:23:00,1770974639999,HBAR,1m,0.093396,0.093396,0.093396,0.093396,431.0,1
2026-02-13 09:24:00,1770974699999,HBAR,1m,0.093498,0.093498,0.093498,0.093498,535.0,1
2026-02-13 09:25:00,1770974759999,HBAR,1m,0.093581,0.093584,0.093584,0.093581,450.0,2
2026-02-13 09:26:00,1770974819999,HBAR,1m,0.093537,0.093524,0.093537,0.093524,1098.0,4
2026-02-13 09:27:00,1770974879999,HBAR,1m,0.093524,0.093524,0.093524,0.093524,0.0,0
2026-02-13 09:28:00,1770974939999,HBAR,1m,0.093461,0.093451,0.093461,0.093451,6151.0,3
2026-02-13 09:29:00,1770974999999,HBAR,1m,0.093451,0.093451,0.093451,0.093451,190.0,1
2026-02-13 09:30:00,1770975059999,HBAR,1m,0.093451,0.093451,0.093451,0.093451,0.0,0
2026-02-13 09:31:00,1770975119999,HBAR,1m,0.093438,0.093454,0.093454,0.093436,13842.0,6
2026-02-13 09:32:00,1770975179999,HBAR,1m,0.093312,0.093312,0.093312,0.093312,420.0,1
2026-02-13 09:33:00,1770975239999,HBAR,1m,0.093337,0.093337,0.093337,0.093337,702.0,2
2026-02-13 09:34:00,1770975299999,HBAR,1m,0.093337,0.093337,0.093337,0.093337,0.0,0
2026-02-13 09:35:00,1770975359999,HBAR,1m,0.093323,0.093323,0.093323,0.093323,191.0,1
2026-02-13 09:36:00,1770975419999,HBAR,1m,0.093399,0.093399,0.093399,0.093399,422.0,1
2026-02-13 09:37:00,1770975479999,HBAR,1m,0.093399,0.093399,0.093399,0.093399,0.0,0
2026-02-13 09:38:00,1770975539999,HBAR,1m,0.093379,0.09338,0.09338,0.093379,629.0,4
2026-02-13 09:39:00,1770975599999,HBAR,1m,0.09338,0.09338,0.09338,0.09338,0.0,0
2026-02-13 09:40:00,1770975659999,HBAR,1m,0.09338,0.09338,0.09338,0.09338,0.0,0
2026-02-13 09:41:00,1770975719999,HBAR,1m,0.093347,0.093347,0.093347,0.093347,181.0,1
2026-02-13 09:42:00,1770975779999,HBAR,1m,0.093347,0.093347,0.093347,0.093347,0.0,0
2026-02-13 09:43:00,1770975839999,HBAR,1m,0.093362,0.093359,0.093362,0.093359,248.0,2
2026-02-13 09:44:00,1770975899999,HBAR,1m,0.093356,0.093356,0.093356,0.093356,191.0,1
2026-02-13 09:45:00,1770975959999,HBAR,1m,0.093346,0.093346,0.093346,0.093346,186.0,1
2026-02-13 09:46:00,1770976019999,HBAR,1m,0.093377,0.093478,0.093516,0.09336,58911.0,15
2026-02-13 09:47:00,1770976079999,HBAR,1m,0.093478,0.093478,0.093478,0.093478,0.0,0
2026-02-13 09:48:00,1770976139999,HBAR,1m,0.09349,0.09348,0.09349,0.09348,605.0,2
2026-02-13 09:49:00,1770976199999,HBAR,1m,0.093485,0.093509,0.093509,0.093485,374.0,2
2026-02-13 09:50:00,1770976259999,HBAR,1m,0.093527,0.093527,0.093527,0.093527,178.0,1
2026-02-13 09:51:00,1770976319999,HBAR,1m,0.093527,0.093527,0.093527,0.093527,0.0,0
2026-02-13 09:52:00,1770976379999,HBAR,1m,0.093498,0.093498,0.093498,0.093498,197.0,1
2026-02-13 09:53:00,1770976439999,HBAR,1m,0.093465,0.09349,0.093494,0.093465,14576.0,5
2026-02-13 09:54:00,1770976499999,HBAR,1m,0.093509,0.093509,0.093509,0.093509,179.0,1
2026-02-13 09:55:00,1770976559999,HBAR,1m,0.093445,0.093487,0.093487,0.093445,4832.0,2
2026-02-13 09:56:00,1770976619999,HBAR,1m,0.093488,0.093579,0.093579,0.093488,10603.0,5
2026-02-13 09:57:00,1770976679999,HBAR,1m,0.093579,0.093579,0.093579,0.093579,0.0,0
2026-02-13 09:58:00,1770976739999,HBAR,1m,0.093523,0.093523,0.093523,0.093523,280.0,1
2026-02-13 09:59:00,1770976799999,HBAR,1m,0.093523,0.093523,0.093523,0.093523,0.0,0
2026-02-13 10:00:00,1770976859999,HBAR,1m,0.093523,0.093523,0.093523,0.093523,0.0,0
2026-02-13 10:01:00,1770976919999,HBAR,1m,0.093596,0.093596,0.093596,0.093596,174.0,1
2026-02-13 10:02:00,1770976979999,HBAR,1m,0.093596,0.093596,0.093596,0.093596,0.0,0
2026-02-13 10:03:00,1770977039999,HBAR,1m,0.093596,0.093596,0.093596,0.093596,0.0,0
2026-02-13 10:04:00,1770977099999,HBAR,1m,0.093596,0.093596,0.093596,0.093596,0.0,0
2026-02-13 10:05:00,1770977159999,HBAR,1m,0.093596,0.093596,0.093596,0.093596,0.0,0
2026-02-13 10:06:00,1770977219999,HBAR,1m,0.093596,0.093596,0.093596,0.093596,0.0,0
2026-02-13 10:07:00,1770977279999,HBAR,1m,0.093596,0.093596,0.093596,0.093596,0.0,0
2026-02-13 10:08:00,1770977339999,HBAR,1m,0.093596,0.093596,0.093596,0.093596,0.0,0
2026-02-13 10:09:00,1770977399999,HBAR,1m,0.093461,0.093428,0.093461,0.093428,1163.0,4
2026-02-13 10:10:00,1770977459999,HBAR,1m,0.093428,0.093428,0.093428,0.093428,0.0,0
2026-02-13 10:11:00,1770977519999,HBAR,1m,0.093559,0.093559,0.093559,0.093559,172.0,1
2026-02-13 10:12:00,1770977579999,HBAR,1m,0.093564,0.093564,0.093564,0.093564,182.0,1
2026-02-13 10:13:00,1770977639999,HBAR,1m,0.093537,0.093537,0.093537,0.093537,161.0,1
2026-02-13 10:14:00,1770977699999,HBAR,1m,0.093537,0.093537,0.093537,0.093537,0.0,0
2026-02-13 10:15:00,1770977759999,HBAR,1m,0.093537,0.093537,0.093537,0.093537,0.0,0
2026-02-13 10:16:00,1770977819999,HBAR,1m,0.093537,0.093537,0.093537,0.093537,0.0,0
2026-02-13 10:17:00,1770977879999,HBAR,1m,0.093632,0.093632,0.093632,0.093632,165.0,1
2026-02-13 10:18:00,1770977939999,HBAR,1m,0.093737,0.093737,0.093737,0.093737,166.0,1
2026-02-13 10:19:00,1770977999999,HBAR,1m,0.093874,0.093874,0.093874,0.093874,160.0,1
2026-02-13 10:20:00,1770978059999,HBAR,1m,0.093874,0.093765,0.093874,0.093765,374.0,2
2026-02-13 10:21:00,1770978119999,HBAR,1m,0.093866,0.093866,0.093866,0.093866,151.0,1
2026-02-13 10:22:00,1770978179999,HBAR,1m,0.09384,0.09384,0.09384,0.09384,208.0,1
2026-02-13 10:23:00,1770978239999,HBAR,1m,0.09384,0.09384,0.09384,0.09384,0.0,0
2026-02-13 10:24:00,1770978299999,HBAR,1m,0.093656,0.09376,0.09376,0.093656,1592.0,2
2026-02-13 10:25:00,1770978359999,HBAR,1m,0.09376,0.09376,0.09376,0.09376,0.0,0
2026-02-13 10:26:00,1770978419999,HBAR,1m,0.09376,0.09376,0.09376,0.09376,0.0,0
2026-02-13 10:27:00,1770978479999,HBAR,1m,0.093794,0.093794,0.093794,0.093794,319.0,1
2026-02-13 10:28:00,1770978539999,HBAR,1m,0.093801,0.093801,0.093801,0.093801,380.0,2
2026-02-13 10:29:00,1770978599999,HBAR,1m,0.093801,0.093801,0.093801,0.093801,0.0,0
2026-02-13 10:30:00,1770978659999,HBAR,1m,0.093725,0.093725,0.093725,0.093725,168.0,1
2026-02-13 10:31:00,1770978719999,HBAR,1m,0.093725,0.093725,0.093725,0.093725,0.0,0
2026-02-13 10:32:00,1770978779999,HBAR,1m,0.093718,0.093718,0.093718,0.093718,218.0,1
2026-02-13 10:33:00,1770978839999,HBAR,1m,0.093718,0.093718,0.093718,0.093718,0.0,0
2026-02-13 10:34:00,1770978899999,HBAR,1m,0.093824,0.093866,0.093866,0.093824,900.0,3
2026-02-13 10:35:00,1770978959999,HBAR,1m,0.093815,0.093815,0.093815,0.093815,205.0,1
2026-02-13 10:36:00,1770979019999,HBAR,1m,0.09388,0.09388,0.09388,0.09388,317.0,1
2026-02-13 10:37:00,1770979079999,HBAR,1m,0.093723,0.093723,0.093723,0.093723,170.0,1
2026-02-13 10:38:00,1770979139999,HBAR,1m,0.093758,0.093758,0.093758,0.093758,175.0,1
2026-02-13 10:39:00,1770979199999,HBAR,1m,0.093758,0.093758,0.093758,0.093758,0.0,0
2026-02-13 10:40:00,1770979259999,HBAR,1m,0.093699,0.093699,0.093699,0.093699,269.0,1
2026-02-13 10:41:00,1770979319999,HBAR,1m,0.093699,0.093699,0.093699,0.093699,0.0,0
2026-02-13 10:42:00,1770979379999,HBAR,1m,0.093832,0.093833,0.093833,0.093832,388.0,2
2026-02-13 10:43:00,1770979439999,HBAR,1m,0.093833,0.093833,0.093833,0.093833,309.0,1
2026-02-13 10:44:00,1770979499999,HBAR,1m,0.093833,0.093833,0.093833,0.093833,0.0,0
2026-02-13 10:45:00,1770979559999,HBAR,1m,0.093833,0.093833,0.093833,0.093833,0.0,0
2026-02-13 10:46:00,1770979619999,HBAR,1m,0.093833,0.093833,0.093833,0.093833,0.0,0
2026-02-13 10:47:00,1770979679999,HBAR,1m,0.093779,0.093779,0.093779,0.093779,180.0,1
2026-02-13 10:48:00,1770979739999,HBAR,1m,0.09379,0.09379,0.09379,0.09379,178.0,1
2026-02-13 10:49:00,1770979799999,HBAR,1m,0.09373,0.09373,0.09373,0.09373,407.0,1
2026-02-13 10:50:00,1770979859999,HBAR,1m,0.09373,0.09373,0.09373,0.09373,0.0,0
2026-02-13 10:51:00,1770979919999,HBAR,1m,0.093658,0.093658,0.093658,0.093658,206.0,1
2026-02-13 10:52:00,1770979979999,HBAR,1m,0.093565,0.093565,0.093565,0.093565,457.0,1
2026-02-13 10:53:00,1770980039999,HBAR,1m,0.093536,0.093536,0.093536,0.093536,374.0,1
2026-02-13 10:54:00,1770980099999,HBAR,1m,0.093495,0.093365,0.093495,0.093365,2739.0,5
2026-02-13 10:55:00,1770980159999,HBAR,1m,0.093424,0.093424,0.093424,0.093424,195.0,1
2026-02-13 10:56:00,1770980219999,HBAR,1m,0.093443,0.093453,0.093453,0.093443,345.0,2
2026-02-13 10:57:00,1770980279999,HBAR,1m,0.093513,0.093513,0.093513,0.093513,4330.0,1
2026-02-13 10:58:00,1770980339999,HBAR,1m,0.093562,0.093562,0.093562,0.093562,246.0,1
2026-02-13 10:59:00,1770980399999,HBAR,1m,0.093562,0.093562,0.093562,0.093562,0.0,0
2026-02-13 11:00:00,1770980459999,HBAR,1m,0.093562,0.093562,0.093562,0.093562,0.0,0
2026-02-13 11:01:00,1770980519999,HBAR,1m,0.093484,0.093484,0.093484,0.093484,189.0,1
2026-02-13 11:02:00,1770980579999,HBAR,1m,0.093496,0.093496,0.093496,0.093496,8361.0,1
2026-02-13 11:03:00,1770980639999,HBAR,1m,0.09354,0.09354,0.09354,0.09354,3.0,1
2026-02-13 11:04:00,1770980699999,HBAR,1m,0.09354,0.09354,0.09354,0.09354,0.0,0
2026-02-13 11:05:00,1770980759999,HBAR,1m,0.09368,0.09368,0.09368,0.09368,1442.0,1
2026-02-13 11:06:00,1770980819999,HBAR,1m,0.093662,0.093662,0.093662,0.093662,206.0,1
2026-02-13 11:07:00,1770980879999,HBAR,1m,0.093684,0.093714,0.093714,0.093684,563.0,3
2026-02-13 11:08:00,1770980939999,HBAR,1m,0.093706,0.093706,0.093706,0.093706,244.0,1
2026-02-13 11:09:00,1770980999999,HBAR,1m,0.093706,0.093706,0.093706,0.093706,0.0,0
2026-02-13 11:10:00,1770981059999,HBAR,1m,0.093706,0.093706,0.093706,0.093706,0.0,0
2026-02-13 11:11:00,1770981119999,HBAR,1m,0.093706,0.093706,0.093706,0.093706,0.0,0
2026-02-13 11:12:00,1770981179999,HBAR,1m,0.093627,0.093627,0.093627,0.093627,207.0,1
2026-02-13 11:13:00,1770981239999,HBAR,1m,0.093664,0.093664,0.093664,0.093664,171.0,1
2026-02-13 11:14:00,1770981299999,HBAR,1m,0.093664,0.093664,0.093664,0.093664,0.0,0
2026-02-13 11:15:00,1770981359999,HBAR,1m,0.093664,0.093664,0.093664,0.093664,0.0,0
2026-02-13 11:16:00,1770981419999,HBAR,1m,0.093664,0.093731,0.093731,0.093663,12370.0,6
2026-02-13 11:17:00,1770981479999,HBAR,1m,0.093731,0.093731,0.093731,0.093731,0.0,0
2026-02-13 11:18:00,1770981539999,HBAR,1m,0.093683,0.093595,0.093683,0.093595,43917.0,8
2026-02-13 11:19:00,1770981599999,HBAR,1m,0.093595,0.093595,0.093595,0.093595,0.0,0
2026-02-13 11:20:00,1770981659999,HBAR,1m,0.093811,0.093805,0.093811,0.093805,359.0,2
2026-02-13 11:21:00,1770981719999,HBAR,1m,0.093805,0.093805,0.093805,0.093805,0.0,0
2026-02-13 11:22:00,1770981779999,HBAR,1m,0.093831,0.093831,0.093831,0.093831,186.0,1
2026-02-13 11:23:00,1770981839999,HBAR,1m,0.093831,0.093831,0.093831,0.093831,0.0,0
2026-02-13 11:24:00,1770981899999,HBAR,1m,0.093764,0.093764,0.093764,0.093764,267.0,1
2026-02-13 11:25:00,1770981959999,HBAR,1m,0.093764,0.093764,0.093764,0.093764,0.0,0
2026-02-13 11:26:00,1770982019999,HBAR,1m,0.093764,0.093764,0.093764,0.093764,170.0,1
2026-02-13 11:27:00,1770982079999,HBAR,1m,0.093719,0.093719,0.093719,0.093719,175.0,1
2026-02-13 11:28:00,1770982139999,HBAR,1m,0.093719,0.093719,0.093719,0.093719,0.0,0
2026-02-13 11:29:00,1770982199999,HBAR,1m,0.093719,0.093719,0.093719,0.093719,0.0,0
2026-02-13 11:30:00,1770982259999,HBAR,1m,0.093719,0.093719,0.093719,0.093719,0.0,0
2026-02-13 11:31:00,1770982319999,HBAR,1m,0.093481,0.09349,0.09349,0.093481,664.0,2
2026-02-13 11:32:00,1770982379999,HBAR,1m,0.09349,0.09349,0.09349,0.09349,0.0,0
2026-02-13 11:33:00,1770982439999,HBAR,1m,0.09349,0.09349,0.09349,0.09349,0.0,0
2026-02-13 11:34:00,1770982499999,HBAR,1m,0.093386,0.093386,0.093386,0.093386,161.0,1
2026-02-13 11:35:00,1770982559999,HBAR,1m,0.093294,0.093247,0.093294,0.093247,331.0,2
2026-02-13 11:36:00,1770982619999,HBAR,1m,0.093265,0.093202,0.093265,0.093202,34383.0,7
2026-02-13 11:37:00,1770982679999,HBAR,1m,0.093202,0.093202,0.093202,0.093202,0.0,0
2026-02-13 11:38:00,1770982739999,HBAR,1m,0.093202,0.093202,0.093202,0.093202,0.0,0
2026-02-13 11:39:00,1770982799999,HBAR,1m,0.093202,0.093202,0.093202,0.093202,0.0,0
2026-02-13 11:40:00,1770982859999,HBAR,1m,0.093093,0.093093,0.093093,0.093093,292.0,1
2026-02-13 11:41:00,1770982919999,HBAR,1m,0.093093,0.093093,0.093093,0.093093,0.0,0
2026-02-13 11:42:00,1770982979999,HBAR,1m,0.093298,0.093288,0.093298,0.093288,399.0,2
2026-02-13 11:43:00,1770983039999,HBAR,1m,0.093196,0.093196,0.093196,0.093196,173.0,1
2026-02-13 11:44:00,1770983099999,HBAR,1m,0.093196,0.093196,0.093196,0.093196,0.0,0
2026-02-13 11:45:00,1770983159999,HBAR,1m,0.093161,0.093161,0.093161,0.093161,172.0,1
2026-02-13 11:46:00,1770983219999,HBAR,1m,0.093161,0.093161,0.093161,0.093161,0.0,0
2026-02-13 11:47:00,1770983279999,HBAR,1m,0.093348,0.093348,0.093348,0.093348,184.0,1
2026-02-13 11:48:00,1770983339999,HBAR,1m,0.093348,0.093348,0.093348,0.093348,0.0,0
2026-02-13 11:49:00,1770983399999,HBAR,1m,0.093348,0.093348,0.093348,0.093348,0.0,0
2026-02-13 11:50:00,1770983459999,HBAR,1m,0.09318,0.09318,0.09318,0.09318,381.0,2
2026-02-13 11:51:00,1770983519999,HBAR,1m,0.093174,0.093126,0.093174,0.093126,395.0,2
2026-02-13 11:52:00,1770983579999,HBAR,1m,0.093145,0.093145,0.093145,0.093145,1074.0,1
2026-02-13 11:53:00,1770983639999,HBAR,1m,0.093104,0.093134,0.093134,0.093104,1350.0,2
2026-02-13 11:54:00,1770983699999,HBAR,1m,0.093253,0.093253,0.093253,0.093253,643.0,2
2026-02-13 11:55:00,1770983759999,HBAR,1m,0.093239,0.093239,0.093239,0.093239,382.0,2
2026-02-13 11:56:00,1770983819999,HBAR,1m,0.093239,0.093239,0.093239,0.093239,0.0,0
2026-02-13 11:57:00,1770983879999,HBAR,1m,0.09331,0.093282,0.09331,0.093282,642.0,2
2026-02-13 11:58:00,1770983939999,HBAR,1m,0.093282,0.093282,0.093282,0.093282,0.0,0
2026-02-13 11:59:00,1770983999999,HBAR,1m,0.09322,0.093233,0.093233,0.09322,403.0,2
2026-02-13 12:00:00,1770984059999,HBAR,1m,0.093117,0.093117,0.093117,0.093117,171.0,1
2026-02-13 12:01:00,1770984119999,HBAR,1m,0.093098,0.093098,0.093098,0.093098,216.0,1
2026-02-13 12:02:00,1770984179999,HBAR,1m,0.093106,0.093114,0.093114,0.093089,47071.0,5
2026-02-13 12:03:00,1770984239999,HBAR,1m,0.092971,0.093073,0.093073,0.092971,2405.0,2
2026-02-13 12:04:00,1770984299999,HBAR,1m,0.093064,0.093064,0.093064,0.093064,537.0,1
2026-02-13 12:05:00,1770984359999,HBAR,1m,0.093025,0.093025,0.093025,0.093025,429.0,1
2026-02-13 12:06:00,1770984419999,HBAR,1m,0.09295,0.09295,0.09295,0.09295,207.0,1
2026-02-13 12:07:00,1770984479999,HBAR,1m,0.092912,0.092912,0.092912,0.092912,187.0,1
2026-02-13 12:08:00,1770984539999,HBAR,1m,0.092904,0.092904,0.092904,0.092904,215.0,1
2026-02-13 12:09:00,1770984599999,HBAR,1m,0.092949,0.092949,0.092949,0.092949,356.0,2
2026-02-13 12:10:00,1770984659999,HBAR,1m,0.09295,0.09295,0.09295,0.09295,108.0,1
2026-02-13 12:11:00,1770984719999,HBAR,1m,0.092802,0.092781,0.092802,0.092781,329.0,2
2026-02-13 12:12:00,1770984779999,HBAR,1m,0.092802,0.092802,0.092802,0.092802,5212.0,2
2026-02-13 12:13:00,1770984839999,HBAR,1m,0.092861,0.092765,0.092861,0.092757,1765.0,5
2026-02-13 12:14:00,1770984899999,HBAR,1m,0.092763,0.092743,0.092763,0.092743,777.0,2
2026-02-13 12:15:00,1770984959999,HBAR,1m,0.092795,0.092798,0.092798,0.092795,891.0,2
2026-02-13 12:16:00,1770985019999,HBAR,1m,0.092855,0.092855,0.092855,0.092855,19575.0,1
2026-02-13 12:17:00,1770985079999,HBAR,1m,0.092799,0.092855,0.092855,0.092799,390.0,2
2026-02-13 12:18:00,1770985139999,HBAR,1m,0.092855,0.092855,0.092855,0.092855,0.0,0
2026-02-13 12:19:00,1770985199999,HBAR,1m,0.092964,0.092964,0.092964,0.092964,3.0,1
2026-02-13 12:20:00,1770985259999,HBAR,1m,0.092885,0.092885,0.092885,0.092885,203.0,1
2026-02-13 12:21:00,1770985319999,HBAR,1m,0.092946,0.092946,0.092946,0.092884,739.0,4
2026-02-13 12:22:00,1770985379999,HBAR,1m,0.092935,0.092935,0.092935,0.092935,208.0,1
2026-02-13 12:23:00,1770985439999,HBAR,1m,0.092875,0.092875,0.092875,0.092875,538.0,1
2026-02-13 12:24:00,1770985499999,HBAR,1m,0.092829,0.092829,0.092829,0.092829,192.0,1
2026-02-13 12:25:00,1770985559999,HBAR,1m,0.092904,0.092973,0.092973,0.0929,1337.0,3
2026-02-13 12:26:00,1770985619999,HBAR,1m,0.092973,0.092973,0.092973,0.092973,0.0,0
2026-02-13 12:27:00,1770985679999,HBAR,1m,0.092955,0.093006,0.093006,0.092955,600.0,2
2026-02-13 12:28:00,1770985739999,HBAR,1m,0.093006,0.093006,0.093006,0.093006,0.0,0
2026-02-13 12:29:00,1770985799999,HBAR,1m,0.093006,0.093006,0.093006,0.093006,0.0,0
2026-02-13 12:30:00,1770985859999,HBAR,1m,0.093081,0.093002,0.093081,0.092995,15340.0,4
2026-02-13 12:31:00,1770985919999,HBAR,1m,0.093002,0.093002,0.093002,0.093002,0.0,0
2026-02-13 12:32:00,1770985979999,HBAR,1m,0.093002,0.093002,0.093002,0.093002,0.0,0
2026-02-13 12:33:00,1770986039999,HBAR,1m,0.092923,0.092923,0.092923,0.092923,250.0,1
2026-02-13 12:34:00,1770986099999,HBAR,1m,0.092923,0.092923,0.092923,0.092923,0.0,0
2026-02-13 12:35:00,1770986159999,HBAR,1m,0.092901,0.092937,0.092937,0.092901,1187.0,4
2026-02-13 12:36:00,1770986219999,HBAR,1m,0.092937,0.092937,0.092937,0.092937,0.0,0
2026-02-13 12:37:00,1770986279999,HBAR,1m,0.093019,0.09306,0.09306,0.093019,339.0,2
2026-02-13 12:38:00,1770986339999,HBAR,1m,0.0931,0.0931,0.0931,0.0931,165.0,1
2026-02-13 12:39:00,1770986399999,HBAR,1m,0.092999,0.092998,0.092999,0.092998,9894.0,3
2026-02-13 12:40:00,1770986459999,HBAR,1m,0.092998,0.092998,0.092998,0.092998,0.0,0
2026-02-13 12:41:00,1770986519999,HBAR,1m,0.092998,0.092998,0.092998,0.092998,0.0,0
2026-02-13 12:42:00,1770986579999,HBAR,1m,0.092998,0.092998,0.092998,0.092998,0.0,0
2026-02-13 12:43:00,1770986639999,HBAR,1m,0.092851,0.092864,0.092864,0.092851,357.0,2
2026-02-13 12:44:00,1770986699999,HBAR,1m,0.092946,0.092946,0.092946,0.092946,197.0,1
2026-02-13 12:45:00,1770986759999,HBAR,1m,0.092946,0.092896,0.092947,0.092896,9491.0,3
2026-02-13 12:46:00,1770986819999,HBAR,1m,0.09293,0.09293,0.09293,0.09293,201.0,1
2026-02-13 12:47:00,1770986879999,HBAR,1m,0.092939,0.092881,0.092939,0.092881,409.0,2
2026-02-13 12:48:00,1770986939999,HBAR,1m,0.092881,0.092881,0.092881,0.092881,0.0,0
2026-02-13 12:49:00,1770986999999,HBAR,1m,0.092887,0.092881,0.092887,0.092881,404.0,2
2026-02-13 12:50:00,1770987059999,HBAR,1m,0.092881,0.092881,0.092881,0.092881,0.0,0
2026-02-13 12:51:00,1770987119999,HBAR,1m,0.09282,0.09282,0.09282,0.09282,677.0,3
2026-02-13 12:52:00,1770987179999,HBAR,1m,0.09282,0.09282,0.09282,0.09282,0.0,0
2026-02-13 12:53:00,1770987239999,HBAR,1m,0.092917,0.092917,0.092917,0.092917,193.0,1
2026-02-13 12:54:00,1770987299999,HBAR,1m,0.093007,0.093007,0.093007,0.093007,192.0,1
2026-02-13 12:55:00,1770987359999,HBAR,1m,0.093011,0.093011,0.093011,0.093011,207.0,1
2026-02-13 12:56:00,1770987419999,HBAR,1m,0.09299,0.09299,0.09299,0.09299,322.0,1
2026-02-13 12:57:00,1770987479999,HBAR,1m,0.092975,0.092958,0.092975,0.092958,668.0,2
2026-02-13 12:58:00,1770987539999,HBAR,1m,0.092958,0.092958,0.092958,0.092958,0.0,0
2026-02-13 12:59:00,1770987599999,HBAR,1m,0.09294,0.09294,0.09294,0.09294,201.0,1
2026-02-13 13:00:00,1770987659999,HBAR,1m,0.092915,0.092936,0.092936,0.092915,536.0,2
2026-02-13 13:01:00,1770987719999,HBAR,1m,0.092936,0.092936,0.092936,0.092936,0.0,0
2026-02-13 13:02:00,1770987779999,HBAR,1m,0.093091,0.093091,0.093091,0.093091,217.0,3
2026-02-13 13:03:00,1770987839999,HBAR,1m,0.093091,0.093091,0.093091,0.093091,0.0,0
2026-02-13 13:04:00,1770987899999,HBAR,1m,0.093091,0.093091,0.093091,0.093091,202.0,1
2026-02-13 13:05:00,1770987959999,HBAR,1m,0.093091,0.093091,0.093091,0.093091,0.0,0
2026-02-13 13:06:00,1770988019999,HBAR,1m,0.093061,0.093061,0.093061,0.093061,203.0,2
2026-02-13 13:07:00,1770988079999,HBAR,1m,0.093061,0.092819,0.093061,0.092819,301.0,2
2026-02-13 13:08:00,1770988139999,HBAR,1m,0.092864,0.092864,0.092864,0.092864,438.0,1
2026-02-13 13:09:00,1770988199999,HBAR,1m,0.092864,0.092864,0.092864,0.092864,0.0,0
2026-02-13 13:10:00,1770988259999,HBAR,1m,0.092864,0.092864,0.092864,0.092864,0.0,0
2026-02-13 13:11:00,1770988319999,HBAR,1m,0.092942,0.092942,0.092942,0.092942,552.0,1
2026-02-13 13:12:00,1770988379999,HBAR,1m,0.092942,0.092942,0.092942,0.092942,0.0,0
2026-02-13 13:13:00,1770988439999,HBAR,1m,0.093008,0.093008,0.093008,0.093008,1034.0,1
2026-02-13 13:14:00,1770988499999,HBAR,1m,0.09297,0.092951,0.09297,0.092951,406.0,2
2026-02-13 13:15:00,1770988559999,HBAR,1m,0.092951,0.092951,0.092951,0.092951,0.0,0
2026-02-13 13:16:00,1770988619999,HBAR,1m,0.092951,0.092951,0.092951,0.092951,0.0,0
2026-02-13 13:17:00,1770988679999,HBAR,1m,0.092951,0.092951,0.092951,0.092951,0.0,0
2026-02-13 13:18:00,1770988739999,HBAR,1m,0.093013,0.093013,0.093013,0.093013,310.0,1
2026-02-13 13:19:00,1770988799999,HBAR,1m,0.093013,0.093013,0.093013,0.093013,0.0,0
2026-02-13 13:20:00,1770988859999,HBAR,1m,0.093038,0.093054,0.093054,0.093038,633.0,2
2026-02-13 13:21:00,1770988919999,HBAR,1m,0.093077,0.093077,0.093077,0.093077,168.0,1
2026-02-13 13:22:00,1770988979999,HBAR,1m,0.093322,0.093328,0.093328,0.093322,19713.0,2
2026-02-13 13:23:00,1770989039999,HBAR,1m,0.093324,0.093324,0.093324,0.093324,172.0,1
2026-02-13 13:24:00,1770989099999,HBAR,1m,0.093353,0.093353,0.093353,0.093353,186.0,1
2026-02-13 13:25:00,1770989159999,HBAR,1m,0.093405,0.093437,0.093437,0.093405,658.0,2
2026-02-13 13:26:00,1770989219999,HBAR,1m,0.093437,0.093437,0.093437,0.093437,0.0,0
2026-02-13 13:27:00,1770989279999,HBAR,1m,0.093485,0.093485,0.093485,0.093485,167.0,1
2026-02-13 13:28:00,1770989339999,HBAR,1m,0.093485,0.093485,0.093485,0.093485,0.0,0
2026-02-13 13:29:00,1770989399999,HBAR,1m,0.093462,0.093569,0.093569,0.093462,8287.0,3
2026-02-13 13:30:00,1770989459999,HBAR,1m,0.09354,0.093513,0.093878,0.093513,64279.0,9
2026-02-13 13:31:00,1770989519999,HBAR,1m,0.093379,0.093379,0.093379,0.093379,408.0,2
2026-02-13 13:32:00,1770989579999,HBAR,1m,0.093339,0.093327,0.093339,0.093327,29878.0,4
2026-02-13 13:33:00,1770989639999,HBAR,1m,0.093327,0.093327,0.093327,0.093327,0.0,0
2026-02-13 13:34:00,1770989699999,HBAR,1m,0.093542,0.093538,0.093635,0.093538,34207.0,4
2026-02-13 13:35:00,1770989759999,HBAR,1m,0.093592,0.093592,0.093592,0.093592,215.0,1
2026-02-13 13:36:00,1770989819999,HBAR,1m,0.093592,0.093592,0.093592,0.093592,0.0,0
2026-02-13 13:37:00,1770989879999,HBAR,1m,0.093592,0.093592,0.093592,0.093592,0.0,0
2026-02-13 13:38:00,1770989939999,HBAR,1m,0.093592,0.093592,0.093592,0.093592,0.0,0
2026-02-13 13:39:00,1770989999999,HBAR,1m,0.093592,0.093592,0.093592,0.093592,0.0,0
2026-02-13 13:40:00,1770990059999,HBAR,1m,0.093592,0.093592,0.093592,0.093592,0.0,0
2026-02-13 13:41:00,1770990119999,HBAR,1m,0.093592,0.093592,0.093592,0.093592,0.0,0
2026-02-13 13:42:00,1770990179999,HBAR,1m,0.093357,0.093357,0.093357,0.093357,180.0,1
2026-02-13 13:43:00,1770990239999,HBAR,1m,0.093357,0.093357,0.093357,0.093357,0.0,0
2026-02-13 13:44:00,1770990299999,HBAR,1m,0.093357,0.093357,0.093357,0.093357,0.0,0
2026-02-13 13:45:00,1770990359999,HBAR,1m,0.09343,0.09343,0.09343,0.09343,350.0,1
2026-02-13 13:46:00,1770990419999,HBAR,1m,0.093361,0.093361,0.093361,0.093361,346.0,1
2026-02-13 13:47:00,1770990479999,HBAR,1m,0.093361,0.093361,0.093361,0.093361,0.0,0
2026-02-13 13:48:00,1770990539999,HBAR,1m,0.093361,0.093361,0.093361,0.093361,0.0,0
2026-02-13 13:49:00,1770990599999,HBAR,1m,0.093581,0.093581,0.093581,0.093581,357.0,2
2026-02-13 13:50:00,1770990659999,HBAR,1m,0.093565,0.093565,0.093565,0.093565,391.0,2
2026-02-13 13:51:00,1770990719999,HBAR,1m,0.093661,0.093715,0.093715,0.093661,665.0,3
2026-02-13 13:52:00,1770990779999,HBAR,1m,0.093682,0.093682,0.093682,0.093682,272.0,1
2026-02-13 13:53:00,1770990839999,HBAR,1m,0.093774,0.093774,0.093774,0.093774,359.0,2
2026-02-13 13:54:00,1770990899999,HBAR,1m,0.093774,0.093774,0.093774,0.093774,0.0,0
2026-02-13 13:55:00,1770990959999,HBAR,1m,0.093816,0.093816,0.093816,0.093816,353.0,1
2026-02-13 13:56:00,1770991019999,HBAR,1m,0.093816,0.093816,0.093816,0.093816,0.0,0
2026-02-13 13:57:00,1770991079999,HBAR,1m,0.093808,0.093836,0.093836,0.093808,5548.0,2
2026-02-13 13:58:00,1770991139999,HBAR,1m,0.093656,0.093656,0.093656,0.093656,2250.0,1
2026-02-13 13:59:00,1770991199999,HBAR,1m,0.093725,0.093705,0.093725,0.093705,2890.0,2
2026-02-13 14:00:00,1770991259999,HBAR,1m,0.093691,0.093691,0.093691,0.093691,91.0,1
2026-02-13 14:01:00,1770991319999,HBAR,1m,0.093721,0.093761,0.093761,0.093721,401.0,2
2026-02-13 14:02:00,1770991379999,HBAR,1m,0.093761,0.093761,0.093761,0.093761,0.0,0
2026-02-13 14:03:00,1770991439999,HBAR,1m,0.093723,0.093723,0.093723,0.093723,204.0,1
2026-02-13 14:04:00,1770991499999,HBAR,1m,0.093583,0.093583,0.093583,0.093583,323.0,1
2026-02-13 14:05:00,1770991559999,HBAR,1m,0.093583,0.093583,0.093583,0.093583,0.0,0
2026-02-13 14:06:00,1770991619999,HBAR,1m,0.093583,0.093583,0.093583,0.093583,0.0,0
2026-02-13 14:07:00,1770991679999,HBAR,1m,0.093367,0.093337,0.093367,0.093337,309.0,2
2026-02-13 14:08:00,1770991739999,HBAR,1m,0.093337,0.093337,0.093337,0.093337,0.0,0
2026-02-13 14:09:00,1770991799999,HBAR,1m,0.093444,0.093444,0.093444,0.093444,464.0,1
2026-02-13 14:10:00,1770991859999,HBAR,1m,0.093446,0.093446,0.093446,0.093446,122.0,1
2026-02-13 14:11:00,1770991919999,HBAR,1m,0.093422,0.093422,0.093422,0.093422,437.0,1
2026-02-13 14:12:00,1770991979999,HBAR,1m,0.093384,0.093384,0.093384,0.093384,165.0,1
2026-02-13 14:13:00,1770992039999,HBAR,1m,0.093384,0.093384,0.093384,0.093384,0.0,0
2026-02-13 14:14:00,1770992099999,HBAR,1m,0.093384,0.093384,0.093384,0.093384,0.0,0
2026-02-13 14:15:00,1770992159999,HBAR,1m,0.093278,0.093326,0.093326,0.093278,2385.0,4
2026-02-13 14:16:00,1770992219999,HBAR,1m,0.093383,0.093402,0.093402,0.093383,342.0,2
2026-02-13 14:17:00,1770992279999,HBAR,1m,0.093531,0.093552,0.093552,0.093531,896.0,3
2026-02-13 14:18:00,1770992339999,HBAR,1m,0.093589,0.093655,0.093664,0.093589,1863.0,4
2026-02-13 14:19:00,1770992399999,HBAR,1m,0.093562,0.093562,0.093562,0.093562,9969.0,1
2026-02-13 14:20:00,1770992459999,HBAR,1m,0.093528,0.093477,0.093528,0.093477,324.0,2
2026-02-13 14:21:00,1770992519999,HBAR,1m,0.093465,0.093477,0.093477,0.093465,450.0,2
2026-02-13 14:22:00,1770992579999,HBAR,1m,0.093431,0.093431,0.093431,0.093431,119.0,1
2026-02-13 14:23:00,1770992639999,HBAR,1m,0.093427,0.093405,0.093427,0.093405,445.0,2
2026-02-13 14:24:00,1770992699999,HBAR,1m,0.093405,0.093405,0.093405,0.093405,0.0,0
2026-02-13 14:25:00,1770992759999,HBAR,1m,0.093422,0.093422,0.093422,0.093422,182.0,1
2026-02-13 14:26:00,1770992819999,HBAR,1m,0.093422,0.093422,0.093422,0.093422,0.0,0
2026-02-13 14:27:00,1770992879999,HBAR,1m,0.093484,0.093484,0.093484,0.093484,1967.0,1
2026-02-13 14:28:00,1770992939999,HBAR,1m,0.093686,0.093652,0.093686,0.093652,666.0,2
2026-02-13 14:29:00,1770992999999,HBAR,1m,0.093652,0.093652,0.093652,0.093652,0.0,0
2026-02-13 14:30:00,1770993059999,HBAR,1m,0.093623,0.093623,0.093623,0.093623,456.0,1
2026-02-13 14:31:00,1770993119999,HBAR,1m,0.093652,0.093561,0.093652,0.093561,6618.0,4
2026-02-13 14:32:00,1770993179999,HBAR,1m,0.093697,0.093697,0.093697,0.093697,107.0,1
2026-02-13 14:33:00,1770993239999,HBAR,1m,0.093916,0.093916,0.093936,0.093916,17299.0,5
2026-02-13 14:34:00,1770993299999,HBAR,1m,0.093939,0.094227,0.094227,0.093914,47390.0,7
2026-02-13 14:35:00,1770993359999,HBAR,1m,0.094105,0.094105,0.094105,0.094105,14622.0,1
2026-02-13 14:36:00,1770993419999,HBAR,1m,0.094176,0.094176,0.094176,0.094176,186.0,1
2026-02-13 14:37:00,1770993479999,HBAR,1m,0.094279,0.094279,0.094279,0.094279,384.0,1
2026-02-13 14:38:00,1770993539999,HBAR,1m,0.094121,0.094121,0.094121,0.094121,150.0,1
2026-02-13 14:39:00,1770993599999,HBAR,1m,0.094259,0.094221,0.094275,0.094166,958.0,4
2026-02-13 14:40:00,1770993659999,HBAR,1m,0.094095,0.093956,0.094095,0.093955,11444.0,4
2026-02-13 14:41:00,1770993719999,HBAR,1m,0.093664,0.093664,0.093664,0.093664,257.0,2
2026-02-13 14:42:00,1770993779999,HBAR,1m,0.093675,0.093675,0.093675,0.093675,5148.0,1
2026-02-13 14:43:00,1770993839999,HBAR,1m,0.093675,0.093675,0.093675,0.093675,0.0,0
2026-02-13 14:44:00,1770993899999,HBAR,1m,0.093675,0.093675,0.093675,0.093675,0.0,0
2026-02-13 14:45:00,1770993959999,HBAR,1m,0.094157,0.09459,0.09459,0.094157,19437.0,6
2026-02-13 14:46:00,1770994019999,HBAR,1m,0.094589,0.094576,0.094589,0.094536,6848.0,5
2026-02-13 14:47:00,1770994079999,HBAR,1m,0.094537,0.094587,0.094587,0.094501,24812.0,8
2026-02-13 14:48:00,1770994139999,HBAR,1m,0.09473,0.094854,0.094854,0.09473,22899.0,5
2026-02-13 14:49:00,1770994199999,HBAR,1m,0.094657,0.0948,0.0948,0.094657,256.0,2
2026-02-13 14:50:00,1770994259999,HBAR,1m,0.094368,0.094368,0.094368,0.094368,349.0,1
2026-02-13 14:51:00,1770994319999,HBAR,1m,0.094362,0.094342,0.094362,0.094342,233.0,2
2026-02-13 14:52:00,1770994379999,HBAR,1m,0.094348,0.094348,0.094348,0.094348,2250.0,1
2026-02-13 14:53:00,1770994439999,HBAR,1m,0.09442,0.094259,0.09442,0.094259,389.0,2
2026-02-13 14:54:00,1770994499999,HBAR,1m,0.094259,0.094259,0.094259,0.094259,0.0,0
2026-02-13 14:55:00,1770994559999,HBAR,1m,0.09425,0.09425,0.09425,0.09425,162.0,1
2026-02-13 14:56:00,1770994619999,HBAR,1m,0.094136,0.093915,0.094136,0.093915,57450.0,9
2026-02-13 14:57:00,1770994679999,HBAR,1m,0.0939,0.0939,0.0939,0.0939,220.0,1
2026-02-13 14:58:00,1770994739999,HBAR,1m,0.0939,0.0939,0.0939,0.0939,0.0,0
2026-02-13 14:59:00,1770994799999,HBAR,1m,0.09392,0.09392,0.09392,0.09392,210.0,1
2026-02-13 15:00:00,1770994859999,HBAR,1m,0.094006,0.094031,0.094031,0.094006,13838.0,3
2026-02-13 15:01:00,1770994919999,HBAR,1m,0.09413,0.09413,0.09413,0.09413,9711.0,4
2026-02-13 15:02:00,1770994979999,HBAR,1m,0.09413,0.09413,0.09413,0.09413,0.0,0
2026-02-13 15:03:00,1770995039999,HBAR,1m,0.0941,0.0941,0.0941,0.0941,8421.0,1
2026-02-13 15:04:00,1770995099999,HBAR,1m,0.0941,0.0941,0.0941,0.0941,0.0,0
2026-02-13 15:05:00,1770995159999,HBAR,1m,0.094011,0.093706,0.094011,0.093706,51682.0,7
2026-02-13 15:06:00,1770995219999,HBAR,1m,0.093706,0.093706,0.093706,0.093706,0.0,0
2026-02-13 15:07:00,1770995279999,HBAR,1m,0.093886,0.093886,0.093886,0.093886,19155.0,4
2026-02-13 15:08:00,1770995339999,HBAR,1m,0.093869,0.093869,0.093869,0.093869,1066.0,1
2026-02-13 15:09:00,1770995399999,HBAR,1m,0.094157,0.094391,0.094391,0.09412,51403.0,10
2026-02-13 15:10:00,1770995459999,HBAR,1m,0.094581,0.094551,0.094581,0.094551,6613.0,2
2026-02-13 15:11:00,1770995519999,HBAR,1m,0.094715,0.094715,0.094715,0.094715,6761.0,3
2026-02-13 15:12:00,1770995579999,HBAR,1m,0.094895,0.094954,0.094983,0.094895,39705.0,5
2026-02-13 15:13:00,1770995639999,HBAR,1m,0.094561,0.094598,0.094708,0.094561,8107.0,3
2026-02-13 15:14:00,1770995699999,HBAR,1m,0.094513,0.094537,0.094537,0.094492,380.0,3
2026-02-13 15:15:00,1770995759999,HBAR,1m,0.094537,0.094537,0.094537,0.094537,0.0,0
2026-02-13 15:16:00,1770995819999,HBAR,1m,0.094688,0.094708,0.094708,0.094688,19275.0,4
2026-02-13 15:17:00,1770995879999,HBAR,1m,0.094708,0.094708,0.094708,0.094708,0.0,0
2026-02-13 15:18:00,1770995939999,HBAR,1m,0.094394,0.094342,0.094394,0.094339,35125.0,4
2026-02-13 15:19:00,1770995999999,HBAR,1m,0.094409,0.094389,0.094409,0.094389,5398.0,2
2026-02-13 15:20:00,1770996059999,HBAR,1m,0.094428,0.094428,0.094428,0.094428,5000.0,1
2026-02-13 15:21:00,1770996119999,HBAR,1m,0.094529,0.094538,0.094538,0.094529,373.0,2
2026-02-13 15:22:00,1770996179999,HBAR,1m,0.094493,0.094493,0.094533,0.094493,565.0,3
2026-02-13 15:23:00,1770996239999,HBAR,1m,0.094618,0.094618,0.094618,0.094618,175.0,1
2026-02-13 15:24:00,1770996299999,HBAR,1m,0.094635,0.094599,0.094635,0.094599,387.0,2
2026-02-13 15:25:00,1770996359999,HBAR,1m,0.094715,0.094774,0.094774,0.094715,4540.0,2
2026-02-13 15:26:00,1770996419999,HBAR,1m,0.095024,0.095206,0.095206,0.094963,65264.0,9
2026-02-13 15:27:00,1770996479999,HBAR,1m,0.095348,0.095358,0.095358,0.095348,7083.0,3
2026-02-13 15:28:00,1770996539999,HBAR,1m,0.095383,0.095357,0.095405,0.095357,537.0,3
2026-02-13 15:29:00,1770996599999,HBAR,1m,0.095484,0.095484,0.095484,0.095484,1.0,1
2026-02-13 15:30:00,1770996659999,HBAR,1m,0.095637,0.09577,0.09577,0.095637,9305.0,3
2026-02-13 15:31:00,1770996719999,HBAR,1m,0.095807,0.09588,0.09588,0.095755,9829.0,4
2026-02-13 15:32:00,1770996779999,HBAR,1m,0.0959,0.096222,0.096222,0.0959,23274.0,9
2026-02-13 15:33:00,1770996839999,HBAR,1m,0.096113,0.096153,0.096153,0.096113,231.0,2
2026-02-13 15:34:00,1770996899999,HBAR,1m,0.095871,0.095871,0.095871,0.095871,280.0,1
2026-02-13 15:35:00,1770996959999,HBAR,1m,0.095452,0.095452,0.095452,0.095452,209.0,1
2026-02-13 15:36:00,1770997019999,HBAR,1m,0.095452,0.095452,0.095452,0.095452,0.0,0
2026-02-13 15:37:00,1770997079999,HBAR,1m,0.095452,0.095452,0.095452,0.095452,0.0,0
2026-02-13 15:38:00,1770997139999,HBAR,1m,0.09552,0.095361,0.09552,0.095361,3575.0,5
2026-02-13 15:39:00,1770997199999,HBAR,1m,0.095361,0.095361,0.095361,0.095361,0.0,0
2026-02-13 15:40:00,1770997259999,HBAR,1m,0.095361,0.095361,0.095361,0.095361,0.0,0
2026-02-13 15:41:00,1770997319999,HBAR,1m,0.095361,0.095361,0.095361,0.095361,0.0,0
2026-02-13 15:42:00,1770997379999,HBAR,1m,0.095361,0.095361,0.095361,0.095361,0.0,0
2026-02-13 15:43:00,1770997439999,HBAR,1m,0.095276,0.095276,0.095276,0.095276,2858.0,1
2026-02-13 15:44:00,1770997499999,HBAR,1m,0.095276,0.095276,0.095276,0.095276,0.0,0
2026-02-13 15:45:00,1770997559999,HBAR,1m,0.094855,0.094855,0.094855,0.094855,5147.0,3
2026-02-13 15:46:00,1770997619999,HBAR,1m,0.094855,0.094855,0.094855,0.094855,0.0,0
2026-02-13 15:47:00,1770997679999,HBAR,1m,0.094825,0.094825,0.094825,0.094825,5000.0,1
2026-02-13 15:48:00,1770997739999,HBAR,1m,0.094825,0.094825,0.094825,0.094825,0.0,0
2026-02-13 15:49:00,1770997799999,HBAR,1m,0.094825,0.094825,0.094825,0.094825,0.0,0
2026-02-13 15:50:00,1770997859999,HBAR,1m,0.094825,0.094825,0.094825,0.094825,0.0,0
2026-02-13 15:51:00,1770997919999,HBAR,1m,0.094806,0.09484,0.09484,0.094806,483.0,2
2026-02-13 15:52:00,1770997979999,HBAR,1m,0.094875,0.09481,0.094875,0.09481,8436.0,3
2026-02-13 15:53:00,1770998039999,HBAR,1m,0.094798,0.094666,0.094798,0.094666,47008.0,13
2026-02-13 15:54:00,1770998099999,HBAR,1m,0.094658,0.094679,0.094679,0.094658,4895.0,2
2026-02-13 15:55:00,1770998159999,HBAR,1m,0.094731,0.094848,0.094938,0.094731,72611.0,13
2026-02-13 15:56:00,1770998219999,HBAR,1m,0.09485,0.094761,0.09485,0.094761,6440.0,2
2026-02-13 15:57:00,1770998279999,HBAR,1m,0.094658,0.094695,0.094695,0.094658,9050.0,2
2026-02-13 15:58:00,1770998339999,HBAR,1m,0.094946,0.094916,0.094958,0.094916,10856.0,4
2026-02-13 15:59:00,1770998399999,HBAR,1m,0.09491,0.09491,0.09491,0.09491,226.0,1
2026-02-13 16:00:00,1770998459999,HBAR,1m,0.094996,0.095009,0.095009,0.094993,34527.0,4
2026-02-13 16:01:00,1770998519999,HBAR,1m,0.094774,0.094727,0.094774,0.094693,10502.0,5
2026-02-13 16:02:00,1770998579999,HBAR,1m,0.094879,0.094837,0.094879,0.094837,498.0,3
2026-02-13 16:03:00,1770998639999,HBAR,1m,0.094581,0.09472,0.09472,0.094581,246.0,2
2026-02-13 16:04:00,1770998699999,HBAR,1m,0.094707,0.094707,0.094732,0.094707,11922.0,4
2026-02-13 16:05:00,1770998759999,HBAR,1m,0.094772,0.094989,0.094989,0.094772,12554.0,4
2026-02-13 16:06:00,1770998819999,HBAR,1m,0.095095,0.095036,0.095095,0.095027,6628.0,3
2026-02-13 16:07:00,1770998879999,HBAR,1m,0.095098,0.095246,0.095371,0.095098,61415.0,14
2026-02-13 16:08:00,1770998939999,HBAR,1m,0.095339,0.095377,0.095377,0.095339,302.0,2
2026-02-13 16:09:00,1770998999999,HBAR,1m,0.095377,0.095275,0.095395,0.095275,1578.0,4
2026-02-13 16:10:00,1770999059999,HBAR,1m,0.095219,0.095062,0.095219,0.095062,38460.0,10
2026-02-13 16:11:00,1770999119999,HBAR,1m,0.09509,0.095193,0.095193,0.09509,244.0,2
2026-02-13 16:12:00,1770999179999,HBAR,1m,0.09514,0.095058,0.09514,0.095058,13084.0,4
2026-02-13 16:13:00,1770999239999,HBAR,1m,0.095157,0.095123,0.095157,0.095099,1084.0,5
2026-02-13 16:14:00,1770999299999,HBAR,1m,0.095196,0.095191,0.095196,0.095191,244.0,2
2026-02-13 16:15:00,1770999359999,HBAR,1m,0.09522,0.095327,0.095327,0.09522,269.0,2
2026-02-13 16:16:00,1770999419999,HBAR,1m,0.095304,0.095329,0.095329,0.095304,244.0,2
2026-02-13 16:17:00,1770999479999,HBAR,1m,0.095256,0.095354,0.095354,0.095256,244.0,2
2026-02-13 16:18:00,1770999539999,HBAR,1m,0.095585,0.095511,0.095585,0.095393,244.0,3
2026-02-13 16:19:00,1770999599999,HBAR,1m,0.095429,0.095395,0.095429,0.095395,7363.0,3
2026-02-13 16:20:00,1770999659999,HBAR,1m,0.095349,0.095307,0.095349,0.095307,244.0,2
2026-02-13 16:21:00,1770999719999,HBAR,1m,0.095143,0.095199,0.095199,0.095143,244.0,2
2026-02-13 16:22:00,1770999779999,HBAR,1m,0.095303,0.095239,0.095303,0.095239,244.0,2
2026-02-13 16:23:00,1770999839999,HBAR,1m,0.095219,0.095219,0.095219,0.095219,122.0,1
2026-02-13 16:24:00,1770999899999,HBAR,1m,0.095055,0.095116,0.095116,0.095054,8310.0,3
2026-02-13 16:25:00,1770999959999,HBAR,1m,0.095146,0.095134,0.095146,0.095134,244.0,2
2026-02-13 16:26:00,1771000019999,HBAR,1m,0.095204,0.095177,0.095204,0.095177,244.0,2
2026-02-13 16:27:00,1771000079999,HBAR,1m,0.095364,0.095364,0.095364,0.095364,122.0,1
2026-02-13 16:28:00,1771000139999,HBAR,1m,0.095527,0.095549,0.095549,0.095527,242.0,2
2026-02-13 16:29:00,1771000199999,HBAR,1m,0.095517,0.095357,0.095517,0.095357,244.0,2
2026-02-13 16:30:00,1771000259999,HBAR,1m,0.095387,0.095336,0.095387,0.095336,244.0,2
2026-02-13 16:31:00,1771000319999,HBAR,1m,0.095393,0.095391,0.095393,0.095391,646.0,2
2026-02-13 16:32:00,1771000379999,HBAR,1m,0.095487,0.095682,0.095768,0.095487,25067.0,10
2026-02-13 16:33:00,1771000439999,HBAR,1m,0.095749,0.095667,0.095749,0.095667,322.0,3
2026-02-13 16:34:00,1771000499999,HBAR,1m,0.095602,0.095411,0.095602,0.095411,243.0,2
2026-02-13 16:35:00,1771000559999,HBAR,1m,0.095368,0.095368,0.095368,0.095368,122.0,1
2026-02-13 16:36:00,1771000619999,HBAR,1m,0.09541,0.09543,0.09543,0.09541,244.0,2
2026-02-13 16:37:00,1771000679999,HBAR,1m,0.095374,0.095437,0.095437,0.095374,244.0,2
2026-02-13 16:38:00,1771000739999,HBAR,1m,0.095424,0.095614,0.095614,0.095424,243.0,2
2026-02-13 16:39:00,1771000799999,HBAR,1m,0.095754,0.095754,0.095754,0.095754,121.0,1
2026-02-13 16:40:00,1771000859999,HBAR,1m,0.095711,0.095703,0.095711,0.095703,242.0,2
2026-02-13 16:41:00,1771000919999,HBAR,1m,0.095698,0.09563,0.095698,0.09563,242.0,2
2026-02-13 16:42:00,1771000979999,HBAR,1m,0.095641,0.095652,0.095652,0.095641,242.0,2
2026-02-13 16:43:00,1771001039999,HBAR,1m,0.095697,0.095697,0.095697,0.095697,121.0,1
2026-02-13 16:44:00,1771001099999,HBAR,1m,0.095871,0.095839,0.095871,0.095809,29452.0,7
2026-02-13 16:45:00,1771001159999,HBAR,1m,0.095728,0.095712,0.095823,0.095712,91835.0,11
2026-02-13 16:46:00,1771001219999,HBAR,1m,0.095796,0.095848,0.095848,0.095796,242.0,2
2026-02-13 16:47:00,1771001279999,HBAR,1m,0.095852,0.095852,0.095852,0.095852,121.0,1
2026-02-13 16:48:00,1771001339999,HBAR,1m,0.095993,0.095823,0.095993,0.095823,242.0,2
2026-02-13 16:49:00,1771001399999,HBAR,1m,0.095779,0.09592,0.09592,0.095779,242.0,2
2026-02-13 16:50:00,1771001459999,HBAR,1m,0.095963,0.096023,0.096023,0.095963,242.0,2
2026-02-13 16:51:00,1771001519999,HBAR,1m,0.096011,0.096031,0.096031,0.096011,242.0,2
2026-02-13 16:52:00,1771001579999,HBAR,1m,0.095889,0.095889,0.095889,0.095889,121.0,1
2026-02-13 16:53:00,1771001639999,HBAR,1m,0.0959,0.095959,0.095959,0.095874,13989.0,5
2026-02-13 16:54:00,1771001699999,HBAR,1m,0.09602,0.096059,0.096059,0.09602,242.0,2
2026-02-13 16:55:00,1771001759999,HBAR,1m,0.096128,0.096119,0.096128,0.096119,242.0,2
2026-02-13 16:56:00,1771001819999,HBAR,1m,0.096227,0.095916,0.096227,0.095916,268.0,2
2026-02-13 16:57:00,1771001879999,HBAR,1m,0.095937,0.095916,0.095937,0.095916,242.0,2
2026-02-13 16:58:00,1771001939999,HBAR,1m,0.095886,0.095845,0.095886,0.095845,242.0,2
2026-02-13 16:59:00,1771001999999,HBAR,1m,0.095805,0.095875,0.095875,0.095805,242.0,2
2026-02-13 17:00:00,1771002059999,HBAR,1m,0.095846,0.095794,0.095846,0.095794,267.0,2
2026-02-13 17:01:00,1771002119999,HBAR,1m,0.095676,0.095732,0.095732,0.095676,242.0,2
2026-02-13 17:02:00,1771002179999,HBAR,1m,0.095802,0.095742,0.095802,0.095742,242.0,2
2026-02-13 17:03:00,1771002239999,HBAR,1m,0.095628,0.095687,0.095687,0.095628,242.0,2
2026-02-13 17:04:00,1771002299999,HBAR,1m,0.095562,0.095547,0.095562,0.095547,1214.0,2
2026-02-13 17:05:00,1771002359999,HBAR,1m,0.095592,0.095597,0.095597,0.095571,767.0,4
2026-02-13 17:06:00,1771002419999,HBAR,1m,0.095571,0.095505,0.095571,0.095505,243.0,2
2026-02-13 17:07:00,1771002479999,HBAR,1m,0.095662,0.095562,0.095662,0.095562,242.0,2
2026-02-13 17:08:00,1771002539999,HBAR,1m,0.09543,0.09543,0.09543,0.09543,122.0,1
2026-02-13 17:09:00,1771002599999,HBAR,1m,0.09544,0.095456,0.095572,0.09544,252.0,3
2026-02-13 17:10:00,1771002659999,HBAR,1m,0.095504,0.095562,0.095562,0.095504,243.0,2
2026-02-13 17:11:00,1771002719999,HBAR,1m,0.095556,0.095581,0.095581,0.095556,242.0,2
2026-02-13 17:12:00,1771002779999,HBAR,1m,0.095637,0.095637,0.095637,0.095637,121.0,1
2026-02-13 17:13:00,1771002839999,HBAR,1m,0.095651,0.095797,0.095797,0.095651,242.0,2
2026-02-13 17:14:00,1771002899999,HBAR,1m,0.095787,0.095851,0.095851,0.095787,7961.0,4
2026-02-13 17:15:00,1771002959999,HBAR,1m,0.096061,0.096047,0.096061,0.096047,393.0,3
2026-02-13 17:16:00,1771003019999,HBAR,1m,0.096083,0.096438,0.096438,0.096006,11868.0,4
2026-02-13 17:17:00,1771003079999,HBAR,1m,0.096391,0.096311,0.096391,0.09631,5346.0,3
2026-02-13 17:18:00,1771003139999,HBAR,1m,0.096264,0.096044,0.096264,0.096044,534.0,4
2026-02-13 17:19:00,1771003199999,HBAR,1m,0.096077,0.096072,0.096077,0.096072,242.0,2
2026-02-13 17:20:00,1771003259999,HBAR,1m,0.096088,0.096088,0.096088,0.096088,121.0,1
2026-02-13 17:21:00,1771003319999,HBAR,1m,0.096118,0.096154,0.096154,0.096118,242.0,2
2026-02-13 17:22:00,1771003379999,HBAR,1m,0.096158,0.096098,0.096158,0.096098,242.0,2
2026-02-13 17:23:00,1771003439999,HBAR,1m,0.096074,0.096088,0.096088,0.096074,242.0,2
2026-02-13 17:24:00,1771003499999,HBAR,1m,0.096161,0.096161,0.096161,0.096161,121.0,1
2026-02-13 17:25:00,1771003559999,HBAR,1m,0.096221,0.096218,0.096221,0.09618,751.0,3
2026-02-13 17:26:00,1771003619999,HBAR,1m,0.096261,0.096317,0.096317,0.096261,241.0,2
2026-02-13 17:27:00,1771003679999,HBAR,1m,0.096344,0.096404,0.096404,0.096344,240.0,2
2026-02-13 17:28:00,1771003739999,HBAR,1m,0.096401,0.096411,0.096411,0.096401,240.0,2
2026-02-13 17:29:00,1771003799999,HBAR,1m,0.096513,0.096513,0.096513,0.096513,120.0,1
2026-02-13 17:30:00,1771003859999,HBAR,1m,0.096441,0.096592,0.096592,0.096383,2781.0,7
2026-02-13 17:31:00,1771003919999,HBAR,1m,0.096638,0.096685,0.096685,0.09663,20351.0,4
2026-02-13 17:32:00,1771003979999,HBAR,1m,0.096756,0.0968,0.0968,0.09673,9216.0,4
2026-02-13 17:33:00,1771004039999,HBAR,1m,0.096883,0.096867,0.096883,0.096867,3738.0,5
2026-02-13 17:34:00,1771004099999,HBAR,1m,0.096837,0.096851,0.096851,0.096837,240.0,2
2026-02-13 17:35:00,1771004159999,HBAR,1m,0.096881,0.096853,0.096881,0.096801,3826.0,3
2026-02-13 17:36:00,1771004219999,HBAR,1m,0.096819,0.096839,0.096839,0.096819,240.0,2
2026-02-13 17:37:00,1771004279999,HBAR,1m,0.09687,0.09687,0.09687,0.09687,120.0,1
2026-02-13 17:38:00,1771004339999,HBAR,1m,0.096861,0.096797,0.096907,0.096797,6631.0,5
2026-02-13 17:39:00,1771004399999,HBAR,1m,0.096789,0.096848,0.096848,0.096665,35027.0,9
2026-02-13 17:40:00,1771004459999,HBAR,1m,0.096762,0.096978,0.096978,0.096762,240.0,2
2026-02-13 17:41:00,1771004519999,HBAR,1m,0.096898,0.096896,0.096898,0.096831,385.0,3
2026-02-13 17:42:00,1771004579999,HBAR,1m,0.096938,0.096938,0.096938,0.096938,120.0,1
2026-02-13 17:43:00,1771004639999,HBAR,1m,0.096946,0.096922,0.096954,0.096922,262.0,4
2026-02-13 17:44:00,1771004699999,HBAR,1m,0.096924,0.096935,0.097019,0.096924,596.0,6
2026-02-13 17:45:00,1771004759999,HBAR,1m,0.096852,0.096987,0.096987,0.096852,555.0,4
2026-02-13 17:46:00,1771004819999,HBAR,1m,0.097027,0.097027,0.097027,0.097027,120.0,1
2026-02-13 17:47:00,1771004879999,HBAR,1m,0.096946,0.096642,0.096956,0.096642,2576.0,5
2026-02-13 17:48:00,1771004939999,HBAR,1m,0.09663,0.096517,0.09663,0.096477,4740.0,4
2026-02-13 17:49:00,1771004999999,HBAR,1m,0.096588,0.096507,0.096588,0.096507,240.0,2
2026-02-13 17:50:00,1771005059999,HBAR,1m,0.096568,0.096548,0.096568,0.096548,240.0,2
2026-02-13 17:51:00,1771005119999,HBAR,1m,0.096627,0.096627,0.096627,0.096627,120.0,1
2026-02-13 17:52:00,1771005179999,HBAR,1m,0.096667,0.096737,0.096737,0.096667,9585.0,3
2026-02-13 17:53:00,1771005239999,HBAR,1m,0.096715,0.096707,0.096715,0.096654,465.0,3
2026-02-13 17:54:00,1771005299999,HBAR,1m,0.096558,0.096426,0.096558,0.096426,240.0,2
2026-02-13 17:55:00,1771005359999,HBAR,1m,0.096427,0.096427,0.096427,0.096427,120.0,1
2026-02-13 17:56:00,1771005419999,HBAR,1m,0.096276,0.096296,0.096296,0.096245,1647.0,4
2026-02-13 17:57:00,1771005479999,HBAR,1m,0.096336,0.096336,0.096336,0.096336,240.0,2
2026-02-13 17:58:00,1771005539999,HBAR,1m,0.096305,0.096386,0.096386,0.096305,240.0,2
2026-02-13 17:59:00,1771005599999,HBAR,1m,0.096285,0.096294,0.096295,0.096285,8675.0,6
2026-02-13 18:00:00,1771005659999,HBAR,1m,0.096295,0.096494,0.096494,0.096295,14716.0,5
2026-02-13 18:01:00,1771005719999,HBAR,1m,0.096393,0.096227,0.096393,0.096227,35502.0,9
2026-02-13 18:02:00,1771005779999,HBAR,1m,0.096145,0.09625,0.09625,0.096145,6541.0,5
2026-02-13 18:03:00,1771005839999,HBAR,1m,0.096254,0.096237,0.096254,0.096237,242.0,2
2026-02-13 18:04:00,1771005899999,HBAR,1m,0.096111,0.096053,0.096111,0.096033,23669.0,6
2026-02-13 18:05:00,1771005959999,HBAR,1m,0.096079,0.095892,0.096079,0.095892,242.0,2
2026-02-13 18:06:00,1771006019999,HBAR,1m,0.095856,0.095977,0.095977,0.095758,195596.0,17
2026-02-13 18:07:00,1771006079999,HBAR,1m,0.095825,0.095859,0.095859,0.095825,1968.0,3
2026-02-13 18:08:00,1771006139999,HBAR,1m,0.095791,0.095794,0.095794,0.095791,2371.0,2
2026-02-13 18:09:00,1771006199999,HBAR,1m,0.095739,0.095797,0.095808,0.095739,2492.0,3
2026-02-13 18:10:00,1771006259999,HBAR,1m,0.0959,0.09594,0.09594,0.0959,242.0,2
2026-02-13 18:11:00,1771006319999,HBAR,1m,0.096013,0.095945,0.096013,0.095945,242.0,2
2026-02-13 18:12:00,1771006379999,HBAR,1m,0.095857,0.095838,0.095857,0.095838,2371.0,2
2026-02-13 18:13:00,1771006439999,HBAR,1m,0.095807,0.095709,0.095807,0.095709,1340.0,4
2026-02-13 18:14:00,1771006499999,HBAR,1m,0.095792,0.095714,0.095792,0.095714,4742.0,4
2026-02-13 18:15:00,1771006559999,HBAR,1m,0.095584,0.095662,0.095662,0.095522,2701.0,4
2026-02-13 18:16:00,1771006619999,HBAR,1m,0.095543,0.095583,0.095583,0.095543,2371.0,3
2026-02-13 18:17:00,1771006679999,HBAR,1m,0.095606,0.095672,0.095672,0.095606,2427.0,3
2026-02-13 18:18:00,1771006739999,HBAR,1m,0.095658,0.095622,0.095661,0.095622,441.0,3
2026-02-13 18:19:00,1771006799999,HBAR,1m,0.095557,0.095403,0.095557,0.095403,243.0,2
2026-02-13 18:20:00,1771006859999,HBAR,1m,0.095418,0.095418,0.095418,0.095418,122.0,1
2026-02-13 18:21:00,1771006919999,HBAR,1m,0.095406,0.095432,0.095432,0.095406,244.0,2
2026-02-13 18:22:00,1771006979999,HBAR,1m,0.095491,0.095516,0.095516,0.095459,10300.0,4
2026-02-13 18:23:00,1771007039999,HBAR,1m,0.095577,0.09546,0.095577,0.09546,243.0,2
2026-02-13 18:24:00,1771007099999,HBAR,1m,0.095401,0.095401,0.095401,0.095401,122.0,1
2026-02-13 18:25:00,1771007159999,HBAR,1m,0.095413,0.095365,0.095413,0.095365,244.0,2
2026-02-13 18:26:00,1771007219999,HBAR,1m,0.095405,0.095292,0.095405,0.095292,2598.0,4
2026-02-13 18:27:00,1771007279999,HBAR,1m,0.095299,0.095329,0.095339,0.095299,1577.0,3
2026-02-13 18:28:00,1771007339999,HBAR,1m,0.095406,0.095406,0.095406,0.095406,122.0,1
2026-02-13 18:29:00,1771007399999,HBAR,1m,0.095439,0.095331,0.095439,0.095309,28619.0,7
2026-02-13 18:30:00,1771007459999,HBAR,1m,0.095328,0.095213,0.095328,0.095213,354.0,3
2026-02-13 18:31:00,1771007519999,HBAR,1m,0.095222,0.095261,0.095261,0.095222,244.0,2
2026-02-13 18:32:00,1771007579999,HBAR,1m,0.095298,0.09538,0.09538,0.095298,123.0,2
2026-02-13 18:33:00,1771007639999,HBAR,1m,0.095348,0.095407,0.095407,0.09534,29583.0,12
2026-02-13 18:34:00,1771007699999,HBAR,1m,0.095407,0.095526,0.095526,0.095407,5211.0,3
2026-02-13 18:35:00,1771007759999,HBAR,1m,0.095388,0.095593,0.095593,0.095388,14804.0,5
2026-02-13 18:36:00,1771007819999,HBAR,1m,0.095667,0.095805,0.095805,0.095667,123.0,2
2026-02-13 18:37:00,1771007879999,HBAR,1m,0.095744,0.095862,0.095862,0.095744,13075.0,6
2026-02-13 18:38:00,1771007939999,HBAR,1m,0.095789,0.09574,0.095789,0.09574,10078.0,4
2026-02-13 18:39:00,1771007999999,HBAR,1m,0.0958,0.095863,0.095863,0.0958,10078.0,4
2026-02-13 18:40:00,1771008059999,HBAR,1m,0.095723,0.095708,0.095723,0.095683,9957.0,3
2026-02-13 18:41:00,1771008119999,HBAR,1m,0.095661,0.095757,0.095757,0.095661,10078.0,4
2026-02-13 18:42:00,1771008179999,HBAR,1m,0.09586,0.09582,0.095868,0.09582,10078.0,4
2026-02-13 18:43:00,1771008239999,HBAR,1m,0.095712,0.09579,0.09579,0.09569,21204.0,7
2026-02-13 18:44:00,1771008299999,HBAR,1m,0.095811,0.095791,0.095811,0.095791,9957.0,3
2026-02-13 18:45:00,1771008359999,HBAR,1m,0.095833,0.095864,0.095894,0.095833,10188.0,5
2026-02-13 18:46:00,1771008419999,HBAR,1m,0.095905,0.095897,0.095927,0.095897,10078.0,4
2026-02-13 18:47:00,1771008479999,HBAR,1m,0.0959,0.095928,0.095928,0.095809,17405.0,6
2026-02-13 18:48:00,1771008539999,HBAR,1m,0.095822,0.095872,0.095872,0.095822,9957.0,3
2026-02-13 18:49:00,1771008599999,HBAR,1m,0.095672,0.095791,0.095791,0.095671,12207.0,6
2026-02-13 18:50:00,1771008659999,HBAR,1m,0.095763,0.095762,0.095763,0.095762,10078.0,4
2026-02-13 18:51:00,1771008719999,HBAR,1m,0.095861,0.096059,0.096059,0.095861,200932.0,17
2026-02-13 18:52:00,1771008779999,HBAR,1m,0.095991,0.095993,0.096007,0.095991,9957.0,3
2026-02-13 18:53:00,1771008839999,HBAR,1m,0.095852,0.095981,0.095991,0.095823,12723.0,6
2026-02-13 18:54:00,1771008899999,HBAR,1m,0.096002,0.096003,0.096021,0.096002,10078.0,4
2026-02-13 18:55:00,1771008959999,HBAR,1m,0.095972,0.095952,0.095983,0.095952,10078.0,4
2026-02-13 18:56:00,1771009019999,HBAR,1m,0.095912,0.095862,0.095912,0.095862,9957.0,3
2026-02-13 18:57:00,1771009079999,HBAR,1m,0.095783,0.095793,0.095813,0.095783,10078.0,4
2026-02-13 18:58:00,1771009139999,HBAR,1m,0.095854,0.095914,0.095914,0.095834,10078.0,5
2026-02-13 18:59:00,1771009199999,HBAR,1m,0.095884,0.095975,0.095995,0.095884,10078.0,4
2026-02-13 19:00:00,1771009259999,HBAR,1m,0.096052,0.09602,0.096058,0.09602,10065.0,6
2026-02-13 19:01:00,1771009319999,HBAR,1m,0.095967,0.096018,0.096019,0.095966,10183.0,7
2026-02-13 19:02:00,1771009379999,HBAR,1m,0.095989,0.095913,0.095998,0.095913,17113.0,7
2026-02-13 19:03:00,1771009439999,HBAR,1m,0.095852,0.0957,0.095862,0.0957,10078.0,5
2026-02-13 19:04:00,1771009499999,HBAR,1m,0.095746,0.095703,0.095753,0.095703,10078.0,6
2026-02-13 19:05:00,1771009559999,HBAR,1m,0.095681,0.095683,0.095701,0.095675,9957.0,5
2026-02-13 19:06:00,1771009619999,HBAR,1m,0.095762,0.095828,0.095828,0.095762,10078.0,6
2026-02-13 19:07:00,1771009679999,HBAR,1m,0.095892,0.095893,0.095906,0.095892,10078.0,6
2026-02-13 19:08:00,1771009739999,HBAR,1m,0.095867,0.096016,0.096016,0.095867,5161.0,3
2026-02-13 19:09:00,1771009799999,HBAR,1m,0.096079,0.096079,0.096079,0.096079,121.0,1
2026-02-13 19:10:00,1771009859999,HBAR,1m,0.096116,0.09622,0.09622,0.096116,242.0,2
2026-02-13 19:11:00,1771009919999,HBAR,1m,0.096186,0.096166,0.096186,0.096166,242.0,2
2026-02-13 19:12:00,1771009979999,HBAR,1m,0.096213,0.096239,0.096239,0.096213,242.0,2
2026-02-13 19:13:00,1771010039999,HBAR,1m,0.096233,0.096233,0.096233,0.096233,121.0,1
2026-02-13 19:14:00,1771010099999,HBAR,1m,0.09627,0.096313,0.096313,0.09627,241.0,2
2026-02-13 19:15:00,1771010159999,HBAR,1m,0.096246,0.096215,0.096246,0.096215,450.0,3
2026-02-13 19:16:00,1771010219999,HBAR,1m,0.096225,0.096269,0.096269,0.096225,242.0,2
2026-02-13 19:17:00,1771010279999,HBAR,1m,0.096266,0.096266,0.096266,0.096266,121.0,1
2026-02-13 19:18:00,1771010339999,HBAR,1m,0.096294,0.096286,0.096294,0.096286,242.0,2
2026-02-13 19:19:00,1771010399999,HBAR,1m,0.096294,0.096451,0.096451,0.096294,2165.0,10
2026-02-13 19:20:00,1771010459999,HBAR,1m,0.096448,0.096379,0.096448,0.096379,240.0,2
2026-02-13 19:21:00,1771010519999,HBAR,1m,0.096388,0.096263,0.096388,0.096263,536.0,3
2026-02-13 19:22:00,1771010579999,HBAR,1m,0.096377,0.096263,0.096377,0.096263,406.0,3
2026-02-13 19:23:00,1771010639999,HBAR,1m,0.096348,0.096455,0.096455,0.096348,240.0,2
2026-02-13 19:24:00,1771010699999,HBAR,1m,0.096418,0.096378,0.096418,0.096378,240.0,2
2026-02-13 19:25:00,1771010759999,HBAR,1m,0.09632,0.09628,0.09632,0.09628,242.0,2
