timestamp,T,s,i,open,close,high,low,volume,num_trades
2026-02-10 15:25:00,1770737159999,XLM,1m,0.15736,0.1574,0.1574,0.15736,5011.0,2
2026-02-10 15:26:00,1770737219999,XLM,1m,0.15775,0.15785,0.15789,0.15775,18827.0,5
2026-02-10 15:27:00,1770737279999,XLM,1m,0.15785,0.15785,0.15785,0.15785,0.0,0
2026-02-10 15:28:00,1770737339999,XLM,1m,0.15785,0.15785,0.15785,0.15785,0.0,0
2026-02-10 15:29:00,1770737399999,XLM,1m,0.15785,0.15785,0.15785,0.15785,0.0,0
2026-02-10 15:30:00,1770737459999,XLM,1m,0.15771,0.15808,0.15819,0.15771,28070.0,10
2026-02-10 15:31:00,1770737519999,XLM,1m,0.1583,0.15839,0.15841,0.15828,8162.0,8
2026-02-10 15:32:00,1770737579999,XLM,1m,0.15823,0.15821,0.15823,0.15821,3372.0,2
2026-02-10 15:33:00,1770737639999,XLM,1m,0.15814,0.15825,0.15825,0.15814,2203.0,3
2026-02-10 15:34:00,1770737699999,XLM,1m,0.15832,0.15836,0.15836,0.15829,433.0,3
2026-02-10 15:35:00,1770737759999,XLM,1m,0.15806,0.15835,0.15835,0.15806,4737.0,2
2026-02-10 15:36:00,1770737819999,XLM,1m,0.15847,0.15877,0.15877,0.15847,5584.0,2
2026-02-10 15:37:00,1770737879999,XLM,1m,0.15872,0.1586,0.15872,0.1586,2343.0,3
2026-02-10 15:38:00,1770737939999,XLM,1m,0.15865,0.15865,0.15865,0.15865,8070.0,1
2026-02-10 15:39:00,1770737999999,XLM,1m,0.15881,0.15885,0.15885,0.15881,9355.0,2
2026-02-10 15:40:00,1770738059999,XLM,1m,0.15895,0.15895,0.15895,0.15895,9168.0,2
2026-02-10 15:41:00,1770738119999,XLM,1m,0.15905,0.15913,0.15913,0.15905,5084.0,2
2026-02-10 15:42:00,1770738179999,XLM,1m,0.15918,0.15918,0.15918,0.15918,781.0,1
2026-02-10 15:43:00,1770738239999,XLM,1m,0.15923,0.15901,0.15923,0.15888,5257.0,4
2026-02-10 15:44:00,1770738299999,XLM,1m,0.15901,0.15901,0.15901,0.15901,0.0,0
2026-02-10 15:45:00,1770738359999,XLM,1m,0.15899,0.15889,0.15899,0.15889,1219.0,4
2026-02-10 15:46:00,1770738419999,XLM,1m,0.15912,0.15912,0.15912,0.15912,107.0,1
2026-02-10 15:47:00,1770738479999,XLM,1m,0.15921,0.15921,0.15921,0.15921,182.0,1
2026-02-10 15:48:00,1770738539999,XLM,1m,0.15952,0.15949,0.15977,0.15948,19658.0,5
2026-02-10 15:49:00,1770738599999,XLM,1m,0.15963,0.15972,0.15972,0.15963,655.0,2
2026-02-10 15:50:00,1770738659999,XLM,1m,0.15961,0.15926,0.15961,0.15926,2414.0,4
2026-02-10 15:51:00,1770738719999,XLM,1m,0.15955,0.15955,0.15955,0.15955,777.0,1
2026-02-10 15:52:00,1770738779999,XLM,1m,0.1596,0.1596,0.1596,0.1596,95.0,1
2026-02-10 15:53:00,1770738839999,XLM,1m,0.15955,0.15972,0.15972,0.15955,735.0,3
2026-02-10 15:54:00,1770738899999,XLM,1m,0.15984,0.15984,0.15984,0.15984,123.0,1
2026-02-10 15:55:00,1770738959999,XLM,1m,0.15966,0.15986,0.15986,0.15966,7734.0,4
2026-02-10 15:56:00,1770739019999,XLM,1m,0.15971,0.15971,0.15971,0.15971,112.0,1
2026-02-10 15:57:00,1770739079999,XLM,1m,0.15967,0.15967,0.15967,0.15967,112.0,1
2026-02-10 15:58:00,1770739139999,XLM,1m,0.15986,0.15994,0.15994,0.15986,7930.0,4
2026-02-10 15:59:00,1770739199999,XLM,1m,0.15994,0.15994,0.15994,0.15994,0.0,0
2026-02-10 16:00:00,1770739259999,XLM,1m,0.1592,0.15826,0.1592,0.15826,123708.0,31
2026-02-10 16:01:00,1770739319999,XLM,1m,0.15827,0.15836,0.15848,0.15809,43352.0,17
2026-02-10 16:02:00,1770739379999,XLM,1m,0.15841,0.15829,0.15849,0.15829,21067.0,6
2026-02-10 16:03:00,1770739439999,XLM,1m,0.15797,0.15789,0.15797,0.15789,12401.0,6
2026-02-10 16:04:00,1770739499999,XLM,1m,0.15801,0.15778,0.15801,0.15778,22624.0,7
2026-02-10 16:05:00,1770739559999,XLM,1m,0.15782,0.15778,0.15789,0.15778,14343.0,5
2026-02-10 16:06:00,1770739619999,XLM,1m,0.15767,0.15758,0.15767,0.15758,13700.0,6
2026-02-10 16:07:00,1770739679999,XLM,1m,0.15769,0.1577,0.1577,0.15769,19349.0,4
2026-02-10 16:08:00,1770739739999,XLM,1m,0.15773,0.15778,0.15778,0.15773,11150.0,6
2026-02-10 16:09:00,1770739799999,XLM,1m,0.15787,0.15764,0.15787,0.15764,5094.0,3
2026-02-10 16:10:00,1770739859999,XLM,1m,0.15778,0.15778,0.15778,0.15778,2470.0,1
2026-02-10 16:11:00,1770739919999,XLM,1m,0.15811,0.15818,0.15818,0.15811,2466.0,2
2026-02-10 16:12:00,1770739979999,XLM,1m,0.15853,0.15853,0.15853,0.15853,181.0,1
2026-02-10 16:13:00,1770740039999,XLM,1m,0.15866,0.15855,0.15866,0.1585,9254.0,4
2026-02-10 16:14:00,1770740099999,XLM,1m,0.15858,0.15928,0.1593,0.15858,46404.0,12
2026-02-10 16:15:00,1770740159999,XLM,1m,0.15915,0.15888,0.15947,0.15888,65572.0,16
2026-02-10 16:16:00,1770740219999,XLM,1m,0.15897,0.15919,0.15919,0.15897,5635.0,4
2026-02-10 16:17:00,1770740279999,XLM,1m,0.15893,0.15883,0.15893,0.15883,13296.0,5
2026-02-10 16:18:00,1770740339999,XLM,1m,0.15876,0.15876,0.15876,0.15876,111.0,1
2026-02-10 16:19:00,1770740399999,XLM,1m,0.15859,0.15859,0.15859,0.15859,1200.0,1
2026-02-10 16:20:00,1770740459999,XLM,1m,0.15848,0.1583,0.15848,0.15826,14481.0,6
2026-02-10 16:21:00,1770740519999,XLM,1m,0.15828,0.1583,0.1583,0.15828,633.0,3
2026-02-10 16:22:00,1770740579999,XLM,1m,0.1583,0.1583,0.1583,0.1583,0.0,0
2026-02-10 16:23:00,1770740639999,XLM,1m,0.15801,0.15812,0.15812,0.15801,2736.0,2
2026-02-10 16:24:00,1770740699999,XLM,1m,0.15812,0.15818,0.15825,0.15812,11388.0,8
2026-02-10 16:25:00,1770740759999,XLM,1m,0.15818,0.15814,0.15823,0.15804,41895.0,56
2026-02-10 16:26:00,1770740819999,XLM,1m,0.15814,0.15814,0.15814,0.15814,0.0,0
2026-02-10 16:27:00,1770740879999,XLM,1m,0.15838,0.15846,0.15846,0.15838,599.0,2
2026-02-10 16:28:00,1770740939999,XLM,1m,0.15817,0.15826,0.15827,0.15816,8649.0,12
2026-02-10 16:29:00,1770740999999,XLM,1m,0.15835,0.15837,0.15837,0.15835,5112.0,6
2026-02-10 16:30:00,1770741059999,XLM,1m,0.15815,0.15787,0.15815,0.15787,16810.0,21
2026-02-10 16:31:00,1770741119999,XLM,1m,0.15787,0.15812,0.15812,0.15786,52117.0,72
2026-02-10 16:32:00,1770741179999,XLM,1m,0.15811,0.15801,0.15821,0.15795,54293.0,77
2026-02-10 16:33:00,1770741239999,XLM,1m,0.158,0.158,0.15821,0.15799,56581.0,91
2026-02-10 16:34:00,1770741299999,XLM,1m,0.15803,0.15802,0.15804,0.15789,53252.0,81
2026-02-10 16:35:00,1770741359999,XLM,1m,0.15802,0.15814,0.15822,0.15801,60812.0,87
2026-02-10 16:36:00,1770741419999,XLM,1m,0.15814,0.15813,0.15825,0.1581,68091.0,90
2026-02-10 16:37:00,1770741479999,XLM,1m,0.15813,0.15801,0.15819,0.15801,62039.0,94
2026-02-10 16:38:00,1770741539999,XLM,1m,0.15801,0.15846,0.15846,0.15798,81374.0,90
2026-02-10 16:39:00,1770741599999,XLM,1m,0.15848,0.15845,0.15867,0.15839,99307.0,101
2026-02-10 16:40:00,1770741659999,XLM,1m,0.15846,0.15837,0.15866,0.15837,72730.0,85
2026-02-10 16:41:00,1770741719999,XLM,1m,0.15831,0.15851,0.15851,0.15829,68860.0,78
2026-02-10 16:42:00,1770741779999,XLM,1m,0.1585,0.15838,0.15859,0.15837,88594.0,95
2026-02-10 16:43:00,1770741839999,XLM,1m,0.15837,0.15805,0.1584,0.15805,60062.0,91
2026-02-10 16:44:00,1770741899999,XLM,1m,0.15805,0.15821,0.1583,0.15805,68868.0,87
2026-02-10 16:45:00,1770741959999,XLM,1m,0.15821,0.1582,0.15845,0.15815,66133.0,87
2026-02-10 16:46:00,1770742019999,XLM,1m,0.1582,0.15816,0.15828,0.15808,55460.0,80
2026-02-10 16:47:00,1770742079999,XLM,1m,0.15818,0.15788,0.1582,0.15787,59428.0,81
2026-02-10 16:48:00,1770742139999,XLM,1m,0.15788,0.15775,0.15793,0.15774,55644.0,103
2026-02-10 16:49:00,1770742199999,XLM,1m,0.15775,0.15772,0.15793,0.15769,56197.0,85
2026-02-10 16:50:00,1770742259999,XLM,1m,0.15776,0.15775,0.1578,0.15767,59806.0,80
2026-02-10 16:51:00,1770742319999,XLM,1m,0.15776,0.15755,0.15776,0.15751,55460.0,103
2026-02-10 16:52:00,1770742379999,XLM,1m,0.15755,0.15752,0.15759,0.15743,56966.0,93
2026-02-10 16:53:00,1770742439999,XLM,1m,0.15752,0.1576,0.1576,0.15743,48954.0,66
2026-02-10 16:54:00,1770742499999,XLM,1m,0.15776,0.15777,0.15777,0.15776,4524.0,2
2026-02-10 16:55:00,1770742559999,XLM,1m,0.15769,0.15769,0.15769,0.15769,1088.0,2
2026-02-10 16:56:00,1770742619999,XLM,1m,0.15805,0.15809,0.1581,0.15804,32812.0,12
2026-02-10 16:57:00,1770742679999,XLM,1m,0.15811,0.15817,0.15818,0.15811,50041.0,33
2026-02-10 16:58:00,1770742739999,XLM,1m,0.15811,0.15809,0.15813,0.15809,34458.0,22
2026-02-10 16:59:00,1770742799999,XLM,1m,0.15819,0.15811,0.15822,0.15811,15956.0,21
2026-02-10 17:00:00,1770742859999,XLM,1m,0.15807,0.15807,0.15814,0.15805,12418.0,6
2026-02-10 17:01:00,1770742919999,XLM,1m,0.15818,0.15818,0.15818,0.15818,316.0,1
2026-02-10 17:02:00,1770742979999,XLM,1m,0.15798,0.15798,0.15798,0.15798,31.0,1
2026-02-10 17:03:00,1770743039999,XLM,1m,0.158,0.15786,0.158,0.15782,4850.0,4
2026-02-10 17:04:00,1770743099999,XLM,1m,0.15786,0.15786,0.15786,0.15786,0.0,0
2026-02-10 17:05:00,1770743159999,XLM,1m,0.15786,0.15786,0.15786,0.15786,0.0,0
2026-02-10 17:06:00,1770743219999,XLM,1m,0.15801,0.15801,0.15801,0.15801,167.0,2
2026-02-10 17:07:00,1770743279999,XLM,1m,0.15798,0.15798,0.15798,0.15798,175.0,1
2026-02-10 17:08:00,1770743339999,XLM,1m,0.15813,0.15812,0.15814,0.15812,8937.0,3
2026-02-10 17:09:00,1770743399999,XLM,1m,0.15819,0.15819,0.15819,0.15819,215.0,1
2026-02-10 17:10:00,1770743459999,XLM,1m,0.15841,0.15835,0.15841,0.15835,1396.0,2
2026-02-10 17:11:00,1770743519999,XLM,1m,0.15833,0.15833,0.15833,0.15833,545.0,1
2026-02-10 17:12:00,1770743579999,XLM,1m,0.15828,0.15828,0.15828,0.15828,126.0,1
2026-02-10 17:13:00,1770743639999,XLM,1m,0.15808,0.15808,0.15808,0.15808,280.0,1
2026-02-10 17:14:00,1770743699999,XLM,1m,0.15825,0.15825,0.15825,0.15825,97.0,1
2026-02-10 17:15:00,1770743759999,XLM,1m,0.15819,0.15819,0.15819,0.15811,774.0,3
2026-02-10 17:16:00,1770743819999,XLM,1m,0.15829,0.15829,0.15829,0.15829,544.0,1
2026-02-10 17:17:00,1770743879999,XLM,1m,0.1584,0.1586,0.1586,0.1584,2544.0,2
2026-02-10 17:18:00,1770743939999,XLM,1m,0.15859,0.15859,0.15859,0.15859,144.0,1
2026-02-10 17:19:00,1770743999999,XLM,1m,0.15868,0.15883,0.15883,0.15868,1088.0,2
2026-02-10 17:20:00,1770744059999,XLM,1m,0.15878,0.15879,0.15879,0.15878,1241.0,3
2026-02-10 17:21:00,1770744119999,XLM,1m,0.15884,0.15884,0.15884,0.15884,544.0,1
2026-02-10 17:22:00,1770744179999,XLM,1m,0.15891,0.15891,0.15891,0.15891,544.0,1
2026-02-10 17:23:00,1770744239999,XLM,1m,0.15872,0.15909,0.15922,0.15872,13399.0,7
2026-02-10 17:24:00,1770744299999,XLM,1m,0.15912,0.15906,0.15912,0.15906,1618.0,2
2026-02-10 17:25:00,1770744359999,XLM,1m,0.15904,0.15909,0.15909,0.15904,1167.0,2
2026-02-10 17:26:00,1770744419999,XLM,1m,0.15918,0.15916,0.1592,0.15916,762.0,3
2026-02-10 17:27:00,1770744479999,XLM,1m,0.15908,0.15918,0.1592,0.15908,3264.0,6
2026-02-10 17:28:00,1770744539999,XLM,1m,0.15897,0.15896,0.15897,0.15896,1088.0,2
2026-02-10 17:29:00,1770744599999,XLM,1m,0.15893,0.15893,0.15893,0.15893,544.0,1
2026-02-10 17:30:00,1770744659999,XLM,1m,0.15893,0.15893,0.15893,0.15893,0.0,0
2026-02-10 17:31:00,1770744719999,XLM,1m,0.15883,0.15866,0.15884,0.15861,9906.0,7
2026-02-10 17:32:00,1770744779999,XLM,1m,0.15885,0.1594,0.1594,0.15885,42057.0,17
2026-02-10 17:33:00,1770744839999,XLM,1m,0.15937,0.15912,0.15937,0.15912,9547.0,6
2026-02-10 17:34:00,1770744899999,XLM,1m,0.15929,0.15925,0.15929,0.15925,1626.0,3
2026-02-10 17:35:00,1770744959999,XLM,1m,0.15929,0.15929,0.15929,0.15929,126.0,1
2026-02-10 17:36:00,1770745019999,XLM,1m,0.15929,0.15929,0.15929,0.15929,0.0,0
2026-02-10 17:37:00,1770745079999,XLM,1m,0.15925,0.15909,0.15925,0.15909,3076.0,4
2026-02-10 17:38:00,1770745139999,XLM,1m,0.15909,0.15909,0.15909,0.15909,0.0,0
2026-02-10 17:39:00,1770745199999,XLM,1m,0.15926,0.15902,0.15926,0.15902,7996.0,6
2026-02-10 17:40:00,1770745259999,XLM,1m,0.15905,0.15901,0.15905,0.15901,205.0,2
2026-02-10 17:41:00,1770745319999,XLM,1m,0.15927,0.15927,0.15927,0.15927,5500.0,2
2026-02-10 17:42:00,1770745379999,XLM,1m,0.15927,0.15927,0.15927,0.15927,0.0,0
2026-02-10 17:43:00,1770745439999,XLM,1m,0.15927,0.15927,0.15927,0.15927,0.0,0
2026-02-10 17:44:00,1770745499999,XLM,1m,0.15898,0.15888,0.15898,0.15888,31340.0,3
2026-02-10 17:45:00,1770745559999,XLM,1m,0.15896,0.159,0.159,0.15896,25200.0,6
2026-02-10 17:46:00,1770745619999,XLM,1m,0.159,0.159,0.159,0.159,0.0,0
2026-02-10 17:47:00,1770745679999,XLM,1m,0.15918,0.15918,0.15918,0.15918,63.0,1
2026-02-10 17:48:00,1770745739999,XLM,1m,0.15903,0.15903,0.15903,0.15903,119.0,1
2026-02-10 17:49:00,1770745799999,XLM,1m,0.15894,0.15899,0.15899,0.15894,31104.0,6
2026-02-10 17:50:00,1770745859999,XLM,1m,0.15899,0.15899,0.15899,0.15899,0.0,0
2026-02-10 17:51:00,1770745919999,XLM,1m,0.15901,0.159,0.15904,0.159,370.0,3
2026-02-10 17:52:00,1770745979999,XLM,1m,0.15893,0.15893,0.15893,0.15893,125.0,1
2026-02-10 17:53:00,1770746039999,XLM,1m,0.15889,0.15889,0.15889,0.15889,104.0,1
2026-02-10 17:54:00,1770746099999,XLM,1m,0.15878,0.15865,0.15878,0.15865,9145.0,5
2026-02-10 17:55:00,1770746159999,XLM,1m,0.1587,0.15869,0.1587,0.15869,244.0,2
2026-02-10 17:56:00,1770746219999,XLM,1m,0.15873,0.15873,0.15873,0.15873,96.0,1
2026-02-10 17:57:00,1770746279999,XLM,1m,0.15864,0.15864,0.15864,0.15864,650.0,1
2026-02-10 17:58:00,1770746339999,XLM,1m,0.15872,0.15872,0.15872,0.15872,239.0,1
2026-02-10 17:59:00,1770746399999,XLM,1m,0.15884,0.15884,0.15884,0.15884,5108.0,1
2026-02-10 18:00:00,1770746459999,XLM,1m,0.15896,0.15896,0.15896,0.15896,4217.0,1
2026-02-10 18:01:00,1770746519999,XLM,1m,0.15897,0.15895,0.15903,0.15893,30308.0,9
2026-02-10 18:02:00,1770746579999,XLM,1m,0.15895,0.15895,0.15895,0.15895,0.0,0
2026-02-10 18:03:00,1770746639999,XLM,1m,0.15899,0.15899,0.15899,0.15899,124.0,1
2026-02-10 18:04:00,1770746699999,XLM,1m,0.15882,0.15882,0.15882,0.15882,235.0,1
2026-02-10 18:05:00,1770746759999,XLM,1m,0.15884,0.15885,0.15885,0.15884,663.0,2
2026-02-10 18:06:00,1770746819999,XLM,1m,0.1588,0.1588,0.1588,0.1588,585.0,3
2026-02-10 18:07:00,1770746879999,XLM,1m,0.1588,0.1588,0.1588,0.1588,0.0,0
2026-02-10 18:08:00,1770746939999,XLM,1m,0.15876,0.15874,0.15876,0.15874,342.0,2
2026-02-10 18:09:00,1770746999999,XLM,1m,0.1587,0.1587,0.1587,0.1587,123.0,1
2026-02-10 18:10:00,1770747059999,XLM,1m,0.15864,0.15864,0.15864,0.15864,76.0,1
2026-02-10 18:11:00,1770747119999,XLM,1m,0.15826,0.15826,0.15826,0.15826,101.0,1
2026-02-10 18:12:00,1770747179999,XLM,1m,0.15835,0.15836,0.15836,0.15835,311.0,2
2026-02-10 18:13:00,1770747239999,XLM,1m,0.15839,0.15834,0.15839,0.15834,3087.0,2
2026-02-10 18:14:00,1770747299999,XLM,1m,0.15834,0.15834,0.15834,0.15834,0.0,0
2026-02-10 18:15:00,1770747359999,XLM,1m,0.15827,0.15827,0.15827,0.15827,231.0,2
2026-02-10 18:16:00,1770747419999,XLM,1m,0.15834,0.15834,0.15834,0.15834,2000.0,1
2026-02-10 18:17:00,1770747479999,XLM,1m,0.15837,0.15837,0.15837,0.15837,118.0,1
2026-02-10 18:18:00,1770747539999,XLM,1m,0.15855,0.15855,0.15855,0.15855,296.0,2
2026-02-10 18:19:00,1770747599999,XLM,1m,0.15855,0.15855,0.15855,0.15855,0.0,0
2026-02-10 18:20:00,1770747659999,XLM,1m,0.15869,0.15866,0.15869,0.15866,333.0,2
2026-02-10 18:21:00,1770747719999,XLM,1m,0.15824,0.15824,0.15824,0.15824,7207.0,1
2026-02-10 18:22:00,1770747779999,XLM,1m,0.15795,0.15814,0.15814,0.15795,2643.0,4
2026-02-10 18:23:00,1770747839999,XLM,1m,0.15781,0.15781,0.15781,0.15781,3728.0,1
2026-02-10 18:24:00,1770747899999,XLM,1m,0.15781,0.15781,0.15781,0.15781,4482.0,1
2026-02-10 18:25:00,1770747959999,XLM,1m,0.15764,0.15764,0.15764,0.15764,9905.0,1
2026-02-10 18:26:00,1770748019999,XLM,1m,0.15764,0.15764,0.15764,0.15764,0.0,0
2026-02-10 18:27:00,1770748079999,XLM,1m,0.15737,0.15713,0.15737,0.15713,568.0,5
2026-02-10 18:28:00,1770748139999,XLM,1m,0.15718,0.15736,0.15736,0.15718,1624.0,4
2026-02-10 18:29:00,1770748199999,XLM,1m,0.15718,0.15704,0.15718,0.15704,11456.0,5
2026-02-10 18:30:00,1770748259999,XLM,1m,0.15704,0.15705,0.15705,0.15704,5628.0,2
2026-02-10 18:31:00,1770748319999,XLM,1m,0.15705,0.15705,0.15705,0.15705,0.0,0
2026-02-10 18:32:00,1770748379999,XLM,1m,0.15711,0.15719,0.15719,0.15711,399.0,3
2026-02-10 18:33:00,1770748439999,XLM,1m,0.15723,0.15723,0.15723,0.15723,8436.0,3
2026-02-10 18:34:00,1770748499999,XLM,1m,0.15697,0.15692,0.15697,0.15692,288.0,2
2026-02-10 18:35:00,1770748559999,XLM,1m,0.15676,0.15701,0.15701,0.15676,3029.0,5
2026-02-10 18:36:00,1770748619999,XLM,1m,0.15701,0.15701,0.15701,0.15701,0.0,0
2026-02-10 18:37:00,1770748679999,XLM,1m,0.15701,0.15701,0.15701,0.15701,0.0,0
2026-02-10 18:38:00,1770748739999,XLM,1m,0.15712,0.15712,0.15712,0.15712,97.0,1
2026-02-10 18:39:00,1770748799999,XLM,1m,0.15724,0.15724,0.15724,0.15724,601.0,1
2026-02-10 18:40:00,1770748859999,XLM,1m,0.15713,0.15713,0.15713,0.15713,103.0,1
2026-02-10 18:41:00,1770748919999,XLM,1m,0.15717,0.15717,0.15717,0.15717,242.0,1
2026-02-10 18:42:00,1770748979999,XLM,1m,0.15702,0.15691,0.15702,0.15691,222.0,2
2026-02-10 18:43:00,1770749039999,XLM,1m,0.15691,0.15691,0.15691,0.15691,0.0,0
2026-02-10 18:44:00,1770749099999,XLM,1m,0.15698,0.1571,0.1571,0.15698,265.0,2
2026-02-10 18:45:00,1770749159999,XLM,1m,0.15698,0.15698,0.15698,0.15698,222.0,1
2026-02-10 18:46:00,1770749219999,XLM,1m,0.15698,0.15698,0.15698,0.15698,0.0,0
2026-02-10 18:47:00,1770749279999,XLM,1m,0.15642,0.15637,0.15646,0.15637,10933.0,5
2026-02-10 18:48:00,1770749339999,XLM,1m,0.15608,0.15608,0.15608,0.15608,67.0,1
2026-02-10 18:49:00,1770749399999,XLM,1m,0.15628,0.15621,0.15628,0.15621,289.0,2
2026-02-10 18:50:00,1770749459999,XLM,1m,0.15625,0.15621,0.15625,0.15621,12545.0,4
2026-02-10 18:51:00,1770749519999,XLM,1m,0.1562,0.1562,0.1562,0.1562,5639.0,1
2026-02-10 18:52:00,1770749579999,XLM,1m,0.1562,0.1562,0.1562,0.1562,0.0,0
2026-02-10 18:53:00,1770749639999,XLM,1m,0.15645,0.15642,0.15645,0.15642,1199.0,3
2026-02-10 18:54:00,1770749699999,XLM,1m,0.15649,0.1565,0.1565,0.15649,4115.0,4
2026-02-10 18:55:00,1770749759999,XLM,1m,0.15646,0.15646,0.15646,0.15646,133.0,1
2026-02-10 18:56:00,1770749819999,XLM,1m,0.15675,0.15691,0.15691,0.15675,48707.0,15
2026-02-10 18:57:00,1770749879999,XLM,1m,0.15689,0.15687,0.15694,0.15684,9063.0,11
2026-02-10 18:58:00,1770749939999,XLM,1m,0.1569,0.15679,0.1569,0.15679,5576.0,5
2026-02-10 18:59:00,1770749999999,XLM,1m,0.1568,0.1568,0.1568,0.1568,120.0,1
2026-02-10 19:00:00,1770750059999,XLM,1m,0.1568,0.15666,0.1568,0.15666,44686.0,12
2026-02-10 19:01:00,1770750119999,XLM,1m,0.15685,0.15685,0.15685,0.15685,114.0,1
2026-02-10 19:02:00,1770750179999,XLM,1m,0.15682,0.15676,0.15684,0.15676,17503.0,6
2026-02-10 19:03:00,1770750239999,XLM,1m,0.15646,0.15657,0.15657,0.15646,8665.0,3
2026-02-10 19:04:00,1770750299999,XLM,1m,0.15634,0.15633,0.15634,0.15633,9883.0,3
2026-02-10 19:05:00,1770750359999,XLM,1m,0.15637,0.15646,0.15646,0.15637,238.0,2
2026-02-10 19:06:00,1770750419999,XLM,1m,0.15638,0.15638,0.15638,0.15638,119.0,1
2026-02-10 19:07:00,1770750479999,XLM,1m,0.15645,0.15645,0.15645,0.15645,116.0,1
2026-02-10 19:08:00,1770750539999,XLM,1m,0.15636,0.15636,0.15636,0.15636,122.0,1
2026-02-10 19:09:00,1770750599999,XLM,1m,0.15639,0.15663,0.15663,0.15639,704.0,2
2026-02-10 19:10:00,1770750659999,XLM,1m,0.1567,0.15669,0.1567,0.15669,1929.0,2
2026-02-10 19:11:00,1770750719999,XLM,1m,0.15647,0.15647,0.15647,0.15647,184.0,1
2026-02-10 19:12:00,1770750779999,XLM,1m,0.15647,0.15647,0.15647,0.15647,0.0,0
2026-02-10 19:13:00,1770750839999,XLM,1m,0.15663,0.15663,0.15665,0.15663,510.0,3
2026-02-10 19:14:00,1770750899999,XLM,1m,0.15663,0.15663,0.15663,0.15663,0.0,0
2026-02-10 19:15:00,1770750959999,XLM,1m,0.15656,0.15659,0.15659,0.15656,276.0,2
2026-02-10 19:16:00,1770751019999,XLM,1m,0.15664,0.15664,0.15664,0.15664,270.0,2
2026-02-10 19:17:00,1770751079999,XLM,1m,0.15664,0.15632,0.15664,0.15632,4230.0,2
2026-02-10 19:18:00,1770751139999,XLM,1m,0.15659,0.15659,0.15659,0.15659,303.0,2
2026-02-10 19:19:00,1770751199999,XLM,1m,0.15634,0.15634,0.15634,0.15634,155.0,1
2026-02-10 19:20:00,1770751259999,XLM,1m,0.15634,0.15634,0.15634,0.15634,0.0,0
2026-02-10 19:21:00,1770751319999,XLM,1m,0.15632,0.15632,0.15632,0.15632,120.0,1
2026-02-10 19:22:00,1770751379999,XLM,1m,0.1564,0.15634,0.1564,0.15634,2579.0,3
2026-02-10 19:23:00,1770751439999,XLM,1m,0.15646,0.15646,0.15646,0.15646,110.0,1
2026-02-10 19:24:00,1770751499999,XLM,1m,0.15643,0.1565,0.1565,0.15643,9471.0,2
2026-02-10 19:25:00,1770751559999,XLM,1m,0.1565,0.1565,0.1565,0.1565,0.0,0
2026-02-10 19:26:00,1770751619999,XLM,1m,0.15632,0.15632,0.15632,0.15632,113.0,1
2026-02-10 19:27:00,1770751679999,XLM,1m,0.15638,0.15638,0.15638,0.15638,124.0,1
2026-02-10 19:28:00,1770751739999,XLM,1m,0.15638,0.15638,0.15638,0.15638,0.0,0
2026-02-10 19:29:00,1770751799999,XLM,1m,0.15647,0.1566,0.1566,0.15647,8487.0,3
2026-02-10 19:30:00,1770751859999,XLM,1m,0.15673,0.15673,0.15673,0.15673,3124.0,1
2026-02-10 19:31:00,1770751919999,XLM,1m,0.15689,0.15686,0.15706,0.15686,3499.0,6
2026-02-10 19:32:00,1770751979999,XLM,1m,0.15699,0.157,0.157,0.15699,11615.0,3
2026-02-10 19:33:00,1770752039999,XLM,1m,0.15688,0.15707,0.15707,0.15688,825.0,2
2026-02-10 19:34:00,1770752099999,XLM,1m,0.15706,0.15697,0.15706,0.15697,5001.0,4
2026-02-10 19:35:00,1770752159999,XLM,1m,0.1575,0.15757,0.15757,0.1575,39613.0,9
2026-02-10 19:36:00,1770752219999,XLM,1m,0.15772,0.15774,0.15774,0.15772,1110.0,2
2026-02-10 19:37:00,1770752279999,XLM,1m,0.15764,0.15764,0.15764,0.15764,239.0,1
2026-02-10 19:38:00,1770752339999,XLM,1m,0.15764,0.15764,0.15764,0.15764,0.0,0
2026-02-10 19:39:00,1770752399999,XLM,1m,0.15766,0.15757,0.15766,0.15757,234.0,2
2026-02-10 19:40:00,1770752459999,XLM,1m,0.15742,0.15742,0.15742,0.15742,109.0,1
2026-02-10 19:41:00,1770752519999,XLM,1m,0.15753,0.15753,0.15753,0.15753,1800.0,1
2026-02-10 19:42:00,1770752579999,XLM,1m,0.15757,0.15757,0.15757,0.15757,116.0,1
2026-02-10 19:43:00,1770752639999,XLM,1m,0.15754,0.15744,0.15754,0.15744,312.0,2
2026-02-10 19:44:00,1770752699999,XLM,1m,0.15748,0.15748,0.15748,0.15748,104.0,1
2026-02-10 19:45:00,1770752759999,XLM,1m,0.15745,0.15751,0.15751,0.15745,229.0,2
2026-02-10 19:46:00,1770752819999,XLM,1m,0.15751,0.15751,0.15751,0.15751,0.0,0
2026-02-10 19:47:00,1770752879999,XLM,1m,0.15749,0.15749,0.15749,0.15749,163.0,1
2026-02-10 19:48:00,1770752939999,XLM,1m,0.15754,0.15754,0.15754,0.15754,108.0,1
2026-02-10 19:49:00,1770752999999,XLM,1m,0.15754,0.15754,0.15754,0.15754,0.0,0
2026-02-10 19:50:00,1770753059999,XLM,1m,0.15736,0.15736,0.15736,0.15736,97.0,1
2026-02-10 19:51:00,1770753119999,XLM,1m,0.15737,0.15737,0.15737,0.15737,107.0,1
2026-02-10 19:52:00,1770753179999,XLM,1m,0.15739,0.15739,0.15739,0.15739,196.0,1
2026-02-10 19:53:00,1770753239999,XLM,1m,0.15734,0.15734,0.15734,0.15734,1301.0,2
2026-02-10 19:54:00,1770753299999,XLM,1m,0.15728,0.15728,0.15728,0.15728,85.0,1
2026-02-10 19:55:00,1770753359999,XLM,1m,0.15716,0.15716,0.15716,0.15716,422.0,1
2026-02-10 19:56:00,1770753419999,XLM,1m,0.15713,0.15711,0.15713,0.15711,241.0,2
2026-02-10 19:57:00,1770753479999,XLM,1m,0.15716,0.15716,0.15716,0.15716,242.0,1
2026-02-10 19:58:00,1770753539999,XLM,1m,0.15717,0.15715,0.15719,0.15715,4462.0,5
2026-02-10 19:59:00,1770753599999,XLM,1m,0.15714,0.15714,0.15714,0.15714,1585.0,2
2026-02-10 20:00:00,1770753659999,XLM,1m,0.15715,0.15704,0.15715,0.15704,24267.0,6
2026-02-10 20:01:00,1770753719999,XLM,1m,0.15704,0.15704,0.15704,0.15704,0.0,0
2026-02-10 20:02:00,1770753779999,XLM,1m,0.15724,0.15725,0.15725,0.15724,366.0,3
2026-02-10 20:03:00,1770753839999,XLM,1m,0.15702,0.15702,0.15702,0.15702,554.0,1
2026-02-10 20:04:00,1770753899999,XLM,1m,0.15697,0.15697,0.15697,0.15697,127.0,1
2026-02-10 20:05:00,1770753959999,XLM,1m,0.15707,0.15707,0.15707,0.15707,126.0,1
2026-02-10 20:06:00,1770754019999,XLM,1m,0.15713,0.15705,0.15713,0.15705,431.0,3
2026-02-10 20:07:00,1770754079999,XLM,1m,0.15705,0.15705,0.15705,0.15705,0.0,0
2026-02-10 20:08:00,1770754139999,XLM,1m,0.15695,0.15695,0.15695,0.15695,127.0,1
2026-02-10 20:09:00,1770754199999,XLM,1m,0.15696,0.15684,0.15696,0.15684,24473.0,6
2026-02-10 20:10:00,1770754259999,XLM,1m,0.15684,0.15684,0.15684,0.15684,0.0,0
2026-02-10 20:11:00,1770754319999,XLM,1m,0.15679,0.15675,0.15679,0.15675,11391.0,2
2026-02-10 20:12:00,1770754379999,XLM,1m,0.15671,0.15671,0.15671,0.15671,3690.0,1
2026-02-10 20:13:00,1770754439999,XLM,1m,0.15669,0.1566,0.15669,0.1566,4100.0,2
2026-02-10 20:14:00,1770754499999,XLM,1m,0.15656,0.15656,0.15656,0.15656,124.0,1
2026-02-10 20:15:00,1770754559999,XLM,1m,0.15656,0.15656,0.15656,0.15656,218.0,2
2026-02-10 20:16:00,1770754619999,XLM,1m,0.15686,0.15669,0.15689,0.15669,8027.0,5
2026-02-10 20:17:00,1770754679999,XLM,1m,0.15669,0.15669,0.15669,0.15669,0.0,0
2026-02-10 20:18:00,1770754739999,XLM,1m,0.15682,0.15682,0.15682,0.15682,148.0,1
2026-02-10 20:19:00,1770754799999,XLM,1m,0.15682,0.15682,0.15682,0.15682,0.0,0
2026-02-10 20:20:00,1770754859999,XLM,1m,0.15691,0.15688,0.15691,0.15688,209.0,2
2026-02-10 20:21:00,1770754919999,XLM,1m,0.15686,0.15681,0.15691,0.15681,18540.0,8
2026-02-10 20:22:00,1770754979999,XLM,1m,0.15691,0.15692,0.15692,0.15687,461.0,3
2026-02-10 20:23:00,1770755039999,XLM,1m,0.15689,0.15689,0.15689,0.15689,107.0,1
2026-02-10 20:24:00,1770755099999,XLM,1m,0.15677,0.1569,0.1569,0.15677,2026.0,2
2026-02-10 20:25:00,1770755159999,XLM,1m,0.15694,0.15694,0.15694,0.15694,127.0,1
2026-02-10 20:26:00,1770755219999,XLM,1m,0.15685,0.15679,0.15685,0.15679,24648.0,6
2026-02-10 20:27:00,1770755279999,XLM,1m,0.1567,0.15673,0.15673,0.1567,274.0,2
2026-02-10 20:28:00,1770755339999,XLM,1m,0.15696,0.1569,0.15696,0.1569,4136.0,6
2026-02-10 20:29:00,1770755399999,XLM,1m,0.1569,0.1569,0.1569,0.1569,0.0,0
2026-02-10 20:30:00,1770755459999,XLM,1m,0.1569,0.1569,0.1569,0.1569,0.0,0
2026-02-10 20:31:00,1770755519999,XLM,1m,0.15708,0.15728,0.15728,0.15708,30312.0,6
2026-02-10 20:32:00,1770755579999,XLM,1m,0.15726,0.15726,0.15726,0.15726,125.0,1
2026-02-10 20:33:00,1770755639999,XLM,1m,0.15729,0.15729,0.15729,0.15729,121.0,1
2026-02-10 20:34:00,1770755699999,XLM,1m,0.15729,0.15729,0.15729,0.15729,0.0,0
2026-02-10 20:35:00,1770755759999,XLM,1m,0.15668,0.15668,0.15668,0.15668,111.0,1
2026-02-10 20:36:00,1770755819999,XLM,1m,0.15686,0.15686,0.15686,0.15686,134.0,1
2026-02-10 20:37:00,1770755879999,XLM,1m,0.15698,0.15698,0.15698,0.15698,286.0,1
2026-02-10 20:38:00,1770755939999,XLM,1m,0.15686,0.15686,0.15686,0.15686,121.0,1
2026-02-10 20:39:00,1770755999999,XLM,1m,0.15686,0.15686,0.15686,0.15686,0.0,0
2026-02-10 20:40:00,1770756059999,XLM,1m,0.15711,0.15711,0.15711,0.15711,5052.0,2
2026-02-10 20:41:00,1770756119999,XLM,1m,0.1571,0.1571,0.1571,0.15707,494.0,4
2026-02-10 20:42:00,1770756179999,XLM,1m,0.15709,0.15709,0.15709,0.15709,4494.0,1
2026-02-10 20:43:00,1770756239999,XLM,1m,0.15707,0.15707,0.15707,0.15707,172.0,1
2026-02-10 20:44:00,1770756299999,XLM,1m,0.15735,0.15735,0.15735,0.15735,252.0,1
2026-02-10 20:45:00,1770756359999,XLM,1m,0.15747,0.15744,0.15747,0.15744,223.0,2
2026-02-10 20:46:00,1770756419999,XLM,1m,0.15734,0.15726,0.15734,0.15726,210.0,2
2026-02-10 20:47:00,1770756479999,XLM,1m,0.15726,0.15726,0.15726,0.15726,0.0,0
2026-02-10 20:48:00,1770756539999,XLM,1m,0.15752,0.15752,0.15752,0.15752,655.0,1
2026-02-10 20:49:00,1770756599999,XLM,1m,0.15756,0.15756,0.15756,0.15756,106.0,1
2026-02-10 20:50:00,1770756659999,XLM,1m,0.15715,0.15715,0.15715,0.15715,270.0,1
2026-02-10 20:51:00,1770756719999,XLM,1m,0.15719,0.15719,0.15719,0.15719,539.0,4
2026-02-10 20:52:00,1770756779999,XLM,1m,0.15719,0.15719,0.15719,0.15719,0.0,0
2026-02-10 20:53:00,1770756839999,XLM,1m,0.15722,0.15716,0.15722,0.15716,318.0,2
2026-02-10 20:54:00,1770756899999,XLM,1m,0.15727,0.15727,0.15727,0.15727,3347.0,2
2026-02-10 20:55:00,1770756959999,XLM,1m,0.15728,0.15719,0.15728,0.15719,406.0,2
2026-02-10 20:56:00,1770757019999,XLM,1m,0.15719,0.15719,0.15719,0.15719,0.0,0
2026-02-10 20:57:00,1770757079999,XLM,1m,0.15717,0.15717,0.15717,0.15716,307.0,3
2026-02-10 20:58:00,1770757139999,XLM,1m,0.1574,0.15749,0.15749,0.1574,440.0,4
2026-02-10 20:59:00,1770757199999,XLM,1m,0.15731,0.15731,0.15731,0.15731,427.0,1
2026-02-10 21:00:00,1770757259999,XLM,1m,0.15716,0.15715,0.15716,0.15715,4809.0,2
2026-02-10 21:01:00,1770757319999,XLM,1m,0.15734,0.15754,0.15754,0.15734,14038.0,5
2026-02-10 21:02:00,1770757379999,XLM,1m,0.15754,0.15754,0.15754,0.15754,0.0,0
2026-02-10 21:03:00,1770757439999,XLM,1m,0.1575,0.1575,0.1575,0.1575,103.0,1
2026-02-10 21:04:00,1770757499999,XLM,1m,0.15743,0.15743,0.15743,0.15743,655.0,1
2026-02-10 21:05:00,1770757559999,XLM,1m,0.15736,0.15736,0.15736,0.15736,1220.0,1
2026-02-10 21:06:00,1770757619999,XLM,1m,0.15737,0.15734,0.15738,0.15734,3520.0,4
2026-02-10 21:07:00,1770757679999,XLM,1m,0.15727,0.15727,0.15727,0.15727,100.0,1
2026-02-10 21:08:00,1770757739999,XLM,1m,0.15722,0.15741,0.15741,0.15722,238.0,2
2026-02-10 21:09:00,1770757799999,XLM,1m,0.15737,0.15713,0.15737,0.15713,1491.0,2
2026-02-10 21:10:00,1770757859999,XLM,1m,0.15716,0.15716,0.15716,0.15716,127.0,1
2026-02-10 21:11:00,1770757919999,XLM,1m,0.15712,0.15709,0.15712,0.15709,369.0,3
2026-02-10 21:12:00,1770757979999,XLM,1m,0.1571,0.15713,0.15714,0.1571,4600.0,4
2026-02-10 21:13:00,1770758039999,XLM,1m,0.15708,0.15712,0.15712,0.15708,330.0,2
2026-02-10 21:14:00,1770758099999,XLM,1m,0.15712,0.15712,0.15712,0.15712,0.0,0
2026-02-10 21:15:00,1770758159999,XLM,1m,0.15705,0.157,0.15705,0.157,452.0,2
2026-02-10 21:16:00,1770758219999,XLM,1m,0.15711,0.15711,0.15711,0.15711,87.0,1
2026-02-10 21:17:00,1770758279999,XLM,1m,0.15722,0.15718,0.15722,0.15716,314.0,3
2026-02-10 21:18:00,1770758339999,XLM,1m,0.15718,0.15718,0.15718,0.15718,0.0,0
2026-02-10 21:19:00,1770758399999,XLM,1m,0.15715,0.15715,0.15715,0.15715,102.0,1
2026-02-10 21:20:00,1770758459999,XLM,1m,0.15721,0.15722,0.15722,0.15721,2173.0,2
2026-02-10 21:21:00,1770758519999,XLM,1m,0.15719,0.15716,0.15719,0.15712,478.0,3
2026-02-10 21:22:00,1770758579999,XLM,1m,0.15716,0.15716,0.15716,0.15716,122.0,1
2026-02-10 21:23:00,1770758639999,XLM,1m,0.15699,0.15699,0.15699,0.15699,149.0,1
2026-02-10 21:24:00,1770758699999,XLM,1m,0.15705,0.1571,0.1571,0.157,4949.0,6
2026-02-10 21:25:00,1770758759999,XLM,1m,0.15718,0.15718,0.15718,0.15718,181.0,1
2026-02-10 21:26:00,1770758819999,XLM,1m,0.15713,0.15713,0.15713,0.15713,1214.0,1
2026-02-10 21:27:00,1770758879999,XLM,1m,0.15709,0.15709,0.15709,0.15709,122.0,1
2026-02-10 21:28:00,1770758939999,XLM,1m,0.15709,0.15709,0.15709,0.15709,119.0,1
2026-02-10 21:29:00,1770758999999,XLM,1m,0.15696,0.157,0.157,0.15696,289.0,2
2026-02-10 21:30:00,1770759059999,XLM,1m,0.15672,0.15672,0.15672,0.15672,206.0,1
2026-02-10 21:31:00,1770759119999,XLM,1m,0.15661,0.15661,0.15661,0.15661,117.0,1
2026-02-10 21:32:00,1770759179999,XLM,1m,0.15657,0.15657,0.15657,0.15657,116.0,1
2026-02-10 21:33:00,1770759239999,XLM,1m,0.15658,0.15658,0.15658,0.15658,119.0,1
2026-02-10 21:34:00,1770759299999,XLM,1m,0.15676,0.15676,0.15676,0.15676,114.0,1
2026-02-10 21:35:00,1770759359999,XLM,1m,0.15676,0.15676,0.15676,0.15676,0.0,0
2026-02-10 21:36:00,1770759419999,XLM,1m,0.15675,0.15675,0.15675,0.15675,96.0,1
2026-02-10 21:37:00,1770759479999,XLM,1m,0.15672,0.15672,0.15672,0.15672,96.0,1
2026-02-10 21:38:00,1770759539999,XLM,1m,0.15677,0.15684,0.15684,0.15677,385.0,2
2026-02-10 21:39:00,1770759599999,XLM,1m,0.15674,0.15667,0.15674,0.15667,741.0,2
2026-02-10 21:40:00,1770759659999,XLM,1m,0.15665,0.15686,0.15686,0.15658,39239.0,11
2026-02-10 21:41:00,1770759719999,XLM,1m,0.15686,0.15686,0.15686,0.15686,0.0,0
2026-02-10 21:42:00,1770759779999,XLM,1m,0.1568,0.1568,0.1568,0.1568,124.0,1
2026-02-10 21:43:00,1770759839999,XLM,1m,0.1569,0.1569,0.1569,0.1569,157.0,1
2026-02-10 21:44:00,1770759899999,XLM,1m,0.15709,0.15709,0.15709,0.15709,104.0,1
2026-02-10 21:45:00,1770759959999,XLM,1m,0.15697,0.15699,0.157,0.15697,553.0,3
2026-02-10 21:46:00,1770760019999,XLM,1m,0.15712,0.15709,0.15712,0.15709,367.0,2
2026-02-10 21:47:00,1770760079999,XLM,1m,0.15715,0.1571,0.15715,0.1571,194.0,2
2026-02-10 21:48:00,1770760139999,XLM,1m,0.1571,0.1571,0.1571,0.1571,0.0,0
2026-02-10 21:49:00,1770760199999,XLM,1m,0.1577,0.15767,0.15773,0.15767,37245.0,8
2026-02-10 21:50:00,1770760259999,XLM,1m,0.15784,0.15785,0.15785,0.15784,628.0,2
2026-02-10 21:51:00,1770760319999,XLM,1m,0.15809,0.15809,0.15809,0.15809,1345.0,1
2026-02-10 21:52:00,1770760379999,XLM,1m,0.15793,0.15793,0.15793,0.15793,101.0,1
2026-02-10 21:53:00,1770760439999,XLM,1m,0.15793,0.15793,0.15793,0.15793,504.0,3
2026-02-10 21:54:00,1770760499999,XLM,1m,0.15809,0.15808,0.15809,0.15808,1427.0,2
2026-02-10 21:55:00,1770760559999,XLM,1m,0.15791,0.15797,0.15797,0.15791,286.0,2
2026-02-10 21:56:00,1770760619999,XLM,1m,0.15775,0.15775,0.15775,0.15775,124.0,1
2026-02-10 21:57:00,1770760679999,XLM,1m,0.15769,0.15771,0.15772,0.15769,656.0,4
2026-02-10 21:58:00,1770760739999,XLM,1m,0.15764,0.15764,0.15764,0.15764,105.0,1
2026-02-10 21:59:00,1770760799999,XLM,1m,0.15769,0.15768,0.15769,0.15768,331.0,2
2026-02-10 22:00:00,1770760859999,XLM,1m,0.15788,0.15788,0.15788,0.15788,633.0,1
2026-02-10 22:01:00,1770760919999,XLM,1m,0.15769,0.15769,0.15776,0.15769,353.0,3
2026-02-10 22:02:00,1770760979999,XLM,1m,0.15779,0.15779,0.15779,0.15779,120.0,1
2026-02-10 22:03:00,1770761039999,XLM,1m,0.15775,0.15775,0.15775,0.15775,105.0,1
2026-02-10 22:04:00,1770761099999,XLM,1m,0.15786,0.15786,0.15786,0.15786,277.0,1
2026-02-10 22:05:00,1770761159999,XLM,1m,0.15784,0.15784,0.15784,0.15784,127.0,1
2026-02-10 22:06:00,1770761219999,XLM,1m,0.15784,0.15784,0.15784,0.15784,0.0,0
2026-02-10 22:07:00,1770761279999,XLM,1m,0.15775,0.15775,0.15775,0.15775,124.0,1
2026-02-10 22:08:00,1770761339999,XLM,1m,0.15782,0.15784,0.15784,0.15782,4477.0,2
2026-02-10 22:09:00,1770761399999,XLM,1m,0.15768,0.15768,0.15768,0.15768,126.0,1
2026-02-10 22:10:00,1770761459999,XLM,1m,0.15765,0.15765,0.15765,0.15765,453.0,2
2026-02-10 22:11:00,1770761519999,XLM,1m,0.15759,0.15754,0.15759,0.15754,25872.0,7
2026-02-10 22:12:00,1770761579999,XLM,1m,0.15741,0.15741,0.15741,0.15741,9951.0,2
2026-02-10 22:13:00,1770761639999,XLM,1m,0.15741,0.15741,0.15741,0.15741,0.0,0
2026-02-10 22:14:00,1770761699999,XLM,1m,0.15747,0.15747,0.15747,0.15747,212.0,1
2026-02-10 22:15:00,1770761759999,XLM,1m,0.15739,0.15756,0.15756,0.15739,57826.0,10
2026-02-10 22:16:00,1770761819999,XLM,1m,0.15755,0.15762,0.15762,0.15755,229.0,2
2026-02-10 22:17:00,1770761879999,XLM,1m,0.15762,0.15762,0.15762,0.15762,0.0,0
2026-02-10 22:18:00,1770761939999,XLM,1m,0.15751,0.15751,0.15751,0.15751,131.0,1
2026-02-10 22:19:00,1770761999999,XLM,1m,0.15751,0.15751,0.15751,0.15751,100.0,1
2026-02-10 22:20:00,1770762059999,XLM,1m,0.15749,0.15749,0.15749,0.15749,247.0,2
2026-02-10 22:21:00,1770762119999,XLM,1m,0.15757,0.15757,0.15757,0.15757,373.0,2
2026-02-10 22:22:00,1770762179999,XLM,1m,0.1577,0.1577,0.1577,0.1577,126.0,1
2026-02-10 22:23:00,1770762239999,XLM,1m,0.1577,0.1577,0.1577,0.1577,0.0,0
2026-02-10 22:24:00,1770762299999,XLM,1m,0.15784,0.15784,0.15784,0.15784,105.0,1
2026-02-10 22:25:00,1770762359999,XLM,1m,0.15806,0.15806,0.15806,0.15806,127.0,1
2026-02-10 22:26:00,1770762419999,XLM,1m,0.15806,0.15806,0.15806,0.15806,0.0,0
2026-02-10 22:27:00,1770762479999,XLM,1m,0.15789,0.15789,0.15789,0.15789,109.0,1
2026-02-10 22:28:00,1770762539999,XLM,1m,0.15801,0.15796,0.15801,0.15796,529.0,3
2026-02-10 22:29:00,1770762599999,XLM,1m,0.15796,0.15796,0.15796,0.15796,0.0,0
2026-02-10 22:30:00,1770762659999,XLM,1m,0.15798,0.15798,0.15798,0.15798,102.0,1
2026-02-10 22:31:00,1770762719999,XLM,1m,0.15801,0.15801,0.15801,0.15801,121.0,1
2026-02-10 22:32:00,1770762779999,XLM,1m,0.15801,0.15801,0.15801,0.15801,0.0,0
2026-02-10 22:33:00,1770762839999,XLM,1m,0.15807,0.15813,0.15813,0.15807,362.0,2
2026-02-10 22:34:00,1770762899999,XLM,1m,0.15816,0.15819,0.15819,0.15816,1550.0,2
2026-02-10 22:35:00,1770762959999,XLM,1m,0.1584,0.1584,0.1584,0.1584,117.0,1
2026-02-10 22:36:00,1770763019999,XLM,1m,0.1584,0.1584,0.1584,0.1584,0.0,0
2026-02-10 22:37:00,1770763079999,XLM,1m,0.15824,0.15833,0.15833,0.15824,3236.0,3
2026-02-10 22:38:00,1770763139999,XLM,1m,0.15841,0.15846,0.15846,0.15841,874.0,2
2026-02-10 22:39:00,1770763199999,XLM,1m,0.15853,0.15853,0.15853,0.15853,253.0,1
2026-02-10 22:40:00,1770763259999,XLM,1m,0.15862,0.15862,0.15862,0.15862,106.0,1
2026-02-10 22:41:00,1770763319999,XLM,1m,0.15862,0.15862,0.15862,0.15862,0.0,0
2026-02-10 22:42:00,1770763379999,XLM,1m,0.15862,0.15862,0.15862,0.15862,0.0,0
2026-02-10 22:43:00,1770763439999,XLM,1m,0.15838,0.15836,0.15838,0.15835,577.0,3
2026-02-10 22:44:00,1770763499999,XLM,1m,0.15836,0.15836,0.15836,0.15836,0.0,0
2026-02-10 22:45:00,1770763559999,XLM,1m,0.15833,0.15829,0.15833,0.15829,2011.0,4
2026-02-10 22:46:00,1770763619999,XLM,1m,0.15829,0.15829,0.15829,0.15829,118.0,1
2026-02-10 22:47:00,1770763679999,XLM,1m,0.15816,0.15816,0.15816,0.15816,100.0,1
2026-02-10 22:48:00,1770763739999,XLM,1m,0.15813,0.15813,0.15813,0.15813,126.0,1
2026-02-10 22:49:00,1770763799999,XLM,1m,0.15805,0.15805,0.15805,0.15805,213.0,2
2026-02-10 22:50:00,1770763859999,XLM,1m,0.1581,0.1581,0.1581,0.1581,126.0,1
2026-02-10 22:51:00,1770763919999,XLM,1m,0.15806,0.15806,0.15806,0.15801,419.0,3
2026-02-10 22:52:00,1770763979999,XLM,1m,0.15806,0.15806,0.15806,0.15806,0.0,0
2026-02-10 22:53:00,1770764039999,XLM,1m,0.15792,0.15794,0.15794,0.15792,188.0,2
2026-02-10 22:54:00,1770764099999,XLM,1m,0.15794,0.15794,0.15794,0.15794,221.0,2
2026-02-10 22:55:00,1770764159999,XLM,1m,0.15799,0.15799,0.15799,0.15799,226.0,1
2026-02-10 22:56:00,1770764219999,XLM,1m,0.15799,0.15799,0.15799,0.15799,0.0,0
2026-02-10 22:57:00,1770764279999,XLM,1m,0.15823,0.15823,0.15823,0.15823,282.0,1
2026-02-10 22:58:00,1770764339999,XLM,1m,0.15813,0.15813,0.15813,0.15813,117.0,1
2026-02-10 22:59:00,1770764399999,XLM,1m,0.15813,0.15813,0.15813,0.15813,0.0,0
2026-02-10 23:00:00,1770764459999,XLM,1m,0.15818,0.15806,0.15818,0.15806,839.0,3
2026-02-10 23:01:00,1770764519999,XLM,1m,0.15812,0.15812,0.15812,0.15812,91.0,1
2026-02-10 23:02:00,1770764579999,XLM,1m,0.15835,0.15837,0.15837,0.15835,589.0,2
2026-02-10 23:03:00,1770764639999,XLM,1m,0.15837,0.15837,0.15837,0.15837,0.0,0
2026-02-10 23:04:00,1770764699999,XLM,1m,0.15821,0.15817,0.15821,0.15817,325.0,3
2026-02-10 23:05:00,1770764759999,XLM,1m,0.15817,0.15817,0.15817,0.15817,0.0,0
2026-02-10 23:06:00,1770764819999,XLM,1m,0.15787,0.15795,0.15795,0.15787,547.0,4
2026-02-10 23:07:00,1770764879999,XLM,1m,0.15795,0.15795,0.15795,0.15795,0.0,0
2026-02-10 23:08:00,1770764939999,XLM,1m,0.15777,0.15779,0.15779,0.15777,445.0,2
2026-02-10 23:09:00,1770764999999,XLM,1m,0.15779,0.15779,0.15779,0.15779,0.0,0
2026-02-10 23:10:00,1770765059999,XLM,1m,0.158,0.158,0.158,0.158,448.0,2
2026-02-10 23:11:00,1770765119999,XLM,1m,0.15817,0.15818,0.15818,0.15817,269.0,2
2026-02-10 23:12:00,1770765179999,XLM,1m,0.15809,0.15809,0.15809,0.15809,219.0,1
2026-02-10 23:13:00,1770765239999,XLM,1m,0.15799,0.15799,0.15799,0.15799,109.0,1
2026-02-10 23:14:00,1770765299999,XLM,1m,0.15787,0.15792,0.15792,0.15787,221.0,2
2026-02-10 23:15:00,1770765359999,XLM,1m,0.1577,0.1577,0.1577,0.1577,113.0,1
2026-02-10 23:16:00,1770765419999,XLM,1m,0.15772,0.15772,0.15772,0.15772,206.0,1
2026-02-10 23:17:00,1770765479999,XLM,1m,0.15772,0.15772,0.15772,0.15772,0.0,0
2026-02-10 23:18:00,1770765539999,XLM,1m,0.15782,0.15782,0.15782,0.15782,123.0,1
2026-02-10 23:19:00,1770765599999,XLM,1m,0.15786,0.15786,0.15786,0.15786,102.0,1
2026-02-10 23:20:00,1770765659999,XLM,1m,0.15786,0.15786,0.15786,0.15786,0.0,0
2026-02-10 23:21:00,1770765719999,XLM,1m,0.15788,0.15788,0.15788,0.15788,233.0,1
2026-02-10 23:22:00,1770765779999,XLM,1m,0.15788,0.15788,0.15788,0.15788,0.0,0
2026-02-10 23:23:00,1770765839999,XLM,1m,0.15774,0.15774,0.15774,0.15774,98.0,1
2026-02-10 23:24:00,1770765899999,XLM,1m,0.15774,0.15774,0.15774,0.15774,0.0,0
2026-02-10 23:25:00,1770765959999,XLM,1m,0.15768,0.15764,0.15768,0.15764,686.0,4
2026-02-10 23:26:00,1770766019999,XLM,1m,0.15772,0.15764,0.15772,0.15764,523.0,3
2026-02-10 23:27:00,1770766079999,XLM,1m,0.15764,0.15764,0.15764,0.15764,0.0,0
2026-02-10 23:28:00,1770766139999,XLM,1m,0.1578,0.1578,0.1578,0.1578,116.0,1
2026-02-10 23:29:00,1770766199999,XLM,1m,0.15787,0.15784,0.15787,0.15784,281.0,2
2026-02-10 23:30:00,1770766259999,XLM,1m,0.15775,0.15775,0.15775,0.15775,113.0,1
2026-02-10 23:31:00,1770766319999,XLM,1m,0.15774,0.15774,0.15774,0.15769,454.0,3
2026-02-10 23:32:00,1770766379999,XLM,1m,0.15785,0.15785,0.15785,0.15785,187.0,1
2026-02-10 23:33:00,1770766439999,XLM,1m,0.15796,0.15796,0.15796,0.15796,126.0,1
2026-02-10 23:34:00,1770766499999,XLM,1m,0.15789,0.15789,0.15789,0.15789,112.0,1
2026-02-10 23:35:00,1770766559999,XLM,1m,0.15804,0.15801,0.15804,0.15801,567.0,3
2026-02-10 23:36:00,1770766619999,XLM,1m,0.15803,0.15805,0.15805,0.15803,270.0,2
2026-02-10 23:37:00,1770766679999,XLM,1m,0.15807,0.15807,0.15807,0.15807,107.0,1
2026-02-10 23:38:00,1770766739999,XLM,1m,0.15825,0.15831,0.15831,0.15825,437.0,2
2026-02-10 23:39:00,1770766799999,XLM,1m,0.15831,0.15831,0.15831,0.15831,0.0,0
2026-02-10 23:40:00,1770766859999,XLM,1m,0.15815,0.15815,0.15815,0.15815,104.0,1
2026-02-10 23:41:00,1770766919999,XLM,1m,0.15814,0.15815,0.15815,0.15814,230.0,2
2026-02-10 23:42:00,1770766979999,XLM,1m,0.15815,0.15815,0.15815,0.15815,0.0,0
2026-02-10 23:43:00,1770767039999,XLM,1m,0.15818,0.15818,0.15818,0.15818,236.0,1
2026-02-10 23:44:00,1770767099999,XLM,1m,0.15818,0.15818,0.15818,0.15818,0.0,0
2026-02-10 23:45:00,1770767159999,XLM,1m,0.15804,0.158,0.15804,0.158,5591.0,4
2026-02-10 23:46:00,1770767219999,XLM,1m,0.15799,0.15799,0.15799,0.15799,234.0,2
2026-02-10 23:47:00,1770767279999,XLM,1m,0.15799,0.15808,0.15809,0.15798,31796.0,39
2026-02-10 23:48:00,1770767339999,XLM,1m,0.15809,0.15821,0.15824,0.15809,58057.0,71
2026-02-10 23:49:00,1770767399999,XLM,1m,0.15821,0.15827,0.15828,0.15818,55461.0,69
2026-02-10 23:50:00,1770767459999,XLM,1m,0.15827,0.15824,0.15829,0.15821,57215.0,71
2026-02-10 23:51:00,1770767519999,XLM,1m,0.15824,0.15818,0.15824,0.15816,57172.0,68
2026-02-10 23:52:00,1770767579999,XLM,1m,0.15818,0.15821,0.15824,0.15818,59725.0,74
2026-02-10 23:53:00,1770767639999,XLM,1m,0.15821,0.15825,0.15827,0.1582,58004.0,74
2026-02-10 23:54:00,1770767699999,XLM,1m,0.15826,0.15836,0.15838,0.15826,58111.0,76
2026-02-10 23:55:00,1770767759999,XLM,1m,0.15836,0.15837,0.15839,0.15833,56298.0,79
2026-02-10 23:56:00,1770767819999,XLM,1m,0.15838,0.15842,0.15842,0.15837,50896.0,71
2026-02-10 23:57:00,1770767879999,XLM,1m,0.15842,0.15842,0.15842,0.15842,0.0,0
2026-02-10 23:58:00,1770767939999,XLM,1m,0.15836,0.15839,0.15839,0.15833,4610.0,12
2026-02-10 23:59:00,1770767999999,XLM,1m,0.15843,0.15843,0.15843,0.15843,108.0,1
2026-02-11 00:00:00,1770768059999,XLM,1m,0.15845,0.15854,0.1586,0.15845,14472.0,7
2026-02-11 00:01:00,1770768119999,XLM,1m,0.15861,0.15864,0.15865,0.15861,12278.0,7
2026-02-11 00:02:00,1770768179999,XLM,1m,0.15856,0.15849,0.1586,0.15848,40938.0,10
2026-02-11 00:03:00,1770768239999,XLM,1m,0.15854,0.15848,0.15854,0.15848,22597.0,6
2026-02-11 00:04:00,1770768299999,XLM,1m,0.15849,0.1585,0.1585,0.15848,26703.0,7
2026-02-11 00:05:00,1770768359999,XLM,1m,0.15856,0.15857,0.15857,0.15856,2657.0,3
2026-02-11 00:06:00,1770768419999,XLM,1m,0.15844,0.15844,0.15845,0.15844,25973.0,6
2026-02-11 00:07:00,1770768479999,XLM,1m,0.15843,0.1584,0.15843,0.15833,32981.0,7
2026-02-11 00:08:00,1770768539999,XLM,1m,0.1585,0.1585,0.1585,0.1585,8913.0,2
2026-02-11 00:09:00,1770768599999,XLM,1m,0.1585,0.15849,0.15853,0.15849,14845.0,5
2026-02-11 00:10:00,1770768659999,XLM,1m,0.1585,0.15842,0.1585,0.15842,9194.0,4
2026-02-11 00:11:00,1770768719999,XLM,1m,0.15831,0.15829,0.15831,0.15829,8301.0,2
2026-02-11 00:12:00,1770768779999,XLM,1m,0.15823,0.15828,0.1583,0.15823,3374.0,4
2026-02-11 00:13:00,1770768839999,XLM,1m,0.15811,0.15811,0.15811,0.15811,268.0,1
2026-02-11 00:14:00,1770768899999,XLM,1m,0.15815,0.15819,0.15819,0.15815,355.0,2
2026-02-11 00:15:00,1770768959999,XLM,1m,0.15817,0.1582,0.1582,0.15817,10102.0,4
2026-02-11 00:16:00,1770769019999,XLM,1m,0.15832,0.15828,0.15833,0.15828,4187.0,3
2026-02-11 00:17:00,1770769079999,XLM,1m,0.15842,0.15844,0.15844,0.15842,13042.0,3
2026-02-11 00:18:00,1770769139999,XLM,1m,0.15861,0.15861,0.15861,0.15861,117.0,1
2026-02-11 00:19:00,1770769199999,XLM,1m,0.15865,0.15863,0.15865,0.15863,1871.0,2
2026-02-11 00:20:00,1770769259999,XLM,1m,0.15868,0.15868,0.15868,0.15868,404.0,1
2026-02-11 00:21:00,1770769319999,XLM,1m,0.15863,0.15859,0.15863,0.15859,385.0,2
2026-02-11 00:22:00,1770769379999,XLM,1m,0.15881,0.15881,0.15881,0.15881,571.0,2
2026-02-11 00:23:00,1770769439999,XLM,1m,0.1587,0.15869,0.1587,0.15869,1494.0,3
2026-02-11 00:24:00,1770769499999,XLM,1m,0.15866,0.15872,0.15872,0.15866,1966.0,4
2026-02-11 00:25:00,1770769559999,XLM,1m,0.15867,0.15869,0.15869,0.15867,2985.0,2
2026-02-11 00:26:00,1770769619999,XLM,1m,0.15869,0.15891,0.15891,0.15869,7907.0,4
2026-02-11 00:27:00,1770769679999,XLM,1m,0.1588,0.1588,0.1588,0.1588,112.0,1
2026-02-11 00:28:00,1770769739999,XLM,1m,0.15877,0.15869,0.15877,0.15869,459.0,3
2026-02-11 00:29:00,1770769799999,XLM,1m,0.15862,0.1586,0.15862,0.1586,1995.0,3
2026-02-11 00:30:00,1770769859999,XLM,1m,0.1586,0.1586,0.1586,0.1586,0.0,0
2026-02-11 00:31:00,1770769919999,XLM,1m,0.15847,0.15849,0.15849,0.15847,250.0,2
2026-02-11 00:32:00,1770769979999,XLM,1m,0.15854,0.15854,0.15854,0.15854,275.0,1
2026-02-11 00:33:00,1770770039999,XLM,1m,0.15854,0.15847,0.15854,0.15847,1978.0,3
2026-02-11 00:34:00,1770770099999,XLM,1m,0.15849,0.15849,0.15849,0.15849,110.0,1
2026-02-11 00:35:00,1770770159999,XLM,1m,0.15867,0.15867,0.15867,0.15864,3890.0,3
2026-02-11 00:36:00,1770770219999,XLM,1m,0.15876,0.15876,0.15876,0.15876,103.0,1
2026-02-11 00:37:00,1770770279999,XLM,1m,0.15877,0.15872,0.15877,0.15871,2373.0,5
2026-02-11 00:38:00,1770770339999,XLM,1m,0.15873,0.15868,0.15873,0.15868,489.0,2
2026-02-11 00:39:00,1770770399999,XLM,1m,0.15851,0.15851,0.15851,0.15851,736.0,1
2026-02-11 00:40:00,1770770459999,XLM,1m,0.15847,0.15846,0.15847,0.15846,1293.0,2
2026-02-11 00:41:00,1770770519999,XLM,1m,0.15833,0.1583,0.15833,0.1583,965.0,2
2026-02-11 00:42:00,1770770579999,XLM,1m,0.1583,0.1583,0.1583,0.1583,0.0,0
2026-02-11 00:43:00,1770770639999,XLM,1m,0.15822,0.15827,0.1583,0.15822,955.0,3
2026-02-11 00:44:00,1770770699999,XLM,1m,0.1585,0.1586,0.1586,0.15849,8477.0,7
2026-02-11 00:45:00,1770770759999,XLM,1m,0.15856,0.15856,0.15856,0.15856,736.0,1
2026-02-11 00:46:00,1770770819999,XLM,1m,0.15848,0.1585,0.15851,0.15848,1410.0,3
2026-02-11 00:47:00,1770770879999,XLM,1m,0.15861,0.15865,0.15865,0.15861,16011.0,5
2026-02-11 00:48:00,1770770939999,XLM,1m,0.15865,0.15862,0.15865,0.15862,2492.0,3
2026-02-11 00:49:00,1770770999999,XLM,1m,0.15857,0.1586,0.1586,0.15855,2408.0,3
2026-02-11 00:50:00,1770771059999,XLM,1m,0.15859,0.15859,0.15859,0.15859,1200.0,1
2026-02-11 00:51:00,1770771119999,XLM,1m,0.15856,0.15845,0.15856,0.15845,1936.0,4
2026-02-11 00:52:00,1770771179999,XLM,1m,0.1585,0.15858,0.15858,0.1585,17802.0,6
2026-02-11 00:53:00,1770771239999,XLM,1m,0.15868,0.15868,0.15868,0.15868,736.0,1
2026-02-11 00:54:00,1770771299999,XLM,1m,0.15879,0.15883,0.15883,0.15879,207.0,2
2026-02-11 00:55:00,1770771359999,XLM,1m,0.15879,0.15879,0.15879,0.15876,5051.0,4
2026-02-11 00:56:00,1770771419999,XLM,1m,0.15874,0.15874,0.15874,0.15874,186.0,1
2026-02-11 00:57:00,1770771479999,XLM,1m,0.15863,0.15857,0.15863,0.15857,11032.0,3
2026-02-11 00:58:00,1770771539999,XLM,1m,0.15869,0.15869,0.15869,0.15869,401.0,2
2026-02-11 00:59:00,1770771599999,XLM,1m,0.15864,0.15864,0.15864,0.15864,736.0,1
2026-02-11 01:00:00,1770771659999,XLM,1m,0.15862,0.15852,0.15862,0.15852,17676.0,7
2026-02-11 01:01:00,1770771719999,XLM,1m,0.1585,0.15852,0.15852,0.15849,15723.0,4
2026-02-11 01:02:00,1770771779999,XLM,1m,0.15857,0.15857,0.15857,0.15857,85.0,1
2026-02-11 01:03:00,1770771839999,XLM,1m,0.15866,0.15864,0.15866,0.15864,4438.0,2
2026-02-11 01:04:00,1770771899999,XLM,1m,0.15882,0.15875,0.15882,0.15875,329.0,3
2026-02-11 01:05:00,1770771959999,XLM,1m,0.15872,0.1586,0.15872,0.1586,3012.0,3
2026-02-11 01:06:00,1770772019999,XLM,1m,0.15846,0.15846,0.15846,0.15846,3913.0,1
2026-02-11 01:07:00,1770772079999,XLM,1m,0.15843,0.15851,0.15851,0.15843,1401.0,5
2026-02-11 01:08:00,1770772139999,XLM,1m,0.15848,0.15841,0.15848,0.15838,527.0,4
2026-02-11 01:09:00,1770772199999,XLM,1m,0.15846,0.15852,0.15852,0.15846,13189.0,5
2026-02-11 01:10:00,1770772259999,XLM,1m,0.1585,0.15849,0.1585,0.15849,8731.0,2
2026-02-11 01:11:00,1770772319999,XLM,1m,0.15842,0.15842,0.15846,0.15842,1040.0,3
2026-02-11 01:12:00,1770772379999,XLM,1m,0.15842,0.15847,0.15847,0.15842,356.0,3
2026-02-11 01:13:00,1770772439999,XLM,1m,0.15849,0.15849,0.15849,0.15849,736.0,1
2026-02-11 01:14:00,1770772499999,XLM,1m,0.1585,0.15849,0.15852,0.15849,464.0,4
2026-02-11 01:15:00,1770772559999,XLM,1m,0.15854,0.15858,0.15858,0.15854,1922.0,3
2026-02-11 01:16:00,1770772619999,XLM,1m,0.15862,0.15849,0.15862,0.15849,9120.0,5
2026-02-11 01:17:00,1770772679999,XLM,1m,0.15832,0.15832,0.15832,0.15832,736.0,1
2026-02-11 01:18:00,1770772739999,XLM,1m,0.1584,0.1584,0.1584,0.1584,144.0,1
2026-02-11 01:19:00,1770772799999,XLM,1m,0.15836,0.1583,0.15836,0.1583,3931.0,3
2026-02-11 01:20:00,1770772859999,XLM,1m,0.15809,0.15809,0.15809,0.15809,138.0,1
2026-02-11 01:21:00,1770772919999,XLM,1m,0.15795,0.15786,0.15795,0.15786,1233.0,2
2026-02-11 01:22:00,1770772979999,XLM,1m,0.15791,0.15789,0.15791,0.15789,365.0,2
2026-02-11 01:23:00,1770773039999,XLM,1m,0.15784,0.15783,0.15784,0.15783,1791.0,3
2026-02-11 01:24:00,1770773099999,XLM,1m,0.15779,0.15769,0.15779,0.15769,232.0,2
2026-02-11 01:25:00,1770773159999,XLM,1m,0.15787,0.15787,0.15787,0.15787,736.0,1
2026-02-11 01:26:00,1770773219999,XLM,1m,0.15792,0.15781,0.15792,0.15781,795.0,5
2026-02-11 01:27:00,1770773279999,XLM,1m,0.15778,0.1578,0.1578,0.15778,806.0,2
2026-02-11 01:28:00,1770773339999,XLM,1m,0.15779,0.15779,0.15779,0.15779,95.0,1
2026-02-11 01:29:00,1770773399999,XLM,1m,0.15788,0.15788,0.15788,0.15788,736.0,1
2026-02-11 01:30:00,1770773459999,XLM,1m,0.15794,0.15794,0.15794,0.15794,99.0,1
2026-02-11 01:31:00,1770773519999,XLM,1m,0.15797,0.15797,0.15797,0.15797,736.0,1
2026-02-11 01:32:00,1770773579999,XLM,1m,0.15823,0.15823,0.15823,0.15823,209.0,2
2026-02-11 01:33:00,1770773639999,XLM,1m,0.1581,0.1581,0.1581,0.1581,736.0,1
2026-02-11 01:34:00,1770773699999,XLM,1m,0.1581,0.1581,0.1581,0.1581,0.0,0
2026-02-11 01:35:00,1770773759999,XLM,1m,0.1584,0.15845,0.15845,0.1584,3279.0,4
2026-02-11 01:36:00,1770773819999,XLM,1m,0.15844,0.15844,0.15844,0.15844,232.0,1
2026-02-11 01:37:00,1770773879999,XLM,1m,0.15839,0.15838,0.15839,0.15838,736.0,2
2026-02-11 01:38:00,1770773939999,XLM,1m,0.15848,0.15848,0.15848,0.15848,2790.0,1
2026-02-11 01:39:00,1770773999999,XLM,1m,0.15824,0.15824,0.15824,0.15824,736.0,1
2026-02-11 01:40:00,1770774059999,XLM,1m,0.15821,0.15821,0.15821,0.15821,4523.0,6
2026-02-11 01:41:00,1770774119999,XLM,1m,0.15825,0.15825,0.15825,0.15825,736.0,1
2026-02-11 01:42:00,1770774179999,XLM,1m,0.1583,0.15851,0.15851,0.1583,13236.0,4
2026-02-11 01:43:00,1770774239999,XLM,1m,0.15868,0.15863,0.15868,0.15863,10311.0,4
2026-02-11 01:44:00,1770774299999,XLM,1m,0.15856,0.15856,0.15856,0.15856,93.0,1
2026-02-11 01:45:00,1770774359999,XLM,1m,0.15864,0.15862,0.15864,0.15862,2063.0,3
2026-02-11 01:46:00,1770774419999,XLM,1m,0.15841,0.1584,0.15841,0.1584,321.0,2
2026-02-11 01:47:00,1770774479999,XLM,1m,0.1584,0.1584,0.1584,0.1584,736.0,1
2026-02-11 01:48:00,1770774539999,XLM,1m,0.1584,0.1584,0.1584,0.1584,0.0,0
2026-02-11 01:49:00,1770774599999,XLM,1m,0.15846,0.15846,0.15846,0.15846,736.0,1
2026-02-11 01:50:00,1770774659999,XLM,1m,0.1584,0.1584,0.1584,0.1584,93.0,1
2026-02-11 01:51:00,1770774719999,XLM,1m,0.15833,0.15831,0.15833,0.15829,4897.0,5
2026-02-11 01:52:00,1770774779999,XLM,1m,0.15831,0.15828,0.15831,0.15828,1681.0,9
2026-02-11 01:53:00,1770774839999,XLM,1m,0.15825,0.1582,0.15825,0.1582,11854.0,3
2026-02-11 01:54:00,1770774899999,XLM,1m,0.15821,0.15821,0.15821,0.15821,138.0,1
2026-02-11 01:55:00,1770774959999,XLM,1m,0.15805,0.15805,0.15805,0.15805,736.0,1
2026-02-11 01:56:00,1770775019999,XLM,1m,0.1581,0.1581,0.1581,0.1581,135.0,1
2026-02-11 01:57:00,1770775079999,XLM,1m,0.15809,0.15809,0.15809,0.15809,736.0,2
2026-02-11 01:58:00,1770775139999,XLM,1m,0.15819,0.15816,0.15824,0.15816,2481.0,6
2026-02-11 01:59:00,1770775199999,XLM,1m,0.15816,0.15817,0.15823,0.15816,2878.0,5
2026-02-11 02:00:00,1770775259999,XLM,1m,0.15832,0.15829,0.15832,0.15827,22120.0,7
2026-02-11 02:01:00,1770775319999,XLM,1m,0.15834,0.15834,0.15834,0.15834,8676.0,3
2026-02-11 02:02:00,1770775379999,XLM,1m,0.15827,0.15838,0.15838,0.15827,9592.0,8
2026-02-11 02:03:00,1770775439999,XLM,1m,0.15861,0.15861,0.15861,0.15861,736.0,1
2026-02-11 02:04:00,1770775499999,XLM,1m,0.15866,0.15858,0.15866,0.15857,4408.0,5
2026-02-11 02:05:00,1770775559999,XLM,1m,0.15857,0.15856,0.15857,0.15856,2290.0,3
2026-02-11 02:06:00,1770775619999,XLM,1m,0.15861,0.15848,0.15861,0.15848,7584.0,3
2026-02-11 02:07:00,1770775679999,XLM,1m,0.15846,0.15856,0.15856,0.15846,1465.0,5
2026-02-11 02:08:00,1770775739999,XLM,1m,0.15856,0.15856,0.15856,0.15856,1892.0,1
2026-02-11 02:09:00,1770775799999,XLM,1m,0.15854,0.15856,0.15856,0.15854,850.0,2
2026-02-11 02:10:00,1770775859999,XLM,1m,0.15854,0.1585,0.15854,0.1585,869.0,3
2026-02-11 02:11:00,1770775919999,XLM,1m,0.15838,0.15838,0.15838,0.15838,736.0,1
2026-02-11 02:12:00,1770775979999,XLM,1m,0.15845,0.15848,0.15848,0.15845,1893.0,2
2026-02-11 02:13:00,1770776039999,XLM,1m,0.15848,0.15847,0.15848,0.15844,4522.0,3
2026-02-11 02:14:00,1770776099999,XLM,1m,0.15844,0.1584,0.15844,0.1584,2068.0,4
2026-02-11 02:15:00,1770776159999,XLM,1m,0.15834,0.15834,0.15834,0.15834,736.0,1
2026-02-11 02:16:00,1770776219999,XLM,1m,0.15846,0.15864,0.15864,0.15846,262.0,2
2026-02-11 02:17:00,1770776279999,XLM,1m,0.15862,0.15853,0.15862,0.15853,812.0,2
2026-02-11 02:18:00,1770776339999,XLM,1m,0.15855,0.15856,0.15856,0.15855,1985.0,2
2026-02-11 02:19:00,1770776399999,XLM,1m,0.1585,0.1585,0.1585,0.1585,736.0,1
2026-02-11 02:20:00,1770776459999,XLM,1m,0.15856,0.15856,0.15856,0.15856,98.0,1
2026-02-11 02:21:00,1770776519999,XLM,1m,0.15856,0.15852,0.15856,0.15852,812.0,2
2026-02-11 02:22:00,1770776579999,XLM,1m,0.15851,0.15851,0.15851,0.15851,1893.0,2
2026-02-11 02:23:00,1770776639999,XLM,1m,0.15853,0.15867,0.15871,0.15853,4238.0,5
2026-02-11 02:24:00,1770776699999,XLM,1m,0.15867,0.15867,0.15867,0.15867,0.0,0
2026-02-11 02:25:00,1770776759999,XLM,1m,0.15853,0.15845,0.15855,0.15845,3023.0,5
2026-02-11 02:26:00,1770776819999,XLM,1m,0.15845,0.15845,0.15845,0.15845,0.0,0
2026-02-11 02:27:00,1770776879999,XLM,1m,0.15871,0.15865,0.15871,0.15863,7048.0,3
2026-02-11 02:28:00,1770776939999,XLM,1m,0.15857,0.15864,0.15864,0.15857,2011.0,2
2026-02-11 02:29:00,1770776999999,XLM,1m,0.15862,0.15854,0.15862,0.15854,818.0,2
2026-02-11 02:30:00,1770777059999,XLM,1m,0.15864,0.15864,0.15864,0.15864,139.0,1
2026-02-11 02:31:00,1770777119999,XLM,1m,0.15865,0.15868,0.15868,0.15865,12396.0,4
2026-02-11 02:32:00,1770777179999,XLM,1m,0.15863,0.15863,0.15863,0.15863,92.0,1
2026-02-11 02:33:00,1770777239999,XLM,1m,0.15855,0.15864,0.15864,0.15855,7579.0,2
2026-02-11 02:34:00,1770777299999,XLM,1m,0.15866,0.15851,0.15866,0.15851,3875.0,3
2026-02-11 02:35:00,1770777359999,XLM,1m,0.15844,0.15851,0.15852,0.15844,2712.0,4
2026-02-11 02:36:00,1770777419999,XLM,1m,0.15851,0.15851,0.15851,0.15851,0.0,0
2026-02-11 02:37:00,1770777479999,XLM,1m,0.15841,0.1585,0.1585,0.15838,2896.0,7
2026-02-11 02:38:00,1770777539999,XLM,1m,0.1585,0.1585,0.1585,0.1585,0.0,0
2026-02-11 02:39:00,1770777599999,XLM,1m,0.15856,0.15851,0.15857,0.15851,3667.0,5
2026-02-11 02:40:00,1770777659999,XLM,1m,0.15851,0.15857,0.15857,0.15851,3061.0,4
2026-02-11 02:41:00,1770777719999,XLM,1m,0.15837,0.1584,0.1584,0.15837,1171.0,2
2026-02-11 02:42:00,1770777779999,XLM,1m,0.15845,0.15845,0.15845,0.15845,1330.0,2
2026-02-11 02:43:00,1770777839999,XLM,1m,0.15844,0.15839,0.15844,0.15839,736.0,2
2026-02-11 02:44:00,1770777899999,XLM,1m,0.1584,0.1584,0.1584,0.1584,9510.0,2
2026-02-11 02:45:00,1770777959999,XLM,1m,0.1582,0.15818,0.15825,0.15818,5496.0,6
2026-02-11 02:46:00,1770778019999,XLM,1m,0.15818,0.15818,0.15818,0.15818,0.0,0
2026-02-11 02:47:00,1770778079999,XLM,1m,0.15796,0.15808,0.15808,0.15796,4813.0,6
2026-02-11 02:48:00,1770778139999,XLM,1m,0.15792,0.1577,0.15792,0.1577,251.0,2
2026-02-11 02:49:00,1770778199999,XLM,1m,0.15771,0.15771,0.15771,0.15771,736.0,1
2026-02-11 02:50:00,1770778259999,XLM,1m,0.15786,0.15786,0.15786,0.15786,93.0,1
2026-02-11 02:51:00,1770778319999,XLM,1m,0.15781,0.15781,0.15781,0.15781,736.0,1
2026-02-11 02:52:00,1770778379999,XLM,1m,0.15783,0.15791,0.15791,0.15783,35597.0,10
2026-02-11 02:53:00,1770778439999,XLM,1m,0.15787,0.15769,0.15787,0.15769,814.0,2
2026-02-11 02:54:00,1770778499999,XLM,1m,0.15771,0.15771,0.15771,0.15771,122.0,1
2026-02-11 02:55:00,1770778559999,XLM,1m,0.15786,0.15772,0.15786,0.15772,1053.0,2
2026-02-11 02:56:00,1770778619999,XLM,1m,0.15768,0.15768,0.15768,0.15768,93.0,1
2026-02-11 02:57:00,1770778679999,XLM,1m,0.15763,0.15761,0.15763,0.15761,736.0,2
2026-02-11 02:58:00,1770778739999,XLM,1m,0.15775,0.15775,0.15775,0.15775,172.0,1
2026-02-11 02:59:00,1770778799999,XLM,1m,0.15772,0.15772,0.15772,0.15772,736.0,1
2026-02-11 03:00:00,1770778859999,XLM,1m,0.15779,0.15776,0.15779,0.15776,2040.0,3
2026-02-11 03:01:00,1770778919999,XLM,1m,0.15763,0.15763,0.15763,0.15763,736.0,1
2026-02-11 03:02:00,1770778979999,XLM,1m,0.15779,0.15779,0.15779,0.15779,107.0,1
2026-02-11 03:03:00,1770779039999,XLM,1m,0.15767,0.15767,0.15767,0.15767,736.0,1
2026-02-11 03:04:00,1770779099999,XLM,1m,0.15763,0.15761,0.15763,0.15761,9342.0,2
2026-02-11 03:05:00,1770779159999,XLM,1m,0.15764,0.15771,0.15773,0.15757,18815.0,29
2026-02-11 03:06:00,1770779219999,XLM,1m,0.15768,0.15775,0.15779,0.15766,24393.0,37
2026-02-11 03:07:00,1770779279999,XLM,1m,0.15776,0.1577,0.15778,0.15766,19828.0,32
2026-02-11 03:08:00,1770779339999,XLM,1m,0.15777,0.15763,0.15777,0.15758,27303.0,43
2026-02-11 03:09:00,1770779399999,XLM,1m,0.15763,0.15772,0.15774,0.15763,15413.0,24
2026-02-11 03:10:00,1770779459999,XLM,1m,0.15771,0.1578,0.1578,0.15771,22938.0,39
2026-02-11 03:11:00,1770779519999,XLM,1m,0.15781,0.15776,0.15781,0.15776,21743.0,34
2026-02-11 03:12:00,1770779579999,XLM,1m,0.15776,0.1577,0.15776,0.1577,6030.0,12
2026-02-11 03:13:00,1770779639999,XLM,1m,0.1577,0.15765,0.1577,0.15764,11149.0,21
2026-02-11 03:14:00,1770779699999,XLM,1m,0.15756,0.15744,0.15756,0.15744,4529.0,5
2026-02-11 03:15:00,1770779759999,XLM,1m,0.15742,0.15739,0.15742,0.15739,829.0,2
2026-02-11 03:16:00,1770779819999,XLM,1m,0.15725,0.15725,0.15725,0.15725,1442.0,1
2026-02-11 03:17:00,1770779879999,XLM,1m,0.15725,0.15722,0.15725,0.15713,11172.0,4
2026-02-11 03:18:00,1770779939999,XLM,1m,0.1571,0.1566,0.1571,0.1566,112634.0,11
2026-02-11 03:19:00,1770779999999,XLM,1m,0.15673,0.15662,0.15673,0.15659,10104.0,18
2026-02-11 03:20:00,1770780059999,XLM,1m,0.15659,0.15648,0.15661,0.15643,18281.0,32
2026-02-11 03:21:00,1770780119999,XLM,1m,0.1564,0.15643,0.15643,0.1564,2185.0,2
2026-02-11 03:22:00,1770780179999,XLM,1m,0.15645,0.15645,0.15645,0.15645,1365.0,1
2026-02-11 03:23:00,1770780239999,XLM,1m,0.15671,0.15674,0.15677,0.15671,12133.0,20
2026-02-11 03:24:00,1770780299999,XLM,1m,0.15688,0.157,0.157,0.15688,18052.0,29
2026-02-11 03:25:00,1770780359999,XLM,1m,0.157,0.15718,0.15719,0.157,34187.0,47
2026-02-11 03:26:00,1770780419999,XLM,1m,0.15717,0.15741,0.15758,0.1571,35336.0,44
2026-02-11 03:27:00,1770780479999,XLM,1m,0.1574,0.15736,0.1574,0.15736,995.0,2
2026-02-11 03:28:00,1770780539999,XLM,1m,0.15736,0.15736,0.15736,0.15736,0.0,0
2026-02-11 03:29:00,1770780599999,XLM,1m,0.15728,0.15727,0.15734,0.15727,2406.0,5
2026-02-11 03:30:00,1770780659999,XLM,1m,0.15719,0.15721,0.15721,0.15719,1869.0,6
2026-02-11 03:31:00,1770780719999,XLM,1m,0.15733,0.1573,0.15733,0.1573,1214.0,3
2026-02-11 03:32:00,1770780779999,XLM,1m,0.15726,0.15721,0.15726,0.15721,8642.0,6
2026-02-11 03:33:00,1770780839999,XLM,1m,0.15724,0.15724,0.15724,0.15724,736.0,1
2026-02-11 03:34:00,1770780899999,XLM,1m,0.15712,0.15712,0.15712,0.15712,120.0,1
2026-02-11 03:35:00,1770780959999,XLM,1m,0.15715,0.15715,0.15715,0.15715,736.0,1
2026-02-11 03:36:00,1770781019999,XLM,1m,0.15715,0.15716,0.15716,0.15715,827.0,2
2026-02-11 03:37:00,1770781079999,XLM,1m,0.15718,0.15725,0.15725,0.15718,990.0,3
2026-02-11 03:38:00,1770781139999,XLM,1m,0.15733,0.15733,0.15738,0.15733,458.0,4
2026-02-11 03:39:00,1770781199999,XLM,1m,0.15744,0.15744,0.15744,0.15744,736.0,1
2026-02-11 03:40:00,1770781259999,XLM,1m,0.15744,0.15744,0.15744,0.15744,0.0,0
2026-02-11 03:41:00,1770781319999,XLM,1m,0.15782,0.15785,0.15785,0.15782,839.0,2
2026-02-11 03:42:00,1770781379999,XLM,1m,0.15788,0.15788,0.15788,0.15788,232.0,2
2026-02-11 03:43:00,1770781439999,XLM,1m,0.15785,0.15772,0.15787,0.15772,21057.0,6
2026-02-11 03:44:00,1770781499999,XLM,1m,0.15766,0.15764,0.15766,0.15764,10315.0,3
2026-02-11 03:45:00,1770781559999,XLM,1m,0.15761,0.15755,0.15761,0.15755,945.0,3
2026-02-11 03:46:00,1770781619999,XLM,1m,0.15743,0.15743,0.15743,0.15743,99.0,1
2026-02-11 03:47:00,1770781679999,XLM,1m,0.15747,0.15752,0.15752,0.15747,853.0,2
2026-02-11 03:48:00,1770781739999,XLM,1m,0.15761,0.15755,0.15766,0.15755,35956.0,10
2026-02-11 03:49:00,1770781799999,XLM,1m,0.15751,0.15749,0.15751,0.15745,5106.0,4
2026-02-11 03:50:00,1770781859999,XLM,1m,0.15745,0.15745,0.15745,0.15745,1383.0,1
2026-02-11 03:51:00,1770781919999,XLM,1m,0.1574,0.1574,0.1574,0.1574,736.0,1
2026-02-11 03:52:00,1770781979999,XLM,1m,0.15731,0.15718,0.15731,0.15718,3072.0,4
2026-02-11 03:53:00,1770782039999,XLM,1m,0.15722,0.15722,0.15722,0.15722,736.0,1
2026-02-11 03:54:00,1770782099999,XLM,1m,0.15729,0.15729,0.15729,0.15729,100.0,1
2026-02-11 03:55:00,1770782159999,XLM,1m,0.1572,0.1572,0.1572,0.1572,736.0,1
2026-02-11 03:56:00,1770782219999,XLM,1m,0.1572,0.1572,0.1572,0.1572,0.0,0
2026-02-11 03:57:00,1770782279999,XLM,1m,0.15709,0.15711,0.15714,0.15709,1116.0,4
2026-02-11 03:58:00,1770782339999,XLM,1m,0.15711,0.15711,0.15711,0.15711,0.0,0
2026-02-11 03:59:00,1770782399999,XLM,1m,0.15698,0.15697,0.15698,0.15697,848.0,2
2026-02-11 04:00:00,1770782459999,XLM,1m,0.15697,0.15697,0.15697,0.15697,28652.0,6
2026-02-11 04:01:00,1770782519999,XLM,1m,0.1571,0.15701,0.1571,0.15701,859.0,2
2026-02-11 04:02:00,1770782579999,XLM,1m,0.15708,0.15708,0.15708,0.15708,101.0,1
2026-02-11 04:03:00,1770782639999,XLM,1m,0.15712,0.15715,0.15715,0.15712,860.0,2
2026-02-11 04:04:00,1770782699999,XLM,1m,0.15714,0.15714,0.15714,0.15714,96.0,1
2026-02-11 04:05:00,1770782759999,XLM,1m,0.15723,0.15723,0.15723,0.15723,834.0,2
2026-02-11 04:06:00,1770782819999,XLM,1m,0.15724,0.15724,0.15724,0.15724,88.0,1
2026-02-11 04:07:00,1770782879999,XLM,1m,0.1572,0.15718,0.1572,0.1571,978.0,3
2026-02-11 04:08:00,1770782939999,XLM,1m,0.15723,0.15723,0.15723,0.15723,118.0,1
2026-02-11 04:09:00,1770782999999,XLM,1m,0.15675,0.15675,0.15675,0.15675,736.0,1
2026-02-11 04:10:00,1770783059999,XLM,1m,0.15687,0.15687,0.15687,0.15687,118.0,1
2026-02-11 04:11:00,1770783119999,XLM,1m,0.15676,0.15663,0.15676,0.15663,4943.0,2
2026-02-11 04:12:00,1770783179999,XLM,1m,0.15662,0.15662,0.15662,0.15662,4746.0,1
2026-02-11 04:13:00,1770783239999,XLM,1m,0.15661,0.15661,0.15661,0.15661,736.0,1
2026-02-11 04:14:00,1770783299999,XLM,1m,0.15649,0.15649,0.15649,0.15649,320.0,1
2026-02-11 04:15:00,1770783359999,XLM,1m,0.15643,0.15643,0.15643,0.15643,736.0,1
2026-02-11 04:16:00,1770783419999,XLM,1m,0.15651,0.1566,0.1566,0.15651,8772.0,3
2026-02-11 04:17:00,1770783479999,XLM,1m,0.15651,0.15656,0.15656,0.15651,4127.0,2
2026-02-11 04:18:00,1770783539999,XLM,1m,0.15651,0.15651,0.15651,0.15651,100.0,1
2026-02-11 04:19:00,1770783599999,XLM,1m,0.15659,0.15659,0.15659,0.15659,736.0,1
2026-02-11 04:20:00,1770783659999,XLM,1m,0.15659,0.15659,0.15659,0.15659,251.0,1
2026-02-11 04:21:00,1770783719999,XLM,1m,0.15654,0.15654,0.15654,0.15654,736.0,1
2026-02-11 04:22:00,1770783779999,XLM,1m,0.15652,0.15652,0.15652,0.15652,116.0,1
2026-02-11 04:23:00,1770783839999,XLM,1m,0.15637,0.15585,0.15637,0.15585,19031.0,9
2026-02-11 04:24:00,1770783899999,XLM,1m,0.15583,0.15609,0.15609,0.15579,13738.0,8
2026-02-11 04:25:00,1770783959999,XLM,1m,0.15606,0.15609,0.15609,0.15606,8449.0,3
2026-02-11 04:26:00,1770784019999,XLM,1m,0.15629,0.15631,0.15631,0.15628,24788.0,9
2026-02-11 04:27:00,1770784079999,XLM,1m,0.15611,0.1561,0.15611,0.1561,1936.0,4
2026-02-11 04:28:00,1770784139999,XLM,1m,0.15608,0.15608,0.15608,0.15608,97.0,1
2026-02-11 04:29:00,1770784199999,XLM,1m,0.15589,0.15589,0.15589,0.15589,736.0,1
2026-02-11 04:30:00,1770784259999,XLM,1m,0.15593,0.1559,0.15593,0.1559,7361.0,4
2026-02-11 04:31:00,1770784319999,XLM,1m,0.15584,0.15584,0.15584,0.15584,736.0,1
2026-02-11 04:32:00,1770784379999,XLM,1m,0.15574,0.15581,0.15581,0.15574,12120.0,4
2026-02-11 04:33:00,1770784439999,XLM,1m,0.15602,0.15583,0.15602,0.15583,1437.0,4
2026-02-11 04:34:00,1770784499999,XLM,1m,0.15592,0.15586,0.15592,0.15586,1286.0,3
2026-02-11 04:35:00,1770784559999,XLM,1m,0.15581,0.15591,0.15598,0.15581,3007.0,5
2026-02-11 04:36:00,1770784619999,XLM,1m,0.15589,0.1559,0.1559,0.15589,414.0,2
2026-02-11 04:37:00,1770784679999,XLM,1m,0.15584,0.15584,0.15584,0.15584,1455.0,3
2026-02-11 04:38:00,1770784739999,XLM,1m,0.1558,0.15529,0.1558,0.15528,11169.0,10
2026-02-11 04:39:00,1770784799999,XLM,1m,0.15562,0.15567,0.15567,0.15562,803.0,2
2026-02-11 04:40:00,1770784859999,XLM,1m,0.15577,0.15577,0.15577,0.15577,98.0,1
2026-02-11 04:41:00,1770784919999,XLM,1m,0.15531,0.15531,0.15531,0.15531,736.0,1
2026-02-11 04:42:00,1770784979999,XLM,1m,0.15524,0.15524,0.15524,0.15524,641.0,1
2026-02-11 04:43:00,1770785039999,XLM,1m,0.15514,0.15514,0.15514,0.15514,736.0,1
2026-02-11 04:44:00,1770785099999,XLM,1m,0.15538,0.15546,0.1555,0.15538,2647.0,4
2026-02-11 04:45:00,1770785159999,XLM,1m,0.15544,0.15544,0.15544,0.15544,736.0,1
2026-02-11 04:46:00,1770785219999,XLM,1m,0.15555,0.15551,0.15555,0.15549,11445.0,36
2026-02-11 04:47:00,1770785279999,XLM,1m,0.15551,0.15557,0.15557,0.15544,8195.0,26
2026-02-11 04:48:00,1770785339999,XLM,1m,0.15565,0.1557,0.1557,0.15565,21295.0,48
2026-02-11 04:49:00,1770785399999,XLM,1m,0.15573,0.15572,0.15573,0.15568,13773.0,19
2026-02-11 04:50:00,1770785459999,XLM,1m,0.15569,0.15568,0.15572,0.15568,6811.0,10
2026-02-11 04:51:00,1770785519999,XLM,1m,0.15566,0.15562,0.15569,0.15562,1039.0,3
2026-02-11 04:52:00,1770785579999,XLM,1m,0.15564,0.15566,0.15566,0.1556,420.0,5
2026-02-11 04:53:00,1770785639999,XLM,1m,0.15543,0.15521,0.15543,0.15521,2071.0,3
2026-02-11 04:54:00,1770785699999,XLM,1m,0.15521,0.15521,0.15521,0.15521,0.0,0
2026-02-11 04:55:00,1770785759999,XLM,1m,0.15524,0.15513,0.15524,0.15513,858.0,2
2026-02-11 04:56:00,1770785819999,XLM,1m,0.15533,0.15533,0.15533,0.15533,114.0,1
2026-02-11 04:57:00,1770785879999,XLM,1m,0.1553,0.1553,0.1553,0.1553,736.0,1
2026-02-11 04:58:00,1770785939999,XLM,1m,0.15534,0.15538,0.15538,0.15534,238.0,2
2026-02-11 04:59:00,1770785999999,XLM,1m,0.15535,0.15535,0.15535,0.15535,736.0,1
2026-02-11 05:00:00,1770786059999,XLM,1m,0.1554,0.1554,0.1554,0.1554,7090.0,2
2026-02-11 05:01:00,1770786119999,XLM,1m,0.15556,0.15585,0.15585,0.15556,1828.0,3
2026-02-11 05:02:00,1770786179999,XLM,1m,0.15596,0.15596,0.15596,0.15596,1027.0,1
2026-02-11 05:03:00,1770786239999,XLM,1m,0.1559,0.15588,0.1559,0.15588,1763.0,2
2026-02-11 05:04:00,1770786299999,XLM,1m,0.15582,0.15582,0.15582,0.15582,1027.0,1
2026-02-11 05:05:00,1770786359999,XLM,1m,0.15593,0.15597,0.15604,0.15593,41980.0,73
2026-02-11 05:06:00,1770786419999,XLM,1m,0.15597,0.15593,0.15597,0.15592,13642.0,10
2026-02-11 05:07:00,1770786479999,XLM,1m,0.15593,0.15593,0.15593,0.15593,736.0,1
2026-02-11 05:08:00,1770786539999,XLM,1m,0.15602,0.15602,0.15602,0.15602,267.0,1
2026-02-11 05:09:00,1770786599999,XLM,1m,0.15602,0.1561,0.1561,0.15601,863.0,3
2026-02-11 05:10:00,1770786659999,XLM,1m,0.15606,0.15613,0.15613,0.15602,5071.0,7
2026-02-11 05:11:00,1770786719999,XLM,1m,0.15602,0.15602,0.15602,0.15598,5426.0,4
2026-02-11 05:12:00,1770786779999,XLM,1m,0.15596,0.15586,0.15596,0.15586,3918.0,7
2026-02-11 05:13:00,1770786839999,XLM,1m,0.15588,0.15591,0.15591,0.15588,5552.0,3
2026-02-11 05:14:00,1770786899999,XLM,1m,0.15587,0.15592,0.15592,0.15587,248.0,2
2026-02-11 05:15:00,1770786959999,XLM,1m,0.15595,0.15595,0.15595,0.15595,736.0,1
2026-02-11 05:16:00,1770787019999,XLM,1m,0.15597,0.15592,0.15597,0.15592,3321.0,3
2026-02-11 05:17:00,1770787079999,XLM,1m,0.1559,0.1559,0.1559,0.1559,736.0,1
2026-02-11 05:18:00,1770787139999,XLM,1m,0.15584,0.15584,0.15584,0.15584,1249.0,1
2026-02-11 05:19:00,1770787199999,XLM,1m,0.15578,0.15578,0.15578,0.15578,736.0,1
2026-02-11 05:20:00,1770787259999,XLM,1m,0.15587,0.15591,0.15591,0.15587,224.0,2
2026-02-11 05:21:00,1770787319999,XLM,1m,0.15596,0.15596,0.15596,0.15596,736.0,1
2026-02-11 05:22:00,1770787379999,XLM,1m,0.156,0.15597,0.156,0.15597,237.0,2
2026-02-11 05:23:00,1770787439999,XLM,1m,0.15597,0.15579,0.15597,0.15579,3258.0,6
2026-02-11 05:24:00,1770787499999,XLM,1m,0.15576,0.15587,0.15587,0.15576,1084.0,4
2026-02-11 05:25:00,1770787559999,XLM,1m,0.15584,0.15589,0.15589,0.15583,1489.0,3
2026-02-11 05:26:00,1770787619999,XLM,1m,0.15583,0.1558,0.15583,0.1558,1482.0,2
2026-02-11 05:27:00,1770787679999,XLM,1m,0.1558,0.15576,0.1558,0.15576,1919.0,4
2026-02-11 05:28:00,1770787739999,XLM,1m,0.15576,0.1557,0.15576,0.1557,1688.0,2
2026-02-11 05:29:00,1770787799999,XLM,1m,0.15574,0.15574,0.15574,0.15574,736.0,1
2026-02-11 05:30:00,1770787859999,XLM,1m,0.15586,0.15583,0.15586,0.15583,638.0,2
2026-02-11 05:31:00,1770787919999,XLM,1m,0.15583,0.15583,0.15583,0.15583,736.0,1
2026-02-11 05:32:00,1770787979999,XLM,1m,0.15579,0.15585,0.15585,0.15579,254.0,2
2026-02-11 05:33:00,1770788039999,XLM,1m,0.15581,0.15579,0.15581,0.15579,2057.0,2
2026-02-11 05:34:00,1770788099999,XLM,1m,0.15585,0.15577,0.15585,0.15577,1540.0,5
2026-02-11 05:35:00,1770788159999,XLM,1m,0.15588,0.15585,0.15588,0.15585,4612.0,6
2026-02-11 05:36:00,1770788219999,XLM,1m,0.15574,0.15574,0.15574,0.15574,642.0,2
2026-02-11 05:37:00,1770788279999,XLM,1m,0.15572,0.15589,0.15589,0.1557,3507.0,5
2026-02-11 05:38:00,1770788339999,XLM,1m,0.15589,0.15589,0.15589,0.15589,0.0,0
2026-02-11 05:39:00,1770788399999,XLM,1m,0.15583,0.15584,0.15584,0.15583,859.0,2
2026-02-11 05:40:00,1770788459999,XLM,1m,0.15584,0.15584,0.15584,0.15584,0.0,0
2026-02-11 05:41:00,1770788519999,XLM,1m,0.15589,0.15585,0.15589,0.15585,788.0,2
2026-02-11 05:42:00,1770788579999,XLM,1m,0.1559,0.15583,0.1559,0.15583,863.0,4
2026-02-11 05:43:00,1770788639999,XLM,1m,0.15541,0.15561,0.15561,0.15541,18772.0,7
2026-02-11 05:44:00,1770788699999,XLM,1m,0.15558,0.15558,0.15558,0.15558,892.0,1
2026-02-11 05:45:00,1770788759999,XLM,1m,0.15558,0.15555,0.15562,0.15555,1487.0,3
2026-02-11 05:46:00,1770788819999,XLM,1m,0.15555,0.15555,0.15555,0.15555,0.0,0
2026-02-11 05:47:00,1770788879999,XLM,1m,0.15567,0.15567,0.15567,0.15567,736.0,1
2026-02-11 05:48:00,1770788939999,XLM,1m,0.1555,0.1555,0.1555,0.1555,565.0,1
2026-02-11 05:49:00,1770788999999,XLM,1m,0.15554,0.15555,0.15555,0.15548,935.0,3
2026-02-11 05:50:00,1770789059999,XLM,1m,0.15557,0.15557,0.15557,0.15557,128.0,1
2026-02-11 05:51:00,1770789119999,XLM,1m,0.15547,0.15547,0.15547,0.15547,736.0,1
2026-02-11 05:52:00,1770789179999,XLM,1m,0.15538,0.15538,0.15538,0.15538,97.0,1
2026-02-11 05:53:00,1770789239999,XLM,1m,0.15555,0.15555,0.15555,0.15555,736.0,1
2026-02-11 05:54:00,1770789299999,XLM,1m,0.1557,0.15567,0.1557,0.15567,336.0,3
2026-02-11 05:55:00,1770789359999,XLM,1m,0.15565,0.1556,0.15565,0.1556,807.0,2
2026-02-11 05:56:00,1770789419999,XLM,1m,0.15557,0.15559,0.15559,0.15557,209.0,2
2026-02-11 05:57:00,1770789479999,XLM,1m,0.15552,0.15552,0.15552,0.15552,736.0,1
2026-02-11 05:58:00,1770789539999,XLM,1m,0.15553,0.15544,0.15553,0.15544,327.0,3
2026-02-11 05:59:00,1770789599999,XLM,1m,0.15539,0.15539,0.15539,0.15539,736.0,1
2026-02-11 06:00:00,1770789659999,XLM,1m,0.1554,0.15539,0.1554,0.15539,1972.0,2
2026-02-11 06:01:00,1770789719999,XLM,1m,0.15549,0.15549,0.15549,0.15549,736.0,1
2026-02-11 06:02:00,1770789779999,XLM,1m,0.15551,0.15549,0.15551,0.15549,276.0,2
2026-02-11 06:03:00,1770789839999,XLM,1m,0.15552,0.15552,0.15552,0.15552,736.0,1
2026-02-11 06:04:00,1770789899999,XLM,1m,0.15565,0.15565,0.15565,0.15565,216.0,2
2026-02-11 06:05:00,1770789959999,XLM,1m,0.15546,0.15551,0.15551,0.15546,898.0,2
2026-02-11 06:06:00,1770790019999,XLM,1m,0.15553,0.15553,0.15553,0.15553,247.0,1
2026-02-11 06:07:00,1770790079999,XLM,1m,0.15544,0.15529,0.15544,0.15529,1096.0,2
2026-02-11 06:08:00,1770790139999,XLM,1m,0.15517,0.15512,0.1552,0.15512,19910.0,8
2026-02-11 06:09:00,1770790199999,XLM,1m,0.1551,0.15518,0.15522,0.1551,1197.0,4
2026-02-11 06:10:00,1770790259999,XLM,1m,0.15509,0.15484,0.15509,0.15484,12578.0,5
2026-02-11 06:11:00,1770790319999,XLM,1m,0.15508,0.15508,0.15508,0.15508,736.0,1
2026-02-11 06:12:00,1770790379999,XLM,1m,0.15504,0.15487,0.15504,0.15487,4171.0,2
2026-02-11 06:13:00,1770790439999,XLM,1m,0.15472,0.15472,0.15472,0.15472,736.0,1
2026-02-11 06:14:00,1770790499999,XLM,1m,0.15456,0.15457,0.15457,0.15454,6185.0,6
2026-02-11 06:15:00,1770790559999,XLM,1m,0.15437,0.15418,0.15437,0.15413,2537.0,8
2026-02-11 06:16:00,1770790619999,XLM,1m,0.15428,0.15426,0.15428,0.15426,8244.0,6
2026-02-11 06:17:00,1770790679999,XLM,1m,0.15446,0.15446,0.15446,0.15446,1390.0,2
2026-02-11 06:18:00,1770790739999,XLM,1m,0.15431,0.15425,0.15436,0.1541,2922.0,6
2026-02-11 06:19:00,1770790799999,XLM,1m,0.1542,0.1542,0.1542,0.1542,736.0,1
2026-02-11 06:20:00,1770790859999,XLM,1m,0.15406,0.15426,0.15426,0.15384,3630.0,6
2026-02-11 06:21:00,1770790919999,XLM,1m,0.154,0.154,0.154,0.154,736.0,1
2026-02-11 06:22:00,1770790979999,XLM,1m,0.15393,0.15393,0.15393,0.15393,116.0,1
2026-02-11 06:23:00,1770791039999,XLM,1m,0.15402,0.15402,0.15402,0.15402,736.0,1
2026-02-11 06:24:00,1770791099999,XLM,1m,0.15449,0.15451,0.15451,0.15449,1605.0,3
2026-02-11 06:25:00,1770791159999,XLM,1m,0.15456,0.15471,0.1548,0.15456,17592.0,8
2026-02-11 06:26:00,1770791219999,XLM,1m,0.15474,0.15478,0.15479,0.15474,11540.0,5
2026-02-11 06:27:00,1770791279999,XLM,1m,0.15485,0.15478,0.15485,0.15478,2210.0,3
2026-02-11 06:28:00,1770791339999,XLM,1m,0.15474,0.15474,0.15474,0.15474,654.0,2
2026-02-11 06:29:00,1770791399999,XLM,1m,0.15482,0.15471,0.15482,0.15471,2915.0,8
2026-02-11 06:30:00,1770791459999,XLM,1m,0.15467,0.15467,0.15467,0.15467,654.0,1
2026-02-11 06:31:00,1770791519999,XLM,1m,0.15459,0.15456,0.15459,0.15456,1390.0,2
2026-02-11 06:32:00,1770791579999,XLM,1m,0.15493,0.15477,0.15493,0.15477,1494.0,5
2026-02-11 06:33:00,1770791639999,XLM,1m,0.15471,0.15471,0.15471,0.15471,1519.0,2
2026-02-11 06:34:00,1770791699999,XLM,1m,0.15474,0.15474,0.15474,0.15474,783.0,1
2026-02-11 06:35:00,1770791759999,XLM,1m,0.15471,0.15483,0.15483,0.15471,5934.0,3
2026-02-11 06:36:00,1770791819999,XLM,1m,0.15482,0.15482,0.15482,0.15482,121.0,1
2026-02-11 06:37:00,1770791879999,XLM,1m,0.15477,0.15471,0.15477,0.15471,1284.0,3
2026-02-11 06:38:00,1770791939999,XLM,1m,0.15475,0.15475,0.15475,0.15475,207.0,1
2026-02-11 06:39:00,1770791999999,XLM,1m,0.15466,0.15466,0.15466,0.15466,736.0,1
2026-02-11 06:40:00,1770792059999,XLM,1m,0.15458,0.15452,0.15461,0.15452,994.0,3
2026-02-11 06:41:00,1770792119999,XLM,1m,0.15434,0.15434,0.15434,0.15434,736.0,1
2026-02-11 06:42:00,1770792179999,XLM,1m,0.15436,0.15436,0.15436,0.15436,99.0,1
2026-02-11 06:43:00,1770792239999,XLM,1m,0.15439,0.15439,0.15439,0.15439,736.0,1
2026-02-11 06:44:00,1770792299999,XLM,1m,0.15418,0.15418,0.15418,0.15418,124.0,1
2026-02-11 06:45:00,1770792359999,XLM,1m,0.15391,0.15387,0.15391,0.15387,942.0,2
2026-02-11 06:46:00,1770792419999,XLM,1m,0.15384,0.15371,0.15384,0.15371,15275.0,4
2026-02-11 06:47:00,1770792479999,XLM,1m,0.15375,0.15372,0.15375,0.15372,1391.0,3
2026-02-11 06:48:00,1770792539999,XLM,1m,0.15371,0.15371,0.15371,0.15371,144.0,2
2026-02-11 06:49:00,1770792599999,XLM,1m,0.15374,0.15374,0.15374,0.15374,736.0,1
2026-02-11 06:50:00,1770792659999,XLM,1m,0.15375,0.15375,0.15375,0.15375,365.0,2
2026-02-11 06:51:00,1770792719999,XLM,1m,0.15367,0.15367,0.15367,0.15367,736.0,1
2026-02-11 06:52:00,1770792779999,XLM,1m,0.1535,0.1535,0.1535,0.1535,93.0,1
2026-02-11 06:53:00,1770792839999,XLM,1m,0.15334,0.15335,0.15337,0.15334,1590.0,3
2026-02-11 06:54:00,1770792899999,XLM,1m,0.15335,0.15335,0.15335,0.15335,0.0,0
2026-02-11 06:55:00,1770792959999,XLM,1m,0.15351,0.15358,0.15358,0.15351,1627.0,3
2026-02-11 06:56:00,1770793019999,XLM,1m,0.15345,0.15345,0.15345,0.15345,120.0,1
2026-02-11 06:57:00,1770793079999,XLM,1m,0.15343,0.15343,0.15343,0.15343,736.0,1
2026-02-11 06:58:00,1770793139999,XLM,1m,0.1534,0.1534,0.1534,0.1534,125.0,1
2026-02-11 06:59:00,1770793199999,XLM,1m,0.15351,0.15346,0.15351,0.15346,864.0,2
2026-02-11 07:00:00,1770793259999,XLM,1m,0.15347,0.15354,0.15354,0.15347,260.0,2
2026-02-11 07:01:00,1770793319999,XLM,1m,0.15348,0.15348,0.15348,0.15348,736.0,1
2026-02-11 07:02:00,1770793379999,XLM,1m,0.15338,0.15338,0.15338,0.15338,126.0,1
2026-02-11 07:03:00,1770793439999,XLM,1m,0.15339,0.15341,0.15343,0.15339,1301.0,3
2026-02-11 07:04:00,1770793499999,XLM,1m,0.15358,0.15358,0.15358,0.15358,285.0,1
2026-02-11 07:05:00,1770793559999,XLM,1m,0.1537,0.1537,0.1537,0.1537,736.0,1
2026-02-11 07:06:00,1770793619999,XLM,1m,0.15395,0.15401,0.15401,0.15395,17567.0,7
2026-02-11 07:07:00,1770793679999,XLM,1m,0.15404,0.1539,0.15404,0.1539,5840.0,4
2026-02-11 07:08:00,1770793739999,XLM,1m,0.1539,0.1539,0.1539,0.1539,0.0,0
2026-02-11 07:09:00,1770793799999,XLM,1m,0.15388,0.15365,0.15389,0.15365,1281.0,3
2026-02-11 07:10:00,1770793859999,XLM,1m,0.15377,0.15372,0.15377,0.15372,249.0,2
2026-02-11 07:11:00,1770793919999,XLM,1m,0.15351,0.15351,0.15351,0.15351,736.0,1
2026-02-11 07:12:00,1770793979999,XLM,1m,0.15351,0.15351,0.15351,0.15351,0.0,0
2026-02-11 07:13:00,1770794039999,XLM,1m,0.15345,0.15339,0.15346,0.15339,4507.0,4
2026-02-11 07:14:00,1770794099999,XLM,1m,0.15341,0.15349,0.15349,0.15341,3653.0,3
2026-02-11 07:15:00,1770794159999,XLM,1m,0.15353,0.15353,0.15353,0.15353,736.0,1
2026-02-11 07:16:00,1770794219999,XLM,1m,0.1537,0.1537,0.1537,0.1537,129.0,1
2026-02-11 07:17:00,1770794279999,XLM,1m,0.15354,0.15354,0.15354,0.15354,13674.0,4
2026-02-11 07:18:00,1770794339999,XLM,1m,0.15372,0.15372,0.15372,0.15372,213.0,1
2026-02-11 07:19:00,1770794399999,XLM,1m,0.15368,0.15368,0.15368,0.15368,736.0,1
2026-02-11 07:20:00,1770794459999,XLM,1m,0.15366,0.1536,0.15366,0.1536,475.0,4
2026-02-11 07:21:00,1770794519999,XLM,1m,0.15363,0.15354,0.15363,0.15354,5895.0,7
2026-02-11 07:22:00,1770794579999,XLM,1m,0.15367,0.1537,0.1537,0.15367,349.0,2
2026-02-11 07:23:00,1770794639999,XLM,1m,0.15347,0.15334,0.15347,0.15334,1312.0,2
2026-02-11 07:24:00,1770794699999,XLM,1m,0.15344,0.15344,0.15344,0.15344,788.0,1
2026-02-11 07:25:00,1770794759999,XLM,1m,0.15353,0.1535,0.15353,0.1535,852.0,2
2026-02-11 07:26:00,1770794819999,XLM,1m,0.15353,0.15374,0.15374,0.15353,2230.0,3
2026-02-11 07:27:00,1770794879999,XLM,1m,0.15398,0.15382,0.15398,0.15382,981.0,3
2026-02-11 07:28:00,1770794939999,XLM,1m,0.15382,0.15382,0.15382,0.15382,0.0,0
2026-02-11 07:29:00,1770794999999,XLM,1m,0.15365,0.15368,0.15368,0.15365,10845.0,3
2026-02-11 07:30:00,1770795059999,XLM,1m,0.15366,0.15366,0.15366,0.15366,7924.0,1
2026-02-11 07:31:00,1770795119999,XLM,1m,0.15362,0.15377,0.15377,0.15362,3574.0,4
2026-02-11 07:32:00,1770795179999,XLM,1m,0.15373,0.15358,0.15373,0.15356,8309.0,6
2026-02-11 07:33:00,1770795239999,XLM,1m,0.15358,0.15372,0.15377,0.15354,7122.0,6
2026-02-11 07:34:00,1770795299999,XLM,1m,0.15395,0.15396,0.15396,0.15395,215.0,2
2026-02-11 07:35:00,1770795359999,XLM,1m,0.15408,0.15408,0.15408,0.15408,736.0,1
2026-02-11 07:36:00,1770795419999,XLM,1m,0.15413,0.15413,0.15413,0.15413,452.0,1
2026-02-11 07:37:00,1770795479999,XLM,1m,0.15419,0.15414,0.15419,0.15411,1415.0,4
2026-02-11 07:38:00,1770795539999,XLM,1m,0.15415,0.15412,0.15415,0.1541,11548.0,5
2026-02-11 07:39:00,1770795599999,XLM,1m,0.15416,0.15416,0.15416,0.15416,736.0,1
2026-02-11 07:40:00,1770795659999,XLM,1m,0.154,0.15392,0.154,0.15392,218.0,2
2026-02-11 07:41:00,1770795719999,XLM,1m,0.15391,0.15391,0.15391,0.15391,736.0,1
2026-02-11 07:42:00,1770795779999,XLM,1m,0.1539,0.1539,0.1539,0.1539,103.0,1
2026-02-11 07:43:00,1770795839999,XLM,1m,0.15406,0.15406,0.15406,0.15406,1741.0,2
2026-02-11 07:44:00,1770795899999,XLM,1m,0.15398,0.15398,0.15398,0.15398,2439.0,2
2026-02-11 07:45:00,1770795959999,XLM,1m,0.15406,0.15401,0.15406,0.15397,1337.0,6
2026-02-11 07:46:00,1770796019999,XLM,1m,0.15401,0.15401,0.15401,0.15401,0.0,0
2026-02-11 07:47:00,1770796079999,XLM,1m,0.154,0.15405,0.15405,0.154,880.0,2
2026-02-11 07:48:00,1770796139999,XLM,1m,0.15392,0.15392,0.15392,0.15392,111.0,1
2026-02-11 07:49:00,1770796199999,XLM,1m,0.15391,0.15387,0.15391,0.15387,983.0,3
2026-02-11 07:50:00,1770796259999,XLM,1m,0.15388,0.15388,0.15388,0.15388,124.0,1
2026-02-11 07:51:00,1770796319999,XLM,1m,0.15383,0.15383,0.15383,0.15383,736.0,1
2026-02-11 07:52:00,1770796379999,XLM,1m,0.15403,0.15406,0.15406,0.15403,1672.0,2
2026-02-11 07:53:00,1770796439999,XLM,1m,0.15411,0.15417,0.15417,0.15411,1452.0,2
2026-02-11 07:54:00,1770796499999,XLM,1m,0.15417,0.15417,0.15417,0.15417,0.0,0
2026-02-11 07:55:00,1770796559999,XLM,1m,0.1542,0.1541,0.1542,0.1541,866.0,2
2026-02-11 07:56:00,1770796619999,XLM,1m,0.15399,0.15399,0.15399,0.15399,147.0,1
2026-02-11 07:57:00,1770796679999,XLM,1m,0.15383,0.15383,0.15383,0.15383,736.0,1
2026-02-11 07:58:00,1770796739999,XLM,1m,0.15389,0.15389,0.15389,0.15389,126.0,1
2026-02-11 07:59:00,1770796799999,XLM,1m,0.15383,0.15383,0.15383,0.15383,736.0,1
2026-02-11 08:00:00,1770796859999,XLM,1m,0.15385,0.15374,0.15386,0.15374,42003.0,15
2026-02-11 08:01:00,1770796919999,XLM,1m,0.15379,0.15387,0.15394,0.15372,37273.0,16
2026-02-11 08:02:00,1770796979999,XLM,1m,0.15391,0.15389,0.15391,0.15389,2070.0,3
2026-02-11 08:03:00,1770797039999,XLM,1m,0.15389,0.15391,0.15395,0.15389,9455.0,11
2026-02-11 08:04:00,1770797099999,XLM,1m,0.15389,0.15387,0.15389,0.15382,11072.0,7
2026-02-11 08:05:00,1770797159999,XLM,1m,0.15384,0.15395,0.15395,0.15381,9479.0,8
2026-02-11 08:06:00,1770797219999,XLM,1m,0.15406,0.15395,0.15408,0.15395,27579.0,18
2026-02-11 08:07:00,1770797279999,XLM,1m,0.15389,0.15379,0.15391,0.15379,24510.0,23
2026-02-11 08:08:00,1770797339999,XLM,1m,0.15361,0.15359,0.15361,0.15355,4566.0,5
2026-02-11 08:09:00,1770797399999,XLM,1m,0.15366,0.15347,0.1538,0.15347,57528.0,19
2026-02-11 08:10:00,1770797459999,XLM,1m,0.15357,0.15349,0.15357,0.15346,27416.0,18
2026-02-11 08:11:00,1770797519999,XLM,1m,0.15362,0.15391,0.15391,0.15362,4995.0,3
2026-02-11 08:12:00,1770797579999,XLM,1m,0.15385,0.15389,0.15389,0.15385,738.0,2
2026-02-11 08:13:00,1770797639999,XLM,1m,0.15398,0.15398,0.15398,0.15398,736.0,1
2026-02-11 08:14:00,1770797699999,XLM,1m,0.154,0.154,0.154,0.154,104.0,1
2026-02-11 08:15:00,1770797759999,XLM,1m,0.15398,0.15382,0.15398,0.15382,854.0,2
2026-02-11 08:16:00,1770797819999,XLM,1m,0.1537,0.1537,0.1537,0.1537,116.0,1
2026-02-11 08:17:00,1770797879999,XLM,1m,0.15376,0.15384,0.15384,0.15376,853.0,2
2026-02-11 08:18:00,1770797939999,XLM,1m,0.15384,0.15384,0.15384,0.15384,0.0,0
2026-02-11 08:19:00,1770797999999,XLM,1m,0.15387,0.15387,0.15387,0.15387,736.0,1
2026-02-11 08:20:00,1770798059999,XLM,1m,0.15403,0.15403,0.15403,0.15403,4881.0,1
2026-02-11 08:21:00,1770798119999,XLM,1m,0.15401,0.15399,0.15401,0.15399,1740.0,2
2026-02-11 08:22:00,1770798179999,XLM,1m,0.15411,0.15411,0.15411,0.15411,124.0,1
2026-02-11 08:23:00,1770798239999,XLM,1m,0.15406,0.15407,0.15407,0.15406,1181.0,5
2026-02-11 08:24:00,1770798299999,XLM,1m,0.15406,0.15411,0.15411,0.15406,1871.0,10
2026-02-11 08:25:00,1770798359999,XLM,1m,0.15407,0.15407,0.15407,0.15407,736.0,1
2026-02-11 08:26:00,1770798419999,XLM,1m,0.15407,0.15407,0.15407,0.15407,0.0,0
2026-02-11 08:27:00,1770798479999,XLM,1m,0.15398,0.15407,0.15407,0.15398,5806.0,25
2026-02-11 08:28:00,1770798539999,XLM,1m,0.15387,0.15375,0.15387,0.15375,417.0,4
2026-02-11 08:29:00,1770798599999,XLM,1m,0.15377,0.15387,0.1539,0.15377,18999.0,71
2026-02-11 08:30:00,1770798659999,XLM,1m,0.15387,0.15387,0.15387,0.15387,223.0,2
2026-02-11 08:31:00,1770798719999,XLM,1m,0.15385,0.15381,0.15385,0.15381,14243.0,4
2026-02-11 08:32:00,1770798779999,XLM,1m,0.15386,0.15392,0.15394,0.15386,43307.0,102
2026-02-11 08:33:00,1770798839999,XLM,1m,0.15385,0.15385,0.15385,0.15385,736.0,1
2026-02-11 08:34:00,1770798899999,XLM,1m,0.15393,0.15401,0.15401,0.15392,18845.0,47
2026-02-11 08:35:00,1770798959999,XLM,1m,0.15403,0.15418,0.15421,0.15403,23541.0,104
2026-02-11 08:36:00,1770799019999,XLM,1m,0.15421,0.15403,0.15425,0.15403,16306.0,13
2026-02-11 08:37:00,1770799079999,XLM,1m,0.15401,0.15387,0.15401,0.15387,1658.0,2
2026-02-11 08:38:00,1770799139999,XLM,1m,0.15377,0.15377,0.15377,0.15377,875.0,1
2026-02-11 08:39:00,1770799199999,XLM,1m,0.15376,0.15376,0.15376,0.15376,736.0,1
2026-02-11 08:40:00,1770799259999,XLM,1m,0.15378,0.15378,0.15378,0.15378,114.0,1
2026-02-11 08:41:00,1770799319999,XLM,1m,0.15372,0.15372,0.15372,0.15372,736.0,1
2026-02-11 08:42:00,1770799379999,XLM,1m,0.15372,0.15372,0.15372,0.15372,0.0,0
2026-02-11 08:43:00,1770799439999,XLM,1m,0.15371,0.15371,0.15371,0.15371,736.0,1
2026-02-11 08:44:00,1770799499999,XLM,1m,0.15375,0.15375,0.15375,0.15375,118.0,1
2026-02-11 08:45:00,1770799559999,XLM,1m,0.1538,0.1538,0.1538,0.1538,736.0,1
2026-02-11 08:46:00,1770799619999,XLM,1m,0.15381,0.15381,0.15381,0.15381,1318.0,2
2026-02-11 08:47:00,1770799679999,XLM,1m,0.15386,0.15383,0.15386,0.15383,49486.0,11
2026-02-11 08:48:00,1770799739999,XLM,1m,0.15393,0.15396,0.15396,0.15393,242.0,2
2026-02-11 08:49:00,1770799799999,XLM,1m,0.1539,0.15387,0.1539,0.15387,3027.0,3
2026-02-11 08:50:00,1770799859999,XLM,1m,0.15404,0.1541,0.1541,0.15404,1509.0,6
2026-02-11 08:51:00,1770799919999,XLM,1m,0.15405,0.15399,0.15405,0.15398,3316.0,4
2026-02-11 08:52:00,1770799979999,XLM,1m,0.15395,0.15395,0.15395,0.15395,142.0,1
2026-02-11 08:53:00,1770800039999,XLM,1m,0.15397,0.15391,0.15397,0.15391,3502.0,4
2026-02-11 08:54:00,1770800099999,XLM,1m,0.15377,0.15377,0.15377,0.15377,130.0,1
2026-02-11 08:55:00,1770800159999,XLM,1m,0.15365,0.15365,0.15365,0.15365,736.0,1
2026-02-11 08:56:00,1770800219999,XLM,1m,0.15375,0.15375,0.15375,0.15375,822.0,1
2026-02-11 08:57:00,1770800279999,XLM,1m,0.1537,0.1537,0.1537,0.1537,736.0,1
2026-02-11 08:58:00,1770800339999,XLM,1m,0.15376,0.15376,0.15376,0.15376,164.0,1
2026-02-11 08:59:00,1770800399999,XLM,1m,0.15377,0.15382,0.15382,0.15377,962.0,3
2026-02-11 09:00:00,1770800459999,XLM,1m,0.15381,0.1538,0.15381,0.1538,9775.0,6
2026-02-11 09:01:00,1770800519999,XLM,1m,0.1538,0.1538,0.1538,0.1538,736.0,1
2026-02-11 09:02:00,1770800579999,XLM,1m,0.15385,0.15385,0.15385,0.15385,229.0,1
2026-02-11 09:03:00,1770800639999,XLM,1m,0.15383,0.15383,0.15383,0.15383,736.0,1
2026-02-11 09:04:00,1770800699999,XLM,1m,0.15376,0.15376,0.15376,0.15376,221.0,1
2026-02-11 09:05:00,1770800759999,XLM,1m,0.15381,0.15381,0.15381,0.15381,736.0,1
2026-02-11 09:06:00,1770800819999,XLM,1m,0.15367,0.15364,0.15367,0.15364,1976.0,2
2026-02-11 09:07:00,1770800879999,XLM,1m,0.15355,0.15354,0.15355,0.15354,858.0,2
2026-02-11 09:08:00,1770800939999,XLM,1m,0.15352,0.15352,0.15352,0.15352,130.0,1
2026-02-11 09:09:00,1770800999999,XLM,1m,0.15359,0.15359,0.15359,0.15359,736.0,1
2026-02-11 09:10:00,1770801059999,XLM,1m,0.15346,0.15346,0.15346,0.15346,223.0,2
2026-02-11 09:11:00,1770801119999,XLM,1m,0.15353,0.15353,0.15353,0.15353,736.0,1
2026-02-11 09:12:00,1770801179999,XLM,1m,0.15353,0.15353,0.15353,0.15353,135.0,1
2026-02-11 09:13:00,1770801239999,XLM,1m,0.15344,0.15344,0.15344,0.15344,736.0,1
2026-02-11 09:14:00,1770801299999,XLM,1m,0.15345,0.15347,0.15347,0.15345,376.0,2
2026-02-11 09:15:00,1770801359999,XLM,1m,0.15351,0.15343,0.15351,0.15343,1016.0,2
2026-02-11 09:16:00,1770801419999,XLM,1m,0.15343,0.15343,0.15343,0.15343,0.0,0
2026-02-11 09:17:00,1770801479999,XLM,1m,0.15356,0.15344,0.15356,0.15343,1003.0,3
2026-02-11 09:18:00,1770801539999,XLM,1m,0.15335,0.15335,0.15335,0.15335,179.0,1
2026-02-11 09:19:00,1770801599999,XLM,1m,0.1534,0.1534,0.1534,0.1534,736.0,1
2026-02-11 09:20:00,1770801659999,XLM,1m,0.15348,0.15348,0.15348,0.15348,246.0,2
2026-02-11 09:21:00,1770801719999,XLM,1m,0.15351,0.15351,0.15351,0.15351,736.0,1
2026-02-11 09:22:00,1770801779999,XLM,1m,0.15352,0.15352,0.15352,0.15352,218.0,1
2026-02-11 09:23:00,1770801839999,XLM,1m,0.15357,0.15349,0.15357,0.15349,861.0,2
2026-02-11 09:24:00,1770801899999,XLM,1m,0.15351,0.15351,0.15351,0.15351,116.0,1
2026-02-11 09:25:00,1770801959999,XLM,1m,0.15356,0.15356,0.15356,0.15356,736.0,1
2026-02-11 09:26:00,1770802019999,XLM,1m,0.15358,0.15362,0.15362,0.15358,409.0,2
2026-02-11 09:27:00,1770802079999,XLM,1m,0.15359,0.15359,0.15359,0.15359,736.0,1
2026-02-11 09:28:00,1770802139999,XLM,1m,0.15358,0.15358,0.15358,0.15358,102.0,1
2026-02-11 09:29:00,1770802199999,XLM,1m,0.15355,0.15355,0.15355,0.15355,736.0,1
2026-02-11 09:30:00,1770802259999,XLM,1m,0.15382,0.15382,0.15382,0.15382,924.0,1
2026-02-11 09:31:00,1770802319999,XLM,1m,0.15391,0.15383,0.15391,0.15383,2809.0,4
2026-02-11 09:32:00,1770802379999,XLM,1m,0.15393,0.15393,0.15393,0.15393,10129.0,2
2026-02-11 09:33:00,1770802439999,XLM,1m,0.15392,0.15392,0.15392,0.15392,736.0,1
2026-02-11 09:34:00,1770802499999,XLM,1m,0.15372,0.1537,0.15372,0.1537,1106.0,2
2026-02-11 09:35:00,1770802559999,XLM,1m,0.15375,0.15375,0.15375,0.15375,736.0,1
2026-02-11 09:36:00,1770802619999,XLM,1m,0.15376,0.15376,0.15376,0.15376,984.0,1
2026-02-11 09:37:00,1770802679999,XLM,1m,0.15364,0.15355,0.15364,0.15355,1720.0,2
2026-02-11 09:38:00,1770802739999,XLM,1m,0.15353,0.15353,0.15353,0.15353,265.0,1
2026-02-11 09:39:00,1770802799999,XLM,1m,0.1535,0.1535,0.1535,0.1535,847.0,2
2026-02-11 09:40:00,1770802859999,XLM,1m,0.15337,0.15337,0.15337,0.15337,113.0,1
2026-02-11 09:41:00,1770802919999,XLM,1m,0.15329,0.15329,0.15329,0.15329,736.0,1
2026-02-11 09:42:00,1770802979999,XLM,1m,0.15329,0.15329,0.15329,0.15329,0.0,0
2026-02-11 09:43:00,1770803039999,XLM,1m,0.15326,0.15323,0.15326,0.15318,19504.0,5
2026-02-11 09:44:00,1770803099999,XLM,1m,0.15309,0.15312,0.15312,0.15306,6591.0,5
2026-02-11 09:45:00,1770803159999,XLM,1m,0.15309,0.15309,0.15309,0.15309,736.0,1
2026-02-11 09:46:00,1770803219999,XLM,1m,0.15289,0.15289,0.15289,0.15289,199.0,1
2026-02-11 09:47:00,1770803279999,XLM,1m,0.15292,0.15292,0.15292,0.15292,736.0,1
2026-02-11 09:48:00,1770803339999,XLM,1m,0.15292,0.15292,0.15292,0.15292,377.0,1
2026-02-11 09:49:00,1770803399999,XLM,1m,0.15286,0.15286,0.15286,0.15286,736.0,1
2026-02-11 09:50:00,1770803459999,XLM,1m,0.15302,0.15302,0.15302,0.15302,125.0,1
2026-02-11 09:51:00,1770803519999,XLM,1m,0.15301,0.15303,0.15303,0.15301,861.0,2
2026-02-11 09:52:00,1770803579999,XLM,1m,0.15303,0.15303,0.15303,0.15303,0.0,0
2026-02-11 09:53:00,1770803639999,XLM,1m,0.15308,0.15304,0.15308,0.15304,848.0,3
2026-02-11 09:54:00,1770803699999,XLM,1m,0.15311,0.15311,0.15311,0.15311,679.0,1
2026-02-11 09:55:00,1770803759999,XLM,1m,0.15298,0.15298,0.15298,0.15298,736.0,1
2026-02-11 09:56:00,1770803819999,XLM,1m,0.153,0.153,0.153,0.153,99.0,1
2026-02-11 09:57:00,1770803879999,XLM,1m,0.15298,0.15298,0.15298,0.15298,736.0,1
2026-02-11 09:58:00,1770803939999,XLM,1m,0.15298,0.15305,0.15305,0.15298,345.0,2
2026-02-11 09:59:00,1770803999999,XLM,1m,0.15294,0.15294,0.15294,0.15294,736.0,1
2026-02-11 10:00:00,1770804059999,XLM,1m,0.15303,0.15309,0.15309,0.15303,8840.0,4
2026-02-11 10:01:00,1770804119999,XLM,1m,0.15299,0.15299,0.15299,0.15299,736.0,1
2026-02-11 10:02:00,1770804179999,XLM,1m,0.15277,0.15293,0.15293,0.15277,6934.0,3
2026-02-11 10:03:00,1770804239999,XLM,1m,0.1529,0.1529,0.1529,0.1529,736.0,1
2026-02-11 10:04:00,1770804299999,XLM,1m,0.15284,0.15286,0.15286,0.15284,4072.0,3
2026-02-11 10:05:00,1770804359999,XLM,1m,0.15288,0.15283,0.15288,0.15279,9894.0,6
2026-02-11 10:06:00,1770804419999,XLM,1m,0.15286,0.15287,0.15287,0.15286,204.0,2
2026-02-11 10:07:00,1770804479999,XLM,1m,0.15287,0.15282,0.15287,0.15282,853.0,2
2026-02-11 10:08:00,1770804539999,XLM,1m,0.15277,0.15277,0.15277,0.15277,116.0,1
2026-02-11 10:09:00,1770804599999,XLM,1m,0.15278,0.15278,0.15278,0.15278,736.0,1
2026-02-11 10:10:00,1770804659999,XLM,1m,0.15278,0.15278,0.15278,0.15278,0.0,0
2026-02-11 10:11:00,1770804719999,XLM,1m,0.15297,0.15302,0.15302,0.15297,845.0,2
2026-02-11 10:12:00,1770804779999,XLM,1m,0.15311,0.15311,0.15311,0.15311,56.0,1
2026-02-11 10:13:00,1770804839999,XLM,1m,0.153,0.15292,0.153,0.15288,1318.0,6
2026-02-11 10:14:00,1770804899999,XLM,1m,0.15278,0.15278,0.15278,0.15278,122.0,1
2026-02-11 10:15:00,1770804959999,XLM,1m,0.15278,0.15278,0.15278,0.15278,736.0,1
2026-02-11 10:16:00,1770805019999,XLM,1m,0.15278,0.15278,0.15278,0.15278,0.0,0
2026-02-11 10:17:00,1770805079999,XLM,1m,0.15278,0.15278,0.15278,0.15278,953.0,3
2026-02-11 10:18:00,1770805139999,XLM,1m,0.15285,0.15285,0.15285,0.15285,215.0,2
2026-02-11 10:19:00,1770805199999,XLM,1m,0.15281,0.15279,0.15281,0.15279,969.0,3
2026-02-11 10:20:00,1770805259999,XLM,1m,0.15276,0.15275,0.15276,0.15275,256.0,2
2026-02-11 10:21:00,1770805319999,XLM,1m,0.15276,0.15276,0.15276,0.15276,736.0,1
2026-02-11 10:22:00,1770805379999,XLM,1m,0.15283,0.15278,0.15283,0.15278,220.0,2
2026-02-11 10:23:00,1770805439999,XLM,1m,0.15289,0.15289,0.15289,0.15289,736.0,1
2026-02-11 10:24:00,1770805499999,XLM,1m,0.15289,0.15289,0.15289,0.15289,0.0,0
2026-02-11 10:25:00,1770805559999,XLM,1m,0.15281,0.15278,0.15281,0.15278,840.0,2
2026-02-11 10:26:00,1770805619999,XLM,1m,0.15293,0.15293,0.15293,0.15293,100.0,1
2026-02-11 10:27:00,1770805679999,XLM,1m,0.15297,0.15297,0.15297,0.15297,736.0,1
2026-02-11 10:28:00,1770805739999,XLM,1m,0.15305,0.153,0.15305,0.153,11082.0,4
2026-02-11 10:29:00,1770805799999,XLM,1m,0.15293,0.1529,0.15293,0.1529,1727.0,2
2026-02-11 10:30:00,1770805859999,XLM,1m,0.15293,0.15293,0.15293,0.15293,99.0,1
2026-02-11 10:31:00,1770805919999,XLM,1m,0.1529,0.1529,0.1529,0.1529,736.0,1
2026-02-11 10:32:00,1770805979999,XLM,1m,0.15287,0.15286,0.15287,0.15286,217.0,2
2026-02-11 10:33:00,1770806039999,XLM,1m,0.15278,0.15278,0.15278,0.15278,736.0,1
2026-02-11 10:34:00,1770806099999,XLM,1m,0.15246,0.15246,0.15246,0.15246,72.0,1
2026-02-11 10:35:00,1770806159999,XLM,1m,0.15249,0.15245,0.15249,0.15245,1936.0,2
2026-02-11 10:36:00,1770806219999,XLM,1m,0.15245,0.15245,0.15245,0.15245,0.0,0
2026-02-11 10:37:00,1770806279999,XLM,1m,0.15246,0.15246,0.15246,0.15246,736.0,1
2026-02-11 10:38:00,1770806339999,XLM,1m,0.15256,0.15256,0.15256,0.15256,204.0,1
2026-02-11 10:39:00,1770806399999,XLM,1m,0.15251,0.15261,0.15261,0.1525,2431.0,3
2026-02-11 10:40:00,1770806459999,XLM,1m,0.15264,0.15264,0.15264,0.15264,961.0,1
2026-02-11 10:41:00,1770806519999,XLM,1m,0.15247,0.15247,0.15247,0.15247,736.0,1
2026-02-11 10:42:00,1770806579999,XLM,1m,0.15261,0.15257,0.15261,0.15257,1282.0,2
2026-02-11 10:43:00,1770806639999,XLM,1m,0.15257,0.15259,0.15259,0.15255,1008.0,3
2026-02-11 10:44:00,1770806699999,XLM,1m,0.15259,0.15259,0.15259,0.15259,0.0,0
2026-02-11 10:45:00,1770806759999,XLM,1m,0.15261,0.15266,0.15266,0.15258,7420.0,4
2026-02-11 10:46:00,1770806819999,XLM,1m,0.15271,0.15274,0.15274,0.15271,2221.0,3
2026-02-11 10:47:00,1770806879999,XLM,1m,0.1526,0.1526,0.1526,0.1526,736.0,1
2026-02-11 10:48:00,1770806939999,XLM,1m,0.1526,0.1526,0.1526,0.1526,239.0,2
2026-02-11 10:49:00,1770806999999,XLM,1m,0.15254,0.15259,0.15259,0.15254,1466.0,4
2026-02-11 10:50:00,1770807059999,XLM,1m,0.15256,0.15256,0.15256,0.15256,100.0,1
2026-02-11 10:51:00,1770807119999,XLM,1m,0.15271,0.15262,0.15271,0.15262,1064.0,2
2026-02-11 10:52:00,1770807179999,XLM,1m,0.15256,0.15256,0.15256,0.15256,289.0,1
2026-02-11 10:53:00,1770807239999,XLM,1m,0.15261,0.15264,0.15265,0.15261,18522.0,7
2026-02-11 10:54:00,1770807299999,XLM,1m,0.15261,0.1526,0.15261,0.15255,346.0,3
2026-02-11 10:55:00,1770807359999,XLM,1m,0.15264,0.15262,0.15264,0.15262,2022.0,6
2026-02-11 10:56:00,1770807419999,XLM,1m,0.15277,0.15277,0.15277,0.15277,123.0,1
2026-02-11 10:57:00,1770807479999,XLM,1m,0.15277,0.15276,0.15277,0.15276,859.0,2
2026-02-11 10:58:00,1770807539999,XLM,1m,0.15309,0.15307,0.15313,0.15307,30208.0,8
2026-02-11 10:59:00,1770807599999,XLM,1m,0.15292,0.15292,0.15292,0.15292,736.0,1
2026-02-11 11:00:00,1770807659999,XLM,1m,0.15308,0.1534,0.1534,0.15308,10423.0,5
2026-02-11 11:01:00,1770807719999,XLM,1m,0.15343,0.15343,0.15343,0.15339,5830.0,5
2026-02-11 11:02:00,1770807779999,XLM,1m,0.15342,0.15342,0.15342,0.15342,2077.0,1
2026-02-11 11:03:00,1770807839999,XLM,1m,0.15328,0.15325,0.15328,0.15325,6924.0,3
2026-02-11 11:04:00,1770807899999,XLM,1m,0.15328,0.15328,0.15328,0.15328,21891.0,6
2026-02-11 11:05:00,1770807959999,XLM,1m,0.15325,0.15325,0.15325,0.15325,736.0,1
2026-02-11 11:06:00,1770808019999,XLM,1m,0.15328,0.15328,0.15328,0.15328,112.0,1
2026-02-11 11:07:00,1770808079999,XLM,1m,0.15336,0.1533,0.15336,0.1533,1756.0,2
2026-02-11 11:08:00,1770808139999,XLM,1m,0.15332,0.15332,0.15332,0.15332,158.0,1
2026-02-11 11:09:00,1770808199999,XLM,1m,0.15319,0.15313,0.15319,0.15313,1171.0,3
2026-02-11 11:10:00,1770808259999,XLM,1m,0.15318,0.15322,0.15322,0.15318,361.0,2
2026-02-11 11:11:00,1770808319999,XLM,1m,0.15325,0.15325,0.15325,0.15325,736.0,1
2026-02-11 11:12:00,1770808379999,XLM,1m,0.15325,0.15325,0.15325,0.15325,0.0,0
2026-02-11 11:13:00,1770808439999,XLM,1m,0.15315,0.1531,0.15315,0.1531,842.0,2
2026-02-11 11:14:00,1770808499999,XLM,1m,0.15311,0.15311,0.15311,0.15311,194.0,1
2026-02-11 11:15:00,1770808559999,XLM,1m,0.15302,0.1531,0.1531,0.15302,1160.0,2
2026-02-11 11:16:00,1770808619999,XLM,1m,0.15298,0.15298,0.15298,0.15298,129.0,1
2026-02-11 11:17:00,1770808679999,XLM,1m,0.15293,0.15293,0.15293,0.15293,848.0,2
2026-02-11 11:18:00,1770808739999,XLM,1m,0.15313,0.15334,0.15334,0.15313,397.0,4
2026-02-11 11:19:00,1770808799999,XLM,1m,0.15347,0.15347,0.15347,0.15347,736.0,1
2026-02-11 11:20:00,1770808859999,XLM,1m,0.15357,0.15357,0.15357,0.15357,113.0,1
2026-02-11 11:21:00,1770808919999,XLM,1m,0.1537,0.15369,0.15378,0.15369,3314.0,3
2026-02-11 11:22:00,1770808979999,XLM,1m,0.15372,0.15372,0.15372,0.15372,5603.0,1
2026-02-11 11:23:00,1770809039999,XLM,1m,0.1538,0.15382,0.15382,0.15379,13441.0,4
2026-02-11 11:24:00,1770809099999,XLM,1m,0.1538,0.1538,0.1538,0.1538,125.0,1
2026-02-11 11:25:00,1770809159999,XLM,1m,0.15383,0.15383,0.15383,0.15383,736.0,1
2026-02-11 11:26:00,1770809219999,XLM,1m,0.15368,0.15368,0.15368,0.15368,142.0,1
2026-02-11 11:27:00,1770809279999,XLM,1m,0.15375,0.15375,0.15375,0.15375,736.0,1
2026-02-11 11:28:00,1770809339999,XLM,1m,0.15375,0.15375,0.15375,0.15375,0.0,0
2026-02-11 11:29:00,1770809399999,XLM,1m,0.15389,0.15386,0.15389,0.15386,838.0,2
2026-02-11 11:30:00,1770809459999,XLM,1m,0.15376,0.15376,0.15376,0.15376,102.0,1
2026-02-11 11:31:00,1770809519999,XLM,1m,0.15364,0.15372,0.15372,0.15364,2264.0,3
2026-02-11 11:32:00,1770809579999,XLM,1m,0.1537,0.1537,0.1537,0.1537,105.0,1
2026-02-11 11:33:00,1770809639999,XLM,1m,0.15369,0.15369,0.15369,0.15369,736.0,1
2026-02-11 11:34:00,1770809699999,XLM,1m,0.15369,0.15369,0.15369,0.15369,0.0,0
2026-02-11 11:35:00,1770809759999,XLM,1m,0.15379,0.15379,0.1538,0.15377,1072.0,4
2026-02-11 11:36:00,1770809819999,XLM,1m,0.15385,0.15385,0.15385,0.15385,99.0,1
2026-02-11 11:37:00,1770809879999,XLM,1m,0.15388,0.15391,0.15391,0.15388,2773.0,2
2026-02-11 11:38:00,1770809939999,XLM,1m,0.1538,0.15383,0.15383,0.1538,556.0,3
2026-02-11 11:39:00,1770809999999,XLM,1m,0.15381,0.1538,0.15381,0.1538,1253.0,2
2026-02-11 11:40:00,1770810059999,XLM,1m,0.1538,0.1538,0.1538,0.1538,0.0,0
2026-02-11 11:41:00,1770810119999,XLM,1m,0.15373,0.15373,0.15376,0.15373,1124.0,4
2026-02-11 11:42:00,1770810179999,XLM,1m,0.1536,0.15365,0.15365,0.1536,1621.0,3
2026-02-11 11:43:00,1770810239999,XLM,1m,0.15372,0.15373,0.15373,0.15372,863.0,2
2026-02-11 11:44:00,1770810299999,XLM,1m,0.15372,0.15375,0.15375,0.15372,14364.0,5
2026-02-11 11:45:00,1770810359999,XLM,1m,0.15364,0.15362,0.15364,0.15362,9678.0,4
2026-02-11 11:46:00,1770810419999,XLM,1m,0.1537,0.1537,0.1537,0.1537,181.0,1
2026-02-11 11:47:00,1770810479999,XLM,1m,0.15362,0.15362,0.15362,0.15362,736.0,1
2026-02-11 11:48:00,1770810539999,XLM,1m,0.15361,0.15357,0.15361,0.15357,228.0,2
2026-02-11 11:49:00,1770810599999,XLM,1m,0.15365,0.15371,0.15371,0.15365,4250.0,5
2026-02-11 11:50:00,1770810659999,XLM,1m,0.15371,0.15367,0.15371,0.15367,41266.0,75
2026-02-11 11:51:00,1770810719999,XLM,1m,0.15367,0.15378,0.15389,0.15367,70894.0,98
2026-02-11 11:52:00,1770810779999,XLM,1m,0.15378,0.15387,0.15388,0.15378,41112.0,42
2026-02-11 11:53:00,1770810839999,XLM,1m,0.15399,0.15398,0.15399,0.15398,736.0,2
2026-02-11 11:54:00,1770810899999,XLM,1m,0.15391,0.15392,0.15392,0.15391,195.0,2
2026-02-11 11:55:00,1770810959999,XLM,1m,0.15388,0.15389,0.15389,0.15385,21983.0,6
2026-02-11 11:56:00,1770811019999,XLM,1m,0.1541,0.1541,0.1541,0.1541,105.0,1
2026-02-11 11:57:00,1770811079999,XLM,1m,0.15398,0.15398,0.15398,0.15398,736.0,1
2026-02-11 11:58:00,1770811139999,XLM,1m,0.15404,0.15402,0.15415,0.15402,34738.0,44
2026-02-11 11:59:00,1770811199999,XLM,1m,0.15402,0.15387,0.15402,0.15386,60363.0,98
2026-02-11 12:00:00,1770811259999,XLM,1m,0.1539,0.15373,0.15392,0.15365,58741.0,78
2026-02-11 12:01:00,1770811319999,XLM,1m,0.15373,0.15363,0.15373,0.15352,55618.0,76
2026-02-11 12:02:00,1770811379999,XLM,1m,0.15363,0.15331,0.15363,0.15325,54653.0,66
2026-02-11 12:03:00,1770811439999,XLM,1m,0.15331,0.15326,0.15332,0.15321,58851.0,76
2026-02-11 12:04:00,1770811499999,XLM,1m,0.15327,0.15322,0.15327,0.15321,56384.0,85
2026-02-11 12:05:00,1770811559999,XLM,1m,0.15322,0.15324,0.15324,0.15318,39877.0,39
2026-02-11 12:06:00,1770811619999,XLM,1m,0.1533,0.15332,0.15332,0.1533,340.0,3
2026-02-11 12:07:00,1770811679999,XLM,1m,0.15331,0.15358,0.15358,0.15325,12138.0,8
2026-02-11 12:08:00,1770811739999,XLM,1m,0.1537,0.15376,0.15377,0.15363,25427.0,14
2026-02-11 12:09:00,1770811799999,XLM,1m,0.15367,0.15367,0.15367,0.15367,736.0,1
2026-02-11 12:10:00,1770811859999,XLM,1m,0.15367,0.15367,0.15367,0.15367,0.0,0
2026-02-11 12:11:00,1770811919999,XLM,1m,0.15359,0.15348,0.15359,0.15348,1002.0,2
2026-02-11 12:12:00,1770811979999,XLM,1m,0.15351,0.15351,0.15351,0.15351,129.0,1
2026-02-11 12:13:00,1770812039999,XLM,1m,0.15351,0.15351,0.15351,0.15345,1050.0,4
2026-02-11 12:14:00,1770812099999,XLM,1m,0.15341,0.15341,0.15341,0.15341,351.0,2
2026-02-11 12:15:00,1770812159999,XLM,1m,0.15347,0.15347,0.15347,0.15347,736.0,1
2026-02-11 12:16:00,1770812219999,XLM,1m,0.15343,0.15342,0.15343,0.15342,337.0,2
2026-02-11 12:17:00,1770812279999,XLM,1m,0.15354,0.1536,0.1536,0.15354,11714.0,4
2026-02-11 12:18:00,1770812339999,XLM,1m,0.15353,0.15352,0.15353,0.15347,2948.0,4
2026-02-11 12:19:00,1770812399999,XLM,1m,0.15344,0.15343,0.15344,0.15343,736.0,3
2026-02-11 12:20:00,1770812459999,XLM,1m,0.15344,0.15366,0.15366,0.15344,11078.0,7
2026-02-11 12:21:00,1770812519999,XLM,1m,0.15365,0.15376,0.15381,0.15365,9013.0,4
2026-02-11 12:22:00,1770812579999,XLM,1m,0.15381,0.15374,0.15391,0.15374,24229.0,10
2026-02-11 12:23:00,1770812639999,XLM,1m,0.15363,0.15348,0.15363,0.15348,37035.0,6
2026-02-11 12:24:00,1770812699999,XLM,1m,0.15345,0.15345,0.15345,0.15345,12156.0,1
2026-02-11 12:25:00,1770812759999,XLM,1m,0.15341,0.15335,0.15341,0.15332,12244.0,3
2026-02-11 12:26:00,1770812819999,XLM,1m,0.1535,0.15338,0.1535,0.15338,3502.0,5
2026-02-11 12:27:00,1770812879999,XLM,1m,0.15329,0.15336,0.15336,0.15329,2757.0,2
2026-02-11 12:28:00,1770812939999,XLM,1m,0.15339,0.15339,0.15339,0.15334,4928.0,6
2026-02-11 12:29:00,1770812999999,XLM,1m,0.15335,0.15337,0.15339,0.15334,3478.0,5
2026-02-11 12:30:00,1770813059999,XLM,1m,0.15338,0.15338,0.15338,0.15338,1621.0,1
2026-02-11 12:31:00,1770813119999,XLM,1m,0.1534,0.15333,0.1534,0.15333,2418.0,2
2026-02-11 12:32:00,1770813179999,XLM,1m,0.15337,0.15337,0.15337,0.15337,394.0,2
2026-02-11 12:33:00,1770813239999,XLM,1m,0.15337,0.15334,0.15341,0.15334,5192.0,5
2026-02-11 12:34:00,1770813299999,XLM,1m,0.1534,0.15339,0.1534,0.15336,4509.0,12
2026-02-11 12:35:00,1770813359999,XLM,1m,0.15339,0.15339,0.1534,0.15336,4209.0,5
2026-02-11 12:36:00,1770813419999,XLM,1m,0.15336,0.15336,0.15336,0.15336,408.0,1
2026-02-11 12:37:00,1770813479999,XLM,1m,0.1533,0.15335,0.15338,0.1533,2625.0,3
2026-02-11 12:38:00,1770813539999,XLM,1m,0.15335,0.15335,0.15335,0.15335,1882.0,1
2026-02-11 12:39:00,1770813599999,XLM,1m,0.15329,0.15323,0.15329,0.15323,863.0,2
2026-02-11 12:40:00,1770813659999,XLM,1m,0.15323,0.15323,0.15323,0.15323,0.0,0
2026-02-11 12:41:00,1770813719999,XLM,1m,0.15328,0.15319,0.15328,0.15319,1712.0,4
2026-02-11 12:42:00,1770813779999,XLM,1m,0.15328,0.15328,0.15328,0.15328,126.0,1
2026-02-11 12:43:00,1770813839999,XLM,1m,0.15328,0.15319,0.15328,0.15319,1032.0,3
2026-02-11 12:44:00,1770813899999,XLM,1m,0.1532,0.15322,0.15322,0.1532,212.0,2
2026-02-11 12:45:00,1770813959999,XLM,1m,0.15324,0.15322,0.15324,0.15322,736.0,3
2026-02-11 12:46:00,1770814019999,XLM,1m,0.1532,0.15321,0.15325,0.1532,760.0,4
2026-02-11 12:47:00,1770814079999,XLM,1m,0.15325,0.15317,0.15325,0.15317,858.0,3
2026-02-11 12:48:00,1770814139999,XLM,1m,0.1531,0.15317,0.15317,0.1531,484.0,3
2026-02-11 12:49:00,1770814199999,XLM,1m,0.1532,0.15324,0.15326,0.1532,10283.0,8
2026-02-11 12:50:00,1770814259999,XLM,1m,0.15324,0.15334,0.15334,0.15324,23099.0,8
2026-02-11 12:51:00,1770814319999,XLM,1m,0.1534,0.15337,0.1534,0.15332,13466.0,10
2026-02-11 12:52:00,1770814379999,XLM,1m,0.15335,0.15327,0.15335,0.15327,2138.0,6
2026-02-11 12:53:00,1770814439999,XLM,1m,0.15328,0.15333,0.15333,0.15326,31507.0,12
2026-02-11 12:54:00,1770814499999,XLM,1m,0.15338,0.15341,0.15341,0.15338,5140.0,2
2026-02-11 12:55:00,1770814559999,XLM,1m,0.1534,0.15339,0.1534,0.15339,11298.0,3
2026-02-11 12:56:00,1770814619999,XLM,1m,0.15337,0.15337,0.15337,0.15337,126.0,1
2026-02-11 12:57:00,1770814679999,XLM,1m,0.15342,0.15342,0.15342,0.15342,736.0,1
2026-02-11 12:58:00,1770814739999,XLM,1m,0.15342,0.15342,0.15342,0.15342,102.0,1
2026-02-11 12:59:00,1770814799999,XLM,1m,0.15333,0.15331,0.15333,0.15331,7353.0,6
2026-02-11 13:00:00,1770814859999,XLM,1m,0.15345,0.15349,0.15349,0.15345,1366.0,3
2026-02-11 13:01:00,1770814919999,XLM,1m,0.15345,0.15345,0.15345,0.15345,736.0,1
2026-02-11 13:02:00,1770814979999,XLM,1m,0.1534,0.1534,0.1534,0.1534,124.0,1
2026-02-11 13:03:00,1770815039999,XLM,1m,0.15336,0.15336,0.15336,0.15336,736.0,1
2026-02-11 13:04:00,1770815099999,XLM,1m,0.15339,0.15339,0.15339,0.15339,205.0,1
2026-02-11 13:05:00,1770815159999,XLM,1m,0.15332,0.15332,0.15332,0.15332,736.0,1
2026-02-11 13:06:00,1770815219999,XLM,1m,0.1534,0.1534,0.1534,0.1534,220.0,2
2026-02-11 13:07:00,1770815279999,XLM,1m,0.15343,0.15339,0.15344,0.15339,2948.0,3
2026-02-11 13:08:00,1770815339999,XLM,1m,0.15336,0.15319,0.15336,0.15319,2689.0,4
2026-02-11 13:09:00,1770815399999,XLM,1m,0.15308,0.15312,0.15318,0.15308,5381.0,6
2026-02-11 13:10:00,1770815459999,XLM,1m,0.15313,0.15313,0.15313,0.15313,135.0,1
2026-02-11 13:11:00,1770815519999,XLM,1m,0.15307,0.15304,0.15307,0.15304,992.0,3
2026-02-11 13:12:00,1770815579999,XLM,1m,0.15303,0.15303,0.15303,0.15303,105.0,1
2026-02-11 13:13:00,1770815639999,XLM,1m,0.153,0.15296,0.153,0.15296,881.0,2
2026-02-11 13:14:00,1770815699999,XLM,1m,0.15303,0.15303,0.15303,0.15303,633.0,1
2026-02-11 13:15:00,1770815759999,XLM,1m,0.15306,0.15302,0.15306,0.15296,1390.0,4
2026-02-11 13:16:00,1770815819999,XLM,1m,0.15291,0.15287,0.15291,0.15287,32360.0,2
2026-02-11 13:17:00,1770815879999,XLM,1m,0.15283,0.15283,0.15283,0.15283,736.0,1
2026-02-11 13:18:00,1770815939999,XLM,1m,0.15288,0.15288,0.15288,0.15288,129.0,1
2026-02-11 13:19:00,1770815999999,XLM,1m,0.1529,0.1529,0.1529,0.1529,736.0,1
2026-02-11 13:20:00,1770816059999,XLM,1m,0.15313,0.15313,0.15313,0.15313,104.0,1
2026-02-11 13:21:00,1770816119999,XLM,1m,0.15314,0.15314,0.15314,0.15314,736.0,1
2026-02-11 13:22:00,1770816179999,XLM,1m,0.15315,0.15308,0.15315,0.15308,304.0,3
2026-02-11 13:23:00,1770816239999,XLM,1m,0.15301,0.15301,0.15301,0.15301,873.0,2
2026-02-11 13:24:00,1770816299999,XLM,1m,0.15304,0.15304,0.15304,0.15304,98.0,1
2026-02-11 13:25:00,1770816359999,XLM,1m,0.15297,0.15288,0.15297,0.15288,891.0,2
2026-02-11 13:26:00,1770816419999,XLM,1m,0.15294,0.15294,0.15294,0.15294,296.0,2
2026-02-11 13:27:00,1770816479999,XLM,1m,0.15292,0.15292,0.15292,0.15292,736.0,1
2026-02-11 13:28:00,1770816539999,XLM,1m,0.15287,0.15287,0.15287,0.15287,102.0,1
2026-02-11 13:29:00,1770816599999,XLM,1m,0.15272,0.15272,0.15272,0.15272,736.0,1
2026-02-11 13:30:00,1770816659999,XLM,1m,0.15305,0.15318,0.15379,0.15305,90754.0,17
2026-02-11 13:31:00,1770816719999,XLM,1m,0.15289,0.15328,0.15334,0.15289,19483.0,22
2026-02-11 13:32:00,1770816779999,XLM,1m,0.1533,0.15374,0.15374,0.1533,8262.0,12
2026-02-11 13:33:00,1770816839999,XLM,1m,0.1538,0.154,0.15448,0.1538,43011.0,15
2026-02-11 13:34:00,1770816899999,XLM,1m,0.15428,0.15438,0.15438,0.15419,18440.0,16
2026-02-11 13:35:00,1770816959999,XLM,1m,0.15423,0.15389,0.15428,0.15389,1898.0,3
2026-02-11 13:36:00,1770817019999,XLM,1m,0.15392,0.15394,0.15395,0.15392,29282.0,7
2026-02-11 13:37:00,1770817079999,XLM,1m,0.15398,0.15365,0.15398,0.15365,11167.0,5
2026-02-11 13:38:00,1770817139999,XLM,1m,0.15404,0.15406,0.15406,0.15404,3110.0,3
2026-02-11 13:39:00,1770817199999,XLM,1m,0.15424,0.15422,0.15424,0.15411,4698.0,4
2026-02-11 13:40:00,1770817259999,XLM,1m,0.15412,0.15382,0.15412,0.15382,2415.0,3
2026-02-11 13:41:00,1770817319999,XLM,1m,0.15386,0.15378,0.15386,0.15372,5810.0,10
2026-02-11 13:42:00,1770817379999,XLM,1m,0.1538,0.15362,0.15381,0.15358,19193.0,31
2026-02-11 13:43:00,1770817439999,XLM,1m,0.15359,0.15355,0.15364,0.15351,11155.0,18
2026-02-11 13:44:00,1770817499999,XLM,1m,0.15356,0.15366,0.15366,0.15354,20083.0,26
2026-02-11 13:45:00,1770817559999,XLM,1m,0.15367,0.15384,0.15384,0.15365,29094.0,25
2026-02-11 13:46:00,1770817619999,XLM,1m,0.15384,0.15401,0.15403,0.15384,18685.0,25
2026-02-11 13:47:00,1770817679999,XLM,1m,0.15394,0.15378,0.15394,0.15366,26833.0,32
2026-02-11 13:48:00,1770817739999,XLM,1m,0.15376,0.15367,0.15379,0.15366,27600.0,33
2026-02-11 13:49:00,1770817799999,XLM,1m,0.15367,0.15364,0.15368,0.15361,17737.0,30
2026-02-11 13:50:00,1770817859999,XLM,1m,0.15365,0.1537,0.15377,0.15365,8762.0,17
2026-02-11 13:51:00,1770817919999,XLM,1m,0.15362,0.15312,0.15362,0.15312,12595.0,24
2026-02-11 13:52:00,1770817979999,XLM,1m,0.15313,0.15305,0.15322,0.15304,13252.0,23
2026-02-11 13:53:00,1770818039999,XLM,1m,0.15317,0.15317,0.15317,0.15317,736.0,1
2026-02-11 13:54:00,1770818099999,XLM,1m,0.15334,0.15343,0.15343,0.15334,251.0,2
2026-02-11 13:55:00,1770818159999,XLM,1m,0.15347,0.15368,0.15371,0.15347,23217.0,9
2026-02-11 13:56:00,1770818219999,XLM,1m,0.15381,0.15384,0.15386,0.15381,1804.0,3
2026-02-11 13:57:00,1770818279999,XLM,1m,0.15387,0.15387,0.15387,0.15387,736.0,1
2026-02-11 13:58:00,1770818339999,XLM,1m,0.15401,0.15431,0.15431,0.15401,10271.0,2
2026-02-11 13:59:00,1770818399999,XLM,1m,0.15434,0.15434,0.15434,0.15434,736.0,1
2026-02-11 14:00:00,1770818459999,XLM,1m,0.15455,0.1548,0.1548,0.15455,11103.0,3
2026-02-11 14:01:00,1770818519999,XLM,1m,0.15506,0.15492,0.15518,0.15492,111600.0,12
2026-02-11 14:02:00,1770818579999,XLM,1m,0.15524,0.15533,0.15533,0.15524,761.0,2
2026-02-11 14:03:00,1770818639999,XLM,1m,0.15565,0.15569,0.15581,0.15551,10433.0,8
2026-02-11 14:04:00,1770818699999,XLM,1m,0.15574,0.15596,0.15596,0.15571,6375.0,5
2026-02-11 14:05:00,1770818759999,XLM,1m,0.15563,0.1557,0.1557,0.15563,2146.0,2
2026-02-11 14:06:00,1770818819999,XLM,1m,0.15539,0.15539,0.15539,0.15539,96.0,1
2026-02-11 14:07:00,1770818879999,XLM,1m,0.15578,0.15615,0.15625,0.15578,3061.0,7
2026-02-11 14:08:00,1770818939999,XLM,1m,0.15585,0.15585,0.15585,0.15585,71.0,1
2026-02-11 14:09:00,1770818999999,XLM,1m,0.15587,0.15586,0.15587,0.15586,858.0,2
2026-02-11 14:10:00,1770819059999,XLM,1m,0.15634,0.15722,0.15764,0.15627,102026.0,32
2026-02-11 14:11:00,1770819119999,XLM,1m,0.15695,0.15692,0.15695,0.15692,1480.0,3
2026-02-11 14:12:00,1770819179999,XLM,1m,0.15712,0.15693,0.15723,0.15693,6253.0,4
2026-02-11 14:13:00,1770819239999,XLM,1m,0.15695,0.15689,0.15695,0.15689,1320.0,2
2026-02-11 14:14:00,1770819299999,XLM,1m,0.15691,0.15691,0.15691,0.15691,227.0,1
2026-02-11 14:15:00,1770819359999,XLM,1m,0.15732,0.1571,0.15735,0.1571,9440.0,4
2026-02-11 14:16:00,1770819419999,XLM,1m,0.15662,0.15662,0.15662,0.15662,120.0,1
2026-02-11 14:17:00,1770819479999,XLM,1m,0.15674,0.15663,0.15674,0.15663,860.0,2
2026-02-11 14:18:00,1770819539999,XLM,1m,0.15687,0.15687,0.15687,0.15687,109.0,1
2026-02-11 14:19:00,1770819599999,XLM,1m,0.15689,0.15687,0.15689,0.15687,986.0,4
2026-02-11 14:20:00,1770819659999,XLM,1m,0.15656,0.15643,0.15656,0.15642,9942.0,5
2026-02-11 14:21:00,1770819719999,XLM,1m,0.15629,0.15642,0.15642,0.15629,2048.0,2
2026-02-11 14:22:00,1770819779999,XLM,1m,0.15611,0.1558,0.15611,0.1558,62444.0,14
2026-02-11 14:23:00,1770819839999,XLM,1m,0.15577,0.15577,0.15577,0.15577,736.0,1
2026-02-11 14:24:00,1770819899999,XLM,1m,0.15565,0.15556,0.15565,0.15556,117.0,2
2026-02-11 14:25:00,1770819959999,XLM,1m,0.15568,0.15568,0.15568,0.15568,736.0,1
2026-02-11 14:26:00,1770820019999,XLM,1m,0.1554,0.15548,0.15548,0.1554,1348.0,2
2026-02-11 14:27:00,1770820079999,XLM,1m,0.15542,0.15542,0.15542,0.15542,736.0,1
2026-02-11 14:28:00,1770820139999,XLM,1m,0.1556,0.1556,0.1556,0.1556,133.0,1
2026-02-11 14:29:00,1770820199999,XLM,1m,0.15548,0.15548,0.15548,0.15548,736.0,1
2026-02-11 14:30:00,1770820259999,XLM,1m,0.1555,0.15575,0.15575,0.15545,8612.0,4
2026-02-11 14:31:00,1770820319999,XLM,1m,0.15576,0.15589,0.15589,0.15575,8256.0,3
2026-02-11 14:32:00,1770820379999,XLM,1m,0.15547,0.15544,0.15547,0.15544,5634.0,2
2026-02-11 14:33:00,1770820439999,XLM,1m,0.15519,0.15527,0.15527,0.15519,7538.0,4
2026-02-11 14:34:00,1770820499999,XLM,1m,0.15511,0.15454,0.15511,0.15454,39410.0,11
2026-02-11 14:35:00,1770820559999,XLM,1m,0.15434,0.15417,0.15434,0.15417,13125.0,6
2026-02-11 14:36:00,1770820619999,XLM,1m,0.15418,0.1538,0.15418,0.1538,11162.0,6
2026-02-11 14:37:00,1770820679999,XLM,1m,0.15398,0.15409,0.15409,0.15398,1999.0,2
2026-02-11 14:38:00,1770820739999,XLM,1m,0.15409,0.15392,0.15409,0.15392,6571.0,2
2026-02-11 14:39:00,1770820799999,XLM,1m,0.15378,0.15357,0.15378,0.15357,1984.0,2
2026-02-11 14:40:00,1770820859999,XLM,1m,0.15369,0.15381,0.15384,0.15369,6445.0,3
2026-02-11 14:41:00,1770820919999,XLM,1m,0.1534,0.15343,0.1537,0.1534,15639.0,9
2026-02-11 14:42:00,1770820979999,XLM,1m,0.15339,0.15324,0.15339,0.15324,10462.0,3
2026-02-11 14:43:00,1770821039999,XLM,1m,0.15336,0.15352,0.15361,0.15336,3906.0,3
2026-02-11 14:44:00,1770821099999,XLM,1m,0.15376,0.15376,0.15376,0.15376,1200.0,1
2026-02-11 14:45:00,1770821159999,XLM,1m,0.15363,0.15387,0.15401,0.15357,17817.0,9
2026-02-11 14:46:00,1770821219999,XLM,1m,0.15387,0.15387,0.15387,0.15387,0.0,0
2026-02-11 14:47:00,1770821279999,XLM,1m,0.15332,0.15329,0.15335,0.15329,1234.0,4
2026-02-11 14:48:00,1770821339999,XLM,1m,0.15326,0.15326,0.15326,0.15326,6766.0,1
2026-02-11 14:49:00,1770821399999,XLM,1m,0.15317,0.1531,0.15317,0.1529,3527.0,6
2026-02-11 14:50:00,1770821459999,XLM,1m,0.15276,0.15276,0.15276,0.15276,751.0,1
2026-02-11 14:51:00,1770821519999,XLM,1m,0.15288,0.15317,0.15317,0.15288,837.0,2
2026-02-11 14:52:00,1770821579999,XLM,1m,0.15335,0.15325,0.15347,0.15325,7592.0,3
2026-02-11 14:53:00,1770821639999,XLM,1m,0.15359,0.15353,0.15364,0.15353,25729.0,6
2026-02-11 14:54:00,1770821699999,XLM,1m,0.15346,0.15346,0.15346,0.15346,3252.0,1
2026-02-11 14:55:00,1770821759999,XLM,1m,0.15346,0.15322,0.15346,0.15322,3968.0,3
2026-02-11 14:56:00,1770821819999,XLM,1m,0.15309,0.15309,0.15309,0.15309,2000.0,1
2026-02-11 14:57:00,1770821879999,XLM,1m,0.15243,0.15221,0.15243,0.1522,11227.0,7
2026-02-11 14:58:00,1770821939999,XLM,1m,0.15221,0.15221,0.15221,0.15221,0.0,0
2026-02-11 14:59:00,1770821999999,XLM,1m,0.15226,0.1523,0.1523,0.15226,3136.0,3
2026-02-11 15:00:00,1770822059999,XLM,1m,0.15246,0.152,0.15246,0.152,13193.0,7
2026-02-11 15:01:00,1770822119999,XLM,1m,0.1521,0.15278,0.15296,0.1521,25653.0,18
2026-02-11 15:02:00,1770822179999,XLM,1m,0.1529,0.1529,0.1529,0.1529,148.0,1
2026-02-11 15:03:00,1770822239999,XLM,1m,0.15287,0.15271,0.15287,0.15271,6256.0,2
2026-02-11 15:04:00,1770822299999,XLM,1m,0.15252,0.15252,0.15252,0.15252,765.0,1
2026-02-11 15:05:00,1770822359999,XLM,1m,0.15243,0.15242,0.15243,0.15242,736.0,2
2026-02-11 15:06:00,1770822419999,XLM,1m,0.15275,0.15272,0.15275,0.15272,3390.0,3
2026-02-11 15:07:00,1770822479999,XLM,1m,0.15194,0.15163,0.15194,0.15163,27130.0,5
2026-02-11 15:08:00,1770822539999,XLM,1m,0.15157,0.15144,0.15162,0.15144,6436.0,5
2026-02-11 15:09:00,1770822599999,XLM,1m,0.1513,0.15129,0.15136,0.15115,8254.0,9
2026-02-11 15:10:00,1770822659999,XLM,1m,0.15136,0.15177,0.1518,0.15136,7531.0,9
2026-02-11 15:11:00,1770822719999,XLM,1m,0.15155,0.15166,0.15167,0.15155,8135.0,4
2026-02-11 15:12:00,1770822779999,XLM,1m,0.15162,0.15118,0.15162,0.15118,11621.0,5
2026-02-11 15:13:00,1770822839999,XLM,1m,0.15117,0.15095,0.15121,0.15095,42685.0,7
2026-02-11 15:14:00,1770822899999,XLM,1m,0.15159,0.15159,0.15159,0.15159,5520.0,1
2026-02-11 15:15:00,1770822959999,XLM,1m,0.15177,0.15142,0.15184,0.15142,17226.0,6
2026-02-11 15:16:00,1770823019999,XLM,1m,0.1516,0.15145,0.1516,0.15145,11040.0,2
2026-02-11 15:17:00,1770823079999,XLM,1m,0.15156,0.15158,0.15162,0.1514,7620.0,5
2026-02-11 15:18:00,1770823139999,XLM,1m,0.15191,0.15194,0.15194,0.15162,13698.0,5
2026-02-11 15:19:00,1770823199999,XLM,1m,0.15191,0.15173,0.15197,0.15173,17296.0,4
2026-02-11 15:20:00,1770823259999,XLM,1m,0.15165,0.15165,0.15165,0.15165,2000.0,1
2026-02-11 15:21:00,1770823319999,XLM,1m,0.15141,0.15214,0.15214,0.15141,7685.0,9
2026-02-11 15:22:00,1770823379999,XLM,1m,0.15213,0.15213,0.15253,0.15213,61340.0,17
2026-02-11 15:23:00,1770823439999,XLM,1m,0.15197,0.15211,0.1522,0.15197,13832.0,5
2026-02-11 15:24:00,1770823499999,XLM,1m,0.15168,0.15168,0.15168,0.15168,70.0,1
2026-02-11 15:25:00,1770823559999,XLM,1m,0.15179,0.15179,0.15179,0.15179,2207.0,2
2026-02-11 15:26:00,1770823619999,XLM,1m,0.15112,0.15112,0.15112,0.15112,126.0,1
2026-02-11 15:27:00,1770823679999,XLM,1m,0.15109,0.15111,0.15111,0.15109,2049.0,3
2026-02-11 15:28:00,1770823739999,XLM,1m,0.15128,0.15146,0.15152,0.15128,9606.0,7
2026-02-11 15:29:00,1770823799999,XLM,1m,0.15129,0.15112,0.1513,0.15112,4759.0,3
2026-02-11 15:30:00,1770823859999,XLM,1m,0.15109,0.15109,0.15109,0.15109,244.0,1
2026-02-11 15:31:00,1770823919999,XLM,1m,0.15128,0.15133,0.15136,0.15128,13937.0,7
2026-02-11 15:32:00,1770823979999,XLM,1m,0.15106,0.15111,0.15111,0.15106,217.0,2
2026-02-11 15:33:00,1770824039999,XLM,1m,0.15117,0.15117,0.15129,0.15114,11203.0,6
2026-02-11 15:34:00,1770824099999,XLM,1m,0.15114,0.15114,0.15114,0.15114,105.0,1
2026-02-11 15:35:00,1770824159999,XLM,1m,0.15127,0.1511,0.15138,0.1511,4488.0,4
2026-02-11 15:36:00,1770824219999,XLM,1m,0.1511,0.1511,0.1511,0.1511,0.0,0
2026-02-11 15:37:00,1770824279999,XLM,1m,0.1511,0.15115,0.15115,0.1511,6587.0,3
2026-02-11 15:38:00,1770824339999,XLM,1m,0.15115,0.15115,0.15115,0.15115,0.0,0
2026-02-11 15:39:00,1770824399999,XLM,1m,0.15112,0.15109,0.15124,0.15109,8982.0,5
2026-02-11 15:40:00,1770824459999,XLM,1m,0.15133,0.15125,0.15133,0.15125,347.0,2
2026-02-11 15:41:00,1770824519999,XLM,1m,0.15149,0.15142,0.15167,0.15142,12485.0,6
2026-02-11 15:42:00,1770824579999,XLM,1m,0.15103,0.15114,0.15114,0.15103,323.0,2
2026-02-11 15:43:00,1770824639999,XLM,1m,0.15136,0.15136,0.15136,0.15136,817.0,2
2026-02-11 15:44:00,1770824699999,XLM,1m,0.15158,0.15157,0.15158,0.15157,3068.0,4
2026-02-11 15:45:00,1770824759999,XLM,1m,0.1516,0.15153,0.1516,0.15153,7880.0,8
2026-02-11 15:46:00,1770824819999,XLM,1m,0.15154,0.15152,0.15154,0.1515,7678.0,4
2026-02-11 15:47:00,1770824879999,XLM,1m,0.15138,0.15138,0.15138,0.15138,736.0,1
2026-02-11 15:48:00,1770824939999,XLM,1m,0.15112,0.15111,0.15112,0.15111,237.0,2
2026-02-11 15:49:00,1770824999999,XLM,1m,0.15099,0.15095,0.15106,0.15095,1366.0,5
2026-02-11 15:50:00,1770825059999,XLM,1m,0.15075,0.15059,0.15075,0.15058,7174.0,3
2026-02-11 15:51:00,1770825119999,XLM,1m,0.1506,0.15083,0.15088,0.1506,1790.0,4
2026-02-11 15:52:00,1770825179999,XLM,1m,0.15097,0.15098,0.15098,0.15097,5619.0,2
2026-02-11 15:53:00,1770825239999,XLM,1m,0.15115,0.15111,0.15118,0.15111,11533.0,6
2026-02-11 15:54:00,1770825299999,XLM,1m,0.15123,0.15143,0.15145,0.15121,36416.0,10
2026-02-11 15:55:00,1770825359999,XLM,1m,0.15137,0.15156,0.15156,0.15137,2469.0,3
2026-02-11 15:56:00,1770825419999,XLM,1m,0.15178,0.1516,0.15178,0.1516,1948.0,2
2026-02-11 15:57:00,1770825479999,XLM,1m,0.1516,0.1516,0.1516,0.1516,736.0,1
2026-02-11 15:58:00,1770825539999,XLM,1m,0.15143,0.15143,0.15143,0.15143,974.0,1
2026-02-11 15:59:00,1770825599999,XLM,1m,0.15129,0.1513,0.1513,0.15129,1710.0,2
2026-02-11 16:00:00,1770825659999,XLM,1m,0.1513,0.15133,0.15135,0.1513,29396.0,6
2026-02-11 16:01:00,1770825719999,XLM,1m,0.15125,0.15131,0.15132,0.15114,38357.0,12
2026-02-11 16:02:00,1770825779999,XLM,1m,0.15133,0.1514,0.1515,0.15133,13129.0,6
2026-02-11 16:03:00,1770825839999,XLM,1m,0.15142,0.15132,0.15142,0.15132,16090.0,6
2026-02-11 16:04:00,1770825899999,XLM,1m,0.15134,0.15149,0.15151,0.15133,20468.0,6
2026-02-11 16:05:00,1770825959999,XLM,1m,0.15131,0.15131,0.15131,0.15129,14664.0,6
2026-02-11 16:06:00,1770826019999,XLM,1m,0.1514,0.1514,0.1514,0.1514,10171.0,3
2026-02-11 16:07:00,1770826079999,XLM,1m,0.15144,0.15141,0.15149,0.15141,13531.0,5
2026-02-11 16:08:00,1770826139999,XLM,1m,0.15146,0.15161,0.15161,0.15146,2157.0,2
2026-02-11 16:09:00,1770826199999,XLM,1m,0.15163,0.15155,0.15163,0.15155,13992.0,6
2026-02-11 16:10:00,1770826259999,XLM,1m,0.15158,0.15206,0.15206,0.15158,16892.0,10
2026-02-11 16:11:00,1770826319999,XLM,1m,0.15246,0.1522,0.15246,0.1522,835.0,2
2026-02-11 16:12:00,1770826379999,XLM,1m,0.15264,0.15286,0.15287,0.15255,18105.0,9
2026-02-11 16:13:00,1770826439999,XLM,1m,0.15299,0.15297,0.15302,0.15286,11457.0,8
2026-02-11 16:14:00,1770826499999,XLM,1m,0.15305,0.15305,0.15305,0.15305,124.0,1
2026-02-11 16:15:00,1770826559999,XLM,1m,0.15295,0.15268,0.153,0.15268,14161.0,7
2026-02-11 16:16:00,1770826619999,XLM,1m,0.1528,0.15279,0.1528,0.15279,249.0,2
2026-02-11 16:17:00,1770826679999,XLM,1m,0.15271,0.15258,0.15278,0.15258,951.0,3
2026-02-11 16:18:00,1770826739999,XLM,1m,0.15265,0.15265,0.15265,0.15265,6372.0,2
2026-02-11 16:19:00,1770826799999,XLM,1m,0.15259,0.15255,0.15259,0.15255,864.0,2
2026-02-11 16:20:00,1770826859999,XLM,1m,0.15279,0.15291,0.15291,0.15275,23582.0,6
2026-02-11 16:21:00,1770826919999,XLM,1m,0.15297,0.15267,0.15297,0.15267,834.0,2
2026-02-11 16:22:00,1770826979999,XLM,1m,0.15257,0.15257,0.15257,0.15257,1586.0,1
2026-02-11 16:23:00,1770827039999,XLM,1m,0.15276,0.15274,0.15276,0.15274,846.0,2
2026-02-11 16:24:00,1770827099999,XLM,1m,0.15283,0.15283,0.15283,0.15283,106.0,1
2026-02-11 16:25:00,1770827159999,XLM,1m,0.15286,0.15284,0.15287,0.15284,11275.0,6
2026-02-11 16:26:00,1770827219999,XLM,1m,0.15259,0.15246,0.15259,0.15246,2996.0,2
2026-02-11 16:27:00,1770827279999,XLM,1m,0.15216,0.15216,0.15216,0.15216,736.0,1
2026-02-11 16:28:00,1770827339999,XLM,1m,0.15206,0.15206,0.15206,0.15206,1180.0,1
2026-02-11 16:29:00,1770827399999,XLM,1m,0.15186,0.15186,0.15186,0.15186,736.0,1
2026-02-11 16:30:00,1770827459999,XLM,1m,0.15209,0.15209,0.15209,0.15209,123.0,1
2026-02-11 16:31:00,1770827519999,XLM,1m,0.15219,0.15219,0.15219,0.15219,736.0,1
2026-02-11 16:32:00,1770827579999,XLM,1m,0.15207,0.15207,0.15207,0.15207,195.0,1
2026-02-11 16:33:00,1770827639999,XLM,1m,0.15193,0.15194,0.15194,0.15193,868.0,2
2026-02-11 16:34:00,1770827699999,XLM,1m,0.15194,0.15194,0.15194,0.15194,0.0,0
2026-02-11 16:35:00,1770827759999,XLM,1m,0.1517,0.15155,0.1517,0.15155,851.0,2
2026-02-11 16:36:00,1770827819999,XLM,1m,0.15155,0.15155,0.15155,0.15155,0.0,0
2026-02-11 16:37:00,1770827879999,XLM,1m,0.15133,0.15107,0.15133,0.15107,918.0,3
2026-02-11 16:38:00,1770827939999,XLM,1m,0.15108,0.15108,0.15108,0.15108,573.0,1
2026-02-11 16:39:00,1770827999999,XLM,1m,0.15115,0.15122,0.15122,0.15115,991.0,2
2026-02-11 16:40:00,1770828059999,XLM,1m,0.15145,0.15158,0.15158,0.15145,671.0,2
2026-02-11 16:41:00,1770828119999,XLM,1m,0.15161,0.15149,0.15161,0.15149,861.0,2
2026-02-11 16:42:00,1770828179999,XLM,1m,0.15152,0.15152,0.15152,0.15152,104.0,1
2026-02-11 16:43:00,1770828239999,XLM,1m,0.15158,0.15148,0.15158,0.15148,851.0,2
2026-02-11 16:44:00,1770828299999,XLM,1m,0.15133,0.15129,0.15142,0.15129,347.0,3
2026-02-11 16:45:00,1770828359999,XLM,1m,0.1512,0.1512,0.1512,0.1512,736.0,2
2026-02-11 16:46:00,1770828419999,XLM,1m,0.1512,0.1512,0.1512,0.1512,0.0,0
2026-02-11 16:47:00,1770828479999,XLM,1m,0.15147,0.15153,0.15153,0.15147,948.0,3
2026-02-11 16:48:00,1770828539999,XLM,1m,0.15134,0.15115,0.15134,0.15115,410.0,3
2026-02-11 16:49:00,1770828599999,XLM,1m,0.15096,0.15082,0.15096,0.15072,7111.0,4
2026-02-11 16:50:00,1770828659999,XLM,1m,0.15079,0.15079,0.15079,0.15079,114.0,1
2026-02-11 16:51:00,1770828719999,XLM,1m,0.15072,0.15072,0.15072,0.15072,736.0,2
2026-02-11 16:52:00,1770828779999,XLM,1m,0.15063,0.15063,0.15063,0.15063,131.0,1
2026-02-11 16:53:00,1770828839999,XLM,1m,0.15087,0.15083,0.15096,0.15083,981.0,4
2026-02-11 16:54:00,1770828899999,XLM,1m,0.15089,0.15089,0.15089,0.15089,73.0,1
2026-02-11 16:55:00,1770828959999,XLM,1m,0.15107,0.15099,0.15107,0.15097,1096.0,4
2026-02-11 16:56:00,1770829019999,XLM,1m,0.15091,0.15091,0.15091,0.15091,214.0,1
2026-02-11 16:57:00,1770829079999,XLM,1m,0.15092,0.15086,0.15095,0.15086,1184.0,5
2026-02-11 16:58:00,1770829139999,XLM,1m,0.15092,0.15085,0.15092,0.15085,281.0,2
2026-02-11 16:59:00,1770829199999,XLM,1m,0.15086,0.15081,0.15086,0.15081,837.0,3
2026-02-11 17:00:00,1770829259999,XLM,1m,0.15086,0.15098,0.15098,0.15076,11418.0,5
2026-02-11 17:01:00,1770829319999,XLM,1m,0.15079,0.1508,0.15085,0.15078,13818.0,8
2026-02-11 17:02:00,1770829379999,XLM,1m,0.15079,0.15061,0.15079,0.15061,9960.0,5
2026-02-11 17:03:00,1770829439999,XLM,1m,0.15071,0.15077,0.15097,0.15071,3776.0,4
2026-02-11 17:04:00,1770829499999,XLM,1m,0.15077,0.15077,0.15077,0.15077,0.0,0
2026-02-11 17:05:00,1770829559999,XLM,1m,0.15067,0.15076,0.15076,0.15067,836.0,2
2026-02-11 17:06:00,1770829619999,XLM,1m,0.1509,0.1509,0.1509,0.1509,180.0,1
2026-02-11 17:07:00,1770829679999,XLM,1m,0.15095,0.15095,0.15095,0.15095,736.0,1
2026-02-11 17:08:00,1770829739999,XLM,1m,0.15106,0.15106,0.15106,0.15106,1246.0,1
2026-02-11 17:09:00,1770829799999,XLM,1m,0.15109,0.15101,0.15109,0.15101,1066.0,4
2026-02-11 17:10:00,1770829859999,XLM,1m,0.15112,0.15123,0.15123,0.15112,3390.0,5
2026-02-11 17:11:00,1770829919999,XLM,1m,0.15122,0.15113,0.15135,0.15113,8557.0,9
2026-02-11 17:12:00,1770829979999,XLM,1m,0.15127,0.15127,0.15127,0.15127,225.0,1
2026-02-11 17:13:00,1770830039999,XLM,1m,0.15118,0.15108,0.15118,0.15108,1314.0,2
2026-02-11 17:14:00,1770830099999,XLM,1m,0.1512,0.15109,0.1512,0.15109,239.0,2
2026-02-11 17:15:00,1770830159999,XLM,1m,0.15114,0.15123,0.15123,0.15114,10712.0,4
2026-02-11 17:16:00,1770830219999,XLM,1m,0.1516,0.1516,0.1516,0.1516,124.0,1
2026-02-11 17:17:00,1770830279999,XLM,1m,0.15148,0.15156,0.15156,0.15148,12898.0,3
2026-02-11 17:18:00,1770830339999,XLM,1m,0.15157,0.15151,0.15157,0.15151,680.0,3
2026-02-11 17:19:00,1770830399999,XLM,1m,0.15138,0.15156,0.15156,0.15138,1342.0,3
2026-02-11 17:20:00,1770830459999,XLM,1m,0.15194,0.15191,0.15202,0.15191,5863.0,4
2026-02-11 17:21:00,1770830519999,XLM,1m,0.15199,0.15197,0.15199,0.15197,2294.0,2
2026-02-11 17:22:00,1770830579999,XLM,1m,0.15208,0.15218,0.15218,0.15208,2038.0,3
2026-02-11 17:23:00,1770830639999,XLM,1m,0.15233,0.15235,0.15261,0.15233,26761.0,6
2026-02-11 17:24:00,1770830699999,XLM,1m,0.15248,0.15229,0.15248,0.15229,369.0,2
2026-02-11 17:25:00,1770830759999,XLM,1m,0.15269,0.15272,0.15274,0.15269,18104.0,5
2026-02-11 17:26:00,1770830819999,XLM,1m,0.15286,0.15285,0.15286,0.15285,6097.0,2
2026-02-11 17:27:00,1770830879999,XLM,1m,0.15276,0.1528,0.1528,0.15276,11009.0,3
2026-02-11 17:28:00,1770830939999,XLM,1m,0.15285,0.15285,0.15285,0.15285,118.0,1
2026-02-11 17:29:00,1770830999999,XLM,1m,0.15286,0.15285,0.15286,0.15285,834.0,2
2026-02-11 17:30:00,1770831059999,XLM,1m,0.15285,0.15285,0.15285,0.15285,0.0,0
2026-02-11 17:31:00,1770831119999,XLM,1m,0.15306,0.15328,0.1533,0.15306,10595.0,4
2026-02-11 17:32:00,1770831179999,XLM,1m,0.15286,0.15286,0.15286,0.15286,3327.0,1
2026-02-11 17:33:00,1770831239999,XLM,1m,0.15295,0.15295,0.15295,0.15295,736.0,1
2026-02-11 17:34:00,1770831299999,XLM,1m,0.15321,0.15321,0.15321,0.15321,235.0,1
2026-02-11 17:35:00,1770831359999,XLM,1m,0.15328,0.15328,0.15328,0.15328,736.0,1
2026-02-11 17:36:00,1770831419999,XLM,1m,0.15325,0.15325,0.15325,0.15325,124.0,1
2026-02-11 17:37:00,1770831479999,XLM,1m,0.15306,0.15321,0.15321,0.15306,9766.0,4
2026-02-11 17:38:00,1770831539999,XLM,1m,0.15306,0.15306,0.15306,0.15306,123.0,1
2026-02-11 17:39:00,1770831599999,XLM,1m,0.15318,0.15315,0.15318,0.15315,849.0,2
2026-02-11 17:40:00,1770831659999,XLM,1m,0.15312,0.15312,0.15312,0.15312,5671.0,1
2026-02-11 17:41:00,1770831719999,XLM,1m,0.15285,0.15293,0.15293,0.15285,1445.0,2
2026-02-11 17:42:00,1770831779999,XLM,1m,0.15293,0.15293,0.15293,0.15293,0.0,0
2026-02-11 17:43:00,1770831839999,XLM,1m,0.15293,0.15297,0.15297,0.15293,979.0,2
2026-02-11 17:44:00,1770831899999,XLM,1m,0.15293,0.15287,0.15294,0.15287,8113.0,3
2026-02-11 17:45:00,1770831959999,XLM,1m,0.15288,0.15274,0.15288,0.15274,3674.0,3
2026-02-11 17:46:00,1770832019999,XLM,1m,0.15258,0.15278,0.15278,0.15258,14695.0,5
2026-02-11 17:47:00,1770832079999,XLM,1m,0.15268,0.1527,0.1527,0.15268,2736.0,2
2026-02-11 17:48:00,1770832139999,XLM,1m,0.15287,0.15282,0.15287,0.15282,10139.0,3
2026-02-11 17:49:00,1770832199999,XLM,1m,0.15285,0.15289,0.15289,0.15285,10447.0,3
2026-02-11 17:50:00,1770832259999,XLM,1m,0.15289,0.15289,0.15289,0.15289,327.0,1
2026-02-11 17:51:00,1770832319999,XLM,1m,0.15286,0.15303,0.15303,0.15286,10723.0,3
2026-02-11 17:52:00,1770832379999,XLM,1m,0.15311,0.15307,0.15314,0.15307,16776.0,3
2026-02-11 17:53:00,1770832439999,XLM,1m,0.15305,0.15305,0.15305,0.15305,736.0,1
2026-02-11 17:54:00,1770832499999,XLM,1m,0.15298,0.15269,0.15298,0.15269,10653.0,3
2026-02-11 17:55:00,1770832559999,XLM,1m,0.15269,0.15264,0.15269,0.15264,865.0,2
2026-02-11 17:56:00,1770832619999,XLM,1m,0.15263,0.15263,0.15263,0.15263,109.0,1
2026-02-11 17:57:00,1770832679999,XLM,1m,0.15262,0.15262,0.15262,0.15262,736.0,1
2026-02-11 17:58:00,1770832739999,XLM,1m,0.15259,0.15259,0.15259,0.15259,123.0,1
2026-02-11 17:59:00,1770832799999,XLM,1m,0.15249,0.15249,0.15249,0.15249,736.0,1
2026-02-11 18:00:00,1770832859999,XLM,1m,0.15253,0.15251,0.15253,0.15251,229.0,2
2026-02-11 18:01:00,1770832919999,XLM,1m,0.15254,0.15249,0.15254,0.15249,1071.0,3
2026-02-11 18:02:00,1770832979999,XLM,1m,0.15259,0.15259,0.15259,0.15259,3758.0,1
2026-02-11 18:03:00,1770833039999,XLM,1m,0.15257,0.15252,0.15257,0.15252,8745.0,4
2026-02-11 18:04:00,1770833099999,XLM,1m,0.15252,0.15252,0.15252,0.15252,112.0,1
2026-02-11 18:05:00,1770833159999,XLM,1m,0.15227,0.15221,0.15227,0.15221,1030.0,3
2026-02-11 18:06:00,1770833219999,XLM,1m,0.15221,0.15221,0.15221,0.15221,0.0,0
2026-02-11 18:07:00,1770833279999,XLM,1m,0.15208,0.15199,0.15214,0.15199,1076.0,4
2026-02-11 18:08:00,1770833339999,XLM,1m,0.15207,0.15207,0.15207,0.15207,3650.0,1
2026-02-11 18:09:00,1770833399999,XLM,1m,0.152,0.152,0.152,0.152,736.0,1
2026-02-11 18:10:00,1770833459999,XLM,1m,0.152,0.152,0.152,0.152,3609.0,1
2026-02-11 18:11:00,1770833519999,XLM,1m,0.15196,0.15195,0.15196,0.15195,7947.0,3
2026-02-11 18:12:00,1770833579999,XLM,1m,0.15218,0.15209,0.15218,0.15209,4338.0,3
2026-02-11 18:13:00,1770833639999,XLM,1m,0.1522,0.15225,0.15225,0.1522,3008.0,5
2026-02-11 18:14:00,1770833699999,XLM,1m,0.1524,0.15243,0.15243,0.1524,207.0,2
2026-02-11 18:15:00,1770833759999,XLM,1m,0.15252,0.15252,0.15252,0.15252,736.0,1
2026-02-11 18:16:00,1770833819999,XLM,1m,0.15279,0.15313,0.15313,0.15279,30174.0,6
2026-02-11 18:17:00,1770833879999,XLM,1m,0.15338,0.15342,0.15342,0.15338,3186.0,2
2026-02-11 18:18:00,1770833939999,XLM,1m,0.15344,0.15344,0.15344,0.15344,3850.0,1
2026-02-11 18:19:00,1770833999999,XLM,1m,0.15366,0.15366,0.15366,0.15366,736.0,1
2026-02-11 18:20:00,1770834059999,XLM,1m,0.15363,0.15356,0.15363,0.15356,4153.0,2
2026-02-11 18:21:00,1770834119999,XLM,1m,0.15345,0.1537,0.1537,0.15345,6316.0,3
2026-02-11 18:22:00,1770834179999,XLM,1m,0.15358,0.15367,0.15367,0.15358,6601.0,2
2026-02-11 18:23:00,1770834239999,XLM,1m,0.15359,0.15367,0.15367,0.15358,1031.0,3
2026-02-11 18:24:00,1770834299999,XLM,1m,0.15384,0.15403,0.15403,0.15384,28330.0,6
2026-02-11 18:25:00,1770834359999,XLM,1m,0.15405,0.15405,0.15405,0.15405,736.0,1
2026-02-11 18:26:00,1770834419999,XLM,1m,0.15389,0.15389,0.15389,0.15389,112.0,1
2026-02-11 18:27:00,1770834479999,XLM,1m,0.1539,0.15399,0.15399,0.1539,851.0,2
2026-02-11 18:28:00,1770834539999,XLM,1m,0.15408,0.15406,0.15431,0.15406,40651.0,11
2026-02-11 18:29:00,1770834599999,XLM,1m,0.15395,0.15393,0.15395,0.15393,847.0,2
2026-02-11 18:30:00,1770834659999,XLM,1m,0.15393,0.15393,0.15393,0.15393,0.0,0
2026-02-11 18:31:00,1770834719999,XLM,1m,0.15397,0.15397,0.15397,0.15397,736.0,1
2026-02-11 18:32:00,1770834779999,XLM,1m,0.15397,0.15397,0.15397,0.15397,0.0,0
2026-02-11 18:33:00,1770834839999,XLM,1m,0.15369,0.15369,0.15369,0.15369,736.0,1
2026-02-11 18:34:00,1770834899999,XLM,1m,0.15371,0.15371,0.15371,0.15371,198.0,1
2026-02-11 18:35:00,1770834959999,XLM,1m,0.15368,0.15374,0.15374,0.15368,853.0,2
2026-02-11 18:36:00,1770835019999,XLM,1m,0.15374,0.15374,0.15374,0.15374,0.0,0
2026-02-11 18:37:00,1770835079999,XLM,1m,0.15388,0.15388,0.15388,0.15388,736.0,1
2026-02-11 18:38:00,1770835139999,XLM,1m,0.15418,0.15418,0.15418,0.15418,109.0,1
2026-02-11 18:39:00,1770835199999,XLM,1m,0.15412,0.15412,0.15412,0.15412,736.0,1
2026-02-11 18:40:00,1770835259999,XLM,1m,0.15425,0.15418,0.15425,0.15418,4325.0,2
2026-02-11 18:41:00,1770835319999,XLM,1m,0.15399,0.15399,0.15399,0.15399,736.0,1
2026-02-11 18:42:00,1770835379999,XLM,1m,0.15399,0.15399,0.15399,0.15399,0.0,0
2026-02-11 18:43:00,1770835439999,XLM,1m,0.15396,0.15397,0.15397,0.15396,845.0,2
2026-02-11 18:44:00,1770835499999,XLM,1m,0.154,0.154,0.154,0.154,236.0,2
2026-02-11 18:45:00,1770835559999,XLM,1m,0.15407,0.15401,0.15407,0.15401,2564.0,4
2026-02-11 18:46:00,1770835619999,XLM,1m,0.15423,0.15437,0.15437,0.15423,39021.0,9
2026-02-11 18:47:00,1770835679999,XLM,1m,0.15447,0.15447,0.15447,0.15447,736.0,1
2026-02-11 18:48:00,1770835739999,XLM,1m,0.1544,0.15436,0.1544,0.15436,455.0,2
2026-02-11 18:49:00,1770835799999,XLM,1m,0.15433,0.1544,0.1544,0.15429,1081.0,3
2026-02-11 18:50:00,1770835859999,XLM,1m,0.15423,0.15408,0.15423,0.15408,20467.0,3
2026-02-11 18:51:00,1770835919999,XLM,1m,0.15401,0.15401,0.15401,0.15401,736.0,1
2026-02-11 18:52:00,1770835979999,XLM,1m,0.15401,0.15401,0.15401,0.15401,0.0,0
2026-02-11 18:53:00,1770836039999,XLM,1m,0.15418,0.15418,0.15418,0.15418,851.0,2
2026-02-11 18:54:00,1770836099999,XLM,1m,0.15413,0.15413,0.15413,0.15413,71.0,1
2026-02-11 18:55:00,1770836159999,XLM,1m,0.15415,0.15415,0.15415,0.15415,736.0,1
2026-02-11 18:56:00,1770836219999,XLM,1m,0.15417,0.15417,0.15417,0.15417,129.0,1
2026-02-11 18:57:00,1770836279999,XLM,1m,0.15406,0.15406,0.15406,0.15406,736.0,1
2026-02-11 18:58:00,1770836339999,XLM,1m,0.15406,0.15406,0.15406,0.15406,0.0,0
2026-02-11 18:59:00,1770836399999,XLM,1m,0.15407,0.15407,0.15407,0.15407,736.0,1
2026-02-11 19:00:00,1770836459999,XLM,1m,0.15418,0.15417,0.1543,0.15417,32337.0,11
2026-02-11 19:01:00,1770836519999,XLM,1m,0.1542,0.1542,0.1542,0.1542,736.0,1
2026-02-11 19:02:00,1770836579999,XLM,1m,0.15408,0.15401,0.15408,0.15401,8727.0,4
2026-02-11 19:03:00,1770836639999,XLM,1m,0.15393,0.15396,0.15396,0.1539,9284.0,4
2026-02-11 19:04:00,1770836699999,XLM,1m,0.15397,0.15423,0.15423,0.15397,5531.0,2
2026-02-11 19:05:00,1770836759999,XLM,1m,0.15428,0.1543,0.1543,0.15428,6256.0,2
2026-02-11 19:06:00,1770836819999,XLM,1m,0.15414,0.15408,0.15414,0.15408,536.0,3
2026-02-11 19:07:00,1770836879999,XLM,1m,0.15413,0.15463,0.15463,0.15404,28105.0,11
2026-02-11 19:08:00,1770836939999,XLM,1m,0.15473,0.15456,0.15476,0.15456,27251.0,5
2026-02-11 19:09:00,1770836999999,XLM,1m,0.15479,0.15431,0.15479,0.15427,49271.0,10
2026-02-11 19:10:00,1770837059999,XLM,1m,0.15443,0.15443,0.15443,0.15443,106.0,1
2026-02-11 19:11:00,1770837119999,XLM,1m,0.15443,0.15443,0.15443,0.15443,736.0,1
2026-02-11 19:12:00,1770837179999,XLM,1m,0.15443,0.15443,0.15443,0.15443,11150.0,2
2026-02-11 19:13:00,1770837239999,XLM,1m,0.15455,0.15453,0.15455,0.15453,964.0,2
2026-02-11 19:14:00,1770837299999,XLM,1m,0.15453,0.15453,0.15453,0.15453,0.0,0
2026-02-11 19:15:00,1770837359999,XLM,1m,0.15462,0.15458,0.15463,0.15458,10972.0,4
2026-02-11 19:16:00,1770837419999,XLM,1m,0.15457,0.15476,0.15477,0.15457,11332.0,3
2026-02-11 19:17:00,1770837479999,XLM,1m,0.1547,0.1547,0.1547,0.1547,736.0,1
2026-02-11 19:18:00,1770837539999,XLM,1m,0.15467,0.15467,0.15467,0.15467,4666.0,1
2026-02-11 19:19:00,1770837599999,XLM,1m,0.15436,0.15431,0.15437,0.15431,2328.0,3
2026-02-11 19:20:00,1770837659999,XLM,1m,0.1542,0.1542,0.1542,0.1542,9842.0,2
2026-02-11 19:21:00,1770837719999,XLM,1m,0.15412,0.15411,0.15418,0.15411,13105.0,3
2026-02-11 19:22:00,1770837779999,XLM,1m,0.15411,0.15411,0.15411,0.15411,0.0,0
2026-02-11 19:23:00,1770837839999,XLM,1m,0.15427,0.15438,0.15438,0.15427,858.0,2
2026-02-11 19:24:00,1770837899999,XLM,1m,0.15438,0.15445,0.15445,0.15438,223.0,2
2026-02-11 19:25:00,1770837959999,XLM,1m,0.15441,0.15438,0.15441,0.15438,857.0,2
2026-02-11 19:26:00,1770838019999,XLM,1m,0.15439,0.15439,0.15439,0.15439,3029.0,2
2026-02-11 19:27:00,1770838079999,XLM,1m,0.1542,0.1542,0.1542,0.1542,736.0,1
2026-02-11 19:28:00,1770838139999,XLM,1m,0.15411,0.15411,0.15411,0.15411,111.0,1
2026-02-11 19:29:00,1770838199999,XLM,1m,0.15385,0.15389,0.15389,0.15385,849.0,2
2026-02-11 19:30:00,1770838259999,XLM,1m,0.15351,0.15351,0.15351,0.15351,127.0,1
2026-02-11 19:31:00,1770838319999,XLM,1m,0.1536,0.1536,0.1536,0.1536,736.0,1
2026-02-11 19:32:00,1770838379999,XLM,1m,0.1536,0.1536,0.1536,0.1536,0.0,0
2026-02-11 19:33:00,1770838439999,XLM,1m,0.1536,0.15359,0.1536,0.15359,4688.0,2
2026-02-11 19:34:00,1770838499999,XLM,1m,0.15364,0.15364,0.15364,0.15364,110.0,1
2026-02-11 19:35:00,1770838559999,XLM,1m,0.15358,0.15358,0.15359,0.15358,1141.0,3
2026-02-11 19:36:00,1770838619999,XLM,1m,0.15397,0.15397,0.15397,0.15397,126.0,1
2026-02-11 19:37:00,1770838679999,XLM,1m,0.15399,0.15407,0.15407,0.15399,1690.0,2
2026-02-11 19:38:00,1770838739999,XLM,1m,0.15407,0.15407,0.15407,0.15407,0.0,0
2026-02-11 19:39:00,1770838799999,XLM,1m,0.15409,0.1541,0.1541,0.15407,6471.0,3
2026-02-11 19:40:00,1770838859999,XLM,1m,0.15421,0.15414,0.15421,0.15414,229.0,2
2026-02-11 19:41:00,1770838919999,XLM,1m,0.15418,0.15418,0.15418,0.15418,736.0,1
2026-02-11 19:42:00,1770838979999,XLM,1m,0.15424,0.15424,0.15424,0.15424,6071.0,1
2026-02-11 19:43:00,1770839039999,XLM,1m,0.15451,0.15454,0.15455,0.15451,11924.0,6
2026-02-11 19:44:00,1770839099999,XLM,1m,0.15446,0.15446,0.15446,0.15446,108.0,1
2026-02-11 19:45:00,1770839159999,XLM,1m,0.15455,0.15416,0.15458,0.15415,62236.0,12
2026-02-11 19:46:00,1770839219999,XLM,1m,0.15418,0.1545,0.1545,0.15418,15778.0,9
2026-02-11 19:47:00,1770839279999,XLM,1m,0.15427,0.15426,0.15432,0.15426,10781.0,9
2026-02-11 19:48:00,1770839339999,XLM,1m,0.15432,0.15419,0.15432,0.15419,7121.0,4
2026-02-11 19:49:00,1770839399999,XLM,1m,0.15415,0.1542,0.1542,0.15415,1603.0,2
2026-02-11 19:50:00,1770839459999,XLM,1m,0.15419,0.15419,0.15424,0.15419,5676.0,4
2026-02-11 19:51:00,1770839519999,XLM,1m,0.15405,0.15405,0.15405,0.15405,736.0,1
2026-02-11 19:52:00,1770839579999,XLM,1m,0.15415,0.15415,0.15415,0.15415,119.0,1
2026-02-11 19:53:00,1770839639999,XLM,1m,0.15399,0.15399,0.15399,0.15399,736.0,1
2026-02-11 19:54:00,1770839699999,XLM,1m,0.15387,0.15387,0.15387,0.15387,147.0,1
2026-02-11 19:55:00,1770839759999,XLM,1m,0.1539,0.15376,0.1539,0.15376,2926.0,2
2026-02-11 19:56:00,1770839819999,XLM,1m,0.15376,0.15376,0.15376,0.15376,0.0,0
2026-02-11 19:57:00,1770839879999,XLM,1m,0.15387,0.15387,0.15387,0.15387,736.0,1
2026-02-11 19:58:00,1770839939999,XLM,1m,0.154,0.154,0.154,0.154,318.0,2
2026-02-11 19:59:00,1770839999999,XLM,1m,0.15398,0.15393,0.15398,0.15393,857.0,2
2026-02-11 20:00:00,1770840059999,XLM,1m,0.1539,0.15396,0.15396,0.1539,13729.0,3
2026-02-11 20:01:00,1770840119999,XLM,1m,0.15402,0.15414,0.15414,0.15401,1183.0,3
2026-02-11 20:02:00,1770840179999,XLM,1m,0.15414,0.15408,0.15414,0.15408,23367.0,6
2026-02-11 20:03:00,1770840239999,XLM,1m,0.15407,0.15407,0.15407,0.15407,736.0,1
2026-02-11 20:04:00,1770840299999,XLM,1m,0.15406,0.15406,0.15406,0.15406,223.0,1
2026-02-11 20:05:00,1770840359999,XLM,1m,0.15387,0.15387,0.15387,0.15387,736.0,1
2026-02-11 20:06:00,1770840419999,XLM,1m,0.15392,0.15376,0.15392,0.15376,5464.0,5
2026-02-11 20:07:00,1770840479999,XLM,1m,0.15356,0.15357,0.15357,0.15356,846.0,2
2026-02-11 20:08:00,1770840539999,XLM,1m,0.15365,0.15369,0.15369,0.15365,4214.0,2
2026-02-11 20:09:00,1770840599999,XLM,1m,0.15356,0.15364,0.15364,0.15356,855.0,2
2026-02-11 20:10:00,1770840659999,XLM,1m,0.15387,0.15387,0.15387,0.15387,124.0,1
2026-02-11 20:11:00,1770840719999,XLM,1m,0.15386,0.15386,0.15386,0.15386,736.0,1
2026-02-11 20:12:00,1770840779999,XLM,1m,0.15396,0.15396,0.15397,0.15393,1962.0,4
2026-02-11 20:13:00,1770840839999,XLM,1m,0.15404,0.15404,0.15404,0.15404,736.0,1
2026-02-11 20:14:00,1770840899999,XLM,1m,0.15408,0.15408,0.15408,0.15408,121.0,1
2026-02-11 20:15:00,1770840959999,XLM,1m,0.15422,0.15418,0.15422,0.15418,845.0,2
2026-02-11 20:16:00,1770841019999,XLM,1m,0.15419,0.15419,0.15419,0.15419,124.0,1
2026-02-11 20:17:00,1770841079999,XLM,1m,0.15404,0.15404,0.15404,0.15404,736.0,1
2026-02-11 20:18:00,1770841139999,XLM,1m,0.15418,0.15418,0.15418,0.15418,102.0,1
2026-02-11 20:19:00,1770841199999,XLM,1m,0.15405,0.15405,0.15405,0.15405,851.0,2
2026-02-11 20:20:00,1770841259999,XLM,1m,0.15393,0.15393,0.15393,0.15393,110.0,1
2026-02-11 20:21:00,1770841319999,XLM,1m,0.15403,0.15403,0.15403,0.15403,736.0,1
2026-02-11 20:22:00,1770841379999,XLM,1m,0.15386,0.15386,0.15386,0.15386,101.0,1
2026-02-11 20:23:00,1770841439999,XLM,1m,0.15381,0.15373,0.15381,0.15373,1106.0,3
2026-02-11 20:24:00,1770841499999,XLM,1m,0.15375,0.15375,0.15375,0.15375,218.0,1
2026-02-11 20:25:00,1770841559999,XLM,1m,0.15367,0.15362,0.15367,0.15362,972.0,3
2026-02-11 20:26:00,1770841619999,XLM,1m,0.15341,0.15341,0.15341,0.15341,218.0,1
2026-02-11 20:27:00,1770841679999,XLM,1m,0.15325,0.15329,0.1533,0.15322,34221.0,7
2026-02-11 20:28:00,1770841739999,XLM,1m,0.15373,0.15361,0.15373,0.15361,3902.0,2
2026-02-11 20:29:00,1770841799999,XLM,1m,0.15369,0.15368,0.1537,0.15367,13933.0,8
2026-02-11 20:30:00,1770841859999,XLM,1m,0.15366,0.15377,0.15377,0.15366,73815.0,16
2026-02-11 20:31:00,1770841919999,XLM,1m,0.15397,0.15397,0.15397,0.15397,736.0,1
2026-02-11 20:32:00,1770841979999,XLM,1m,0.15397,0.15397,0.15397,0.15397,0.0,0
2026-02-11 20:33:00,1770842039999,XLM,1m,0.15409,0.15443,0.15443,0.15409,10993.0,4
2026-02-11 20:34:00,1770842099999,XLM,1m,0.15461,0.15461,0.15461,0.15461,342.0,3
2026-02-11 20:35:00,1770842159999,XLM,1m,0.15483,0.15508,0.15508,0.15483,4092.0,4
2026-02-11 20:36:00,1770842219999,XLM,1m,0.15508,0.15508,0.15508,0.15508,0.0,0
2026-02-11 20:37:00,1770842279999,XLM,1m,0.15497,0.15497,0.15497,0.15497,736.0,1
2026-02-11 20:38:00,1770842339999,XLM,1m,0.15481,0.15481,0.15481,0.15481,1034.0,1
2026-02-11 20:39:00,1770842399999,XLM,1m,0.15494,0.15494,0.15494,0.15494,736.0,1
2026-02-11 20:40:00,1770842459999,XLM,1m,0.15498,0.15498,0.15498,0.15498,5776.0,1
2026-02-11 20:41:00,1770842519999,XLM,1m,0.15496,0.15496,0.15496,0.15496,736.0,1
2026-02-11 20:42:00,1770842579999,XLM,1m,0.15496,0.15496,0.15496,0.15496,0.0,0
2026-02-11 20:43:00,1770842639999,XLM,1m,0.15489,0.15494,0.15494,0.15489,7912.0,3
2026-02-11 20:44:00,1770842699999,XLM,1m,0.15494,0.15494,0.15494,0.15494,0.0,0
2026-02-11 20:45:00,1770842759999,XLM,1m,0.15475,0.1548,0.1548,0.15475,4926.0,2
2026-02-11 20:46:00,1770842819999,XLM,1m,0.15467,0.15467,0.15467,0.15467,314.0,2
2026-02-11 20:47:00,1770842879999,XLM,1m,0.15476,0.15476,0.15476,0.15476,736.0,1
2026-02-11 20:48:00,1770842939999,XLM,1m,0.15491,0.15544,0.15544,0.15491,8509.0,2
2026-02-11 20:49:00,1770842999999,XLM,1m,0.15532,0.15532,0.15532,0.15532,736.0,1
2026-02-11 20:50:00,1770843059999,XLM,1m,0.15538,0.15538,0.15538,0.15538,112.0,1
2026-02-11 20:51:00,1770843119999,XLM,1m,0.15523,0.15527,0.15527,0.15523,1603.0,2
2026-02-11 20:52:00,1770843179999,XLM,1m,0.15527,0.15527,0.15527,0.15527,0.0,0
2026-02-11 20:53:00,1770843239999,XLM,1m,0.1553,0.15535,0.15535,0.1553,858.0,2
2026-02-11 20:54:00,1770843299999,XLM,1m,0.15538,0.15538,0.15538,0.15538,11068.0,1
2026-02-11 20:55:00,1770843359999,XLM,1m,0.15534,0.15537,0.15537,0.15534,847.0,2
2026-02-11 20:56:00,1770843419999,XLM,1m,0.15535,0.15535,0.15535,0.15535,7022.0,1
2026-02-11 20:57:00,1770843479999,XLM,1m,0.15534,0.15534,0.15534,0.15534,736.0,1
2026-02-11 20:58:00,1770843539999,XLM,1m,0.15553,0.15559,0.1556,0.15553,122659.0,18
2026-02-11 20:59:00,1770843599999,XLM,1m,0.15539,0.15539,0.15539,0.15539,736.0,1
2026-02-11 21:00:00,1770843659999,XLM,1m,0.15539,0.15539,0.15539,0.15539,417.0,4
2026-02-11 21:01:00,1770843719999,XLM,1m,0.1553,0.15496,0.1553,0.15496,17827.0,9
2026-02-11 21:02:00,1770843779999,XLM,1m,0.15496,0.15496,0.15496,0.15496,0.0,0
2026-02-11 21:03:00,1770843839999,XLM,1m,0.15513,0.15513,0.15513,0.15513,736.0,1
2026-02-11 21:04:00,1770843899999,XLM,1m,0.15511,0.15511,0.15511,0.15511,256.0,1
2026-02-11 21:05:00,1770843959999,XLM,1m,0.15518,0.15518,0.15518,0.15518,736.0,1
2026-02-11 21:06:00,1770844019999,XLM,1m,0.15531,0.15545,0.15545,0.15531,868.0,5
2026-02-11 21:07:00,1770844079999,XLM,1m,0.15535,0.15535,0.15535,0.15535,736.0,1
2026-02-11 21:08:00,1770844139999,XLM,1m,0.15537,0.15529,0.15537,0.15529,249.0,2
2026-02-11 21:09:00,1770844199999,XLM,1m,0.15524,0.15524,0.15524,0.15524,736.0,1
2026-02-11 21:10:00,1770844259999,XLM,1m,0.15528,0.15533,0.15533,0.15528,355.0,2
2026-02-11 21:11:00,1770844319999,XLM,1m,0.15528,0.15529,0.15536,0.15527,12953.0,4
2026-02-11 21:12:00,1770844379999,XLM,1m,0.15529,0.15529,0.15529,0.15529,0.0,0
2026-02-11 21:13:00,1770844439999,XLM,1m,0.1553,0.15537,0.15537,0.1553,888.0,2
2026-02-11 21:14:00,1770844499999,XLM,1m,0.15531,0.1553,0.15531,0.1553,371.0,2
2026-02-11 21:15:00,1770844559999,XLM,1m,0.15535,0.15528,0.15535,0.15528,959.0,3
2026-02-11 21:16:00,1770844619999,XLM,1m,0.1552,0.15523,0.15523,0.1552,7773.0,4
2026-02-11 21:17:00,1770844679999,XLM,1m,0.15514,0.15509,0.15514,0.15509,12203.0,4
2026-02-11 21:18:00,1770844739999,XLM,1m,0.15515,0.15514,0.15515,0.15514,150.0,2
2026-02-11 21:19:00,1770844799999,XLM,1m,0.15524,0.15524,0.15524,0.15524,736.0,1
2026-02-11 21:20:00,1770844859999,XLM,1m,0.15538,0.15538,0.15538,0.15538,120.0,1
2026-02-11 21:21:00,1770844919999,XLM,1m,0.15518,0.15518,0.15518,0.15518,736.0,1
2026-02-11 21:22:00,1770844979999,XLM,1m,0.15518,0.15518,0.15518,0.15518,0.0,0
2026-02-11 21:23:00,1770845039999,XLM,1m,0.15533,0.15533,0.15533,0.15533,736.0,1
2026-02-11 21:24:00,1770845099999,XLM,1m,0.15573,0.1559,0.15596,0.15573,15993.0,5
2026-02-11 21:25:00,1770845159999,XLM,1m,0.15603,0.15603,0.15603,0.15603,736.0,1
2026-02-11 21:26:00,1770845219999,XLM,1m,0.15627,0.15627,0.15627,0.15627,109.0,1
2026-02-11 21:27:00,1770845279999,XLM,1m,0.15621,0.1561,0.15621,0.1561,1375.0,3
2026-02-11 21:28:00,1770845339999,XLM,1m,0.15623,0.15632,0.15632,0.15623,360.0,2
2026-02-11 21:29:00,1770845399999,XLM,1m,0.15661,0.15661,0.15661,0.15661,736.0,1
2026-02-11 21:30:00,1770845459999,XLM,1m,0.15684,0.15665,0.15684,0.15665,479.0,3
2026-02-11 21:31:00,1770845519999,XLM,1m,0.15666,0.15666,0.15666,0.15666,736.0,2
2026-02-11 21:32:00,1770845579999,XLM,1m,0.15654,0.15651,0.15654,0.15651,423.0,2
2026-02-11 21:33:00,1770845639999,XLM,1m,0.15671,0.15683,0.15685,0.15671,11102.0,7
2026-02-11 21:34:00,1770845699999,XLM,1m,0.15657,0.15657,0.15657,0.15657,345.0,2
2026-02-11 21:35:00,1770845759999,XLM,1m,0.15663,0.15673,0.15673,0.15663,854.0,2
2026-02-11 21:36:00,1770845819999,XLM,1m,0.15692,0.15692,0.15692,0.15692,301.0,2
2026-02-11 21:37:00,1770845879999,XLM,1m,0.15691,0.15689,0.15691,0.15689,832.0,2
2026-02-11 21:38:00,1770845939999,XLM,1m,0.15698,0.15696,0.15698,0.15696,412.0,2
2026-02-11 21:39:00,1770845999999,XLM,1m,0.15683,0.15683,0.15683,0.15683,736.0,1
2026-02-11 21:40:00,1770846059999,XLM,1m,0.15668,0.15668,0.15668,0.15668,124.0,1
2026-02-11 21:41:00,1770846119999,XLM,1m,0.15637,0.15636,0.15637,0.15636,2113.0,3
2026-02-11 21:42:00,1770846179999,XLM,1m,0.15624,0.15613,0.15624,0.15613,7059.0,11
2026-02-11 21:43:00,1770846239999,XLM,1m,0.1561,0.15607,0.15614,0.15603,22628.0,35
2026-02-11 21:44:00,1770846299999,XLM,1m,0.15607,0.15605,0.15609,0.15599,20142.0,29
2026-02-11 21:45:00,1770846359999,XLM,1m,0.15609,0.15599,0.15609,0.15598,14461.0,23
2026-02-11 21:46:00,1770846419999,XLM,1m,0.15605,0.15598,0.15605,0.15595,10127.0,17
2026-02-11 21:47:00,1770846479999,XLM,1m,0.15606,0.1561,0.15621,0.15605,6769.0,16
2026-02-11 21:48:00,1770846539999,XLM,1m,0.15616,0.15619,0.15619,0.15614,909.0,3
2026-02-11 21:49:00,1770846599999,XLM,1m,0.15613,0.15615,0.15617,0.15612,3445.0,7
2026-02-11 21:50:00,1770846659999,XLM,1m,0.15622,0.15622,0.15622,0.15622,99.0,1
2026-02-11 21:51:00,1770846719999,XLM,1m,0.15624,0.15624,0.15624,0.15624,736.0,1
2026-02-11 21:52:00,1770846779999,XLM,1m,0.15639,0.15639,0.15639,0.15639,114.0,1
2026-02-11 21:53:00,1770846839999,XLM,1m,0.15631,0.15628,0.15631,0.15628,857.0,2
2026-02-11 21:54:00,1770846899999,XLM,1m,0.1563,0.1563,0.1563,0.1563,97.0,1
2026-02-11 21:55:00,1770846959999,XLM,1m,0.15627,0.15627,0.15627,0.15627,736.0,1
2026-02-11 21:56:00,1770847019999,XLM,1m,0.15624,0.1562,0.15624,0.1562,337.0,2
2026-02-11 21:57:00,1770847079999,XLM,1m,0.15624,0.15612,0.15624,0.15612,981.0,3
2026-02-11 21:58:00,1770847139999,XLM,1m,0.15608,0.15608,0.15608,0.15608,121.0,1
2026-02-11 21:59:00,1770847199999,XLM,1m,0.15613,0.15613,0.15613,0.15613,736.0,1
2026-02-11 22:00:00,1770847259999,XLM,1m,0.15613,0.15613,0.15613,0.15613,227.0,1
2026-02-11 22:01:00,1770847319999,XLM,1m,0.15595,0.15595,0.15595,0.15595,736.0,1
2026-02-11 22:02:00,1770847379999,XLM,1m,0.15595,0.1559,0.15595,0.1559,375.0,3
2026-02-11 22:03:00,1770847439999,XLM,1m,0.15576,0.15575,0.15576,0.15575,816.0,2
2026-02-11 22:04:00,1770847499999,XLM,1m,0.15553,0.15553,0.15553,0.15553,272.0,1
2026-02-11 22:05:00,1770847559999,XLM,1m,0.15564,0.15564,0.15564,0.15564,736.0,1
2026-02-11 22:06:00,1770847619999,XLM,1m,0.15551,0.15551,0.15551,0.15551,400.0,2
2026-02-11 22:07:00,1770847679999,XLM,1m,0.15559,0.15559,0.15559,0.15559,841.0,2
2026-02-11 22:08:00,1770847739999,XLM,1m,0.15559,0.15559,0.15559,0.15559,0.0,0
2026-02-11 22:09:00,1770847799999,XLM,1m,0.15572,0.15561,0.15572,0.15561,881.0,2
2026-02-11 22:10:00,1770847859999,XLM,1m,0.15561,0.15561,0.15561,0.15561,0.0,0
2026-02-11 22:11:00,1770847919999,XLM,1m,0.15565,0.15572,0.15572,0.15565,932.0,3
2026-02-11 22:12:00,1770847979999,XLM,1m,0.15566,0.15571,0.15571,0.15566,449.0,3
2026-02-11 22:13:00,1770848039999,XLM,1m,0.15552,0.1554,0.15552,0.1554,6331.0,3
2026-02-11 22:14:00,1770848099999,XLM,1m,0.15575,0.15575,0.15575,0.15575,460.0,4
2026-02-11 22:15:00,1770848159999,XLM,1m,0.15565,0.15565,0.15565,0.15565,736.0,1
2026-02-11 22:16:00,1770848219999,XLM,1m,0.15578,0.15584,0.15584,0.15578,8132.0,5
2026-02-11 22:17:00,1770848279999,XLM,1m,0.15579,0.15571,0.15579,0.15571,852.0,2
2026-02-11 22:18:00,1770848339999,XLM,1m,0.15563,0.15563,0.15563,0.15563,128.0,1
2026-02-11 22:19:00,1770848399999,XLM,1m,0.15566,0.15566,0.15566,0.15566,736.0,1
2026-02-11 22:20:00,1770848459999,XLM,1m,0.15561,0.1555,0.15561,0.1555,338.0,3
2026-02-11 22:21:00,1770848519999,XLM,1m,0.15537,0.15538,0.15538,0.15537,958.0,3
2026-02-11 22:22:00,1770848579999,XLM,1m,0.15537,0.15533,0.15537,0.15533,231.0,2
2026-02-11 22:23:00,1770848639999,XLM,1m,0.1553,0.1553,0.1553,0.1553,736.0,1
2026-02-11 22:24:00,1770848699999,XLM,1m,0.15538,0.15538,0.15538,0.15538,184.0,1
2026-02-11 22:25:00,1770848759999,XLM,1m,0.15538,0.15539,0.15543,0.15538,2002.0,4
2026-02-11 22:26:00,1770848819999,XLM,1m,0.15539,0.15539,0.15539,0.15539,0.0,0
2026-02-11 22:27:00,1770848879999,XLM,1m,0.15538,0.15509,0.15538,0.15509,1015.0,3
2026-02-11 22:28:00,1770848939999,XLM,1m,0.15512,0.15512,0.15512,0.15512,211.0,1
2026-02-11 22:29:00,1770848999999,XLM,1m,0.1553,0.15527,0.1553,0.15527,887.0,2
2026-02-11 22:30:00,1770849059999,XLM,1m,0.15535,0.15518,0.15535,0.15517,919.0,4
2026-02-11 22:31:00,1770849119999,XLM,1m,0.15528,0.15528,0.15528,0.15528,736.0,1
2026-02-11 22:32:00,1770849179999,XLM,1m,0.15544,0.15552,0.15552,0.15544,336.0,2
2026-02-11 22:33:00,1770849239999,XLM,1m,0.15562,0.15552,0.15562,0.15552,1058.0,2
2026-02-11 22:34:00,1770849299999,XLM,1m,0.15539,0.15539,0.15539,0.15539,1290.0,1
2026-02-11 22:35:00,1770849359999,XLM,1m,0.15544,0.15544,0.15544,0.15544,857.0,2
2026-02-11 22:36:00,1770849419999,XLM,1m,0.15529,0.15529,0.15529,0.15529,111.0,1
2026-02-11 22:37:00,1770849479999,XLM,1m,0.15529,0.15533,0.15533,0.15529,960.0,3
2026-02-11 22:38:00,1770849539999,XLM,1m,0.15536,0.15543,0.15543,0.15536,230.0,2
2026-02-11 22:39:00,1770849599999,XLM,1m,0.15522,0.15546,0.15546,0.15522,816.0,2
2026-02-11 22:40:00,1770849659999,XLM,1m,0.15546,0.15546,0.15546,0.15546,0.0,0
2026-02-11 22:41:00,1770849719999,XLM,1m,0.15553,0.15561,0.15561,0.15553,12453.0,6
2026-02-11 22:42:00,1770849779999,XLM,1m,0.15563,0.15557,0.15563,0.15557,20853.0,2
2026-02-11 22:43:00,1770849839999,XLM,1m,0.15564,0.15558,0.15564,0.15558,7646.0,4
2026-02-11 22:44:00,1770849899999,XLM,1m,0.15563,0.15553,0.15563,0.15553,1144.0,4
2026-02-11 22:45:00,1770849959999,XLM,1m,0.15539,0.15539,0.15539,0.15539,736.0,1
2026-02-11 22:46:00,1770850019999,XLM,1m,0.15534,0.15527,0.15534,0.15527,6012.0,3
2026-02-11 22:47:00,1770850079999,XLM,1m,0.15524,0.15524,0.15524,0.15524,736.0,1
2026-02-11 22:48:00,1770850139999,XLM,1m,0.15525,0.15528,0.15528,0.15525,234.0,2
2026-02-11 22:49:00,1770850199999,XLM,1m,0.15513,0.15513,0.15513,0.15513,1074.0,2
2026-02-11 22:50:00,1770850259999,XLM,1m,0.15487,0.15487,0.15487,0.15487,143.0,1
2026-02-11 22:51:00,1770850319999,XLM,1m,0.15481,0.15481,0.15481,0.15481,736.0,1
2026-02-11 22:52:00,1770850379999,XLM,1m,0.15462,0.15461,0.15462,0.15461,1576.0,2
2026-02-11 22:53:00,1770850439999,XLM,1m,0.15445,0.15428,0.15445,0.15426,17789.0,8
2026-02-11 22:54:00,1770850499999,XLM,1m,0.15455,0.15455,0.15455,0.15455,271.0,1
2026-02-11 22:55:00,1770850559999,XLM,1m,0.15455,0.15455,0.15455,0.15455,736.0,1
2026-02-11 22:56:00,1770850619999,XLM,1m,0.15453,0.15449,0.15464,0.15449,470.0,3
2026-02-11 22:57:00,1770850679999,XLM,1m,0.15451,0.15451,0.15451,0.15451,736.0,2
2026-02-11 22:58:00,1770850739999,XLM,1m,0.15465,0.15465,0.15465,0.15465,97.0,1
2026-02-11 22:59:00,1770850799999,XLM,1m,0.15461,0.15461,0.15461,0.15461,831.0,2
2026-02-11 23:00:00,1770850859999,XLM,1m,0.15453,0.15457,0.15463,0.15453,1250.0,3
2026-02-11 23:01:00,1770850919999,XLM,1m,0.15431,0.15428,0.15431,0.15428,9080.0,3
2026-02-11 23:02:00,1770850979999,XLM,1m,0.15458,0.15462,0.15462,0.15452,340.0,3
2026-02-11 23:03:00,1770851039999,XLM,1m,0.1547,0.15475,0.15475,0.15465,965.0,3
2026-02-11 23:04:00,1770851099999,XLM,1m,0.15478,0.15473,0.15478,0.15473,366.0,3
2026-02-11 23:05:00,1770851159999,XLM,1m,0.15474,0.15485,0.15485,0.15474,2169.0,3
2026-02-11 23:06:00,1770851219999,XLM,1m,0.15485,0.15485,0.15485,0.15485,0.0,0
2026-02-11 23:07:00,1770851279999,XLM,1m,0.15475,0.15468,0.15475,0.15468,1220.0,6
2026-02-11 23:08:00,1770851339999,XLM,1m,0.15445,0.15445,0.15445,0.15445,112.0,1
2026-02-11 23:09:00,1770851399999,XLM,1m,0.15438,0.15438,0.15438,0.15438,736.0,1
2026-02-11 23:10:00,1770851459999,XLM,1m,0.15419,0.15419,0.15419,0.15419,140.0,1
2026-02-11 23:11:00,1770851519999,XLM,1m,0.15414,0.15414,0.15414,0.15414,736.0,1
2026-02-11 23:12:00,1770851579999,XLM,1m,0.15414,0.15405,0.15414,0.15405,358.0,3
2026-02-11 23:13:00,1770851639999,XLM,1m,0.15406,0.15406,0.15406,0.15406,736.0,1
2026-02-11 23:14:00,1770851699999,XLM,1m,0.15421,0.15421,0.15421,0.15421,271.0,1
2026-02-11 23:15:00,1770851759999,XLM,1m,0.15415,0.15412,0.15415,0.15412,8544.0,2
2026-02-11 23:16:00,1770851819999,XLM,1m,0.15424,0.15431,0.15431,0.15424,333.0,2
2026-02-11 23:17:00,1770851879999,XLM,1m,0.15445,0.15446,0.15446,0.15445,1005.0,2
2026-02-11 23:18:00,1770851939999,XLM,1m,0.15457,0.15461,0.15461,0.15457,11216.0,3
2026-02-11 23:19:00,1770851999999,XLM,1m,0.15442,0.15442,0.15442,0.15442,736.0,1
2026-02-11 23:20:00,1770852059999,XLM,1m,0.15429,0.15411,0.15429,0.15411,13773.0,3
2026-02-11 23:21:00,1770852119999,XLM,1m,0.1538,0.15371,0.1538,0.15363,11005.0,4
2026-02-11 23:22:00,1770852179999,XLM,1m,0.15368,0.15368,0.15368,0.15364,331.0,3
2026-02-11 23:23:00,1770852239999,XLM,1m,0.1536,0.1536,0.1536,0.1536,4281.0,2
2026-02-11 23:24:00,1770852299999,XLM,1m,0.15385,0.1538,0.15385,0.1538,2306.0,3
2026-02-11 23:25:00,1770852359999,XLM,1m,0.15369,0.15362,0.15369,0.15362,2171.0,2
2026-02-11 23:26:00,1770852419999,XLM,1m,0.15393,0.15398,0.15398,0.15393,276.0,2
2026-02-11 23:27:00,1770852479999,XLM,1m,0.15398,0.15387,0.15398,0.15387,851.0,2
2026-02-11 23:28:00,1770852539999,XLM,1m,0.15386,0.15386,0.15386,0.15386,103.0,1
2026-02-11 23:29:00,1770852599999,XLM,1m,0.15388,0.15392,0.15392,0.15388,836.0,2
2026-02-11 23:30:00,1770852659999,XLM,1m,0.15398,0.15392,0.15398,0.15392,201.0,2
2026-02-11 23:31:00,1770852719999,XLM,1m,0.15388,0.15395,0.15395,0.15388,834.0,2
2026-02-11 23:32:00,1770852779999,XLM,1m,0.15394,0.15394,0.15394,0.15394,107.0,1
2026-02-11 23:33:00,1770852839999,XLM,1m,0.15386,0.15377,0.15386,0.15377,2736.0,3
2026-02-11 23:34:00,1770852899999,XLM,1m,0.15388,0.15388,0.15388,0.15388,191.0,1
2026-02-11 23:35:00,1770852959999,XLM,1m,0.15363,0.15363,0.15363,0.15363,11884.0,2
2026-02-11 23:36:00,1770853019999,XLM,1m,0.15363,0.15363,0.15363,0.15363,0.0,0
2026-02-11 23:37:00,1770853079999,XLM,1m,0.15355,0.15356,0.15356,0.15355,838.0,2
2026-02-11 23:38:00,1770853139999,XLM,1m,0.1537,0.15405,0.15405,0.1537,6913.0,5
2026-02-11 23:39:00,1770853199999,XLM,1m,0.15413,0.15413,0.15413,0.15413,736.0,1
2026-02-11 23:40:00,1770853259999,XLM,1m,0.15444,0.15444,0.15444,0.15444,109.0,1
2026-02-11 23:41:00,1770853319999,XLM,1m,0.15444,0.15444,0.15444,0.15444,736.0,1
2026-02-11 23:42:00,1770853379999,XLM,1m,0.15444,0.15444,0.15444,0.15444,0.0,0
2026-02-11 23:43:00,1770853439999,XLM,1m,0.15439,0.15439,0.15439,0.15439,736.0,1
2026-02-11 23:44:00,1770853499999,XLM,1m,0.15434,0.15431,0.15434,0.15431,9215.0,2
2026-02-11 23:45:00,1770853559999,XLM,1m,0.15447,0.15439,0.15447,0.15439,3729.0,3
2026-02-11 23:46:00,1770853619999,XLM,1m,0.15446,0.1544,0.15446,0.1544,15367.0,3
2026-02-11 23:47:00,1770853679999,XLM,1m,0.15447,0.15444,0.15447,0.15444,1180.0,2
2026-02-11 23:48:00,1770853739999,XLM,1m,0.15453,0.15446,0.15454,0.15446,4377.0,5
2026-02-11 23:49:00,1770853799999,XLM,1m,0.15448,0.15436,0.15448,0.15436,4896.0,6
2026-02-11 23:50:00,1770853859999,XLM,1m,0.15432,0.15432,0.15432,0.15432,105.0,1
2026-02-11 23:51:00,1770853919999,XLM,1m,0.15438,0.15438,0.15438,0.15438,941.0,2
2026-02-11 23:52:00,1770853979999,XLM,1m,0.15438,0.15438,0.15438,0.15438,0.0,0
2026-02-11 23:53:00,1770854039999,XLM,1m,0.15437,0.15437,0.15437,0.15437,736.0,1
2026-02-11 23:54:00,1770854099999,XLM,1m,0.15437,0.15438,0.15438,0.15437,208.0,2
2026-02-11 23:55:00,1770854159999,XLM,1m,0.15438,0.15432,0.15438,0.15432,2658.0,3
2026-02-11 23:56:00,1770854219999,XLM,1m,0.1544,0.1544,0.1544,0.1544,104.0,1
2026-02-11 23:57:00,1770854279999,XLM,1m,0.15438,0.15438,0.15438,0.15438,736.0,1
2026-02-11 23:58:00,1770854339999,XLM,1m,0.15453,0.15453,0.15453,0.15453,99.0,1
2026-02-11 23:59:00,1770854399999,XLM,1m,0.15439,0.15446,0.15446,0.15439,1091.0,4
2026-02-12 00:00:00,1770854459999,XLM,1m,0.15457,0.15454,0.15462,0.15454,22639.0,7
2026-02-12 00:01:00,1770854519999,XLM,1m,0.15459,0.15493,0.15493,0.15459,3478.0,5
2026-02-12 00:02:00,1770854579999,XLM,1m,0.15493,0.15494,0.15494,0.15484,18411.0,9
2026-02-12 00:03:00,1770854639999,XLM,1m,0.15492,0.15483,0.15496,0.15483,6184.0,6
2026-02-12 00:04:00,1770854699999,XLM,1m,0.15491,0.15494,0.15494,0.15491,3767.0,3
2026-02-12 00:05:00,1770854759999,XLM,1m,0.15508,0.1555,0.1555,0.15508,14230.0,5
2026-02-12 00:06:00,1770854819999,XLM,1m,0.15538,0.15538,0.15538,0.15538,118.0,1
2026-02-12 00:07:00,1770854879999,XLM,1m,0.15533,0.15534,0.15534,0.15533,332.0,2
2026-02-12 00:08:00,1770854939999,XLM,1m,0.15537,0.15537,0.15537,0.15537,123.0,1
2026-02-12 00:09:00,1770854999999,XLM,1m,0.15536,0.15536,0.15536,0.15536,518.0,1
2026-02-12 00:10:00,1770855059999,XLM,1m,0.15534,0.15532,0.15534,0.15532,1593.0,2
2026-02-12 00:11:00,1770855119999,XLM,1m,0.15534,0.15533,0.15534,0.15533,842.0,2
2026-02-12 00:12:00,1770855179999,XLM,1m,0.15532,0.15539,0.15539,0.15532,7343.0,3
2026-02-12 00:13:00,1770855239999,XLM,1m,0.15539,0.15536,0.15539,0.15536,1337.0,3
2026-02-12 00:14:00,1770855299999,XLM,1m,0.15539,0.15545,0.15555,0.15539,11790.0,9
2026-02-12 00:15:00,1770855359999,XLM,1m,0.15537,0.15525,0.15538,0.15525,9492.0,4
2026-02-12 00:16:00,1770855419999,XLM,1m,0.15535,0.15535,0.15535,0.15535,205.0,1
2026-02-12 00:17:00,1770855479999,XLM,1m,0.15537,0.15542,0.15544,0.15535,12441.0,7
2026-02-12 00:18:00,1770855539999,XLM,1m,0.15541,0.15538,0.15541,0.15535,12870.0,4
2026-02-12 00:19:00,1770855599999,XLM,1m,0.15542,0.15542,0.15542,0.15542,518.0,1
2026-02-12 00:20:00,1770855659999,XLM,1m,0.15548,0.15548,0.15548,0.15548,2598.0,1
2026-02-12 00:21:00,1770855719999,XLM,1m,0.15556,0.15553,0.15556,0.15553,985.0,3
2026-02-12 00:22:00,1770855779999,XLM,1m,0.15545,0.15541,0.15545,0.15541,11957.0,2
2026-02-12 00:23:00,1770855839999,XLM,1m,0.15541,0.15534,0.15541,0.15534,3503.0,3
2026-02-12 00:24:00,1770855899999,XLM,1m,0.15547,0.15547,0.15547,0.15547,2511.0,2
2026-02-12 00:25:00,1770855959999,XLM,1m,0.15549,0.15549,0.15549,0.15549,518.0,1
2026-02-12 00:26:00,1770856019999,XLM,1m,0.15544,0.15544,0.15544,0.15544,126.0,1
2026-02-12 00:27:00,1770856079999,XLM,1m,0.15525,0.15495,0.15525,0.15495,34676.0,8
2026-02-12 00:28:00,1770856139999,XLM,1m,0.15514,0.15518,0.15518,0.15514,5078.0,2
2026-02-12 00:29:00,1770856199999,XLM,1m,0.15519,0.15519,0.15519,0.15519,518.0,1
2026-02-12 00:30:00,1770856259999,XLM,1m,0.15522,0.15527,0.15527,0.15522,14871.0,3
2026-02-12 00:31:00,1770856319999,XLM,1m,0.15529,0.15529,0.15529,0.15529,518.0,1
2026-02-12 00:32:00,1770856379999,XLM,1m,0.15538,0.15538,0.15538,0.15538,3037.0,1
2026-02-12 00:33:00,1770856439999,XLM,1m,0.1554,0.15557,0.15557,0.1554,826.0,4
2026-02-12 00:34:00,1770856499999,XLM,1m,0.15557,0.15541,0.15557,0.15541,2524.0,2
2026-02-12 00:35:00,1770856559999,XLM,1m,0.15548,0.15569,0.15569,0.15548,15366.0,4
2026-02-12 00:36:00,1770856619999,XLM,1m,0.15581,0.15581,0.15581,0.15581,2108.0,1
2026-02-12 00:37:00,1770856679999,XLM,1m,0.15583,0.15606,0.15606,0.15583,9956.0,5
2026-02-12 00:38:00,1770856739999,XLM,1m,0.15596,0.15597,0.15597,0.15596,3000.0,2
2026-02-12 00:39:00,1770856799999,XLM,1m,0.15585,0.15585,0.15585,0.15585,518.0,1
2026-02-12 00:40:00,1770856859999,XLM,1m,0.15597,0.15597,0.15597,0.15597,5393.0,1
2026-02-12 00:41:00,1770856919999,XLM,1m,0.15595,0.15595,0.15595,0.15595,518.0,1
2026-02-12 00:42:00,1770856979999,XLM,1m,0.15597,0.15599,0.15599,0.15597,4111.0,2
2026-02-12 00:43:00,1770857039999,XLM,1m,0.156,0.15616,0.15616,0.156,7846.0,2
2026-02-12 00:44:00,1770857099999,XLM,1m,0.15615,0.15615,0.15615,0.15615,203.0,1
2026-02-12 00:45:00,1770857159999,XLM,1m,0.15614,0.15618,0.15622,0.15614,5499.0,3
2026-02-12 00:46:00,1770857219999,XLM,1m,0.15618,0.15618,0.15618,0.15618,0.0,0
2026-02-12 00:47:00,1770857279999,XLM,1m,0.15614,0.15615,0.15615,0.1561,27819.0,12
2026-02-12 00:48:00,1770857339999,XLM,1m,0.15611,0.15611,0.15611,0.15611,115.0,1
2026-02-12 00:49:00,1770857399999,XLM,1m,0.15596,0.15605,0.15605,0.15596,644.0,2
2026-02-12 00:50:00,1770857459999,XLM,1m,0.15606,0.15597,0.15606,0.15597,406.0,2
2026-02-12 00:51:00,1770857519999,XLM,1m,0.15608,0.15608,0.15608,0.15608,518.0,1
2026-02-12 00:52:00,1770857579999,XLM,1m,0.15603,0.15603,0.15603,0.15603,245.0,1
2026-02-12 00:53:00,1770857639999,XLM,1m,0.15604,0.156,0.15604,0.156,616.0,2
2026-02-12 00:54:00,1770857699999,XLM,1m,0.15599,0.15599,0.15599,0.15599,551.0,3
2026-02-12 00:55:00,1770857759999,XLM,1m,0.15603,0.15599,0.15603,0.15599,625.0,2
2026-02-12 00:56:00,1770857819999,XLM,1m,0.15599,0.15599,0.15599,0.15599,207.0,1
2026-02-12 00:57:00,1770857879999,XLM,1m,0.15601,0.15598,0.15601,0.15598,616.0,2
2026-02-12 00:58:00,1770857939999,XLM,1m,0.15595,0.15599,0.15599,0.15595,235.0,2
2026-02-12 00:59:00,1770857999999,XLM,1m,0.15581,0.15581,0.15581,0.15581,518.0,1
2026-02-12 01:00:00,1770858059999,XLM,1m,0.15587,0.156,0.15601,0.15587,26484.0,7
2026-02-12 01:01:00,1770858119999,XLM,1m,0.15594,0.156,0.15601,0.15592,16188.0,6
2026-02-12 01:02:00,1770858179999,XLM,1m,0.15594,0.15594,0.15594,0.15594,91.0,1
2026-02-12 01:03:00,1770858239999,XLM,1m,0.15599,0.15599,0.15599,0.15594,11995.0,4
2026-02-12 01:04:00,1770858299999,XLM,1m,0.15591,0.15591,0.15591,0.15591,93.0,1
2026-02-12 01:05:00,1770858359999,XLM,1m,0.15598,0.1559,0.15598,0.1559,4311.0,4
2026-02-12 01:06:00,1770858419999,XLM,1m,0.1559,0.1559,0.1559,0.1559,0.0,0
2026-02-12 01:07:00,1770858479999,XLM,1m,0.15607,0.1561,0.15611,0.15607,8174.0,3
2026-02-12 01:08:00,1770858539999,XLM,1m,0.15599,0.15599,0.15599,0.15599,4000.0,1
2026-02-12 01:09:00,1770858599999,XLM,1m,0.156,0.15601,0.15601,0.15599,7678.0,4
2026-02-12 01:10:00,1770858659999,XLM,1m,0.15608,0.15609,0.15609,0.15608,522.0,3
2026-02-12 01:11:00,1770858719999,XLM,1m,0.15609,0.15609,0.15609,0.15609,518.0,1
2026-02-12 01:12:00,1770858779999,XLM,1m,0.15617,0.15617,0.15617,0.15617,401.0,1
2026-02-12 01:13:00,1770858839999,XLM,1m,0.1562,0.1563,0.1563,0.1562,635.0,2
2026-02-12 01:14:00,1770858899999,XLM,1m,0.1563,0.1563,0.1563,0.1563,0.0,0
2026-02-12 01:15:00,1770858959999,XLM,1m,0.15623,0.1562,0.15625,0.15617,1276.0,5
2026-02-12 01:16:00,1770859019999,XLM,1m,0.15634,0.15634,0.15634,0.15634,102.0,1
2026-02-12 01:17:00,1770859079999,XLM,1m,0.15626,0.15626,0.15626,0.15626,518.0,1
2026-02-12 01:18:00,1770859139999,XLM,1m,0.15639,0.15625,0.1564,0.15625,4310.0,3
2026-02-12 01:19:00,1770859199999,XLM,1m,0.15618,0.15618,0.15618,0.15618,518.0,1
2026-02-12 01:20:00,1770859259999,XLM,1m,0.15622,0.15619,0.15622,0.15619,222.0,2
2026-02-12 01:21:00,1770859319999,XLM,1m,0.15612,0.15618,0.15618,0.15612,639.0,2
2026-02-12 01:22:00,1770859379999,XLM,1m,0.15618,0.15618,0.15618,0.15618,0.0,0
2026-02-12 01:23:00,1770859439999,XLM,1m,0.15608,0.15608,0.15608,0.15608,518.0,1
2026-02-12 01:24:00,1770859499999,XLM,1m,0.15608,0.15608,0.15608,0.15608,0.0,0
2026-02-12 01:25:00,1770859559999,XLM,1m,0.1561,0.1561,0.1561,0.1561,518.0,1
2026-02-12 01:26:00,1770859619999,XLM,1m,0.15645,0.15645,0.15645,0.15645,5520.0,1
2026-02-12 01:27:00,1770859679999,XLM,1m,0.15655,0.1565,0.15655,0.1565,1186.0,3
2026-02-12 01:28:00,1770859739999,XLM,1m,0.1565,0.1565,0.1565,0.1565,0.0,0
2026-02-12 01:29:00,1770859799999,XLM,1m,0.15644,0.15633,0.15644,0.15633,1974.0,3
2026-02-12 01:30:00,1770859859999,XLM,1m,0.15633,0.15633,0.15633,0.15633,0.0,0
2026-02-12 01:31:00,1770859919999,XLM,1m,0.15645,0.15645,0.15645,0.15645,518.0,1
2026-02-12 01:32:00,1770859979999,XLM,1m,0.15623,0.15623,0.15623,0.15623,5190.0,1
2026-02-12 01:33:00,1770860039999,XLM,1m,0.15633,0.15628,0.15633,0.15628,671.0,2
2026-02-12 01:34:00,1770860099999,XLM,1m,0.1563,0.1563,0.1563,0.1563,274.0,1
2026-02-12 01:35:00,1770860159999,XLM,1m,0.15624,0.15626,0.15626,0.15624,9509.0,2
2026-02-12 01:36:00,1770860219999,XLM,1m,0.15642,0.15642,0.15642,0.15642,232.0,1
2026-02-12 01:37:00,1770860279999,XLM,1m,0.15663,0.15671,0.15671,0.1566,18611.0,7
2026-02-12 01:38:00,1770860339999,XLM,1m,0.15671,0.15671,0.15671,0.15671,0.0,0
2026-02-12 01:39:00,1770860399999,XLM,1m,0.15658,0.15658,0.15658,0.15654,953.0,4
2026-02-12 01:40:00,1770860459999,XLM,1m,0.15651,0.15656,0.15656,0.15651,449.0,2
2026-02-12 01:41:00,1770860519999,XLM,1m,0.15656,0.15641,0.15656,0.15641,776.0,3
2026-02-12 01:42:00,1770860579999,XLM,1m,0.15653,0.15649,0.15653,0.15649,239.0,2
2026-02-12 01:43:00,1770860639999,XLM,1m,0.15649,0.15648,0.15653,0.15648,818.0,3
2026-02-12 01:44:00,1770860699999,XLM,1m,0.15638,0.15638,0.15638,0.15638,151.0,1
2026-02-12 01:45:00,1770860759999,XLM,1m,0.15636,0.15634,0.15636,0.15634,1197.0,2
2026-02-12 01:46:00,1770860819999,XLM,1m,0.15634,0.15634,0.15634,0.15634,0.0,0
2026-02-12 01:47:00,1770860879999,XLM,1m,0.15627,0.15638,0.15638,0.15627,767.0,3
2026-02-12 01:48:00,1770860939999,XLM,1m,0.15632,0.15628,0.15633,0.1562,22464.0,32
2026-02-12 01:49:00,1770860999999,XLM,1m,0.15628,0.15627,0.15629,0.15618,41695.0,51
2026-02-12 01:50:00,1770861059999,XLM,1m,0.1563,0.15638,0.1564,0.1563,41460.0,54
2026-02-12 01:51:00,1770861119999,XLM,1m,0.15638,0.1563,0.1564,0.15623,57244.0,73
2026-02-12 01:52:00,1770861179999,XLM,1m,0.1563,0.15629,0.15635,0.15623,57598.0,98
2026-02-12 01:53:00,1770861239999,XLM,1m,0.1563,0.15632,0.15635,0.15624,56752.0,78
2026-02-12 01:54:00,1770861299999,XLM,1m,0.15632,0.15632,0.15635,0.15632,45792.0,75
2026-02-12 01:55:00,1770861359999,XLM,1m,0.15636,0.15628,0.15636,0.15628,5702.0,7
2026-02-12 01:56:00,1770861419999,XLM,1m,0.15639,0.15642,0.15642,0.15639,5764.0,7
2026-02-12 01:57:00,1770861479999,XLM,1m,0.15642,0.15639,0.15646,0.15639,37629.0,47
2026-02-12 01:58:00,1770861539999,XLM,1m,0.15639,0.15639,0.1564,0.15625,39907.0,69
2026-02-12 01:59:00,1770861599999,XLM,1m,0.15639,0.15634,0.1564,0.15634,15189.0,29
2026-02-12 02:00:00,1770861659999,XLM,1m,0.15635,0.1562,0.15635,0.1562,42551.0,8
2026-02-12 02:01:00,1770861719999,XLM,1m,0.1562,0.15624,0.1563,0.1562,44971.0,13
2026-02-12 02:02:00,1770861779999,XLM,1m,0.15624,0.15625,0.15625,0.15618,1812.0,4
2026-02-12 02:03:00,1770861839999,XLM,1m,0.15622,0.15622,0.15627,0.15622,1278.0,3
2026-02-12 02:04:00,1770861899999,XLM,1m,0.15622,0.15622,0.15622,0.15622,123.0,1
2026-02-12 02:05:00,1770861959999,XLM,1m,0.1562,0.1562,0.1562,0.1562,518.0,1
2026-02-12 02:06:00,1770862019999,XLM,1m,0.15611,0.15616,0.15616,0.15611,241.0,2
2026-02-12 02:07:00,1770862079999,XLM,1m,0.15628,0.15632,0.15632,0.15628,632.0,2
2026-02-12 02:08:00,1770862139999,XLM,1m,0.1565,0.1565,0.1565,0.1565,200.0,1
2026-02-12 02:09:00,1770862199999,XLM,1m,0.15631,0.15631,0.15631,0.15631,614.0,2
2026-02-12 02:10:00,1770862259999,XLM,1m,0.15622,0.15622,0.15622,0.15622,641.0,1
2026-02-12 02:11:00,1770862319999,XLM,1m,0.15621,0.15594,0.15621,0.15594,780.0,3
2026-02-12 02:12:00,1770862379999,XLM,1m,0.15594,0.15594,0.15594,0.15594,0.0,0
2026-02-12 02:13:00,1770862439999,XLM,1m,0.15601,0.15601,0.15601,0.15601,518.0,1
2026-02-12 02:14:00,1770862499999,XLM,1m,0.15599,0.15599,0.15599,0.15599,127.0,1
2026-02-12 02:15:00,1770862559999,XLM,1m,0.15588,0.15588,0.15588,0.15588,518.0,1
2026-02-12 02:16:00,1770862619999,XLM,1m,0.15588,0.15588,0.15588,0.15588,0.0,0
2026-02-12 02:17:00,1770862679999,XLM,1m,0.15593,0.15581,0.15601,0.15579,32872.0,9
2026-02-12 02:18:00,1770862739999,XLM,1m,0.1559,0.1559,0.1559,0.1559,122.0,1
2026-02-12 02:19:00,1770862799999,XLM,1m,0.15586,0.15571,0.15586,0.15571,32693.0,8
2026-02-12 02:20:00,1770862859999,XLM,1m,0.15571,0.15571,0.15571,0.15571,0.0,0
2026-02-12 02:21:00,1770862919999,XLM,1m,0.15595,0.15588,0.15595,0.15588,750.0,3
2026-02-12 02:22:00,1770862979999,XLM,1m,0.15592,0.15592,0.15592,0.15592,230.0,1
2026-02-12 02:23:00,1770863039999,XLM,1m,0.15587,0.15588,0.15588,0.15587,644.0,2
2026-02-12 02:24:00,1770863099999,XLM,1m,0.1558,0.15581,0.15581,0.1558,324.0,2
2026-02-12 02:25:00,1770863159999,XLM,1m,0.15579,0.15579,0.15579,0.15579,518.0,1
2026-02-12 02:26:00,1770863219999,XLM,1m,0.15583,0.15583,0.15583,0.15583,125.0,1
2026-02-12 02:27:00,1770863279999,XLM,1m,0.15575,0.15575,0.15575,0.15575,518.0,1
2026-02-12 02:28:00,1770863339999,XLM,1m,0.15569,0.15569,0.15569,0.15569,265.0,2
2026-02-12 02:29:00,1770863399999,XLM,1m,0.15567,0.15566,0.15567,0.15566,637.0,2
2026-02-12 02:30:00,1770863459999,XLM,1m,0.15577,0.15577,0.15577,0.15577,1283.0,1
2026-02-12 02:31:00,1770863519999,XLM,1m,0.15584,0.15584,0.15584,0.15584,518.0,1
2026-02-12 02:32:00,1770863579999,XLM,1m,0.15584,0.15584,0.15584,0.15584,0.0,0
2026-02-12 02:33:00,1770863639999,XLM,1m,0.15607,0.15607,0.15607,0.15607,518.0,1
2026-02-12 02:34:00,1770863699999,XLM,1m,0.15634,0.15636,0.15636,0.15634,3881.0,2
2026-02-12 02:35:00,1770863759999,XLM,1m,0.15636,0.15636,0.15636,0.15636,518.0,1
2026-02-12 02:36:00,1770863819999,XLM,1m,0.15629,0.15629,0.15629,0.15629,114.0,1
2026-02-12 02:37:00,1770863879999,XLM,1m,0.15638,0.15636,0.15638,0.15636,912.0,3
2026-02-12 02:38:00,1770863939999,XLM,1m,0.15636,0.15636,0.15636,0.15636,99.0,1
2026-02-12 02:39:00,1770863999999,XLM,1m,0.15623,0.15623,0.15623,0.15623,1375.0,3
2026-02-12 02:40:00,1770864059999,XLM,1m,0.1562,0.1562,0.1562,0.1562,209.0,1
2026-02-12 02:41:00,1770864119999,XLM,1m,0.1562,0.15619,0.1562,0.15619,751.0,2
2026-02-12 02:42:00,1770864179999,XLM,1m,0.15619,0.15619,0.15619,0.15619,105.0,1
2026-02-12 02:43:00,1770864239999,XLM,1m,0.15614,0.15615,0.15615,0.15614,1933.0,2
2026-02-12 02:44:00,1770864299999,XLM,1m,0.15625,0.15625,0.15625,0.15625,781.0,1
2026-02-12 02:45:00,1770864359999,XLM,1m,0.15617,0.15617,0.15617,0.15617,518.0,1
2026-02-12 02:46:00,1770864419999,XLM,1m,0.15617,0.15612,0.15617,0.15612,395.0,3
2026-02-12 02:47:00,1770864479999,XLM,1m,0.15609,0.15611,0.15612,0.15607,5808.0,9
2026-02-12 02:48:00,1770864539999,XLM,1m,0.15607,0.15614,0.15614,0.15607,38060.0,48
2026-02-12 02:49:00,1770864599999,XLM,1m,0.15614,0.15625,0.15625,0.15609,58461.0,81
2026-02-12 02:50:00,1770864659999,XLM,1m,0.15624,0.15625,0.15628,0.15622,57604.0,88
2026-02-12 02:51:00,1770864719999,XLM,1m,0.15625,0.15619,0.15635,0.15619,35959.0,53
2026-02-12 02:52:00,1770864779999,XLM,1m,0.15618,0.15619,0.15621,0.15618,3012.0,5
2026-02-12 02:53:00,1770864839999,XLM,1m,0.15604,0.15611,0.15611,0.15604,13044.0,4
2026-02-12 02:54:00,1770864899999,XLM,1m,0.1561,0.1561,0.1561,0.1561,1370.0,1
2026-02-12 02:55:00,1770864959999,XLM,1m,0.15604,0.15599,0.15604,0.15599,622.0,2
2026-02-12 02:56:00,1770865019999,XLM,1m,0.15588,0.15588,0.15588,0.15588,128.0,1
2026-02-12 02:57:00,1770865079999,XLM,1m,0.15586,0.15586,0.15586,0.15586,518.0,1
2026-02-12 02:58:00,1770865139999,XLM,1m,0.15591,0.15591,0.15591,0.15591,98.0,1
2026-02-12 02:59:00,1770865199999,XLM,1m,0.15581,0.15581,0.15581,0.15581,518.0,1
2026-02-12 03:00:00,1770865259999,XLM,1m,0.15586,0.15586,0.15586,0.15584,27002.0,6
2026-02-12 03:01:00,1770865319999,XLM,1m,0.15581,0.15582,0.15582,0.15581,586.0,2
2026-02-12 03:02:00,1770865379999,XLM,1m,0.15602,0.15601,0.15602,0.15601,18124.0,4
2026-02-12 03:03:00,1770865439999,XLM,1m,0.15611,0.15611,0.15611,0.15611,518.0,1
2026-02-12 03:04:00,1770865499999,XLM,1m,0.15611,0.15611,0.15611,0.15611,0.0,0
2026-02-12 03:05:00,1770865559999,XLM,1m,0.1562,0.15619,0.1562,0.15619,9359.0,4
2026-02-12 03:06:00,1770865619999,XLM,1m,0.15619,0.15619,0.15619,0.15619,0.0,0
2026-02-12 03:07:00,1770865679999,XLM,1m,0.15623,0.15616,0.15623,0.15616,638.0,2
2026-02-12 03:08:00,1770865739999,XLM,1m,0.15613,0.15613,0.15613,0.15613,114.0,1
2026-02-12 03:09:00,1770865799999,XLM,1m,0.15612,0.1561,0.15612,0.1561,640.0,2
2026-02-12 03:10:00,1770865859999,XLM,1m,0.15621,0.15621,0.15621,0.15621,277.0,1
2026-02-12 03:11:00,1770865919999,XLM,1m,0.15622,0.15623,0.15624,0.15622,1309.0,6
2026-02-12 03:12:00,1770865979999,XLM,1m,0.15619,0.15624,0.15624,0.15619,229.0,2
2026-02-12 03:13:00,1770866039999,XLM,1m,0.1562,0.1562,0.1562,0.1562,518.0,1
2026-02-12 03:14:00,1770866099999,XLM,1m,0.15611,0.15611,0.15611,0.15611,126.0,1
2026-02-12 03:15:00,1770866159999,XLM,1m,0.15621,0.15621,0.15621,0.15621,631.0,2
2026-02-12 03:16:00,1770866219999,XLM,1m,0.15631,0.15631,0.15631,0.15631,121.0,1
2026-02-12 03:17:00,1770866279999,XLM,1m,0.15622,0.15618,0.15622,0.15618,641.0,2
2026-02-12 03:18:00,1770866339999,XLM,1m,0.15613,0.15608,0.15613,0.15608,208.0,2
2026-02-12 03:19:00,1770866399999,XLM,1m,0.15606,0.15601,0.15606,0.15601,645.0,2
2026-02-12 03:20:00,1770866459999,XLM,1m,0.15604,0.15603,0.15604,0.15603,249.0,2
2026-02-12 03:21:00,1770866519999,XLM,1m,0.15606,0.15606,0.15606,0.15606,518.0,1
2026-02-12 03:22:00,1770866579999,XLM,1m,0.15602,0.15602,0.15602,0.15602,100.0,1
2026-02-12 03:23:00,1770866639999,XLM,1m,0.15592,0.15592,0.15592,0.15592,518.0,1
2026-02-12 03:24:00,1770866699999,XLM,1m,0.15595,0.15595,0.15595,0.15595,119.0,1
2026-02-12 03:25:00,1770866759999,XLM,1m,0.15596,0.1559,0.15596,0.1559,750.0,2
2026-02-12 03:26:00,1770866819999,XLM,1m,0.15598,0.15602,0.15602,0.15598,227.0,2
2026-02-12 03:27:00,1770866879999,XLM,1m,0.15596,0.15597,0.15597,0.15596,631.0,2
2026-02-12 03:28:00,1770866939999,XLM,1m,0.15598,0.15598,0.15598,0.15598,97.0,1
2026-02-12 03:29:00,1770866999999,XLM,1m,0.15608,0.15608,0.15608,0.15608,518.0,1
2026-02-12 03:30:00,1770867059999,XLM,1m,0.15601,0.15601,0.15601,0.15601,98.0,1
2026-02-12 03:31:00,1770867119999,XLM,1m,0.15598,0.15598,0.15598,0.15598,518.0,1
2026-02-12 03:32:00,1770867179999,XLM,1m,0.1561,0.15614,0.15614,0.1561,409.0,2
2026-02-12 03:33:00,1770867239999,XLM,1m,0.15607,0.15607,0.15607,0.15606,946.0,4
2026-02-12 03:34:00,1770867299999,XLM,1m,0.15639,0.15639,0.15639,0.15639,121.0,1
2026-02-12 03:35:00,1770867359999,XLM,1m,0.15637,0.15637,0.15637,0.15637,518.0,1
2026-02-12 03:36:00,1770867419999,XLM,1m,0.15637,0.15637,0.15637,0.15637,0.0,0
2026-02-12 03:37:00,1770867479999,XLM,1m,0.15626,0.1563,0.1563,0.15626,665.0,2
2026-02-12 03:38:00,1770867539999,XLM,1m,0.1563,0.1563,0.1563,0.1563,0.0,0
2026-02-12 03:39:00,1770867599999,XLM,1m,0.15636,0.15637,0.15637,0.15636,762.0,2
2026-02-12 03:40:00,1770867659999,XLM,1m,0.15647,0.15647,0.15647,0.15647,880.0,1
2026-02-12 03:41:00,1770867719999,XLM,1m,0.15642,0.15643,0.15643,0.15642,645.0,2
2026-02-12 03:42:00,1770867779999,XLM,1m,0.1565,0.15647,0.15652,0.15645,3811.0,10
2026-02-12 03:43:00,1770867839999,XLM,1m,0.15647,0.15654,0.15655,0.15647,3734.0,10
2026-02-12 03:44:00,1770867899999,XLM,1m,0.15653,0.15648,0.15653,0.15648,7549.0,11
2026-02-12 03:45:00,1770867959999,XLM,1m,0.15642,0.1564,0.15642,0.15639,2197.0,7
2026-02-12 03:46:00,1770868019999,XLM,1m,0.15647,0.1565,0.1565,0.15647,1051.0,3
2026-02-12 03:47:00,1770868079999,XLM,1m,0.15648,0.15657,0.15661,0.15648,7387.0,13
2026-02-12 03:48:00,1770868139999,XLM,1m,0.15657,0.15657,0.15657,0.15657,0.0,0
2026-02-12 03:49:00,1770868199999,XLM,1m,0.15642,0.1564,0.15642,0.1564,625.0,2
2026-02-12 03:50:00,1770868259999,XLM,1m,0.15637,0.15638,0.15638,0.15637,352.0,2
2026-02-12 03:51:00,1770868319999,XLM,1m,0.15637,0.15632,0.15637,0.15632,877.0,4
2026-02-12 03:52:00,1770868379999,XLM,1m,0.15632,0.15632,0.15632,0.15632,0.0,0
2026-02-12 03:53:00,1770868439999,XLM,1m,0.15636,0.15635,0.15636,0.15635,737.0,2
2026-02-12 03:54:00,1770868499999,XLM,1m,0.15636,0.15638,0.15642,0.15636,714.0,5
2026-02-12 03:55:00,1770868559999,XLM,1m,0.15629,0.15629,0.15629,0.15629,518.0,1
2026-02-12 03:56:00,1770868619999,XLM,1m,0.15631,0.15631,0.15631,0.15631,98.0,1
2026-02-12 03:57:00,1770868679999,XLM,1m,0.1564,0.1564,0.1564,0.1564,518.0,1
2026-02-12 03:58:00,1770868739999,XLM,1m,0.15654,0.15654,0.15654,0.15654,189.0,1
2026-02-12 03:59:00,1770868799999,XLM,1m,0.15648,0.1564,0.15648,0.1564,824.0,3
2026-02-12 04:00:00,1770868859999,XLM,1m,0.15635,0.15635,0.15635,0.15635,125.0,1
2026-02-12 04:01:00,1770868919999,XLM,1m,0.15633,0.15633,0.15633,0.15633,518.0,1
2026-02-12 04:02:00,1770868979999,XLM,1m,0.15621,0.15621,0.15621,0.15621,8682.0,2
2026-02-12 04:03:00,1770869039999,XLM,1m,0.15642,0.15644,0.15644,0.15642,646.0,2
2026-02-12 04:04:00,1770869099999,XLM,1m,0.15644,0.15644,0.15644,0.15644,108.0,1
2026-02-12 04:05:00,1770869159999,XLM,1m,0.15644,0.15644,0.15644,0.15644,518.0,1
2026-02-12 04:06:00,1770869219999,XLM,1m,0.15644,0.15644,0.15644,0.15644,0.0,0
2026-02-12 04:07:00,1770869279999,XLM,1m,0.15625,0.15625,0.15625,0.15625,518.0,1
2026-02-12 04:08:00,1770869339999,XLM,1m,0.15637,0.15639,0.15639,0.15637,223.0,2
2026-02-12 04:09:00,1770869399999,XLM,1m,0.15641,0.15641,0.15641,0.15641,518.0,1
2026-02-12 04:10:00,1770869459999,XLM,1m,0.15659,0.15659,0.15659,0.15659,102.0,1
2026-02-12 04:11:00,1770869519999,XLM,1m,0.15653,0.15646,0.15653,0.15646,822.0,3
2026-02-12 04:12:00,1770869579999,XLM,1m,0.15653,0.15658,0.15658,0.15653,213.0,2
2026-02-12 04:13:00,1770869639999,XLM,1m,0.15659,0.15659,0.15659,0.15659,518.0,1
2026-02-12 04:14:00,1770869699999,XLM,1m,0.1565,0.1565,0.1565,0.1565,209.0,1
2026-02-12 04:15:00,1770869759999,XLM,1m,0.1565,0.1565,0.1565,0.1565,518.0,1
2026-02-12 04:16:00,1770869819999,XLM,1m,0.15646,0.15651,0.15651,0.15646,314.0,2
2026-02-12 04:17:00,1770869879999,XLM,1m,0.15627,0.15627,0.15627,0.15627,518.0,1
2026-02-12 04:18:00,1770869939999,XLM,1m,0.15633,0.15621,0.15633,0.15621,748.0,5
2026-02-12 04:19:00,1770869999999,XLM,1m,0.15635,0.15635,0.15635,0.15635,518.0,1
2026-02-12 04:20:00,1770870059999,XLM,1m,0.15641,0.15641,0.15641,0.15641,2000.0,1
2026-02-12 04:21:00,1770870119999,XLM,1m,0.15637,0.15637,0.15637,0.15637,518.0,1
2026-02-12 04:22:00,1770870179999,XLM,1m,0.15637,0.15637,0.15637,0.15637,0.0,0
2026-02-12 04:23:00,1770870239999,XLM,1m,0.15634,0.15634,0.15634,0.15634,518.0,1
2026-02-12 04:24:00,1770870299999,XLM,1m,0.15632,0.15632,0.15632,0.15632,157.0,1
2026-02-12 04:25:00,1770870359999,XLM,1m,0.15636,0.15636,0.15636,0.15636,518.0,1
2026-02-12 04:26:00,1770870419999,XLM,1m,0.15636,0.15636,0.15636,0.15636,0.0,0
2026-02-12 04:27:00,1770870479999,XLM,1m,0.15636,0.15636,0.15636,0.15636,518.0,1
2026-02-12 04:28:00,1770870539999,XLM,1m,0.15639,0.15639,0.15639,0.15639,202.0,1
2026-02-12 04:29:00,1770870599999,XLM,1m,0.15627,0.15627,0.15627,0.15627,518.0,1
2026-02-12 04:30:00,1770870659999,XLM,1m,0.15637,0.15637,0.15637,0.15637,274.0,1
2026-02-12 04:31:00,1770870719999,XLM,1m,0.15638,0.15636,0.15638,0.15633,984.0,4
2026-02-12 04:32:00,1770870779999,XLM,1m,0.15636,0.15636,0.15636,0.15636,0.0,0
2026-02-12 04:33:00,1770870839999,XLM,1m,0.15622,0.15608,0.15622,0.15608,804.0,3
2026-02-12 04:34:00,1770870899999,XLM,1m,0.15631,0.15631,0.15631,0.15631,177.0,1
2026-02-12 04:35:00,1770870959999,XLM,1m,0.15639,0.15639,0.15639,0.15639,518.0,1
2026-02-12 04:36:00,1770871019999,XLM,1m,0.15645,0.15645,0.15645,0.15645,103.0,1
2026-02-12 04:37:00,1770871079999,XLM,1m,0.15668,0.15669,0.15669,0.15668,724.0,2
2026-02-12 04:38:00,1770871139999,XLM,1m,0.15671,0.15671,0.15671,0.15671,10626.0,3
2026-02-12 04:39:00,1770871199999,XLM,1m,0.15667,0.15675,0.15675,0.15666,2043.0,5
2026-02-12 04:40:00,1770871259999,XLM,1m,0.1568,0.1568,0.1568,0.1568,125.0,1
2026-02-12 04:41:00,1770871319999,XLM,1m,0.1568,0.15685,0.15685,0.1568,810.0,3
2026-02-12 04:42:00,1770871379999,XLM,1m,0.1569,0.1569,0.1569,0.1569,219.0,2
2026-02-12 04:43:00,1770871439999,XLM,1m,0.15691,0.15699,0.15699,0.15691,929.0,3
2026-02-12 04:44:00,1770871499999,XLM,1m,0.157,0.157,0.157,0.157,112.0,1
2026-02-12 04:45:00,1770871559999,XLM,1m,0.15699,0.15693,0.15699,0.15693,1062.0,4
2026-02-12 04:46:00,1770871619999,XLM,1m,0.15699,0.15699,0.15699,0.15699,122.0,1
2026-02-12 04:47:00,1770871679999,XLM,1m,0.15693,0.15693,0.15693,0.15693,518.0,1
2026-02-12 04:48:00,1770871739999,XLM,1m,0.15691,0.15691,0.15691,0.15691,104.0,1
2026-02-12 04:49:00,1770871799999,XLM,1m,0.15687,0.15686,0.15687,0.15686,2672.0,3
2026-02-12 04:50:00,1770871859999,XLM,1m,0.15683,0.1568,0.15683,0.1568,1021.0,2
2026-02-12 04:51:00,1770871919999,XLM,1m,0.15679,0.15679,0.15679,0.15679,901.0,2
2026-02-12 04:52:00,1770871979999,XLM,1m,0.1567,0.15666,0.1567,0.15666,31901.0,6
2026-02-12 04:53:00,1770872039999,XLM,1m,0.15653,0.15653,0.15653,0.15653,518.0,1
2026-02-12 04:54:00,1770872099999,XLM,1m,0.15636,0.15636,0.15636,0.15636,165.0,1
2026-02-12 04:55:00,1770872159999,XLM,1m,0.15643,0.15651,0.15651,0.15643,731.0,2
2026-02-12 04:56:00,1770872219999,XLM,1m,0.15651,0.15651,0.15651,0.15651,0.0,0
2026-02-12 04:57:00,1770872279999,XLM,1m,0.15643,0.1564,0.15643,0.1564,624.0,2
2026-02-12 04:58:00,1770872339999,XLM,1m,0.15645,0.15638,0.15645,0.15638,817.0,5
2026-02-12 04:59:00,1770872399999,XLM,1m,0.15629,0.15629,0.15629,0.15629,518.0,1
2026-02-12 05:00:00,1770872459999,XLM,1m,0.15631,0.15631,0.15631,0.1563,1484.0,8
2026-02-12 05:01:00,1770872519999,XLM,1m,0.15632,0.15632,0.15632,0.15632,518.0,2
2026-02-12 05:02:00,1770872579999,XLM,1m,0.15644,0.15645,0.15645,0.15644,490.0,2
2026-02-12 05:03:00,1770872639999,XLM,1m,0.1565,0.1565,0.1565,0.1565,518.0,1
2026-02-12 05:04:00,1770872699999,XLM,1m,0.15651,0.15651,0.15651,0.15651,140.0,1
2026-02-12 05:05:00,1770872759999,XLM,1m,0.15642,0.15646,0.15646,0.15641,994.0,5
2026-02-12 05:06:00,1770872819999,XLM,1m,0.15652,0.15652,0.15652,0.15652,80.0,1
2026-02-12 05:07:00,1770872879999,XLM,1m,0.15652,0.1566,0.1566,0.15652,837.0,5
2026-02-12 05:08:00,1770872939999,XLM,1m,0.15653,0.15653,0.15653,0.15653,320.0,2
2026-02-12 05:09:00,1770872999999,XLM,1m,0.15662,0.15653,0.15662,0.15653,1402.0,3
2026-02-12 05:10:00,1770873059999,XLM,1m,0.15653,0.15653,0.15653,0.15653,0.0,0
2026-02-12 05:11:00,1770873119999,XLM,1m,0.15647,0.15639,0.15647,0.15639,706.0,2
2026-02-12 05:12:00,1770873179999,XLM,1m,0.15643,0.15643,0.15643,0.15643,101.0,1
2026-02-12 05:13:00,1770873239999,XLM,1m,0.15645,0.15626,0.15645,0.15626,904.0,3
2026-02-12 05:14:00,1770873299999,XLM,1m,0.15604,0.15605,0.15605,0.15604,372.0,2
2026-02-12 05:15:00,1770873359999,XLM,1m,0.15611,0.15614,0.15614,0.15611,1608.0,3
2026-02-12 05:16:00,1770873419999,XLM,1m,0.15614,0.15614,0.15614,0.15614,328.0,2
2026-02-12 05:17:00,1770873479999,XLM,1m,0.15609,0.15599,0.15609,0.15599,678.0,2
2026-02-12 05:18:00,1770873539999,XLM,1m,0.15577,0.15577,0.15577,0.15577,146.0,1
2026-02-12 05:19:00,1770873599999,XLM,1m,0.15573,0.15572,0.15573,0.15572,673.0,3
2026-02-12 05:20:00,1770873659999,XLM,1m,0.15577,0.15601,0.15601,0.15577,996.0,4
2026-02-12 05:21:00,1770873719999,XLM,1m,0.15635,0.15637,0.15637,0.15634,1020.0,4
2026-02-12 05:22:00,1770873779999,XLM,1m,0.15638,0.15638,0.15638,0.15638,162.0,1
2026-02-12 05:23:00,1770873839999,XLM,1m,0.15637,0.15637,0.15638,0.15634,1125.0,6
2026-02-12 05:24:00,1770873899999,XLM,1m,0.15635,0.15638,0.15638,0.15635,5131.0,3
2026-02-12 05:25:00,1770873959999,XLM,1m,0.15639,0.15646,0.15646,0.15638,804.0,3
2026-02-12 05:26:00,1770874019999,XLM,1m,0.15649,0.15652,0.15652,0.15648,688.0,3
2026-02-12 05:27:00,1770874079999,XLM,1m,0.15647,0.15647,0.15647,0.15645,672.0,3
2026-02-12 05:28:00,1770874139999,XLM,1m,0.1564,0.15637,0.1564,0.15637,422.0,2
2026-02-12 05:29:00,1770874199999,XLM,1m,0.15638,0.1564,0.1564,0.15638,850.0,3
2026-02-12 05:30:00,1770874259999,XLM,1m,0.15643,0.15644,0.15644,0.15642,1913.0,3
2026-02-12 05:31:00,1770874319999,XLM,1m,0.15649,0.15663,0.15663,0.15649,1002.0,3
2026-02-12 05:32:00,1770874379999,XLM,1m,0.15667,0.15691,0.15691,0.15667,7340.0,5
2026-02-12 05:33:00,1770874439999,XLM,1m,0.15703,0.15697,0.15703,0.15697,684.0,2
2026-02-12 05:34:00,1770874499999,XLM,1m,0.15717,0.15717,0.15717,0.15717,112.0,1
2026-02-12 05:35:00,1770874559999,XLM,1m,0.15713,0.15707,0.15713,0.15707,794.0,3
2026-02-12 05:36:00,1770874619999,XLM,1m,0.15709,0.15707,0.15709,0.15707,799.0,2
2026-02-12 05:37:00,1770874679999,XLM,1m,0.15685,0.15691,0.15691,0.15685,1041.0,4
2026-02-12 05:38:00,1770874739999,XLM,1m,0.15694,0.15689,0.15694,0.15689,330.0,2
2026-02-12 05:39:00,1770874799999,XLM,1m,0.15684,0.15686,0.15686,0.15684,843.0,3
2026-02-12 05:40:00,1770874859999,XLM,1m,0.15699,0.15699,0.15699,0.15699,126.0,1
2026-02-12 05:41:00,1770874919999,XLM,1m,0.15701,0.15701,0.15703,0.15701,838.0,3
2026-02-12 05:42:00,1770874979999,XLM,1m,0.15705,0.15715,0.15715,0.15705,805.0,4
2026-02-12 05:43:00,1770875039999,XLM,1m,0.1571,0.15706,0.1571,0.15706,676.0,2
2026-02-12 05:44:00,1770875099999,XLM,1m,0.15706,0.15706,0.15706,0.15706,105.0,1
2026-02-12 05:45:00,1770875159999,XLM,1m,0.15704,0.1571,0.1571,0.15701,1323.0,5
2026-02-12 05:46:00,1770875219999,XLM,1m,0.15715,0.15714,0.15715,0.15714,478.0,3
2026-02-12 05:47:00,1770875279999,XLM,1m,0.15713,0.15689,0.15713,0.15689,837.0,3
2026-02-12 05:48:00,1770875339999,XLM,1m,0.1569,0.1569,0.1569,0.1569,164.0,1
2026-02-12 05:49:00,1770875399999,XLM,1m,0.15695,0.1569,0.15695,0.1569,8062.0,7
2026-02-12 05:50:00,1770875459999,XLM,1m,0.15686,0.15686,0.15687,0.15685,26677.0,33
2026-02-12 05:51:00,1770875519999,XLM,1m,0.15685,0.15691,0.15691,0.15685,49845.0,32
2026-02-12 05:52:00,1770875579999,XLM,1m,0.15691,0.15691,0.15691,0.15691,0.0,0
2026-02-12 05:53:00,1770875639999,XLM,1m,0.15696,0.15692,0.15696,0.15691,15468.0,22
2026-02-12 05:54:00,1770875699999,XLM,1m,0.15692,0.15693,0.15693,0.15689,9790.0,13
2026-02-12 05:55:00,1770875759999,XLM,1m,0.15693,0.15706,0.15709,0.15693,12403.0,22
2026-02-12 05:56:00,1770875819999,XLM,1m,0.15704,0.15704,0.15704,0.15704,159.0,1
2026-02-12 05:57:00,1770875879999,XLM,1m,0.15697,0.15697,0.15697,0.15697,518.0,1
2026-02-12 05:58:00,1770875939999,XLM,1m,0.15696,0.15696,0.15696,0.15696,125.0,1
2026-02-12 05:59:00,1770875999999,XLM,1m,0.15696,0.15692,0.15696,0.15692,6529.0,13
2026-02-12 06:00:00,1770876059999,XLM,1m,0.15695,0.157,0.15702,0.15694,17207.0,25
2026-02-12 06:01:00,1770876119999,XLM,1m,0.15699,0.15692,0.15699,0.15692,11498.0,21
2026-02-12 06:02:00,1770876179999,XLM,1m,0.15692,0.15691,0.15692,0.15688,5582.0,12
2026-02-12 06:03:00,1770876239999,XLM,1m,0.15691,0.15703,0.15706,0.15691,11229.0,23
2026-02-12 06:04:00,1770876299999,XLM,1m,0.15702,0.15688,0.15702,0.15687,2775.0,8
2026-02-12 06:05:00,1770876359999,XLM,1m,0.15694,0.15696,0.157,0.15694,10396.0,18
2026-02-12 06:06:00,1770876419999,XLM,1m,0.15694,0.15689,0.15694,0.15688,13344.0,22
2026-02-12 06:07:00,1770876479999,XLM,1m,0.15689,0.15687,0.15689,0.15684,12962.0,22
2026-02-12 06:08:00,1770876539999,XLM,1m,0.15688,0.1569,0.1569,0.15688,2505.0,5
2026-02-12 06:09:00,1770876599999,XLM,1m,0.15693,0.15695,0.15695,0.15693,2394.0,5
2026-02-12 06:10:00,1770876659999,XLM,1m,0.15695,0.15696,0.15698,0.15695,9430.0,17
2026-02-12 06:11:00,1770876719999,XLM,1m,0.15696,0.15697,0.15697,0.15693,11551.0,20
2026-02-12 06:12:00,1770876779999,XLM,1m,0.15698,0.15733,0.15734,0.15698,10111.0,23
2026-02-12 06:13:00,1770876839999,XLM,1m,0.15729,0.15732,0.15743,0.15729,2989.0,7
2026-02-12 06:14:00,1770876899999,XLM,1m,0.15732,0.15731,0.15734,0.15729,5104.0,12
2026-02-12 06:15:00,1770876959999,XLM,1m,0.15723,0.15735,0.15735,0.15723,3217.0,7
2026-02-12 06:16:00,1770877019999,XLM,1m,0.1574,0.1574,0.1574,0.1574,161.0,1
2026-02-12 06:17:00,1770877079999,XLM,1m,0.15749,0.15747,0.15749,0.15746,1199.0,4
2026-02-12 06:18:00,1770877139999,XLM,1m,0.15746,0.15746,0.15746,0.15746,113.0,1
2026-02-12 06:19:00,1770877199999,XLM,1m,0.15746,0.15735,0.15746,0.15729,10149.0,19
2026-02-12 06:20:00,1770877259999,XLM,1m,0.15734,0.15737,0.15743,0.1573,11023.0,22
2026-02-12 06:21:00,1770877319999,XLM,1m,0.15739,0.15741,0.15743,0.15739,3982.0,7
2026-02-12 06:22:00,1770877379999,XLM,1m,0.15746,0.15748,0.15748,0.15746,326.0,2
2026-02-12 06:23:00,1770877439999,XLM,1m,0.15754,0.15756,0.15756,0.15754,1962.0,5
2026-02-12 06:24:00,1770877499999,XLM,1m,0.1576,0.1576,0.1576,0.1576,122.0,1
2026-02-12 06:25:00,1770877559999,XLM,1m,0.1576,0.15813,0.15813,0.1576,23754.0,12
2026-02-12 06:26:00,1770877619999,XLM,1m,0.15814,0.15816,0.15821,0.15807,18882.0,26
2026-02-12 06:27:00,1770877679999,XLM,1m,0.15817,0.1581,0.15819,0.15807,18032.0,28
2026-02-12 06:28:00,1770877739999,XLM,1m,0.15807,0.15818,0.15818,0.15807,20606.0,9
2026-02-12 06:29:00,1770877799999,XLM,1m,0.15822,0.15823,0.15823,0.15822,685.0,2
2026-02-12 06:30:00,1770877859999,XLM,1m,0.1582,0.1582,0.15821,0.1582,5544.0,5
2026-02-12 06:31:00,1770877919999,XLM,1m,0.15817,0.15819,0.15819,0.15817,1995.0,3
2026-02-12 06:32:00,1770877979999,XLM,1m,0.15831,0.15834,0.15834,0.1583,4733.0,3
2026-02-12 06:33:00,1770878039999,XLM,1m,0.15837,0.15832,0.15837,0.15832,677.0,2
2026-02-12 06:34:00,1770878099999,XLM,1m,0.1583,0.15828,0.1583,0.15828,942.0,3
2026-02-12 06:35:00,1770878159999,XLM,1m,0.15829,0.15829,0.15829,0.15829,518.0,1
2026-02-12 06:36:00,1770878219999,XLM,1m,0.15821,0.15809,0.15821,0.15808,819.0,5
2026-02-12 06:37:00,1770878279999,XLM,1m,0.15808,0.15808,0.15808,0.15808,518.0,1
2026-02-12 06:38:00,1770878339999,XLM,1m,0.15812,0.15815,0.15816,0.15811,12906.0,7
2026-02-12 06:39:00,1770878399999,XLM,1m,0.15823,0.15826,0.15826,0.15823,682.0,2
2026-02-12 06:40:00,1770878459999,XLM,1m,0.15831,0.15831,0.15831,0.15831,156.0,2
2026-02-12 06:41:00,1770878519999,XLM,1m,0.15832,0.15833,0.1584,0.15832,2270.0,5
2026-02-12 06:42:00,1770878579999,XLM,1m,0.15831,0.15832,0.15832,0.15828,9247.0,5
2026-02-12 06:43:00,1770878639999,XLM,1m,0.15834,0.15832,0.15834,0.15829,681.0,4
2026-02-12 06:44:00,1770878699999,XLM,1m,0.15835,0.15835,0.15835,0.15835,162.0,1
2026-02-12 06:45:00,1770878759999,XLM,1m,0.15845,0.15852,0.15852,0.15845,41513.0,10
2026-02-12 06:46:00,1770878819999,XLM,1m,0.15853,0.15853,0.15858,0.15853,8584.0,7
2026-02-12 06:47:00,1770878879999,XLM,1m,0.15842,0.15839,0.15842,0.15835,3570.0,4
2026-02-12 06:48:00,1770878939999,XLM,1m,0.15837,0.15845,0.15845,0.15837,318.0,2
2026-02-12 06:49:00,1770878999999,XLM,1m,0.15845,0.15829,0.15845,0.15828,4748.0,6
2026-02-12 06:50:00,1770879059999,XLM,1m,0.15828,0.15822,0.15828,0.15822,457.0,3
2026-02-12 06:51:00,1770879119999,XLM,1m,0.15815,0.15812,0.15815,0.15812,518.0,2
2026-02-12 06:52:00,1770879179999,XLM,1m,0.1582,0.1582,0.1582,0.1582,383.0,2
2026-02-12 06:53:00,1770879239999,XLM,1m,0.15814,0.15812,0.15815,0.15812,8152.0,16
2026-02-12 06:54:00,1770879299999,XLM,1m,0.15812,0.15809,0.15812,0.15808,19032.0,36
2026-02-12 06:55:00,1770879359999,XLM,1m,0.15809,0.15806,0.15809,0.15806,21152.0,42
2026-02-12 06:56:00,1770879419999,XLM,1m,0.15807,0.15803,0.15808,0.15803,24702.0,36
2026-02-12 06:57:00,1770879479999,XLM,1m,0.15803,0.15804,0.15805,0.15803,30121.0,43
2026-02-12 06:58:00,1770879539999,XLM,1m,0.15804,0.15795,0.15804,0.15795,24350.0,37
2026-02-12 06:59:00,1770879599999,XLM,1m,0.15791,0.15799,0.158,0.15791,11763.0,17
2026-02-12 07:00:00,1770879659999,XLM,1m,0.15815,0.15818,0.15819,0.15814,4912.0,10
2026-02-12 07:01:00,1770879719999,XLM,1m,0.15817,0.15807,0.1582,0.15807,6704.0,15
2026-02-12 07:02:00,1770879779999,XLM,1m,0.15815,0.15815,0.15815,0.15812,2213.0,6
2026-02-12 07:03:00,1770879839999,XLM,1m,0.15825,0.15814,0.15825,0.15807,3297.0,7
2026-02-12 07:04:00,1770879899999,XLM,1m,0.15816,0.15818,0.15818,0.15816,426.0,3
2026-02-12 07:05:00,1770879959999,XLM,1m,0.15822,0.15817,0.15822,0.15817,1162.0,5
2026-02-12 07:06:00,1770880019999,XLM,1m,0.15814,0.15814,0.15814,0.15814,167.0,1
2026-02-12 07:07:00,1770880079999,XLM,1m,0.1581,0.15803,0.1581,0.15803,852.0,5
2026-02-12 07:08:00,1770880139999,XLM,1m,0.15805,0.15799,0.15805,0.15799,1373.0,4
2026-02-12 07:09:00,1770880199999,XLM,1m,0.15803,0.15799,0.15807,0.15799,8161.0,17
2026-02-12 07:10:00,1770880259999,XLM,1m,0.15799,0.15793,0.15799,0.15791,13781.0,24
2026-02-12 07:11:00,1770880319999,XLM,1m,0.15796,0.15782,0.15796,0.15782,13933.0,30
2026-02-12 07:12:00,1770880379999,XLM,1m,0.15783,0.15789,0.15792,0.15783,9396.0,16
2026-02-12 07:13:00,1770880439999,XLM,1m,0.15786,0.15783,0.15786,0.15782,1547.0,4
2026-02-12 07:14:00,1770880499999,XLM,1m,0.15783,0.15775,0.15786,0.15774,21388.0,34
2026-02-12 07:15:00,1770880559999,XLM,1m,0.15775,0.1576,0.15775,0.1576,3725.0,11
2026-02-12 07:16:00,1770880619999,XLM,1m,0.1576,0.15793,0.15793,0.1576,7481.0,13
2026-02-12 07:17:00,1770880679999,XLM,1m,0.15796,0.15794,0.15796,0.15788,2091.0,5
2026-02-12 07:18:00,1770880739999,XLM,1m,0.15784,0.15784,0.15784,0.15784,98.0,1
2026-02-12 07:19:00,1770880799999,XLM,1m,0.1578,0.15781,0.15781,0.15777,13036.0,26
2026-02-12 07:20:00,1770880859999,XLM,1m,0.15781,0.15791,0.15792,0.15775,9508.0,18
2026-02-12 07:21:00,1770880919999,XLM,1m,0.15786,0.15786,0.15786,0.15786,518.0,1
2026-02-12 07:22:00,1770880979999,XLM,1m,0.15781,0.15781,0.15781,0.15781,174.0,1
2026-02-12 07:23:00,1770881039999,XLM,1m,0.15786,0.15796,0.15797,0.15786,49775.0,14
2026-02-12 07:24:00,1770881099999,XLM,1m,0.15798,0.15799,0.15799,0.15798,1701.0,4
2026-02-12 07:25:00,1770881159999,XLM,1m,0.15848,0.15848,0.15851,0.15843,8267.0,7
2026-02-12 07:26:00,1770881219999,XLM,1m,0.15851,0.15853,0.15853,0.15848,484.0,3
2026-02-12 07:27:00,1770881279999,XLM,1m,0.15851,0.15851,0.15851,0.15851,518.0,1
2026-02-12 07:28:00,1770881339999,XLM,1m,0.15846,0.15861,0.15861,0.15845,11996.0,7
2026-02-12 07:29:00,1770881399999,XLM,1m,0.15851,0.15845,0.15851,0.15845,6220.0,13
2026-02-12 07:30:00,1770881459999,XLM,1m,0.15845,0.15848,0.15851,0.15835,14352.0,25
2026-02-12 07:31:00,1770881519999,XLM,1m,0.15848,0.15852,0.15852,0.15842,5877.0,10
2026-02-12 07:32:00,1770881579999,XLM,1m,0.1585,0.15844,0.1585,0.15844,12568.0,20
2026-02-12 07:33:00,1770881639999,XLM,1m,0.15841,0.15842,0.15842,0.15835,13200.0,19
2026-02-12 07:34:00,1770881699999,XLM,1m,0.15842,0.15832,0.15843,0.15832,15022.0,26
2026-02-12 07:35:00,1770881759999,XLM,1m,0.1583,0.15833,0.15842,0.1583,8599.0,19
2026-02-12 07:36:00,1770881819999,XLM,1m,0.15836,0.15834,0.15836,0.15833,5068.0,12
2026-02-12 07:37:00,1770881879999,XLM,1m,0.15829,0.15825,0.15829,0.1582,8254.0,14
2026-02-12 07:38:00,1770881939999,XLM,1m,0.15825,0.15833,0.15834,0.15825,16486.0,12
2026-02-12 07:39:00,1770881999999,XLM,1m,0.15831,0.15854,0.15854,0.15831,14890.0,12
2026-02-12 07:40:00,1770882059999,XLM,1m,0.1585,0.15855,0.1586,0.1585,2503.0,6
2026-02-12 07:41:00,1770882119999,XLM,1m,0.15855,0.15853,0.15859,0.15853,11776.0,19
2026-02-12 07:42:00,1770882179999,XLM,1m,0.15849,0.15841,0.15851,0.1584,15698.0,27
2026-02-12 07:43:00,1770882239999,XLM,1m,0.15838,0.15836,0.15839,0.15836,7069.0,10
2026-02-12 07:44:00,1770882299999,XLM,1m,0.15829,0.15827,0.1583,0.15827,9207.0,15
2026-02-12 07:45:00,1770882359999,XLM,1m,0.15823,0.15824,0.15824,0.15817,6470.0,12
2026-02-12 07:46:00,1770882419999,XLM,1m,0.15823,0.15824,0.15826,0.15821,16257.0,24
2026-02-12 07:47:00,1770882479999,XLM,1m,0.15831,0.15825,0.15832,0.15825,20017.0,29
2026-02-12 07:48:00,1770882539999,XLM,1m,0.15824,0.15825,0.15825,0.15821,16132.0,26
2026-02-12 07:49:00,1770882599999,XLM,1m,0.15824,0.15833,0.15833,0.15824,19590.0,11
2026-02-12 07:50:00,1770882659999,XLM,1m,0.15838,0.15832,0.15839,0.15832,1683.0,6
2026-02-12 07:51:00,1770882719999,XLM,1m,0.15842,0.1585,0.1585,0.15842,2616.0,5
2026-02-12 07:52:00,1770882779999,XLM,1m,0.1585,0.15856,0.15856,0.1585,3817.0,4
2026-02-12 07:53:00,1770882839999,XLM,1m,0.15856,0.15852,0.15856,0.15852,949.0,3
2026-02-12 07:54:00,1770882899999,XLM,1m,0.15855,0.15856,0.15862,0.15855,569.0,4
2026-02-12 07:55:00,1770882959999,XLM,1m,0.1585,0.1585,0.1585,0.1585,518.0,1
2026-02-12 07:56:00,1770883019999,XLM,1m,0.15866,0.15866,0.15866,0.15866,119.0,1
2026-02-12 07:57:00,1770883079999,XLM,1m,0.15862,0.15862,0.15862,0.15862,518.0,1
2026-02-12 07:58:00,1770883139999,XLM,1m,0.15876,0.15882,0.15882,0.15876,1497.0,2
2026-02-12 07:59:00,1770883199999,XLM,1m,0.15881,0.1588,0.15881,0.1588,5518.0,2
2026-02-12 08:00:00,1770883259999,XLM,1m,0.15899,0.15905,0.15905,0.15896,53725.0,15
2026-02-12 08:01:00,1770883319999,XLM,1m,0.15898,0.15909,0.15916,0.15898,95927.0,15
2026-02-12 08:02:00,1770883379999,XLM,1m,0.15901,0.15901,0.15908,0.15901,11859.0,6
2026-02-12 08:03:00,1770883439999,XLM,1m,0.15898,0.15915,0.15915,0.15898,9653.0,4
2026-02-12 08:04:00,1770883499999,XLM,1m,0.15915,0.15895,0.15915,0.15895,29170.0,11
2026-02-12 08:05:00,1770883559999,XLM,1m,0.15904,0.15895,0.15904,0.15895,11006.0,5
2026-02-12 08:06:00,1770883619999,XLM,1m,0.15925,0.15925,0.15925,0.15925,4698.0,2
2026-02-12 08:07:00,1770883679999,XLM,1m,0.15922,0.15926,0.15926,0.15922,1654.0,5
2026-02-12 08:08:00,1770883739999,XLM,1m,0.15939,0.15942,0.15942,0.15939,235.0,2
2026-02-12 08:09:00,1770883799999,XLM,1m,0.1594,0.15936,0.1594,0.15936,5627.0,4
2026-02-12 08:10:00,1770883859999,XLM,1m,0.15933,0.15928,0.15933,0.15928,780.0,2
2026-02-12 08:11:00,1770883919999,XLM,1m,0.15921,0.15926,0.15926,0.15921,1819.0,2
2026-02-12 08:12:00,1770883979999,XLM,1m,0.15926,0.15926,0.15926,0.15926,0.0,0
2026-02-12 08:13:00,1770884039999,XLM,1m,0.15918,0.15918,0.15918,0.15918,518.0,1
2026-02-12 08:14:00,1770884099999,XLM,1m,0.15918,0.15918,0.15918,0.15918,0.0,0
2026-02-12 08:15:00,1770884159999,XLM,1m,0.15927,0.15924,0.15927,0.15915,10298.0,5
2026-02-12 08:16:00,1770884219999,XLM,1m,0.15913,0.15913,0.15913,0.15913,196.0,1
2026-02-12 08:17:00,1770884279999,XLM,1m,0.15916,0.15916,0.15916,0.15916,518.0,1
2026-02-12 08:18:00,1770884339999,XLM,1m,0.15905,0.15905,0.15905,0.15905,94.0,1
2026-02-12 08:19:00,1770884399999,XLM,1m,0.15924,0.15925,0.15925,0.15924,623.0,2
2026-02-12 08:20:00,1770884459999,XLM,1m,0.15932,0.15932,0.15932,0.15932,109.0,1
2026-02-12 08:21:00,1770884519999,XLM,1m,0.15916,0.15916,0.15916,0.15916,518.0,1
2026-02-12 08:22:00,1770884579999,XLM,1m,0.15935,0.15935,0.15935,0.15935,125.0,1
2026-02-12 08:23:00,1770884639999,XLM,1m,0.15917,0.15917,0.15917,0.15917,518.0,1
2026-02-12 08:24:00,1770884699999,XLM,1m,0.15932,0.15932,0.15932,0.15932,99.0,1
2026-02-12 08:25:00,1770884759999,XLM,1m,0.15928,0.15923,0.15928,0.15923,1054.0,7
2026-02-12 08:26:00,1770884819999,XLM,1m,0.15921,0.15909,0.15921,0.15909,2987.0,21
2026-02-12 08:27:00,1770884879999,XLM,1m,0.15901,0.15881,0.15901,0.15881,3485.0,6
2026-02-12 08:28:00,1770884939999,XLM,1m,0.15878,0.15878,0.15878,0.15878,85.0,1
2026-02-12 08:29:00,1770884999999,XLM,1m,0.15879,0.15877,0.15879,0.15877,518.0,4
2026-02-12 08:30:00,1770885059999,XLM,1m,0.15876,0.15866,0.15876,0.15866,30233.0,51
2026-02-12 08:31:00,1770885119999,XLM,1m,0.15864,0.15861,0.15866,0.15861,16163.0,26
2026-02-12 08:32:00,1770885179999,XLM,1m,0.15859,0.15876,0.15876,0.15859,6055.0,13
2026-02-12 08:33:00,1770885239999,XLM,1m,0.15882,0.15882,0.15882,0.15882,518.0,1
2026-02-12 08:34:00,1770885299999,XLM,1m,0.15888,0.15888,0.15888,0.15888,168.0,1
2026-02-12 08:35:00,1770885359999,XLM,1m,0.15889,0.15896,0.15897,0.15889,7507.0,3
2026-02-12 08:36:00,1770885419999,XLM,1m,0.15896,0.15896,0.15896,0.15896,1860.0,1
2026-02-12 08:37:00,1770885479999,XLM,1m,0.15892,0.15887,0.15892,0.15887,9183.0,2
2026-02-12 08:38:00,1770885539999,XLM,1m,0.15881,0.15873,0.15881,0.15872,5393.0,20
2026-02-12 08:39:00,1770885599999,XLM,1m,0.1587,0.15868,0.1587,0.15868,1173.0,4
2026-02-12 08:40:00,1770885659999,XLM,1m,0.15874,0.15874,0.15874,0.15874,4626.0,1
2026-02-12 08:41:00,1770885719999,XLM,1m,0.15873,0.15873,0.15873,0.1587,4192.0,4
2026-02-12 08:42:00,1770885779999,XLM,1m,0.15883,0.15876,0.15883,0.15876,3337.0,2
2026-02-12 08:43:00,1770885839999,XLM,1m,0.15872,0.15861,0.15872,0.15858,29041.0,19
2026-02-12 08:44:00,1770885899999,XLM,1m,0.1586,0.15852,0.1586,0.15852,16019.0,14
2026-02-12 08:45:00,1770885959999,XLM,1m,0.1585,0.15852,0.15852,0.15844,6691.0,6
2026-02-12 08:46:00,1770886019999,XLM,1m,0.15857,0.15847,0.15857,0.1584,11717.0,8
2026-02-12 08:47:00,1770886079999,XLM,1m,0.15845,0.15842,0.15845,0.1584,3855.0,3
2026-02-12 08:48:00,1770886139999,XLM,1m,0.15843,0.1584,0.15843,0.1584,5238.0,4
2026-02-12 08:49:00,1770886199999,XLM,1m,0.15845,0.15845,0.15845,0.15842,3855.0,3
2026-02-12 08:50:00,1770886259999,XLM,1m,0.15845,0.15863,0.15863,0.15845,11600.0,4
2026-02-12 08:51:00,1770886319999,XLM,1m,0.15868,0.15882,0.15882,0.15868,30255.0,8
2026-02-12 08:52:00,1770886379999,XLM,1m,0.15869,0.15865,0.15869,0.15865,22269.0,6
2026-02-12 08:53:00,1770886439999,XLM,1m,0.15862,0.1586,0.15862,0.1586,15606.0,5
2026-02-12 08:54:00,1770886499999,XLM,1m,0.1587,0.1587,0.1587,0.1587,3337.0,2
2026-02-12 08:55:00,1770886559999,XLM,1m,0.15873,0.15884,0.15884,0.15873,3855.0,3
2026-02-12 08:56:00,1770886619999,XLM,1m,0.15884,0.15885,0.15885,0.15884,3411.0,3
2026-02-12 08:57:00,1770886679999,XLM,1m,0.15886,0.15884,0.15886,0.15878,3855.0,3
2026-02-12 08:58:00,1770886739999,XLM,1m,0.15884,0.15886,0.15886,0.15884,13520.0,5
2026-02-12 08:59:00,1770886799999,XLM,1m,0.15871,0.15874,0.15874,0.1587,3855.0,3
2026-02-12 09:00:00,1770886859999,XLM,1m,0.15878,0.15886,0.15886,0.15874,32177.0,12
2026-02-12 09:01:00,1770886919999,XLM,1m,0.1588,0.15867,0.15882,0.15867,18310.0,8
2026-02-12 09:02:00,1770886979999,XLM,1m,0.15872,0.15897,0.159,0.15872,11859.0,5
2026-02-12 09:03:00,1770887039999,XLM,1m,0.15898,0.159,0.159,0.15897,3949.0,4
2026-02-12 09:04:00,1770887099999,XLM,1m,0.15891,0.15894,0.15894,0.15891,3338.0,2
2026-02-12 09:05:00,1770887159999,XLM,1m,0.15907,0.15904,0.15907,0.15897,22712.0,8
2026-02-12 09:06:00,1770887219999,XLM,1m,0.15897,0.15893,0.15897,0.15891,18798.0,10
2026-02-12 09:07:00,1770887279999,XLM,1m,0.15892,0.15892,0.15892,0.15889,3855.0,3
2026-02-12 09:08:00,1770887339999,XLM,1m,0.1589,0.1589,0.1589,0.1589,3337.0,2
2026-02-12 09:09:00,1770887399999,XLM,1m,0.15887,0.1588,0.15887,0.15877,9570.0,6
2026-02-12 09:10:00,1770887459999,XLM,1m,0.15879,0.15891,0.15891,0.15879,3337.0,2
2026-02-12 09:11:00,1770887519999,XLM,1m,0.15908,0.15919,0.15921,0.15908,16595.0,6
2026-02-12 09:12:00,1770887579999,XLM,1m,0.15927,0.1592,0.15927,0.1592,3338.0,2
2026-02-12 09:13:00,1770887639999,XLM,1m,0.15915,0.15909,0.15915,0.15906,3855.0,4
2026-02-12 09:14:00,1770887699999,XLM,1m,0.1591,0.159,0.1591,0.159,14244.0,7
2026-02-12 09:15:00,1770887759999,XLM,1m,0.15907,0.15913,0.15913,0.15907,3855.0,3
2026-02-12 09:16:00,1770887819999,XLM,1m,0.1592,0.1592,0.1592,0.1592,3337.0,2
2026-02-12 09:17:00,1770887879999,XLM,1m,0.15926,0.15942,0.15942,0.15926,3855.0,3
2026-02-12 09:18:00,1770887939999,XLM,1m,0.15933,0.15927,0.15933,0.15927,3337.0,2
2026-02-12 09:19:00,1770887999999,XLM,1m,0.15931,0.15946,0.15946,0.15928,3855.0,4
2026-02-12 09:20:00,1770888059999,XLM,1m,0.15943,0.15939,0.15943,0.15939,3338.0,2
2026-02-12 09:21:00,1770888119999,XLM,1m,0.15941,0.1594,0.15941,0.15938,3855.0,3
2026-02-12 09:22:00,1770888179999,XLM,1m,0.15939,0.15931,0.15939,0.15931,5139.0,3
2026-02-12 09:23:00,1770888239999,XLM,1m,0.15938,0.15938,0.15938,0.15935,3949.0,4
2026-02-12 09:24:00,1770888299999,XLM,1m,0.1593,0.15928,0.1593,0.1592,18330.0,6
2026-02-12 09:25:00,1770888359999,XLM,1m,0.15927,0.15931,0.15931,0.15927,3981.0,4
2026-02-12 09:26:00,1770888419999,XLM,1m,0.15931,0.15932,0.15932,0.15931,3337.0,2
2026-02-12 09:27:00,1770888479999,XLM,1m,0.15941,0.15941,0.15941,0.15939,4303.0,7
2026-02-12 09:28:00,1770888539999,XLM,1m,0.1595,0.15951,0.15953,0.1595,9093.0,9
2026-02-12 09:29:00,1770888599999,XLM,1m,0.15949,0.15949,0.15949,0.15946,3855.0,3
2026-02-12 09:30:00,1770888659999,XLM,1m,0.15939,0.1594,0.1594,0.15939,3337.0,2
2026-02-12 09:31:00,1770888719999,XLM,1m,0.15944,0.15952,0.15952,0.15944,3855.0,3
2026-02-12 09:32:00,1770888779999,XLM,1m,0.15942,0.15954,0.15954,0.15942,14846.0,5
2026-02-12 09:33:00,1770888839999,XLM,1m,0.15971,0.15969,0.15971,0.15966,4580.0,6
2026-02-12 09:34:00,1770888899999,XLM,1m,0.1599,0.15993,0.15993,0.1599,3337.0,2
2026-02-12 09:35:00,1770888959999,XLM,1m,0.15986,0.15977,0.15986,0.15977,5731.0,4
2026-02-12 09:36:00,1770889019999,XLM,1m,0.15989,0.1597,0.15989,0.1597,7483.0,4
2026-02-12 09:37:00,1770889079999,XLM,1m,0.15972,0.15972,0.15972,0.15965,3855.0,3
2026-02-12 09:38:00,1770889139999,XLM,1m,0.15975,0.15978,0.15978,0.15974,4867.0,3
2026-02-12 09:39:00,1770889199999,XLM,1m,0.15973,0.1597,0.15973,0.15968,3855.0,3
2026-02-12 09:40:00,1770889259999,XLM,1m,0.15967,0.15967,0.15967,0.15964,3481.0,3
2026-02-12 09:41:00,1770889319999,XLM,1m,0.15968,0.15966,0.15968,0.15965,3855.0,3
2026-02-12 09:42:00,1770889379999,XLM,1m,0.1597,0.15971,0.15971,0.1597,3337.0,3
2026-02-12 09:43:00,1770889439999,XLM,1m,0.15969,0.15973,0.15973,0.15969,3950.0,4
2026-02-12 09:44:00,1770889499999,XLM,1m,0.15977,0.15969,0.15978,0.15969,3337.0,3
2026-02-12 09:45:00,1770889559999,XLM,1m,0.15964,0.15975,0.15975,0.1596,6215.0,5
2026-02-12 09:46:00,1770889619999,XLM,1m,0.15979,0.15978,0.15979,0.15978,3337.0,2
2026-02-12 09:47:00,1770889679999,XLM,1m,0.15973,0.15972,0.15973,0.1597,3855.0,4
2026-02-12 09:48:00,1770889739999,XLM,1m,0.15965,0.15969,0.15969,0.15965,8141.0,3
2026-02-12 09:49:00,1770889799999,XLM,1m,0.15963,0.15964,0.15964,0.15963,3337.0,2
2026-02-12 09:50:00,1770889859999,XLM,1m,0.15962,0.15957,0.15964,0.15957,3337.0,3
2026-02-12 09:51:00,1770889919999,XLM,1m,0.15959,0.15966,0.15966,0.15953,8413.0,6
2026-02-12 09:52:00,1770889979999,XLM,1m,0.15966,0.15958,0.15966,0.15958,15181.0,6
2026-02-12 09:53:00,1770890039999,XLM,1m,0.15976,0.15979,0.15979,0.15974,3855.0,3
2026-02-12 09:54:00,1770890099999,XLM,1m,0.15988,0.15976,0.15988,0.15976,10117.0,3
2026-02-12 09:55:00,1770890159999,XLM,1m,0.15979,0.15984,0.15984,0.15977,3855.0,3
2026-02-12 09:56:00,1770890219999,XLM,1m,0.15981,0.16007,0.16012,0.15976,39065.0,9
2026-02-12 09:57:00,1770890279999,XLM,1m,0.16004,0.15971,0.16004,0.15961,30426.0,8
2026-02-12 09:58:00,1770890339999,XLM,1m,0.1598,0.1598,0.1598,0.15977,3435.0,3
2026-02-12 09:59:00,1770890399999,XLM,1m,0.15993,0.15989,0.15993,0.15988,3856.0,3
2026-02-12 10:00:00,1770890459999,XLM,1m,0.15995,0.15996,0.15998,0.15995,18711.0,6
2026-02-12 10:01:00,1770890519999,XLM,1m,0.15989,0.15993,0.15993,0.15987,3855.0,3
2026-02-12 10:02:00,1770890579999,XLM,1m,0.15993,0.16005,0.16005,0.15993,4220.0,5
2026-02-12 10:03:00,1770890639999,XLM,1m,0.1601,0.16019,0.16025,0.1601,34178.0,12
2026-02-12 10:04:00,1770890699999,XLM,1m,0.16016,0.16015,0.16016,0.16015,3337.0,2
2026-02-12 10:05:00,1770890759999,XLM,1m,0.16023,0.16009,0.16023,0.16009,15945.0,6
2026-02-12 10:06:00,1770890819999,XLM,1m,0.16001,0.16006,0.16006,0.15998,3431.0,3
2026-02-12 10:07:00,1770890879999,XLM,1m,0.16001,0.16005,0.16005,0.16001,3856.0,4
2026-02-12 10:08:00,1770890939999,XLM,1m,0.15999,0.15997,0.15999,0.15993,4288.0,6
2026-02-12 10:09:00,1770890999999,XLM,1m,0.15992,0.1599,0.15992,0.15981,3855.0,3
2026-02-12 10:10:00,1770891059999,XLM,1m,0.15989,0.15991,0.15991,0.15989,3337.0,2
2026-02-12 10:11:00,1770891119999,XLM,1m,0.15985,0.15981,0.15985,0.15981,2187.0,2
2026-02-12 10:12:00,1770891179999,XLM,1m,0.15983,0.15983,0.15983,0.15983,110.0,1
2026-02-12 10:13:00,1770891239999,XLM,1m,0.15984,0.15984,0.15984,0.15984,518.0,1
2026-02-12 10:14:00,1770891299999,XLM,1m,0.15984,0.15984,0.15984,0.15984,0.0,0
2026-02-12 10:15:00,1770891359999,XLM,1m,0.15972,0.15972,0.15972,0.15972,518.0,1
2026-02-12 10:16:00,1770891419999,XLM,1m,0.15972,0.15972,0.15972,0.15972,0.0,0
2026-02-12 10:17:00,1770891479999,XLM,1m,0.15954,0.15959,0.15959,0.15954,732.0,3
2026-02-12 10:18:00,1770891539999,XLM,1m,0.15959,0.15959,0.15959,0.15959,0.0,0
2026-02-12 10:19:00,1770891599999,XLM,1m,0.15955,0.15951,0.15955,0.15951,8191.0,6
2026-02-12 10:20:00,1770891659999,XLM,1m,0.15951,0.15951,0.15951,0.15951,0.0,0
2026-02-12 10:21:00,1770891719999,XLM,1m,0.15964,0.15964,0.15964,0.15964,518.0,1
2026-02-12 10:22:00,1770891779999,XLM,1m,0.1596,0.15964,0.15964,0.1596,353.0,3
2026-02-12 10:23:00,1770891839999,XLM,1m,0.15945,0.15945,0.15945,0.15945,518.0,1
2026-02-12 10:24:00,1770891899999,XLM,1m,0.1593,0.1593,0.1593,0.1593,122.0,1
2026-02-12 10:25:00,1770891959999,XLM,1m,0.15938,0.15942,0.15942,0.15938,725.0,2
2026-02-12 10:26:00,1770892019999,XLM,1m,0.15959,0.15959,0.15959,0.15959,223.0,2
2026-02-12 10:27:00,1770892079999,XLM,1m,0.15957,0.15957,0.15957,0.15957,518.0,1
2026-02-12 10:28:00,1770892139999,XLM,1m,0.15949,0.15949,0.15949,0.15949,10669.0,1
2026-02-12 10:29:00,1770892199999,XLM,1m,0.15966,0.1597,0.1597,0.15966,629.0,2
2026-02-12 10:30:00,1770892259999,XLM,1m,0.1597,0.1597,0.1597,0.1597,0.0,0
2026-02-12 10:31:00,1770892319999,XLM,1m,0.15981,0.15981,0.15981,0.15981,658.0,2
2026-02-12 10:32:00,1770892379999,XLM,1m,0.16003,0.15994,0.16003,0.15994,3943.0,3
2026-02-12 10:33:00,1770892439999,XLM,1m,0.1601,0.1601,0.1601,0.1601,718.0,2
2026-02-12 10:34:00,1770892499999,XLM,1m,0.1601,0.1601,0.1601,0.1601,0.0,0
2026-02-12 10:35:00,1770892559999,XLM,1m,0.15998,0.15998,0.15998,0.15998,613.0,2
2026-02-12 10:36:00,1770892619999,XLM,1m,0.15998,0.15998,0.15998,0.15998,1723.0,1
2026-02-12 10:37:00,1770892679999,XLM,1m,0.16007,0.16008,0.16008,0.16007,612.0,2
2026-02-12 10:38:00,1770892739999,XLM,1m,0.16009,0.16002,0.16009,0.16002,5159.0,2
2026-02-12 10:39:00,1770892799999,XLM,1m,0.15995,0.15995,0.15995,0.15995,518.0,1
2026-02-12 10:40:00,1770892859999,XLM,1m,0.15997,0.15997,0.15997,0.15997,119.0,1
2026-02-12 10:41:00,1770892919999,XLM,1m,0.15974,0.15974,0.15974,0.15974,518.0,1
2026-02-12 10:42:00,1770892979999,XLM,1m,0.15984,0.15984,0.15984,0.15984,95.0,1
2026-02-12 10:43:00,1770893039999,XLM,1m,0.15979,0.15981,0.15983,0.15976,956.0,4
2026-02-12 10:44:00,1770893099999,XLM,1m,0.15975,0.15976,0.15976,0.15975,381.0,2
2026-02-12 10:45:00,1770893159999,XLM,1m,0.15977,0.15977,0.15977,0.15977,518.0,1
2026-02-12 10:46:00,1770893219999,XLM,1m,0.15978,0.15984,0.15984,0.15978,353.0,2
2026-02-12 10:47:00,1770893279999,XLM,1m,0.15999,0.15991,0.15999,0.15989,3635.0,4
2026-02-12 10:48:00,1770893339999,XLM,1m,0.15993,0.15998,0.15998,0.15993,230.0,2
2026-02-12 10:49:00,1770893399999,XLM,1m,0.1601,0.16014,0.16022,0.1601,16391.0,4
2026-02-12 10:50:00,1770893459999,XLM,1m,0.16004,0.16005,0.16005,0.16004,220.0,2
2026-02-12 10:51:00,1770893519999,XLM,1m,0.16024,0.16024,0.16024,0.16024,518.0,1
2026-02-12 10:52:00,1770893579999,XLM,1m,0.16023,0.16026,0.16026,0.16023,206.0,2
2026-02-12 10:53:00,1770893639999,XLM,1m,0.16031,0.16031,0.16031,0.16031,518.0,1
2026-02-12 10:54:00,1770893699999,XLM,1m,0.16031,0.16031,0.16031,0.16031,1724.0,2
2026-02-12 10:55:00,1770893759999,XLM,1m,0.16042,0.16042,0.16042,0.16042,518.0,1
2026-02-12 10:56:00,1770893819999,XLM,1m,0.16028,0.16028,0.16028,0.16028,120.0,1
2026-02-12 10:57:00,1770893879999,XLM,1m,0.16034,0.16034,0.16034,0.16034,518.0,1
2026-02-12 10:58:00,1770893939999,XLM,1m,0.16038,0.16038,0.16038,0.16038,123.0,1
2026-02-12 10:59:00,1770893999999,XLM,1m,0.16035,0.16035,0.16035,0.16035,518.0,1
2026-02-12 11:00:00,1770894059999,XLM,1m,0.16057,0.16056,0.16061,0.16056,17232.0,5
2026-02-12 11:01:00,1770894119999,XLM,1m,0.16062,0.16059,0.16067,0.16059,15416.0,8
2026-02-12 11:02:00,1770894179999,XLM,1m,0.16052,0.16052,0.16052,0.16052,10559.0,3
2026-02-12 11:03:00,1770894239999,XLM,1m,0.16039,0.16049,0.16049,0.16039,11364.0,7
2026-02-12 11:04:00,1770894299999,XLM,1m,0.16041,0.16041,0.16041,0.16041,922.0,2
2026-02-12 11:05:00,1770894359999,XLM,1m,0.16039,0.16039,0.16039,0.16039,518.0,1
2026-02-12 11:06:00,1770894419999,XLM,1m,0.16031,0.16031,0.16031,0.16031,8532.0,2
2026-02-12 11:07:00,1770894479999,XLM,1m,0.16023,0.16021,0.16023,0.16019,742.0,4
2026-02-12 11:08:00,1770894539999,XLM,1m,0.1602,0.16026,0.16026,0.1602,4134.0,2
2026-02-12 11:09:00,1770894599999,XLM,1m,0.16031,0.16027,0.16031,0.16027,782.0,2
2026-02-12 11:10:00,1770894659999,XLM,1m,0.16019,0.16008,0.16019,0.16008,19084.0,7
2026-02-12 11:11:00,1770894719999,XLM,1m,0.16008,0.16008,0.16008,0.16008,518.0,1
2026-02-12 11:12:00,1770894779999,XLM,1m,0.15999,0.15999,0.15999,0.15999,99.0,1
2026-02-12 11:13:00,1770894839999,XLM,1m,0.15992,0.15987,0.15992,0.15987,2292.0,4
2026-02-12 11:14:00,1770894899999,XLM,1m,0.15987,0.15985,0.15987,0.15978,8341.0,6
2026-02-12 11:15:00,1770894959999,XLM,1m,0.15982,0.15982,0.15982,0.15982,518.0,1
2026-02-12 11:16:00,1770895019999,XLM,1m,0.15987,0.15987,0.15987,0.15987,726.0,1
2026-02-12 11:17:00,1770895079999,XLM,1m,0.16004,0.1603,0.1603,0.16004,6313.0,4
2026-02-12 11:18:00,1770895139999,XLM,1m,0.1603,0.1603,0.1603,0.1603,0.0,0
2026-02-12 11:19:00,1770895199999,XLM,1m,0.16029,0.16005,0.16029,0.16005,7857.0,3
2026-02-12 11:20:00,1770895259999,XLM,1m,0.16017,0.16017,0.16017,0.16017,116.0,1
2026-02-12 11:21:00,1770895319999,XLM,1m,0.16021,0.16021,0.16021,0.16021,8276.0,2
2026-02-12 11:22:00,1770895379999,XLM,1m,0.16021,0.16021,0.16021,0.16021,0.0,0
2026-02-12 11:23:00,1770895439999,XLM,1m,0.16017,0.16015,0.16017,0.16008,10725.0,8
2026-02-12 11:24:00,1770895499999,XLM,1m,0.16027,0.16027,0.16027,0.16027,102.0,1
2026-02-12 11:25:00,1770895559999,XLM,1m,0.16024,0.16024,0.16024,0.16024,518.0,1
2026-02-12 11:26:00,1770895619999,XLM,1m,0.16024,0.16024,0.16024,0.16024,0.0,0
2026-02-12 11:27:00,1770895679999,XLM,1m,0.16026,0.16029,0.16029,0.16026,615.0,2
2026-02-12 11:28:00,1770895739999,XLM,1m,0.16048,0.16048,0.16048,0.16048,120.0,1
2026-02-12 11:29:00,1770895799999,XLM,1m,0.16043,0.16049,0.16055,0.16043,12020.0,4
2026-02-12 11:30:00,1770895859999,XLM,1m,0.16049,0.16049,0.16049,0.16049,0.0,0
2026-02-12 11:31:00,1770895919999,XLM,1m,0.16058,0.16058,0.16058,0.16058,518.0,1
2026-02-12 11:32:00,1770895979999,XLM,1m,0.16067,0.16067,0.16067,0.16067,111.0,1
2026-02-12 11:33:00,1770896039999,XLM,1m,0.16047,0.16048,0.16048,0.16047,611.0,2
2026-02-12 11:34:00,1770896099999,XLM,1m,0.16054,0.16054,0.16054,0.16054,482.0,1
2026-02-12 11:35:00,1770896159999,XLM,1m,0.16049,0.16039,0.16049,0.16039,9144.0,5
2026-02-12 11:36:00,1770896219999,XLM,1m,0.1602,0.1602,0.1602,0.1602,241.0,2
2026-02-12 11:37:00,1770896279999,XLM,1m,0.1602,0.1602,0.1602,0.1602,518.0,1
2026-02-12 11:38:00,1770896339999,XLM,1m,0.16012,0.16012,0.16012,0.16012,106.0,1
2026-02-12 11:39:00,1770896399999,XLM,1m,0.16019,0.16019,0.16019,0.16019,518.0,1
2026-02-12 11:40:00,1770896459999,XLM,1m,0.16016,0.16016,0.16016,0.16016,217.0,2
2026-02-12 11:41:00,1770896519999,XLM,1m,0.16017,0.1601,0.16017,0.1601,919.0,4
2026-02-12 11:42:00,1770896579999,XLM,1m,0.16005,0.16005,0.16005,0.15999,481.0,4
2026-02-12 11:43:00,1770896639999,XLM,1m,0.1599,0.15999,0.15999,0.1599,668.0,2
2026-02-12 11:44:00,1770896699999,XLM,1m,0.15999,0.15999,0.15999,0.15999,0.0,0
2026-02-12 11:45:00,1770896759999,XLM,1m,0.15996,0.15984,0.15996,0.15984,8088.0,3
2026-02-12 11:46:00,1770896819999,XLM,1m,0.15993,0.15988,0.15993,0.15988,202.0,2
2026-02-12 11:47:00,1770896879999,XLM,1m,0.15998,0.15993,0.15998,0.15993,737.0,3
2026-02-12 11:48:00,1770896939999,XLM,1m,0.16004,0.16004,0.16004,0.16004,426.0,1
2026-02-12 11:49:00,1770896999999,XLM,1m,0.16005,0.16015,0.16015,0.16005,830.0,2
2026-02-12 11:50:00,1770897059999,XLM,1m,0.16015,0.16015,0.16015,0.16015,0.0,0
2026-02-12 11:51:00,1770897119999,XLM,1m,0.16014,0.16014,0.16014,0.16014,706.0,2
2026-02-12 11:52:00,1770897179999,XLM,1m,0.16007,0.16015,0.16015,0.16007,5158.0,8
2026-02-12 11:53:00,1770897239999,XLM,1m,0.16011,0.16023,0.16026,0.16011,53627.0,73
2026-02-12 11:54:00,1770897299999,XLM,1m,0.16023,0.16024,0.16032,0.16023,53931.0,70
2026-02-12 11:55:00,1770897359999,XLM,1m,0.16024,0.1603,0.16031,0.1602,55299.0,77
2026-02-12 11:56:00,1770897419999,XLM,1m,0.16033,0.16024,0.16033,0.1602,57008.0,73
2026-02-12 11:57:00,1770897479999,XLM,1m,0.16024,0.16022,0.16027,0.16011,65622.0,80
2026-02-12 11:58:00,1770897539999,XLM,1m,0.16023,0.16025,0.16027,0.16022,43835.0,70
2026-02-12 11:59:00,1770897599999,XLM,1m,0.16027,0.16027,0.16027,0.16027,518.0,1
2026-02-12 12:00:00,1770897659999,XLM,1m,0.16044,0.16047,0.16047,0.16044,31964.0,6
2026-02-12 12:01:00,1770897719999,XLM,1m,0.16038,0.16037,0.16038,0.16037,11819.0,4
2026-02-12 12:02:00,1770897779999,XLM,1m,0.16037,0.16029,0.16037,0.16029,40668.0,15
2026-02-12 12:03:00,1770897839999,XLM,1m,0.16037,0.16035,0.16037,0.16027,11650.0,17
2026-02-12 12:04:00,1770897899999,XLM,1m,0.16038,0.16034,0.16048,0.16031,65673.0,71
2026-02-12 12:05:00,1770897959999,XLM,1m,0.16033,0.16018,0.16033,0.16018,42264.0,53
2026-02-12 12:06:00,1770898019999,XLM,1m,0.16022,0.16022,0.16022,0.16022,100.0,1
2026-02-12 12:07:00,1770898079999,XLM,1m,0.16018,0.15996,0.16018,0.15996,1063.0,6
2026-02-12 12:08:00,1770898139999,XLM,1m,0.16008,0.16007,0.16008,0.16007,19870.0,2
2026-02-12 12:09:00,1770898199999,XLM,1m,0.16021,0.16017,0.16021,0.16017,978.0,6
2026-02-12 12:10:00,1770898259999,XLM,1m,0.16017,0.16017,0.16017,0.16017,6247.0,2
2026-02-12 12:11:00,1770898319999,XLM,1m,0.16016,0.1601,0.16016,0.1601,2322.0,3
2026-02-12 12:12:00,1770898379999,XLM,1m,0.16007,0.16007,0.16007,0.16007,113.0,1
2026-02-12 12:13:00,1770898439999,XLM,1m,0.16,0.16,0.16,0.16,518.0,1
2026-02-12 12:14:00,1770898499999,XLM,1m,0.16005,0.16005,0.16005,0.16005,1561.0,1
2026-02-12 12:15:00,1770898559999,XLM,1m,0.16021,0.16021,0.16021,0.16021,518.0,1
2026-02-12 12:16:00,1770898619999,XLM,1m,0.16026,0.16026,0.16026,0.16026,657.0,1
2026-02-12 12:17:00,1770898679999,XLM,1m,0.16021,0.16021,0.16021,0.16021,518.0,1
2026-02-12 12:18:00,1770898739999,XLM,1m,0.16021,0.16021,0.16021,0.16021,0.0,0
2026-02-12 12:19:00,1770898799999,XLM,1m,0.16024,0.16024,0.16024,0.16024,655.0,2
2026-02-12 12:20:00,1770898859999,XLM,1m,0.1602,0.1602,0.1602,0.1602,112.0,1
2026-02-12 12:21:00,1770898919999,XLM,1m,0.16029,0.16029,0.16029,0.16029,518.0,1
2026-02-12 12:22:00,1770898979999,XLM,1m,0.16019,0.16019,0.16019,0.16019,115.0,1
2026-02-12 12:23:00,1770899039999,XLM,1m,0.16001,0.16001,0.16001,0.16001,518.0,1
2026-02-12 12:24:00,1770899099999,XLM,1m,0.16011,0.16011,0.16011,0.16011,69.0,1
2026-02-12 12:25:00,1770899159999,XLM,1m,0.16018,0.16016,0.16018,0.16016,638.0,2
2026-02-12 12:26:00,1770899219999,XLM,1m,0.16028,0.16027,0.16028,0.16027,103.0,2
2026-02-12 12:27:00,1770899279999,XLM,1m,0.16025,0.16025,0.16025,0.16025,518.0,1
2026-02-12 12:28:00,1770899339999,XLM,1m,0.16032,0.16032,0.16032,0.16032,103.0,1
2026-02-12 12:29:00,1770899399999,XLM,1m,0.16075,0.16064,0.16075,0.16064,1485.0,3
2026-02-12 12:30:00,1770899459999,XLM,1m,0.16058,0.1606,0.1606,0.16056,511.0,4
2026-02-12 12:31:00,1770899519999,XLM,1m,0.16054,0.16054,0.16054,0.16054,518.0,1
2026-02-12 12:32:00,1770899579999,XLM,1m,0.16044,0.16044,0.16044,0.16044,966.0,1
2026-02-12 12:33:00,1770899639999,XLM,1m,0.16044,0.16037,0.16044,0.16037,631.0,2
2026-02-12 12:34:00,1770899699999,XLM,1m,0.16031,0.16031,0.16031,0.16031,11619.0,3
2026-02-12 12:35:00,1770899759999,XLM,1m,0.16027,0.16029,0.16029,0.16027,7809.0,3
2026-02-12 12:36:00,1770899819999,XLM,1m,0.16031,0.16031,0.16031,0.16031,2523.0,2
2026-02-12 12:37:00,1770899879999,XLM,1m,0.16033,0.16031,0.16033,0.16031,9683.0,5
2026-02-12 12:38:00,1770899939999,XLM,1m,0.16031,0.16031,0.16031,0.16031,0.0,0
2026-02-12 12:39:00,1770899999999,XLM,1m,0.16033,0.16026,0.16033,0.16026,12784.0,7
2026-02-12 12:40:00,1770900059999,XLM,1m,0.16028,0.16028,0.16028,0.16028,108.0,1
2026-02-12 12:41:00,1770900119999,XLM,1m,0.16044,0.16044,0.16044,0.16044,2525.0,3
2026-02-12 12:42:00,1770900179999,XLM,1m,0.16041,0.16041,0.16041,0.16041,11376.0,4
2026-02-12 12:43:00,1770900239999,XLM,1m,0.16028,0.16034,0.16034,0.16024,2448.0,9
2026-02-12 12:44:00,1770900299999,XLM,1m,0.16034,0.16029,0.16034,0.16029,7494.0,16
2026-02-12 12:45:00,1770900359999,XLM,1m,0.16027,0.16022,0.1603,0.16016,16337.0,16
2026-02-12 12:46:00,1770900419999,XLM,1m,0.1601,0.16008,0.1601,0.16003,11896.0,7
2026-02-12 12:47:00,1770900479999,XLM,1m,0.16023,0.16031,0.16034,0.16021,6227.0,9
2026-02-12 12:48:00,1770900539999,XLM,1m,0.16031,0.1604,0.1604,0.16031,2828.0,7
2026-02-12 12:49:00,1770900599999,XLM,1m,0.16039,0.16047,0.16047,0.16035,13783.0,25
2026-02-12 12:50:00,1770900659999,XLM,1m,0.16055,0.16057,0.16059,0.16055,8229.0,13
2026-02-12 12:51:00,1770900719999,XLM,1m,0.16067,0.16064,0.16072,0.16063,5452.0,13
2026-02-12 12:52:00,1770900779999,XLM,1m,0.16064,0.16064,0.16064,0.16064,0.0,0
2026-02-12 12:53:00,1770900839999,XLM,1m,0.16053,0.16017,0.16053,0.16017,755.0,3
2026-02-12 12:54:00,1770900899999,XLM,1m,0.16012,0.15999,0.16012,0.15999,13048.0,5
2026-02-12 12:55:00,1770900959999,XLM,1m,0.16016,0.16016,0.16016,0.16016,1223.0,3
2026-02-12 12:56:00,1770901019999,XLM,1m,0.16005,0.16013,0.16018,0.16005,12761.0,21
2026-02-12 12:57:00,1770901079999,XLM,1m,0.16017,0.16025,0.16025,0.16013,10794.0,19
2026-02-12 12:58:00,1770901139999,XLM,1m,0.16027,0.16033,0.16035,0.16027,7687.0,12
2026-02-12 12:59:00,1770901199999,XLM,1m,0.16034,0.16034,0.16034,0.16034,518.0,1
2026-02-12 13:00:00,1770901259999,XLM,1m,0.16039,0.16035,0.16039,0.16033,6541.0,4
2026-02-12 13:01:00,1770901319999,XLM,1m,0.16055,0.1605,0.16055,0.1605,10419.0,5
2026-02-12 13:02:00,1770901379999,XLM,1m,0.16043,0.16025,0.16043,0.16025,11164.0,3
2026-02-12 13:03:00,1770901439999,XLM,1m,0.16027,0.16029,0.16029,0.16027,5447.0,2
2026-02-12 13:04:00,1770901499999,XLM,1m,0.16019,0.16019,0.16019,0.16019,9272.0,2
2026-02-12 13:05:00,1770901559999,XLM,1m,0.16039,0.16039,0.16039,0.16039,518.0,1
2026-02-12 13:06:00,1770901619999,XLM,1m,0.16039,0.16039,0.16039,0.16039,0.0,0
2026-02-12 13:07:00,1770901679999,XLM,1m,0.16021,0.16021,0.16021,0.16021,518.0,1
2026-02-12 13:08:00,1770901739999,XLM,1m,0.16018,0.16023,0.16023,0.16018,228.0,2
2026-02-12 13:09:00,1770901799999,XLM,1m,0.16055,0.16075,0.16075,0.16055,16488.0,5
2026-02-12 13:10:00,1770901859999,XLM,1m,0.16073,0.1607,0.16073,0.1607,302.0,2
2026-02-12 13:11:00,1770901919999,XLM,1m,0.1605,0.1605,0.1605,0.1605,518.0,1
2026-02-12 13:12:00,1770901979999,XLM,1m,0.16051,0.16044,0.16051,0.16044,21541.0,8
2026-02-12 13:13:00,1770902039999,XLM,1m,0.1603,0.1603,0.1603,0.1603,518.0,1
2026-02-12 13:14:00,1770902099999,XLM,1m,0.1603,0.1603,0.1603,0.1603,0.0,0
2026-02-12 13:15:00,1770902159999,XLM,1m,0.16048,0.16044,0.16048,0.16044,6811.0,3
2026-02-12 13:16:00,1770902219999,XLM,1m,0.16043,0.1605,0.1605,0.16042,421.0,3
2026-02-12 13:17:00,1770902279999,XLM,1m,0.16061,0.16057,0.16061,0.16057,1234.0,3
2026-02-12 13:18:00,1770902339999,XLM,1m,0.16053,0.16049,0.16053,0.16049,756.0,2
2026-02-12 13:19:00,1770902399999,XLM,1m,0.16027,0.16027,0.16027,0.16027,518.0,1
2026-02-12 13:20:00,1770902459999,XLM,1m,0.16042,0.16048,0.16048,0.16042,378.0,2
2026-02-12 13:21:00,1770902519999,XLM,1m,0.16034,0.16034,0.16034,0.16034,518.0,1
2026-02-12 13:22:00,1770902579999,XLM,1m,0.16034,0.16034,0.16034,0.16034,101.0,1
2026-02-12 13:23:00,1770902639999,XLM,1m,0.16033,0.16033,0.16033,0.16033,518.0,1
2026-02-12 13:24:00,1770902699999,XLM,1m,0.16044,0.16044,0.16044,0.16044,4522.0,1
2026-02-12 13:25:00,1770902759999,XLM,1m,0.16011,0.16011,0.16011,0.16011,518.0,1
2026-02-12 13:26:00,1770902819999,XLM,1m,0.15994,0.15972,0.15994,0.15972,26453.0,5
2026-02-12 13:27:00,1770902879999,XLM,1m,0.15973,0.15973,0.15975,0.15961,10933.0,5
2026-02-12 13:28:00,1770902939999,XLM,1m,0.15973,0.15973,0.15973,0.15973,0.0,0
2026-02-12 13:29:00,1770902999999,XLM,1m,0.15982,0.15974,0.15982,0.15974,656.0,2
2026-02-12 13:30:00,1770903059999,XLM,1m,0.15996,0.16067,0.16067,0.15996,9705.0,4
2026-02-12 13:31:00,1770903119999,XLM,1m,0.16044,0.16019,0.16044,0.16019,16038.0,5
2026-02-12 13:32:00,1770903179999,XLM,1m,0.16019,0.16019,0.16019,0.16019,0.0,0
2026-02-12 13:33:00,1770903239999,XLM,1m,0.16026,0.16049,0.16049,0.16026,619.0,2
2026-02-12 13:34:00,1770903299999,XLM,1m,0.16049,0.16049,0.16049,0.16049,0.0,0
2026-02-12 13:35:00,1770903359999,XLM,1m,0.16057,0.16056,0.16057,0.16045,739.0,3
2026-02-12 13:36:00,1770903419999,XLM,1m,0.16056,0.16056,0.16056,0.16056,0.0,0
2026-02-12 13:37:00,1770903479999,XLM,1m,0.16072,0.16072,0.16072,0.16072,518.0,1
2026-02-12 13:38:00,1770903539999,XLM,1m,0.16065,0.16065,0.16065,0.16065,260.0,1
2026-02-12 13:39:00,1770903599999,XLM,1m,0.16074,0.16072,0.16074,0.16072,5022.0,2
2026-02-12 13:40:00,1770903659999,XLM,1m,0.16072,0.16072,0.16072,0.16072,0.0,0
2026-02-12 13:41:00,1770903719999,XLM,1m,0.16109,0.16109,0.16109,0.16109,518.0,1
2026-02-12 13:42:00,1770903779999,XLM,1m,0.1611,0.16109,0.1611,0.16109,216.0,2
2026-02-12 13:43:00,1770903839999,XLM,1m,0.16105,0.16115,0.16115,0.16104,5942.0,6
2026-02-12 13:44:00,1770903899999,XLM,1m,0.16115,0.16115,0.16115,0.16115,0.0,0
2026-02-12 13:45:00,1770903959999,XLM,1m,0.16114,0.16113,0.16114,0.16113,1398.0,3
2026-02-12 13:46:00,1770904019999,XLM,1m,0.16116,0.16116,0.16116,0.16116,93.0,1
2026-02-12 13:47:00,1770904079999,XLM,1m,0.16116,0.16116,0.16116,0.16116,641.0,2
2026-02-12 13:48:00,1770904139999,XLM,1m,0.16124,0.16124,0.16124,0.16124,237.0,1
2026-02-12 13:49:00,1770904199999,XLM,1m,0.16113,0.16111,0.16114,0.16111,21457.0,7
2026-02-12 13:50:00,1770904259999,XLM,1m,0.16111,0.16111,0.16111,0.16111,0.0,0
2026-02-12 13:51:00,1770904319999,XLM,1m,0.16119,0.16119,0.16119,0.16119,518.0,1
2026-02-12 13:52:00,1770904379999,XLM,1m,0.16144,0.16154,0.16154,0.16143,12068.0,4
2026-02-12 13:53:00,1770904439999,XLM,1m,0.16151,0.16157,0.16157,0.16151,2743.0,5
2026-02-12 13:54:00,1770904499999,XLM,1m,0.16162,0.16164,0.16164,0.16162,4499.0,2
2026-02-12 13:55:00,1770904559999,XLM,1m,0.16155,0.16155,0.16155,0.16155,745.0,3
2026-02-12 13:56:00,1770904619999,XLM,1m,0.16155,0.16155,0.16155,0.16155,0.0,0
2026-02-12 13:57:00,1770904679999,XLM,1m,0.16162,0.16172,0.16172,0.16162,1116.0,4
2026-02-12 13:58:00,1770904739999,XLM,1m,0.1618,0.1618,0.1618,0.1618,93.0,1
2026-02-12 13:59:00,1770904799999,XLM,1m,0.16172,0.16172,0.16172,0.16172,746.0,2
2026-02-12 14:00:00,1770904859999,XLM,1m,0.16179,0.1617,0.16179,0.1617,10312.0,8
2026-02-12 14:01:00,1770904919999,XLM,1m,0.16141,0.16122,0.16141,0.16122,586.0,2
2026-02-12 14:02:00,1770904979999,XLM,1m,0.16096,0.16096,0.16096,0.16096,4192.0,1
2026-02-12 14:03:00,1770905039999,XLM,1m,0.16071,0.16079,0.16079,0.16071,633.0,2
2026-02-12 14:04:00,1770905099999,XLM,1m,0.16064,0.16069,0.16069,0.16064,4829.0,2
2026-02-12 14:05:00,1770905159999,XLM,1m,0.16069,0.16069,0.16069,0.16069,518.0,1
2026-02-12 14:06:00,1770905219999,XLM,1m,0.16083,0.16083,0.16083,0.16083,4171.0,1
2026-02-12 14:07:00,1770905279999,XLM,1m,0.16056,0.16056,0.16056,0.16056,518.0,1
2026-02-12 14:08:00,1770905339999,XLM,1m,0.16054,0.16054,0.16054,0.16054,260.0,1
2026-02-12 14:09:00,1770905399999,XLM,1m,0.16058,0.16061,0.16061,0.16058,583.0,2
2026-02-12 14:10:00,1770905459999,XLM,1m,0.16102,0.16102,0.16102,0.16102,197.0,1
2026-02-12 14:11:00,1770905519999,XLM,1m,0.16097,0.16097,0.16097,0.16097,518.0,1
2026-02-12 14:12:00,1770905579999,XLM,1m,0.16099,0.16099,0.16099,0.16099,100.0,1
2026-02-12 14:13:00,1770905639999,XLM,1m,0.1609,0.16084,0.1609,0.16076,1391.0,7
2026-02-12 14:14:00,1770905699999,XLM,1m,0.16088,0.16066,0.16088,0.16066,227.0,2
2026-02-12 14:15:00,1770905759999,XLM,1m,0.16062,0.16052,0.16062,0.16052,1483.0,6
2026-02-12 14:16:00,1770905819999,XLM,1m,0.16069,0.16069,0.16069,0.16069,192.0,1
2026-02-12 14:17:00,1770905879999,XLM,1m,0.16085,0.16078,0.16085,0.16078,724.0,2
2026-02-12 14:18:00,1770905939999,XLM,1m,0.16061,0.16061,0.16061,0.16061,254.0,1
2026-02-12 14:19:00,1770905999999,XLM,1m,0.16069,0.16069,0.16069,0.16069,518.0,1
2026-02-12 14:20:00,1770906059999,XLM,1m,0.16076,0.16076,0.16076,0.16076,100.0,1
2026-02-12 14:21:00,1770906119999,XLM,1m,0.16095,0.16095,0.16095,0.16095,518.0,1
2026-02-12 14:22:00,1770906179999,XLM,1m,0.16089,0.16089,0.16089,0.16089,1059.0,1
2026-02-12 14:23:00,1770906239999,XLM,1m,0.16071,0.16071,0.16071,0.16071,518.0,1
2026-02-12 14:24:00,1770906299999,XLM,1m,0.16061,0.16065,0.16065,0.16061,2217.0,3
2026-02-12 14:25:00,1770906359999,XLM,1m,0.16057,0.16057,0.16057,0.16057,518.0,1
2026-02-12 14:26:00,1770906419999,XLM,1m,0.16061,0.16061,0.16061,0.16061,71.0,1
2026-02-12 14:27:00,1770906479999,XLM,1m,0.16061,0.16071,0.16071,0.16061,644.0,2
2026-02-12 14:28:00,1770906539999,XLM,1m,0.16064,0.16064,0.16064,0.16064,106.0,1
2026-02-12 14:29:00,1770906599999,XLM,1m,0.16072,0.16072,0.16072,0.16072,518.0,1
2026-02-12 14:30:00,1770906659999,XLM,1m,0.16063,0.16077,0.16077,0.16063,352.0,2
2026-02-12 14:31:00,1770906719999,XLM,1m,0.16073,0.1609,0.1609,0.16073,3690.0,5
2026-02-12 14:32:00,1770906779999,XLM,1m,0.1611,0.16142,0.16142,0.16106,11192.0,5
2026-02-12 14:33:00,1770906839999,XLM,1m,0.16113,0.16112,0.16113,0.16106,5336.0,3
2026-02-12 14:34:00,1770906899999,XLM,1m,0.1612,0.16123,0.16127,0.1612,325.0,3
2026-02-12 14:35:00,1770906959999,XLM,1m,0.16145,0.16106,0.16145,0.16106,22287.0,9
2026-02-12 14:36:00,1770907019999,XLM,1m,0.16074,0.16074,0.16074,0.16074,118.0,1
2026-02-12 14:37:00,1770907079999,XLM,1m,0.16072,0.1609,0.1609,0.16072,1105.0,2
2026-02-12 14:38:00,1770907139999,XLM,1m,0.1609,0.1609,0.1609,0.1609,0.0,0
2026-02-12 14:39:00,1770907199999,XLM,1m,0.16083,0.16062,0.16084,0.16062,2738.0,3
2026-02-12 14:40:00,1770907259999,XLM,1m,0.16076,0.16076,0.16076,0.16076,5520.0,1
2026-02-12 14:41:00,1770907319999,XLM,1m,0.16102,0.16104,0.16104,0.16102,792.0,2
2026-02-12 14:42:00,1770907379999,XLM,1m,0.16093,0.16093,0.16093,0.16093,201.0,1
2026-02-12 14:43:00,1770907439999,XLM,1m,0.16069,0.16072,0.16072,0.16069,6038.0,2
2026-02-12 14:44:00,1770907499999,XLM,1m,0.16083,0.16059,0.16083,0.16059,404.0,3
2026-02-12 14:45:00,1770907559999,XLM,1m,0.16069,0.16064,0.16087,0.16064,1326.0,6
2026-02-12 14:46:00,1770907619999,XLM,1m,0.16054,0.16062,0.16062,0.16054,6159.0,2
2026-02-12 14:47:00,1770907679999,XLM,1m,0.16094,0.16108,0.16108,0.16093,5840.0,3
2026-02-12 14:48:00,1770907739999,XLM,1m,0.16111,0.16111,0.16111,0.16111,4609.0,2
2026-02-12 14:49:00,1770907799999,XLM,1m,0.16116,0.16116,0.16116,0.16115,14287.0,4
2026-02-12 14:50:00,1770907859999,XLM,1m,0.16111,0.16143,0.16152,0.16111,51162.0,13
2026-02-12 14:51:00,1770907919999,XLM,1m,0.16154,0.16123,0.16155,0.16123,2411.0,3
2026-02-12 14:52:00,1770907979999,XLM,1m,0.16129,0.16129,0.16129,0.16129,228.0,1
2026-02-12 14:53:00,1770908039999,XLM,1m,0.16131,0.16136,0.16136,0.16131,2318.0,2
2026-02-12 14:54:00,1770908099999,XLM,1m,0.16152,0.16133,0.16152,0.16133,2306.0,3
2026-02-12 14:55:00,1770908159999,XLM,1m,0.16134,0.16134,0.16134,0.16134,518.0,1
2026-02-12 14:56:00,1770908219999,XLM,1m,0.16134,0.16134,0.16134,0.16134,0.0,0
2026-02-12 14:57:00,1770908279999,XLM,1m,0.16121,0.16109,0.16121,0.16109,756.0,3
2026-02-12 14:58:00,1770908339999,XLM,1m,0.161,0.16105,0.16105,0.161,2849.0,2
2026-02-12 14:59:00,1770908399999,XLM,1m,0.16112,0.16111,0.16112,0.16111,5487.0,2
2026-02-12 15:00:00,1770908459999,XLM,1m,0.16112,0.16118,0.16118,0.16112,6687.0,2
2026-02-12 15:01:00,1770908519999,XLM,1m,0.16112,0.16115,0.16116,0.16099,17990.0,9
2026-02-12 15:02:00,1770908579999,XLM,1m,0.16136,0.16136,0.16136,0.16136,124.0,1
2026-02-12 15:03:00,1770908639999,XLM,1m,0.16135,0.1613,0.16135,0.1613,642.0,2
2026-02-12 15:04:00,1770908699999,XLM,1m,0.1606,0.16049,0.16075,0.16049,52396.0,7
2026-02-12 15:05:00,1770908759999,XLM,1m,0.1604,0.1604,0.1604,0.1604,518.0,1
2026-02-12 15:06:00,1770908819999,XLM,1m,0.16025,0.16024,0.16025,0.1602,15027.0,5
2026-02-12 15:07:00,1770908879999,XLM,1m,0.16041,0.16061,0.16061,0.16041,1155.0,2
2026-02-12 15:08:00,1770908939999,XLM,1m,0.16045,0.16045,0.16045,0.16045,274.0,1
2026-02-12 15:09:00,1770908999999,XLM,1m,0.16014,0.16017,0.16017,0.16014,1155.0,2
2026-02-12 15:10:00,1770909059999,XLM,1m,0.16004,0.15983,0.16004,0.15983,17441.0,5
2026-02-12 15:11:00,1770909119999,XLM,1m,0.16021,0.16002,0.16021,0.16002,1452.0,3
2026-02-12 15:12:00,1770909179999,XLM,1m,0.16048,0.16048,0.16048,0.16048,2270.0,1
2026-02-12 15:13:00,1770909239999,XLM,1m,0.16046,0.16052,0.16052,0.16046,1556.0,3
2026-02-12 15:14:00,1770909299999,XLM,1m,0.16064,0.16064,0.16064,0.16064,1323.0,2
2026-02-12 15:15:00,1770909359999,XLM,1m,0.1606,0.16055,0.16065,0.16055,1481.0,3
2026-02-12 15:16:00,1770909419999,XLM,1m,0.16106,0.16144,0.16144,0.16106,4841.0,2
2026-02-12 15:17:00,1770909479999,XLM,1m,0.16121,0.16125,0.16125,0.16121,2495.0,2
2026-02-12 15:18:00,1770909539999,XLM,1m,0.16128,0.16116,0.16128,0.16116,6090.0,5
2026-02-12 15:19:00,1770909599999,XLM,1m,0.16141,0.16141,0.16141,0.16141,518.0,1
2026-02-12 15:20:00,1770909659999,XLM,1m,0.16143,0.16168,0.16168,0.16143,2360.0,5
2026-02-12 15:21:00,1770909719999,XLM,1m,0.16164,0.16174,0.16174,0.16164,5347.0,2
2026-02-12 15:22:00,1770909779999,XLM,1m,0.16179,0.16238,0.16244,0.16179,30830.0,11
2026-02-12 15:23:00,1770909839999,XLM,1m,0.16222,0.16236,0.16236,0.16222,5543.0,2
2026-02-12 15:24:00,1770909899999,XLM,1m,0.16253,0.16261,0.16261,0.16253,2425.0,3
2026-02-12 15:25:00,1770909959999,XLM,1m,0.16269,0.16255,0.16269,0.16254,4547.0,4
2026-02-12 15:26:00,1770910019999,XLM,1m,0.16265,0.16267,0.16267,0.16265,3654.0,2
2026-02-12 15:27:00,1770910079999,XLM,1m,0.16255,0.16271,0.16271,0.16255,14829.0,5
2026-02-12 15:28:00,1770910139999,XLM,1m,0.16305,0.16319,0.16319,0.16305,11499.0,4
2026-02-12 15:29:00,1770910199999,XLM,1m,0.16317,0.16305,0.16317,0.16305,519.0,2
2026-02-12 15:30:00,1770910259999,XLM,1m,0.16331,0.16334,0.16334,0.16331,12257.0,5
2026-02-12 15:31:00,1770910319999,XLM,1m,0.16334,0.16339,0.16339,0.16334,1611.0,4
2026-02-12 15:32:00,1770910379999,XLM,1m,0.16333,0.16333,0.16333,0.16333,171.0,1
2026-02-12 15:33:00,1770910439999,XLM,1m,0.16325,0.1632,0.16325,0.16317,7410.0,4
2026-02-12 15:34:00,1770910499999,XLM,1m,0.16317,0.16307,0.16317,0.16307,8214.0,2
2026-02-12 15:35:00,1770910559999,XLM,1m,0.16315,0.16309,0.16315,0.16309,809.0,2
2026-02-12 15:36:00,1770910619999,XLM,1m,0.16303,0.16303,0.16303,0.16303,4000.0,1
2026-02-12 15:37:00,1770910679999,XLM,1m,0.16302,0.16275,0.16302,0.16275,9700.0,3
2026-02-12 15:38:00,1770910739999,XLM,1m,0.16275,0.16275,0.16275,0.16275,0.0,0
2026-02-12 15:39:00,1770910799999,XLM,1m,0.16234,0.16208,0.16237,0.16208,4957.0,3
2026-02-12 15:40:00,1770910859999,XLM,1m,0.16199,0.16199,0.16199,0.16199,93.0,1
2026-02-12 15:41:00,1770910919999,XLM,1m,0.16155,0.16105,0.16155,0.16105,902.0,3
2026-02-12 15:42:00,1770910979999,XLM,1m,0.16092,0.16092,0.16092,0.16092,5520.0,1
2026-02-12 15:43:00,1770911039999,XLM,1m,0.16121,0.16134,0.16134,0.16121,1132.0,2
2026-02-12 15:44:00,1770911099999,XLM,1m,0.16128,0.16128,0.16128,0.16128,4230.0,1
2026-02-12 15:45:00,1770911159999,XLM,1m,0.16111,0.16122,0.16122,0.16103,8757.0,5
2026-02-12 15:46:00,1770911219999,XLM,1m,0.16159,0.1615,0.16159,0.1615,213.0,2
2026-02-12 15:47:00,1770911279999,XLM,1m,0.16145,0.16145,0.16145,0.16145,518.0,1
2026-02-12 15:48:00,1770911339999,XLM,1m,0.16126,0.16121,0.16126,0.16121,9520.0,2
2026-02-12 15:49:00,1770911399999,XLM,1m,0.16104,0.16156,0.16156,0.16104,1622.0,4
2026-02-12 15:50:00,1770911459999,XLM,1m,0.16162,0.1616,0.16162,0.1616,2265.0,2
2026-02-12 15:51:00,1770911519999,XLM,1m,0.16126,0.16126,0.16126,0.16126,642.0,2
2026-02-12 15:52:00,1770911579999,XLM,1m,0.16157,0.16125,0.16157,0.16125,11242.0,3
2026-02-12 15:53:00,1770911639999,XLM,1m,0.16124,0.16115,0.16124,0.16115,5915.0,3
2026-02-12 15:54:00,1770911699999,XLM,1m,0.16116,0.16118,0.16118,0.16116,2239.0,3
2026-02-12 15:55:00,1770911759999,XLM,1m,0.16075,0.16074,0.16085,0.16069,3808.0,6
2026-02-12 15:56:00,1770911819999,XLM,1m,0.16074,0.16074,0.16074,0.16074,0.0,0
2026-02-12 15:57:00,1770911879999,XLM,1m,0.16075,0.1606,0.16075,0.1606,628.0,2
2026-02-12 15:58:00,1770911939999,XLM,1m,0.16074,0.16074,0.16074,0.16074,226.0,1
2026-02-12 15:59:00,1770911999999,XLM,1m,0.16062,0.16049,0.16062,0.16049,4933.0,2
2026-02-12 16:00:00,1770912059999,XLM,1m,0.16071,0.16089,0.16091,0.16071,18670.0,9
2026-02-12 16:01:00,1770912119999,XLM,1m,0.16095,0.16064,0.16095,0.1606,26957.0,12
2026-02-12 16:02:00,1770912179999,XLM,1m,0.16049,0.16039,0.16049,0.16039,5516.0,2
2026-02-12 16:03:00,1770912239999,XLM,1m,0.16077,0.16087,0.16091,0.16077,64331.0,8
2026-02-12 16:04:00,1770912299999,XLM,1m,0.16083,0.16076,0.16083,0.16076,21022.0,6
2026-02-12 16:05:00,1770912359999,XLM,1m,0.16083,0.16018,0.16083,0.16018,3976.0,3
2026-02-12 16:06:00,1770912419999,XLM,1m,0.16015,0.16001,0.16015,0.15996,30543.0,10
2026-02-12 16:07:00,1770912479999,XLM,1m,0.15976,0.15954,0.15984,0.1594,22379.0,13
2026-02-12 16:08:00,1770912539999,XLM,1m,0.15939,0.15906,0.15939,0.15902,25068.0,12
2026-02-12 16:09:00,1770912599999,XLM,1m,0.15899,0.15907,0.15909,0.15899,5983.0,4
2026-02-12 16:10:00,1770912659999,XLM,1m,0.15898,0.15896,0.15913,0.15896,2035.0,3
2026-02-12 16:11:00,1770912719999,XLM,1m,0.15887,0.15879,0.15887,0.15865,13527.0,14
2026-02-12 16:12:00,1770912779999,XLM,1m,0.15862,0.15898,0.15898,0.15859,16857.0,26
2026-02-12 16:13:00,1770912839999,XLM,1m,0.15897,0.15888,0.15908,0.15886,17891.0,25
2026-02-12 16:14:00,1770912899999,XLM,1m,0.15887,0.15856,0.1589,0.15854,13083.0,20
2026-02-12 16:15:00,1770912959999,XLM,1m,0.15851,0.15841,0.15851,0.15821,15369.0,16
2026-02-12 16:16:00,1770913019999,XLM,1m,0.1584,0.15854,0.15857,0.15827,20939.0,27
2026-02-12 16:17:00,1770913079999,XLM,1m,0.15855,0.15906,0.15906,0.15852,10466.0,15
2026-02-12 16:18:00,1770913139999,XLM,1m,0.15899,0.15854,0.15902,0.15854,4289.0,4
2026-02-12 16:19:00,1770913199999,XLM,1m,0.15847,0.15853,0.15853,0.15847,749.0,2
2026-02-12 16:20:00,1770913259999,XLM,1m,0.15836,0.1579,0.15837,0.1579,12957.0,7
2026-02-12 16:21:00,1770913319999,XLM,1m,0.15779,0.15763,0.15786,0.15763,24976.0,8
2026-02-12 16:22:00,1770913379999,XLM,1m,0.15751,0.15741,0.15762,0.15727,24029.0,44
2026-02-12 16:23:00,1770913439999,XLM,1m,0.15735,0.15794,0.15794,0.15734,24788.0,48
2026-02-12 16:24:00,1770913499999,XLM,1m,0.15793,0.15775,0.15823,0.15775,27665.0,41
2026-02-12 16:25:00,1770913559999,XLM,1m,0.15773,0.1577,0.15812,0.15761,6189.0,9
2026-02-12 16:26:00,1770913619999,XLM,1m,0.15759,0.15753,0.1578,0.15749,12883.0,25
2026-02-12 16:27:00,1770913679999,XLM,1m,0.15753,0.15741,0.15753,0.15736,5371.0,11
2026-02-12 16:28:00,1770913739999,XLM,1m,0.15735,0.15726,0.15738,0.15724,6569.0,12
2026-02-12 16:29:00,1770913799999,XLM,1m,0.15713,0.15704,0.15713,0.15686,53999.0,20
2026-02-12 16:30:00,1770913859999,XLM,1m,0.15724,0.15705,0.15734,0.15693,27420.0,20
2026-02-12 16:31:00,1770913919999,XLM,1m,0.15708,0.15704,0.15731,0.15684,13627.0,12
2026-02-12 16:32:00,1770913979999,XLM,1m,0.15712,0.15718,0.15725,0.15703,8208.0,13
2026-02-12 16:33:00,1770914039999,XLM,1m,0.15708,0.1569,0.15716,0.1569,14999.0,12
2026-02-12 16:34:00,1770914099999,XLM,1m,0.15698,0.15749,0.15753,0.15698,17805.0,20
2026-02-12 16:35:00,1770914159999,XLM,1m,0.15753,0.15787,0.15799,0.15753,18928.0,16
2026-02-12 16:36:00,1770914219999,XLM,1m,0.15787,0.15857,0.15857,0.15782,23325.0,11
2026-02-12 16:37:00,1770914279999,XLM,1m,0.15867,0.15822,0.15867,0.1582,47033.0,30
2026-02-12 16:38:00,1770914339999,XLM,1m,0.15823,0.15795,0.15835,0.15792,34787.0,36
2026-02-12 16:39:00,1770914399999,XLM,1m,0.15796,0.15813,0.15813,0.1579,20210.0,30
2026-02-12 16:40:00,1770914459999,XLM,1m,0.15819,0.15793,0.1582,0.15793,25080.0,28
2026-02-12 16:41:00,1770914519999,XLM,1m,0.15807,0.15847,0.15847,0.15806,25433.0,25
2026-02-12 16:42:00,1770914579999,XLM,1m,0.15842,0.15844,0.1586,0.15841,24954.0,24
2026-02-12 16:43:00,1770914639999,XLM,1m,0.15839,0.15837,0.15852,0.15813,25627.0,26
2026-02-12 16:44:00,1770914699999,XLM,1m,0.15834,0.15811,0.15838,0.15808,18141.0,26
2026-02-12 16:45:00,1770914759999,XLM,1m,0.15806,0.15812,0.15815,0.15806,44516.0,13
2026-02-12 16:46:00,1770914819999,XLM,1m,0.15741,0.15736,0.15742,0.15736,2418.0,5
2026-02-12 16:47:00,1770914879999,XLM,1m,0.15742,0.15736,0.15755,0.15736,11933.0,13
2026-02-12 16:48:00,1770914939999,XLM,1m,0.15739,0.15737,0.15742,0.15737,1895.0,4
2026-02-12 16:49:00,1770914999999,XLM,1m,0.15708,0.15709,0.15709,0.15708,836.0,2
2026-02-12 16:50:00,1770915059999,XLM,1m,0.15684,0.15684,0.15684,0.15684,70.0,1
2026-02-12 16:51:00,1770915119999,XLM,1m,0.15692,0.15709,0.15713,0.15669,8593.0,9
2026-02-12 16:52:00,1770915179999,XLM,1m,0.15707,0.15669,0.15707,0.15669,11994.0,21
2026-02-12 16:53:00,1770915239999,XLM,1m,0.15677,0.15611,0.15677,0.15597,15656.0,25
2026-02-12 16:54:00,1770915299999,XLM,1m,0.15609,0.15584,0.15609,0.15574,28144.0,21
2026-02-12 16:55:00,1770915359999,XLM,1m,0.15595,0.15621,0.15621,0.15585,21833.0,39
2026-02-12 16:56:00,1770915419999,XLM,1m,0.1562,0.15633,0.15645,0.1562,19761.0,35
2026-02-12 16:57:00,1770915479999,XLM,1m,0.15629,0.15625,0.15638,0.15604,24518.0,37
2026-02-12 16:58:00,1770915539999,XLM,1m,0.15625,0.15632,0.15635,0.15616,15493.0,28
2026-02-12 16:59:00,1770915599999,XLM,1m,0.15638,0.15638,0.15638,0.15607,24970.0,38
2026-02-12 17:00:00,1770915659999,XLM,1m,0.15641,0.15621,0.15641,0.15621,28496.0,42
2026-02-12 17:01:00,1770915719999,XLM,1m,0.15625,0.15654,0.15654,0.15625,10696.0,21
2026-02-12 17:02:00,1770915779999,XLM,1m,0.15654,0.15678,0.15678,0.15654,14748.0,23
2026-02-12 17:03:00,1770915839999,XLM,1m,0.15689,0.15681,0.15695,0.15678,13699.0,11
2026-02-12 17:04:00,1770915899999,XLM,1m,0.15678,0.15663,0.15689,0.15662,13308.0,26
2026-02-12 17:05:00,1770915959999,XLM,1m,0.15671,0.15621,0.15671,0.15621,6562.0,20
2026-02-12 17:06:00,1770916019999,XLM,1m,0.1562,0.15635,0.15635,0.15611,1572.0,4
2026-02-12 17:07:00,1770916079999,XLM,1m,0.15647,0.15696,0.15696,0.15647,2566.0,4
2026-02-12 17:08:00,1770916139999,XLM,1m,0.15709,0.15678,0.15709,0.15678,6557.0,8
2026-02-12 17:09:00,1770916199999,XLM,1m,0.15673,0.15684,0.15688,0.15673,3182.0,3
2026-02-12 17:10:00,1770916259999,XLM,1m,0.1569,0.15668,0.15692,0.15667,3631.0,10
2026-02-12 17:11:00,1770916319999,XLM,1m,0.15682,0.15651,0.15682,0.1565,3868.0,11
2026-02-12 17:12:00,1770916379999,XLM,1m,0.15654,0.15631,0.15656,0.15631,2009.0,5
2026-02-12 17:13:00,1770916439999,XLM,1m,0.15625,0.15599,0.15625,0.15594,3578.0,10
2026-02-12 17:14:00,1770916499999,XLM,1m,0.15646,0.1565,0.1565,0.15646,1242.0,3
2026-02-12 17:15:00,1770916559999,XLM,1m,0.15651,0.15651,0.15651,0.15651,518.0,1
2026-02-12 17:16:00,1770916619999,XLM,1m,0.15652,0.1566,0.1566,0.15652,189.0,2
2026-02-12 17:17:00,1770916679999,XLM,1m,0.15678,0.15656,0.15688,0.15656,6950.0,13
2026-02-12 17:18:00,1770916739999,XLM,1m,0.15651,0.15647,0.15654,0.15634,15346.0,36
2026-02-12 17:19:00,1770916799999,XLM,1m,0.15646,0.15637,0.1566,0.15637,10972.0,24
2026-02-12 17:20:00,1770916859999,XLM,1m,0.1564,0.15694,0.15694,0.1564,16853.0,12
2026-02-12 17:21:00,1770916919999,XLM,1m,0.15723,0.15751,0.15751,0.15722,26443.0,28
2026-02-12 17:22:00,1770916979999,XLM,1m,0.15748,0.15744,0.15751,0.15733,31033.0,34
2026-02-12 17:23:00,1770917039999,XLM,1m,0.15746,0.15775,0.15775,0.15746,11952.0,9
2026-02-12 17:24:00,1770917099999,XLM,1m,0.15769,0.15753,0.15769,0.15753,6649.0,3
2026-02-12 17:25:00,1770917159999,XLM,1m,0.15767,0.1576,0.15767,0.1576,1587.0,2
2026-02-12 17:26:00,1770917219999,XLM,1m,0.15762,0.15762,0.15762,0.15762,2138.0,2
2026-02-12 17:27:00,1770917279999,XLM,1m,0.15797,0.15791,0.15802,0.15791,1718.0,3
2026-02-12 17:28:00,1770917339999,XLM,1m,0.15813,0.15808,0.15813,0.15808,2138.0,2
2026-02-12 17:29:00,1770917399999,XLM,1m,0.15753,0.15753,0.15753,0.15753,518.0,1
2026-02-12 17:30:00,1770917459999,XLM,1m,0.15771,0.1574,0.15771,0.1574,70863.0,17
2026-02-12 17:31:00,1770917519999,XLM,1m,0.15737,0.15737,0.15737,0.15737,518.0,1
2026-02-12 17:32:00,1770917579999,XLM,1m,0.15718,0.15718,0.15718,0.15718,1279.0,1
2026-02-12 17:33:00,1770917639999,XLM,1m,0.15695,0.15695,0.15695,0.15695,518.0,1
2026-02-12 17:34:00,1770917699999,XLM,1m,0.15714,0.15715,0.15715,0.15714,4000.0,4
2026-02-12 17:35:00,1770917759999,XLM,1m,0.1572,0.1572,0.1572,0.1572,518.0,1
2026-02-12 17:36:00,1770917819999,XLM,1m,0.1572,0.1572,0.1572,0.1572,0.0,0
2026-02-12 17:37:00,1770917879999,XLM,1m,0.15715,0.15715,0.15715,0.15715,518.0,1
2026-02-12 17:38:00,1770917939999,XLM,1m,0.15758,0.15749,0.15795,0.15749,45000.0,17
2026-02-12 17:39:00,1770917999999,XLM,1m,0.15738,0.15735,0.15738,0.15735,5736.0,3
2026-02-12 17:40:00,1770918059999,XLM,1m,0.15745,0.15773,0.15773,0.15742,8508.0,6
2026-02-12 17:41:00,1770918119999,XLM,1m,0.15771,0.15763,0.15786,0.15763,10412.0,17
2026-02-12 17:42:00,1770918179999,XLM,1m,0.15759,0.15759,0.15759,0.15759,824.0,2
2026-02-12 17:43:00,1770918239999,XLM,1m,0.15777,0.15758,0.15777,0.15758,2381.0,5
2026-02-12 17:44:00,1770918299999,XLM,1m,0.15758,0.15758,0.15758,0.15758,0.0,0
2026-02-12 17:45:00,1770918359999,XLM,1m,0.15744,0.15749,0.15749,0.15741,1699.0,4
2026-02-12 17:46:00,1770918419999,XLM,1m,0.15753,0.15753,0.15753,0.15753,547.0,1
2026-02-12 17:47:00,1770918479999,XLM,1m,0.15704,0.15691,0.15704,0.15691,914.0,3
2026-02-12 17:48:00,1770918539999,XLM,1m,0.15707,0.15698,0.15707,0.15698,428.0,3
2026-02-12 17:49:00,1770918599999,XLM,1m,0.15702,0.15697,0.15704,0.15697,3477.0,9
2026-02-12 17:50:00,1770918659999,XLM,1m,0.15696,0.15699,0.15714,0.15692,6004.0,11
2026-02-12 17:51:00,1770918719999,XLM,1m,0.15706,0.15704,0.15722,0.15704,10950.0,24
2026-02-12 17:52:00,1770918779999,XLM,1m,0.1571,0.15717,0.15727,0.1571,11226.0,22
2026-02-12 17:53:00,1770918839999,XLM,1m,0.15716,0.15667,0.15716,0.15667,13457.0,23
2026-02-12 17:54:00,1770918899999,XLM,1m,0.15669,0.15668,0.15671,0.15663,18451.0,33
2026-02-12 17:55:00,1770918959999,XLM,1m,0.1567,0.15655,0.15671,0.15653,22751.0,43
2026-02-12 17:56:00,1770919019999,XLM,1m,0.15646,0.15637,0.1566,0.15626,19751.0,31
2026-02-12 17:57:00,1770919079999,XLM,1m,0.15655,0.15638,0.15655,0.15638,13285.0,30
2026-02-12 17:58:00,1770919139999,XLM,1m,0.15639,0.15657,0.15657,0.15638,12032.0,23
2026-02-12 17:59:00,1770919199999,XLM,1m,0.15654,0.15647,0.15654,0.15632,22910.0,43
2026-02-12 18:00:00,1770919259999,XLM,1m,0.15653,0.15653,0.15655,0.1563,42294.0,32
2026-02-12 18:01:00,1770919319999,XLM,1m,0.15655,0.1566,0.1566,0.15654,7574.0,18
2026-02-12 18:02:00,1770919379999,XLM,1m,0.15681,0.15682,0.15689,0.15677,25823.0,33
2026-02-12 18:03:00,1770919439999,XLM,1m,0.15682,0.1566,0.15682,0.15659,21793.0,39
2026-02-12 18:04:00,1770919499999,XLM,1m,0.15663,0.15689,0.15694,0.15661,20178.0,31
2026-02-12 18:05:00,1770919559999,XLM,1m,0.15693,0.15693,0.15693,0.15693,518.0,1
2026-02-12 18:06:00,1770919619999,XLM,1m,0.15689,0.15667,0.15689,0.15667,3292.0,10
2026-02-12 18:07:00,1770919679999,XLM,1m,0.15715,0.15722,0.15722,0.15715,2537.0,3
2026-02-12 18:08:00,1770919739999,XLM,1m,0.15706,0.15705,0.15706,0.15687,767.0,5
2026-02-12 18:09:00,1770919799999,XLM,1m,0.15713,0.1572,0.15722,0.15713,2838.0,3
2026-02-12 18:10:00,1770919859999,XLM,1m,0.15705,0.15721,0.15721,0.15705,181.0,2
2026-02-12 18:11:00,1770919919999,XLM,1m,0.1571,0.1571,0.1571,0.1571,518.0,1
2026-02-12 18:12:00,1770919979999,XLM,1m,0.15722,0.15721,0.15722,0.15721,9728.0,2
2026-02-12 18:13:00,1770920039999,XLM,1m,0.157,0.15698,0.157,0.15698,619.0,2
2026-02-12 18:14:00,1770920099999,XLM,1m,0.15698,0.15698,0.15698,0.15698,0.0,0
2026-02-12 18:15:00,1770920159999,XLM,1m,0.15715,0.1571,0.15715,0.1571,7000.0,3
2026-02-12 18:16:00,1770920219999,XLM,1m,0.15695,0.15695,0.15695,0.15695,110.0,1
2026-02-12 18:17:00,1770920279999,XLM,1m,0.15687,0.15687,0.15687,0.15687,518.0,1
2026-02-12 18:18:00,1770920339999,XLM,1m,0.15663,0.15663,0.15663,0.15663,1357.0,1
2026-02-12 18:19:00,1770920399999,XLM,1m,0.15633,0.15629,0.15633,0.15629,636.0,2
2026-02-12 18:20:00,1770920459999,XLM,1m,0.15639,0.15639,0.15639,0.15639,70.0,1
2026-02-12 18:21:00,1770920519999,XLM,1m,0.15625,0.1562,0.15629,0.1562,19249.0,4
2026-02-12 18:22:00,1770920579999,XLM,1m,0.1562,0.1562,0.1562,0.1562,0.0,0
2026-02-12 18:23:00,1770920639999,XLM,1m,0.15634,0.15638,0.15638,0.15634,1066.0,2
2026-02-12 18:24:00,1770920699999,XLM,1m,0.1565,0.15649,0.1565,0.15649,4543.0,2
2026-02-12 18:25:00,1770920759999,XLM,1m,0.15626,0.15626,0.15626,0.15626,518.0,1
2026-02-12 18:26:00,1770920819999,XLM,1m,0.15647,0.15647,0.15647,0.15647,922.0,1
2026-02-12 18:27:00,1770920879999,XLM,1m,0.15652,0.15652,0.15652,0.15652,518.0,1
2026-02-12 18:28:00,1770920939999,XLM,1m,0.15629,0.15632,0.15632,0.15603,11457.0,10
2026-02-12 18:29:00,1770920999999,XLM,1m,0.15594,0.15605,0.15608,0.15594,23686.0,7
2026-02-12 18:30:00,1770921059999,XLM,1m,0.15602,0.15595,0.15602,0.15595,3372.0,2
2026-02-12 18:31:00,1770921119999,XLM,1m,0.15584,0.15576,0.15584,0.15576,1916.0,2
2026-02-12 18:32:00,1770921179999,XLM,1m,0.15571,0.15571,0.15571,0.15571,93.0,1
2026-02-12 18:33:00,1770921239999,XLM,1m,0.15578,0.156,0.156,0.15578,2398.0,3
2026-02-12 18:34:00,1770921299999,XLM,1m,0.156,0.156,0.156,0.156,0.0,0
2026-02-12 18:35:00,1770921359999,XLM,1m,0.1558,0.15597,0.15597,0.1558,1229.0,3
2026-02-12 18:36:00,1770921419999,XLM,1m,0.15629,0.15629,0.15629,0.15629,1338.0,1
2026-02-12 18:37:00,1770921479999,XLM,1m,0.15615,0.15631,0.15631,0.15615,11202.0,4
2026-02-12 18:38:00,1770921539999,XLM,1m,0.15666,0.15652,0.15666,0.15652,1432.0,2
2026-02-12 18:39:00,1770921599999,XLM,1m,0.15656,0.15639,0.15656,0.1563,10646.0,9
2026-02-12 18:40:00,1770921659999,XLM,1m,0.15647,0.1563,0.15648,0.1563,4240.0,9
2026-02-12 18:41:00,1770921719999,XLM,1m,0.15624,0.15607,0.15624,0.15607,709.0,2
2026-02-12 18:42:00,1770921779999,XLM,1m,0.15608,0.15611,0.15611,0.15608,5643.0,5
2026-02-12 18:43:00,1770921839999,XLM,1m,0.15608,0.15602,0.15608,0.15602,639.0,2
2026-02-12 18:44:00,1770921899999,XLM,1m,0.15602,0.15602,0.15602,0.15602,237.0,1
2026-02-12 18:45:00,1770921959999,XLM,1m,0.15609,0.1561,0.1561,0.15609,640.0,2
2026-02-12 18:46:00,1770922019999,XLM,1m,0.15619,0.15621,0.15622,0.15619,6923.0,3
2026-02-12 18:47:00,1770922079999,XLM,1m,0.15634,0.15659,0.15659,0.15634,13686.0,9
2026-02-12 18:48:00,1770922139999,XLM,1m,0.15658,0.15646,0.15663,0.15645,3821.0,6
2026-02-12 18:49:00,1770922199999,XLM,1m,0.15643,0.15643,0.15643,0.15643,518.0,1
2026-02-12 18:50:00,1770922259999,XLM,1m,0.15624,0.15624,0.15624,0.15624,120.0,1
2026-02-12 18:51:00,1770922319999,XLM,1m,0.1562,0.1562,0.1562,0.1562,518.0,1
2026-02-12 18:52:00,1770922379999,XLM,1m,0.1562,0.1562,0.1562,0.1562,0.0,0
2026-02-12 18:53:00,1770922439999,XLM,1m,0.15631,0.15629,0.15631,0.15626,2123.0,4
2026-02-12 18:54:00,1770922499999,XLM,1m,0.15627,0.15627,0.15627,0.15627,2298.0,1
2026-02-12 18:55:00,1770922559999,XLM,1m,0.15623,0.15628,0.15634,0.15623,2857.0,9
2026-02-12 18:56:00,1770922619999,XLM,1m,0.15629,0.15629,0.15629,0.15629,5520.0,3
2026-02-12 18:57:00,1770922679999,XLM,1m,0.15613,0.15619,0.15619,0.15613,850.0,4
2026-02-12 18:58:00,1770922739999,XLM,1m,0.15623,0.15615,0.15623,0.15615,1492.0,2
2026-02-12 18:59:00,1770922799999,XLM,1m,0.15602,0.15602,0.15602,0.15602,518.0,1
2026-02-12 19:00:00,1770922859999,XLM,1m,0.15621,0.15637,0.15637,0.15621,10744.0,4
2026-02-12 19:01:00,1770922919999,XLM,1m,0.15624,0.15603,0.15624,0.15603,5644.0,3
2026-02-12 19:02:00,1770922979999,XLM,1m,0.15589,0.156,0.156,0.15589,3120.0,3
2026-02-12 19:03:00,1770923039999,XLM,1m,0.15597,0.15597,0.15597,0.15597,518.0,1
2026-02-12 19:04:00,1770923099999,XLM,1m,0.15601,0.15568,0.15601,0.15568,5408.0,3
2026-02-12 19:05:00,1770923159999,XLM,1m,0.15584,0.15584,0.15584,0.15584,518.0,1
2026-02-12 19:06:00,1770923219999,XLM,1m,0.15581,0.15576,0.15581,0.15576,293.0,2
2026-02-12 19:07:00,1770923279999,XLM,1m,0.15573,0.15571,0.15576,0.15571,2153.0,6
2026-02-12 19:08:00,1770923339999,XLM,1m,0.15562,0.15565,0.15565,0.15562,2581.0,2
2026-02-12 19:09:00,1770923399999,XLM,1m,0.15556,0.1553,0.15557,0.1553,14756.0,24
2026-02-12 19:10:00,1770923459999,XLM,1m,0.15531,0.15538,0.15548,0.15529,11278.0,23
2026-02-12 19:11:00,1770923519999,XLM,1m,0.15538,0.1552,0.15539,0.15509,8576.0,13
2026-02-12 19:12:00,1770923579999,XLM,1m,0.15522,0.1552,0.15528,0.15517,8447.0,17
2026-02-12 19:13:00,1770923639999,XLM,1m,0.1552,0.15537,0.15537,0.1552,1000.0,4
2026-02-12 19:14:00,1770923699999,XLM,1m,0.15539,0.15555,0.15555,0.15539,1019.0,3
2026-02-12 19:15:00,1770923759999,XLM,1m,0.15559,0.15577,0.15577,0.15557,743.0,3
2026-02-12 19:16:00,1770923819999,XLM,1m,0.15577,0.15577,0.15577,0.15577,0.0,0
2026-02-12 19:17:00,1770923879999,XLM,1m,0.15568,0.15592,0.15594,0.15568,1269.0,4
2026-02-12 19:18:00,1770923939999,XLM,1m,0.15608,0.15622,0.15622,0.15607,3735.0,8
2026-02-12 19:19:00,1770923999999,XLM,1m,0.15616,0.15626,0.15627,0.15614,4588.0,11
2026-02-12 19:20:00,1770924059999,XLM,1m,0.15619,0.15627,0.1563,0.15603,10035.0,28
2026-02-12 19:21:00,1770924119999,XLM,1m,0.15626,0.15637,0.15651,0.15626,4566.0,9
2026-02-12 19:22:00,1770924179999,XLM,1m,0.15652,0.1569,0.15699,0.15652,28174.0,32
2026-02-12 19:23:00,1770924239999,XLM,1m,0.15693,0.15687,0.15701,0.15681,12690.0,25
2026-02-12 19:24:00,1770924299999,XLM,1m,0.15687,0.15739,0.15741,0.15687,19149.0,35
2026-02-12 19:25:00,1770924359999,XLM,1m,0.15741,0.15737,0.15748,0.15737,9430.0,20
2026-02-12 19:26:00,1770924419999,XLM,1m,0.15737,0.15709,0.15737,0.15708,6503.0,15
2026-02-12 19:27:00,1770924479999,XLM,1m,0.15698,0.15707,0.15707,0.15698,6106.0,10
2026-02-12 19:28:00,1770924539999,XLM,1m,0.1571,0.15698,0.15712,0.15697,11197.0,19
2026-02-12 19:29:00,1770924599999,XLM,1m,0.157,0.15718,0.15718,0.15698,18835.0,31
2026-02-12 19:30:00,1770924659999,XLM,1m,0.1571,0.15695,0.1571,0.15694,7638.0,10
2026-02-12 19:31:00,1770924719999,XLM,1m,0.15719,0.15742,0.15742,0.15715,13810.0,7
2026-02-12 19:32:00,1770924779999,XLM,1m,0.15737,0.15742,0.15754,0.15733,18120.0,10
2026-02-12 19:33:00,1770924839999,XLM,1m,0.15752,0.15751,0.15756,0.15751,1614.0,3
2026-02-12 19:34:00,1770924899999,XLM,1m,0.15734,0.15734,0.15734,0.15734,548.0,1
2026-02-12 19:35:00,1770924959999,XLM,1m,0.1573,0.15738,0.15738,0.15712,17135.0,26
2026-02-12 19:36:00,1770925019999,XLM,1m,0.15738,0.15769,0.1578,0.15731,220133.0,60
2026-02-12 19:37:00,1770925079999,XLM,1m,0.1578,0.15789,0.15798,0.15779,6080.0,15
2026-02-12 19:38:00,1770925139999,XLM,1m,0.15741,0.15741,0.15741,0.15741,130.0,1
2026-02-12 19:39:00,1770925199999,XLM,1m,0.15728,0.15722,0.15728,0.1571,13194.0,17
2026-02-12 19:40:00,1770925259999,XLM,1m,0.15724,0.15709,0.1573,0.15702,16344.0,24
2026-02-12 19:41:00,1770925319999,XLM,1m,0.15705,0.15699,0.15705,0.15697,13643.0,30
2026-02-12 19:42:00,1770925379999,XLM,1m,0.15698,0.15715,0.15715,0.15695,8730.0,15
2026-02-12 19:43:00,1770925439999,XLM,1m,0.15713,0.15702,0.15713,0.15702,11179.0,22
2026-02-12 19:44:00,1770925499999,XLM,1m,0.15692,0.15692,0.15692,0.15686,4458.0,14
2026-02-12 19:45:00,1770925559999,XLM,1m,0.15688,0.157,0.157,0.15688,3762.0,8
2026-02-12 19:46:00,1770925619999,XLM,1m,0.15697,0.15712,0.15714,0.15697,6822.0,14
2026-02-12 19:47:00,1770925679999,XLM,1m,0.15718,0.15705,0.15718,0.15703,2500.0,8
2026-02-12 19:48:00,1770925739999,XLM,1m,0.15699,0.15699,0.15699,0.15699,1098.0,2
2026-02-12 19:49:00,1770925799999,XLM,1m,0.15714,0.15713,0.15714,0.15713,1616.0,3
2026-02-12 19:50:00,1770925859999,XLM,1m,0.15713,0.15713,0.15713,0.15713,0.0,0
2026-02-12 19:51:00,1770925919999,XLM,1m,0.15712,0.15689,0.15712,0.15689,1235.0,3
2026-02-12 19:52:00,1770925979999,XLM,1m,0.1566,0.15641,0.1566,0.1564,1978.0,6
2026-02-12 19:53:00,1770926039999,XLM,1m,0.15635,0.15633,0.15637,0.1563,4716.0,13
2026-02-12 19:54:00,1770926099999,XLM,1m,0.15634,0.15627,0.1564,0.15627,13079.0,21
2026-02-12 19:55:00,1770926159999,XLM,1m,0.15629,0.15646,0.15646,0.15625,14980.0,27
2026-02-12 19:56:00,1770926219999,XLM,1m,0.15646,0.15649,0.15649,0.15636,3547.0,8
2026-02-12 19:57:00,1770926279999,XLM,1m,0.15649,0.15649,0.15649,0.15649,518.0,1
2026-02-12 19:58:00,1770926339999,XLM,1m,0.15623,0.15622,0.15623,0.15622,212.0,2
2026-02-12 19:59:00,1770926399999,XLM,1m,0.1562,0.15615,0.15622,0.15615,14091.0,23
2026-02-12 20:00:00,1770926459999,XLM,1m,0.15622,0.1563,0.1563,0.15622,1696.0,3
2026-02-12 20:01:00,1770926519999,XLM,1m,0.15628,0.15656,0.15657,0.15628,9501.0,9
2026-02-12 20:02:00,1770926579999,XLM,1m,0.15649,0.15635,0.15649,0.15635,446.0,2
2026-02-12 20:03:00,1770926639999,XLM,1m,0.15631,0.15631,0.15631,0.15631,518.0,1
2026-02-12 20:04:00,1770926699999,XLM,1m,0.1563,0.15635,0.15635,0.1563,191.0,2
2026-02-12 20:05:00,1770926759999,XLM,1m,0.15635,0.15647,0.15647,0.1563,5178.0,7
2026-02-12 20:06:00,1770926819999,XLM,1m,0.15644,0.15641,0.15644,0.15641,2171.0,4
2026-02-12 20:07:00,1770926879999,XLM,1m,0.15627,0.1563,0.15631,0.15627,1124.0,3
2026-02-12 20:08:00,1770926939999,XLM,1m,0.15603,0.15596,0.15603,0.15596,244.0,2
2026-02-12 20:09:00,1770926999999,XLM,1m,0.15569,0.15571,0.15571,0.15569,2802.0,2
2026-02-12 20:10:00,1770927059999,XLM,1m,0.1557,0.1557,0.1557,0.1557,167.0,1
2026-02-12 20:11:00,1770927119999,XLM,1m,0.15524,0.1553,0.15532,0.15524,2218.0,5
2026-02-12 20:12:00,1770927179999,XLM,1m,0.15535,0.1554,0.1554,0.15535,2642.0,7
2026-02-12 20:13:00,1770927239999,XLM,1m,0.15536,0.15534,0.15555,0.15534,11971.0,25
2026-02-12 20:14:00,1770927299999,XLM,1m,0.15532,0.15548,0.15548,0.15526,6351.0,14
2026-02-12 20:15:00,1770927359999,XLM,1m,0.15548,0.15552,0.15555,0.15548,5539.0,11
2026-02-12 20:16:00,1770927419999,XLM,1m,0.15553,0.15557,0.15557,0.15538,8188.0,14
2026-02-12 20:17:00,1770927479999,XLM,1m,0.15555,0.15551,0.15555,0.15551,1836.0,5
2026-02-12 20:18:00,1770927539999,XLM,1m,0.15572,0.15566,0.15572,0.15565,4234.0,8
2026-02-12 20:19:00,1770927599999,XLM,1m,0.15567,0.15552,0.15567,0.15552,1012.0,2
2026-02-12 20:20:00,1770927659999,XLM,1m,0.15543,0.15515,0.15543,0.15515,14966.0,23
2026-02-12 20:21:00,1770927719999,XLM,1m,0.15509,0.15514,0.15523,0.15509,11821.0,20
2026-02-12 20:22:00,1770927779999,XLM,1m,0.15508,0.15511,0.15515,0.15508,10221.0,16
2026-02-12 20:23:00,1770927839999,XLM,1m,0.15511,0.15492,0.15511,0.15492,20582.0,28
2026-02-12 20:24:00,1770927899999,XLM,1m,0.15491,0.15501,0.15503,0.1549,15751.0,24
2026-02-12 20:25:00,1770927959999,XLM,1m,0.1551,0.15496,0.15512,0.15496,12234.0,18
2026-02-12 20:26:00,1770928019999,XLM,1m,0.15501,0.15509,0.15511,0.15498,14821.0,24
2026-02-12 20:27:00,1770928079999,XLM,1m,0.15498,0.15492,0.15498,0.15492,6090.0,11
2026-02-12 20:28:00,1770928139999,XLM,1m,0.15492,0.15522,0.15522,0.15492,8905.0,20
2026-02-12 20:29:00,1770928199999,XLM,1m,0.15529,0.15515,0.15532,0.15515,3855.0,5
2026-02-12 20:30:00,1770928259999,XLM,1m,0.15501,0.15494,0.15501,0.15494,2956.0,5
2026-02-12 20:31:00,1770928319999,XLM,1m,0.15496,0.15497,0.15497,0.15491,4753.0,11
2026-02-12 20:32:00,1770928379999,XLM,1m,0.15487,0.15494,0.15494,0.15487,591.0,2
2026-02-12 20:33:00,1770928439999,XLM,1m,0.15497,0.15501,0.15501,0.15497,698.0,2
2026-02-12 20:34:00,1770928499999,XLM,1m,0.15497,0.15497,0.15497,0.15497,228.0,2
2026-02-12 20:35:00,1770928559999,XLM,1m,0.15505,0.15505,0.15505,0.15505,518.0,1
2026-02-12 20:36:00,1770928619999,XLM,1m,0.15529,0.15533,0.15533,0.15529,6038.0,2
2026-02-12 20:37:00,1770928679999,XLM,1m,0.15534,0.15525,0.15534,0.15525,25339.0,6
2026-02-12 20:38:00,1770928739999,XLM,1m,0.15512,0.15512,0.15512,0.15512,104.0,1
2026-02-12 20:39:00,1770928799999,XLM,1m,0.15509,0.15508,0.15513,0.15507,5159.0,5
2026-02-12 20:40:00,1770928859999,XLM,1m,0.15523,0.15523,0.15523,0.15523,617.0,1
2026-02-12 20:41:00,1770928919999,XLM,1m,0.15527,0.15523,0.15529,0.1552,5776.0,9
2026-02-12 20:42:00,1770928979999,XLM,1m,0.15511,0.1552,0.15525,0.15511,8995.0,5
2026-02-12 20:43:00,1770929039999,XLM,1m,0.15507,0.15507,0.15507,0.15507,637.0,2
2026-02-12 20:44:00,1770929099999,XLM,1m,0.15487,0.15499,0.155,0.15487,9052.0,17
2026-02-12 20:45:00,1770929159999,XLM,1m,0.15498,0.15499,0.15504,0.15498,4025.0,9
2026-02-12 20:46:00,1770929219999,XLM,1m,0.15496,0.15473,0.15496,0.15471,10076.0,16
2026-02-12 20:47:00,1770929279999,XLM,1m,0.1548,0.15454,0.1548,0.15454,11756.0,20
2026-02-12 20:48:00,1770929339999,XLM,1m,0.15447,0.15443,0.15452,0.15442,14479.0,20
2026-02-12 20:49:00,1770929399999,XLM,1m,0.15443,0.15455,0.15458,0.15443,21234.0,34
2026-02-12 20:50:00,1770929459999,XLM,1m,0.15455,0.15436,0.15455,0.15433,10593.0,20
2026-02-12 20:51:00,1770929519999,XLM,1m,0.15433,0.15421,0.15434,0.15419,8410.0,15
2026-02-12 20:52:00,1770929579999,XLM,1m,0.15421,0.15446,0.15446,0.15416,10992.0,19
2026-02-12 20:53:00,1770929639999,XLM,1m,0.15443,0.1545,0.1545,0.1544,7616.0,13
2026-02-12 20:54:00,1770929699999,XLM,1m,0.15452,0.1545,0.15452,0.1545,4580.0,3
2026-02-12 20:55:00,1770929759999,XLM,1m,0.15469,0.15477,0.15477,0.15469,1131.0,5
2026-02-12 20:56:00,1770929819999,XLM,1m,0.15466,0.15466,0.15466,0.15466,71.0,1
2026-02-12 20:57:00,1770929879999,XLM,1m,0.15466,0.15471,0.15471,0.15464,6739.0,4
2026-02-12 20:58:00,1770929939999,XLM,1m,0.15471,0.15471,0.15471,0.15471,0.0,0
2026-02-12 20:59:00,1770929999999,XLM,1m,0.1547,0.1546,0.1547,0.1546,619.0,2
2026-02-12 21:00:00,1770930059999,XLM,1m,0.15471,0.15467,0.15471,0.15467,98.0,2
2026-02-12 21:01:00,1770930119999,XLM,1m,0.15477,0.15483,0.15492,0.15477,15911.0,6
2026-02-12 21:02:00,1770930179999,XLM,1m,0.15474,0.15485,0.15485,0.15474,6820.0,6
2026-02-12 21:03:00,1770930239999,XLM,1m,0.15494,0.15494,0.15494,0.15494,518.0,1
2026-02-12 21:04:00,1770930299999,XLM,1m,0.15497,0.15497,0.15509,0.1549,24931.0,13
2026-02-12 21:05:00,1770930359999,XLM,1m,0.15507,0.1549,0.15507,0.1549,14695.0,9
2026-02-12 21:06:00,1770930419999,XLM,1m,0.15485,0.15493,0.15493,0.15485,15134.0,7
2026-02-12 21:07:00,1770930479999,XLM,1m,0.15479,0.15474,0.15479,0.15474,862.0,4
2026-02-12 21:08:00,1770930539999,XLM,1m,0.15472,0.15477,0.15477,0.1547,7898.0,11
2026-02-12 21:09:00,1770930599999,XLM,1m,0.15474,0.1548,0.1548,0.1547,10536.0,9
2026-02-12 21:10:00,1770930659999,XLM,1m,0.15477,0.15477,0.15477,0.15477,253.0,1
2026-02-12 21:11:00,1770930719999,XLM,1m,0.15485,0.15495,0.15496,0.15485,25505.0,19
2026-02-12 21:12:00,1770930779999,XLM,1m,0.15497,0.15496,0.15498,0.15495,1794.0,5
2026-02-12 21:13:00,1770930839999,XLM,1m,0.15479,0.15481,0.15485,0.15479,814.0,4
2026-02-12 21:14:00,1770930899999,XLM,1m,0.15486,0.15483,0.15486,0.15483,723.0,3
2026-02-12 21:15:00,1770930959999,XLM,1m,0.15487,0.15487,0.15487,0.15487,518.0,1
2026-02-12 21:16:00,1770931019999,XLM,1m,0.15487,0.15484,0.15487,0.15484,4326.0,3
2026-02-12 21:17:00,1770931079999,XLM,1m,0.15487,0.15479,0.15487,0.15479,6038.0,3
2026-02-12 21:18:00,1770931139999,XLM,1m,0.15507,0.1551,0.1551,0.15506,17978.0,7
2026-02-12 21:19:00,1770931199999,XLM,1m,0.15498,0.15505,0.15505,0.15489,2186.0,4
2026-02-12 21:20:00,1770931259999,XLM,1m,0.155,0.15499,0.155,0.15499,9624.0,6
2026-02-12 21:21:00,1770931319999,XLM,1m,0.155,0.15484,0.155,0.15484,9727.0,9
2026-02-12 21:22:00,1770931379999,XLM,1m,0.15476,0.15476,0.15476,0.15476,72.0,1
2026-02-12 21:23:00,1770931439999,XLM,1m,0.15478,0.15467,0.15478,0.15467,838.0,4
2026-02-12 21:24:00,1770931499999,XLM,1m,0.15472,0.1547,0.15472,0.1547,4574.0,2
2026-02-12 21:25:00,1770931559999,XLM,1m,0.15464,0.15464,0.15464,0.15464,518.0,1
2026-02-12 21:26:00,1770931619999,XLM,1m,0.15451,0.15451,0.15451,0.15451,124.0,1
2026-02-12 21:27:00,1770931679999,XLM,1m,0.15449,0.15449,0.15449,0.15449,518.0,1
2026-02-12 21:28:00,1770931739999,XLM,1m,0.15454,0.15422,0.15456,0.15422,8481.0,16
2026-02-12 21:29:00,1770931799999,XLM,1m,0.15424,0.15415,0.15425,0.15414,7356.0,13
2026-02-12 21:30:00,1770931859999,XLM,1m,0.15404,0.15407,0.15407,0.15402,314.0,3
2026-02-12 21:31:00,1770931919999,XLM,1m,0.15399,0.15397,0.15399,0.1539,10861.0,20
2026-02-12 21:32:00,1770931979999,XLM,1m,0.15387,0.15387,0.15387,0.15387,110.0,1
2026-02-12 21:33:00,1770932039999,XLM,1m,0.1539,0.15396,0.15396,0.15384,2100.0,3
2026-02-12 21:34:00,1770932099999,XLM,1m,0.15416,0.15416,0.15416,0.15416,156.0,1
2026-02-12 21:35:00,1770932159999,XLM,1m,0.15427,0.15429,0.15429,0.15427,629.0,2
2026-02-12 21:36:00,1770932219999,XLM,1m,0.15427,0.15427,0.15427,0.15427,105.0,1
2026-02-12 21:37:00,1770932279999,XLM,1m,0.15427,0.1544,0.1544,0.15423,32512.0,10
2026-02-12 21:38:00,1770932339999,XLM,1m,0.15417,0.15417,0.15417,0.15417,167.0,1
2026-02-12 21:39:00,1770932399999,XLM,1m,0.15408,0.15401,0.15408,0.15401,2831.0,2
2026-02-12 21:40:00,1770932459999,XLM,1m,0.15401,0.15401,0.15401,0.15401,0.0,0
2026-02-12 21:41:00,1770932519999,XLM,1m,0.15418,0.15418,0.15418,0.15418,518.0,1
2026-02-12 21:42:00,1770932579999,XLM,1m,0.15439,0.15436,0.15439,0.15436,369.0,2
2026-02-12 21:43:00,1770932639999,XLM,1m,0.15429,0.15429,0.15429,0.15429,518.0,1
2026-02-12 21:44:00,1770932699999,XLM,1m,0.15408,0.15408,0.15408,0.15408,98.0,1
2026-02-12 21:45:00,1770932759999,XLM,1m,0.15411,0.15411,0.15411,0.15411,518.0,1
2026-02-12 21:46:00,1770932819999,XLM,1m,0.15422,0.15416,0.15422,0.15416,1356.0,5
2026-02-12 21:47:00,1770932879999,XLM,1m,0.15412,0.15412,0.15412,0.15412,518.0,1
2026-02-12 21:48:00,1770932939999,XLM,1m,0.15411,0.15411,0.15411,0.15411,71.0,1
2026-02-12 21:49:00,1770932999999,XLM,1m,0.1541,0.1541,0.1541,0.1541,518.0,1
2026-02-12 21:50:00,1770933059999,XLM,1m,0.15423,0.15423,0.15423,0.15423,201.0,1
2026-02-12 21:51:00,1770933119999,XLM,1m,0.15438,0.1543,0.15438,0.1543,1634.0,3
2026-02-12 21:52:00,1770933179999,XLM,1m,0.1542,0.1542,0.1542,0.1542,260.0,2
2026-02-12 21:53:00,1770933239999,XLM,1m,0.15417,0.15417,0.15417,0.15417,518.0,1
2026-02-12 21:54:00,1770933299999,XLM,1m,0.15426,0.1542,0.15426,0.1542,2393.0,2
2026-02-12 21:55:00,1770933359999,XLM,1m,0.15425,0.15419,0.15425,0.15419,732.0,2
2026-02-12 21:56:00,1770933419999,XLM,1m,0.15419,0.15419,0.15419,0.15419,0.0,0
2026-02-12 21:57:00,1770933479999,XLM,1m,0.15417,0.15417,0.15417,0.15417,518.0,1
2026-02-12 21:58:00,1770933539999,XLM,1m,0.15414,0.1541,0.15414,0.1541,364.0,2
2026-02-12 21:59:00,1770933599999,XLM,1m,0.1542,0.15421,0.15421,0.15417,1035.0,3
2026-02-12 22:00:00,1770933659999,XLM,1m,0.1542,0.1542,0.1542,0.1542,67.0,1
2026-02-12 22:01:00,1770933719999,XLM,1m,0.15419,0.15431,0.15431,0.15419,1962.0,2
2026-02-12 22:02:00,1770933779999,XLM,1m,0.1544,0.1544,0.1544,0.1544,558.0,2
2026-02-12 22:03:00,1770933839999,XLM,1m,0.15423,0.15421,0.15426,0.15421,902.0,3
2026-02-12 22:04:00,1770933899999,XLM,1m,0.15421,0.15421,0.15421,0.15421,0.0,0
2026-02-12 22:05:00,1770933959999,XLM,1m,0.15421,0.15427,0.15427,0.15421,589.0,2
2026-02-12 22:06:00,1770934019999,XLM,1m,0.15416,0.15416,0.15416,0.15416,260.0,1
2026-02-12 22:07:00,1770934079999,XLM,1m,0.15421,0.15421,0.15421,0.15421,518.0,1
2026-02-12 22:08:00,1770934139999,XLM,1m,0.15413,0.15413,0.15413,0.15413,35000.0,4
2026-02-12 22:09:00,1770934199999,XLM,1m,0.15424,0.15424,0.15424,0.15423,2778.0,3
2026-02-12 22:10:00,1770934259999,XLM,1m,0.15425,0.15425,0.15425,0.15425,1116.0,2
2026-02-12 22:11:00,1770934319999,XLM,1m,0.15433,0.15434,0.15434,0.15433,1076.0,2
2026-02-12 22:12:00,1770934379999,XLM,1m,0.15434,0.15434,0.15434,0.15434,0.0,0
2026-02-12 22:13:00,1770934439999,XLM,1m,0.15396,0.15399,0.15399,0.15396,690.0,2
2026-02-12 22:14:00,1770934499999,XLM,1m,0.15411,0.15411,0.15411,0.15411,205.0,1
2026-02-12 22:15:00,1770934559999,XLM,1m,0.1542,0.15417,0.1542,0.15417,888.0,3
2026-02-12 22:16:00,1770934619999,XLM,1m,0.15415,0.15416,0.15416,0.15415,2863.0,3
2026-02-12 22:17:00,1770934679999,XLM,1m,0.15408,0.15408,0.15408,0.15408,518.0,1
2026-02-12 22:18:00,1770934739999,XLM,1m,0.15403,0.154,0.15407,0.154,564.0,3
2026-02-12 22:19:00,1770934799999,XLM,1m,0.15405,0.15411,0.15411,0.15405,635.0,2
2026-02-12 22:20:00,1770934859999,XLM,1m,0.1541,0.1541,0.1541,0.1541,247.0,1
2026-02-12 22:21:00,1770934919999,XLM,1m,0.15402,0.15402,0.15402,0.15402,518.0,1
2026-02-12 22:22:00,1770934979999,XLM,1m,0.15399,0.15399,0.15399,0.15399,106.0,1
2026-02-12 22:23:00,1770935039999,XLM,1m,0.15406,0.15432,0.15433,0.15406,2907.0,4
2026-02-12 22:24:00,1770935099999,XLM,1m,0.15453,0.15453,0.15453,0.15453,558.0,2
2026-02-12 22:25:00,1770935159999,XLM,1m,0.15456,0.15451,0.15456,0.1545,2590.0,4
2026-02-12 22:26:00,1770935219999,XLM,1m,0.15461,0.15461,0.15461,0.15461,6062.0,1
2026-02-12 22:27:00,1770935279999,XLM,1m,0.15473,0.15473,0.15473,0.15473,518.0,1
2026-02-12 22:28:00,1770935339999,XLM,1m,0.15473,0.15473,0.15473,0.15473,0.0,0
2026-02-12 22:29:00,1770935399999,XLM,1m,0.155,0.15493,0.155,0.15491,6750.0,10
2026-02-12 22:30:00,1770935459999,XLM,1m,0.15508,0.15494,0.15508,0.15494,1674.0,3
2026-02-12 22:31:00,1770935519999,XLM,1m,0.15492,0.15492,0.15492,0.15492,518.0,1
2026-02-12 22:32:00,1770935579999,XLM,1m,0.15511,0.15524,0.15524,0.15511,10228.0,3
2026-02-12 22:33:00,1770935639999,XLM,1m,0.15523,0.15523,0.15523,0.15523,518.0,1
2026-02-12 22:34:00,1770935699999,XLM,1m,0.1551,0.1551,0.1551,0.1551,108.0,1
2026-02-12 22:35:00,1770935759999,XLM,1m,0.1551,0.15517,0.15517,0.1551,7926.0,2
2026-02-12 22:36:00,1770935819999,XLM,1m,0.15525,0.15525,0.15525,0.15525,109.0,1
2026-02-12 22:37:00,1770935879999,XLM,1m,0.15548,0.15548,0.15548,0.15548,518.0,1
2026-02-12 22:38:00,1770935939999,XLM,1m,0.15525,0.15525,0.15525,0.15525,556.0,1
2026-02-12 22:39:00,1770935999999,XLM,1m,0.15527,0.15527,0.15527,0.15527,518.0,1
2026-02-12 22:40:00,1770936059999,XLM,1m,0.15523,0.15524,0.15524,0.15523,1902.0,3
2026-02-12 22:41:00,1770936119999,XLM,1m,0.15505,0.15507,0.15508,0.15501,2657.0,4
2026-02-12 22:42:00,1770936179999,XLM,1m,0.15507,0.15517,0.15517,0.15503,27617.0,44
2026-02-12 22:43:00,1770936239999,XLM,1m,0.15517,0.15548,0.1555,0.15517,20837.0,20
2026-02-12 22:44:00,1770936299999,XLM,1m,0.15558,0.15571,0.15571,0.15558,27499.0,11
2026-02-12 22:45:00,1770936359999,XLM,1m,0.1557,0.15575,0.15575,0.15564,16277.0,31
2026-02-12 22:46:00,1770936419999,XLM,1m,0.15575,0.15592,0.15592,0.15575,8795.0,15
2026-02-12 22:47:00,1770936479999,XLM,1m,0.15593,0.15614,0.15614,0.15593,43442.0,39
2026-02-12 22:48:00,1770936539999,XLM,1m,0.15613,0.15615,0.15617,0.15612,84734.0,37
2026-02-12 22:49:00,1770936599999,XLM,1m,0.15612,0.15612,0.15612,0.15612,518.0,1
2026-02-12 22:50:00,1770936659999,XLM,1m,0.15612,0.15616,0.15616,0.1561,8005.0,16
2026-02-12 22:51:00,1770936719999,XLM,1m,0.1561,0.15611,0.15614,0.15608,19644.0,38
2026-02-12 22:52:00,1770936779999,XLM,1m,0.15611,0.15596,0.15614,0.15595,17528.0,28
2026-02-12 22:53:00,1770936839999,XLM,1m,0.1559,0.15593,0.15593,0.1559,9448.0,14
2026-02-12 22:54:00,1770936899999,XLM,1m,0.15593,0.15597,0.15597,0.15585,20068.0,36
2026-02-12 22:55:00,1770936959999,XLM,1m,0.15604,0.15603,0.15605,0.15599,14400.0,9
2026-02-12 22:56:00,1770937019999,XLM,1m,0.15603,0.15605,0.15606,0.15603,10802.0,17
2026-02-12 22:57:00,1770937079999,XLM,1m,0.15614,0.15634,0.15634,0.15614,6695.0,10
2026-02-12 22:58:00,1770937139999,XLM,1m,0.15633,0.15646,0.15646,0.15631,16503.0,31
2026-02-12 22:59:00,1770937199999,XLM,1m,0.15644,0.15638,0.15648,0.15637,33163.0,48
2026-02-12 23:00:00,1770937259999,XLM,1m,0.15638,0.15625,0.15639,0.1562,20955.0,26
2026-02-12 23:01:00,1770937319999,XLM,1m,0.1562,0.15649,0.15649,0.1562,17300.0,27
2026-02-12 23:02:00,1770937379999,XLM,1m,0.15658,0.15679,0.15679,0.15658,10900.0,12
2026-02-12 23:03:00,1770937439999,XLM,1m,0.15659,0.15658,0.15661,0.15653,2430.0,6
2026-02-12 23:04:00,1770937499999,XLM,1m,0.15655,0.15655,0.15655,0.15655,244.0,1
2026-02-12 23:05:00,1770937559999,XLM,1m,0.15656,0.15651,0.15656,0.15651,736.0,2
2026-02-12 23:06:00,1770937619999,XLM,1m,0.15651,0.15651,0.15651,0.15651,0.0,0
2026-02-12 23:07:00,1770937679999,XLM,1m,0.15668,0.1569,0.1569,0.15668,697.0,2
2026-02-12 23:08:00,1770937739999,XLM,1m,0.15678,0.15669,0.15678,0.15664,4779.0,11
2026-02-12 23:09:00,1770937799999,XLM,1m,0.15669,0.15674,0.15678,0.15668,16642.0,25
2026-02-12 23:10:00,1770937859999,XLM,1m,0.15675,0.15644,0.15676,0.15644,13608.0,29
2026-02-12 23:11:00,1770937919999,XLM,1m,0.1564,0.15634,0.15642,0.15634,19022.0,27
2026-02-12 23:12:00,1770937979999,XLM,1m,0.15639,0.15636,0.15639,0.15632,11938.0,10
2026-02-12 23:13:00,1770938039999,XLM,1m,0.15633,0.15645,0.15645,0.15632,19741.0,27
2026-02-12 23:14:00,1770938099999,XLM,1m,0.15625,0.15625,0.15625,0.15625,233.0,1
2026-02-12 23:15:00,1770938159999,XLM,1m,0.15622,0.15612,0.15622,0.1561,2306.0,5
2026-02-12 23:16:00,1770938219999,XLM,1m,0.15627,0.15615,0.15627,0.15615,4679.0,9
2026-02-12 23:17:00,1770938279999,XLM,1m,0.15625,0.15622,0.15625,0.15622,1549.0,3
2026-02-12 23:18:00,1770938339999,XLM,1m,0.15609,0.15609,0.15609,0.15609,217.0,1
2026-02-12 23:19:00,1770938399999,XLM,1m,0.15591,0.15591,0.15591,0.15591,518.0,1
2026-02-12 23:20:00,1770938459999,XLM,1m,0.15619,0.15619,0.15619,0.15619,105.0,1
2026-02-12 23:21:00,1770938519999,XLM,1m,0.1562,0.1562,0.1562,0.1562,518.0,1
2026-02-12 23:22:00,1770938579999,XLM,1m,0.15631,0.15631,0.15631,0.15631,8952.0,2
2026-02-12 23:23:00,1770938639999,XLM,1m,0.15631,0.15631,0.15631,0.15631,627.0,2
2026-02-12 23:24:00,1770938699999,XLM,1m,0.15636,0.15633,0.15636,0.15633,213.0,2
2026-02-12 23:25:00,1770938759999,XLM,1m,0.15656,0.15658,0.15658,0.15656,705.0,2
2026-02-12 23:26:00,1770938819999,XLM,1m,0.1566,0.1566,0.1566,0.1566,103.0,1
2026-02-12 23:27:00,1770938879999,XLM,1m,0.15645,0.15645,0.15645,0.15645,620.0,2
2026-02-12 23:28:00,1770938939999,XLM,1m,0.15651,0.15651,0.15651,0.15651,122.0,1
2026-02-12 23:29:00,1770938999999,XLM,1m,0.15651,0.15651,0.15651,0.15651,518.0,1
2026-02-12 23:30:00,1770939059999,XLM,1m,0.15647,0.15642,0.15647,0.15642,183.0,2
2026-02-12 23:31:00,1770939119999,XLM,1m,0.15646,0.15644,0.15646,0.15641,1000.0,4
2026-02-12 23:32:00,1770939179999,XLM,1m,0.15652,0.15642,0.15652,0.15642,651.0,2
2026-02-12 23:33:00,1770939239999,XLM,1m,0.15633,0.15607,0.15633,0.15607,1364.0,2
2026-02-12 23:34:00,1770939299999,XLM,1m,0.15607,0.15607,0.15607,0.15607,0.0,0
2026-02-12 23:35:00,1770939359999,XLM,1m,0.15622,0.15616,0.15622,0.15616,811.0,3
2026-02-12 23:36:00,1770939419999,XLM,1m,0.15616,0.15616,0.15616,0.15616,0.0,0
2026-02-12 23:37:00,1770939479999,XLM,1m,0.15604,0.1561,0.1561,0.15604,609.0,2
2026-02-12 23:38:00,1770939539999,XLM,1m,0.1559,0.1559,0.1559,0.1559,235.0,1
2026-02-12 23:39:00,1770939599999,XLM,1m,0.156,0.156,0.156,0.156,287.0,1
2026-02-12 23:40:00,1770939659999,XLM,1m,0.15602,0.15603,0.15615,0.15602,1309.0,3
2026-02-12 23:41:00,1770939719999,XLM,1m,0.15615,0.15615,0.15615,0.15615,104.0,1
2026-02-12 23:42:00,1770939779999,XLM,1m,0.15615,0.15615,0.15615,0.15615,0.0,0
2026-02-12 23:43:00,1770939839999,XLM,1m,0.15627,0.15627,0.15627,0.15627,124.0,1
2026-02-12 23:44:00,1770939899999,XLM,1m,0.1562,0.1562,0.1562,0.1562,125.0,1
2026-02-12 23:45:00,1770939959999,XLM,1m,0.1562,0.1562,0.1562,0.1562,0.0,0
2026-02-12 23:46:00,1770940019999,XLM,1m,0.15614,0.15614,0.15614,0.15614,8267.0,5
2026-02-12 23:47:00,1770940079999,XLM,1m,0.15618,0.15618,0.15618,0.15618,116.0,1
2026-02-12 23:48:00,1770940139999,XLM,1m,0.15618,0.15618,0.15618,0.15618,0.0,0
2026-02-12 23:49:00,1770940199999,XLM,1m,0.15614,0.156,0.15614,0.156,235.0,2
2026-02-12 23:50:00,1770940259999,XLM,1m,0.15611,0.15611,0.15611,0.15611,122.0,1
2026-02-12 23:51:00,1770940319999,XLM,1m,0.15619,0.15619,0.15619,0.15619,99.0,1
2026-02-12 23:52:00,1770940379999,XLM,1m,0.15624,0.15624,0.15624,0.15624,113.0,1
2026-02-12 23:53:00,1770940439999,XLM,1m,0.15623,0.15623,0.15623,0.15623,106.0,1
2026-02-12 23:54:00,1770940499999,XLM,1m,0.15621,0.15621,0.15621,0.15621,80.0,1
2026-02-12 23:55:00,1770940559999,XLM,1m,0.15634,0.15634,0.15634,0.15634,4822.0,1
2026-02-12 23:56:00,1770940619999,XLM,1m,0.15639,0.15639,0.15639,0.15639,551.0,1
2026-02-12 23:57:00,1770940679999,XLM,1m,0.15639,0.15639,0.15639,0.15639,0.0,0
2026-02-12 23:58:00,1770940739999,XLM,1m,0.15639,0.15639,0.15639,0.15639,0.0,0
2026-02-12 23:59:00,1770940799999,XLM,1m,0.15623,0.15623,0.15623,0.15623,432.0,3
2026-02-13 00:00:00,1770940859999,XLM,1m,0.15626,0.15624,0.15627,0.15624,29182.0,12
2026-02-13 00:01:00,1770940919999,XLM,1m,0.15639,0.15646,0.15651,0.15639,21021.0,9
2026-02-13 00:02:00,1770940979999,XLM,1m,0.15667,0.15683,0.15686,0.15667,22936.0,7
2026-02-13 00:03:00,1770941039999,XLM,1m,0.15678,0.1567,0.15678,0.1567,4040.0,3
2026-02-13 00:04:00,1770941099999,XLM,1m,0.15672,0.15667,0.15672,0.15667,2754.0,2
2026-02-13 00:05:00,1770941159999,XLM,1m,0.15667,0.15667,0.15667,0.15667,551.0,2
2026-02-13 00:06:00,1770941219999,XLM,1m,0.15668,0.15668,0.15668,0.15668,99.0,1
2026-02-13 00:07:00,1770941279999,XLM,1m,0.15638,0.15632,0.15638,0.15631,21391.0,11
2026-02-13 00:08:00,1770941339999,XLM,1m,0.15635,0.15635,0.15635,0.15635,103.0,1
2026-02-13 00:09:00,1770941399999,XLM,1m,0.15633,0.15619,0.15633,0.15619,41298.0,11
2026-02-13 00:10:00,1770941459999,XLM,1m,0.1561,0.1561,0.1561,0.1561,3787.0,2
2026-02-13 00:11:00,1770941519999,XLM,1m,0.15611,0.15611,0.15611,0.15611,252.0,1
2026-02-13 00:12:00,1770941579999,XLM,1m,0.15613,0.1558,0.15613,0.1558,26112.0,8
2026-02-13 00:13:00,1770941639999,XLM,1m,0.1558,0.1558,0.1558,0.1558,0.0,0
2026-02-13 00:14:00,1770941699999,XLM,1m,0.15588,0.15585,0.15588,0.15584,616.0,3
2026-02-13 00:15:00,1770941759999,XLM,1m,0.15582,0.15584,0.15584,0.15575,29313.0,9
2026-02-13 00:16:00,1770941819999,XLM,1m,0.15582,0.15582,0.15582,0.15582,5956.0,2
2026-02-13 00:17:00,1770941879999,XLM,1m,0.15526,0.15526,0.15526,0.15526,228.0,1
2026-02-13 00:18:00,1770941939999,XLM,1m,0.15524,0.15519,0.15524,0.15519,8354.0,4
2026-02-13 00:19:00,1770941999999,XLM,1m,0.15523,0.15523,0.15523,0.15523,2877.0,1
2026-02-13 00:20:00,1770942059999,XLM,1m,0.15514,0.15531,0.15531,0.15514,905.0,3
2026-02-13 00:21:00,1770942119999,XLM,1m,0.15531,0.15533,0.15537,0.1553,16212.0,7
2026-02-13 00:22:00,1770942179999,XLM,1m,0.15529,0.15533,0.15533,0.15529,7815.0,2
2026-02-13 00:23:00,1770942239999,XLM,1m,0.15533,0.15545,0.15545,0.15533,2296.0,2
2026-02-13 00:24:00,1770942299999,XLM,1m,0.15543,0.15544,0.15544,0.15543,5920.0,3
2026-02-13 00:25:00,1770942359999,XLM,1m,0.15542,0.15542,0.15542,0.15542,104.0,1
2026-02-13 00:26:00,1770942419999,XLM,1m,0.15542,0.15545,0.15545,0.15542,2650.0,3
2026-02-13 00:27:00,1770942479999,XLM,1m,0.15545,0.15545,0.15545,0.15545,0.0,0
2026-02-13 00:28:00,1770942539999,XLM,1m,0.15528,0.15532,0.15532,0.15527,1538.0,6
2026-02-13 00:29:00,1770942599999,XLM,1m,0.15531,0.15531,0.15531,0.15531,942.0,1
2026-02-13 00:30:00,1770942659999,XLM,1m,0.15529,0.15522,0.15535,0.15522,456.0,3
2026-02-13 00:31:00,1770942719999,XLM,1m,0.15531,0.15533,0.15537,0.15531,330.0,3
2026-02-13 00:32:00,1770942779999,XLM,1m,0.15525,0.15525,0.15526,0.15525,6214.0,3
2026-02-13 00:33:00,1770942839999,XLM,1m,0.15496,0.15498,0.15498,0.15491,4725.0,5
2026-02-13 00:34:00,1770942899999,XLM,1m,0.15498,0.15498,0.15498,0.15498,0.0,0
2026-02-13 00:35:00,1770942959999,XLM,1m,0.15495,0.15487,0.15495,0.15487,6573.0,6
2026-02-13 00:36:00,1770943019999,XLM,1m,0.15493,0.15493,0.15493,0.15493,285.0,1
2026-02-13 00:37:00,1770943079999,XLM,1m,0.15509,0.15509,0.15509,0.15509,170.0,1
2026-02-13 00:38:00,1770943139999,XLM,1m,0.1551,0.1551,0.1551,0.1551,117.0,1
2026-02-13 00:39:00,1770943199999,XLM,1m,0.15508,0.15533,0.15533,0.15508,937.0,7
2026-02-13 00:40:00,1770943259999,XLM,1m,0.15532,0.15532,0.15532,0.15532,180.0,1
2026-02-13 00:41:00,1770943319999,XLM,1m,0.15521,0.15521,0.15521,0.15521,110.0,1
2026-02-13 00:42:00,1770943379999,XLM,1m,0.15521,0.15521,0.15521,0.15521,0.0,0
2026-02-13 00:43:00,1770943439999,XLM,1m,0.15521,0.15516,0.15521,0.15516,9279.0,5
2026-02-13 00:44:00,1770943499999,XLM,1m,0.15515,0.1551,0.15515,0.1551,227.0,2
2026-02-13 00:45:00,1770943559999,XLM,1m,0.15509,0.15509,0.15509,0.15509,102.0,1
2026-02-13 00:46:00,1770943619999,XLM,1m,0.15511,0.15511,0.15511,0.15511,93.0,1
2026-02-13 00:47:00,1770943679999,XLM,1m,0.15515,0.15515,0.15515,0.15515,248.0,2
2026-02-13 00:48:00,1770943739999,XLM,1m,0.15515,0.15515,0.15515,0.15515,0.0,0
2026-02-13 00:49:00,1770943799999,XLM,1m,0.15493,0.1549,0.15493,0.1549,9311.0,2
2026-02-13 00:50:00,1770943859999,XLM,1m,0.15497,0.15497,0.15497,0.15497,593.0,1
2026-02-13 00:51:00,1770943919999,XLM,1m,0.15495,0.15495,0.15495,0.15495,2115.0,1
2026-02-13 00:52:00,1770943979999,XLM,1m,0.15491,0.15491,0.15491,0.15491,228.0,1
2026-02-13 00:53:00,1770944039999,XLM,1m,0.15499,0.15499,0.15499,0.15499,110.0,1
2026-02-13 00:54:00,1770944099999,XLM,1m,0.15518,0.15529,0.1553,0.15518,77475.0,32
2026-02-13 00:55:00,1770944159999,XLM,1m,0.15531,0.1554,0.15543,0.15531,32584.0,8
2026-02-13 00:56:00,1770944219999,XLM,1m,0.1555,0.15539,0.15551,0.15539,12441.0,8
2026-02-13 00:57:00,1770944279999,XLM,1m,0.15538,0.15536,0.15538,0.15536,923.0,3
2026-02-13 00:58:00,1770944339999,XLM,1m,0.15541,0.15543,0.15543,0.15541,706.0,2
2026-02-13 00:59:00,1770944399999,XLM,1m,0.15538,0.15536,0.15538,0.15536,225.0,2
2026-02-13 01:00:00,1770944459999,XLM,1m,0.15521,0.15523,0.15523,0.15521,9089.0,3
2026-02-13 01:01:00,1770944519999,XLM,1m,0.15512,0.15501,0.15515,0.15501,17532.0,7
2026-02-13 01:02:00,1770944579999,XLM,1m,0.15483,0.15472,0.15483,0.15472,24868.0,8
2026-02-13 01:03:00,1770944639999,XLM,1m,0.15472,0.15472,0.15472,0.15472,0.0,0
2026-02-13 01:04:00,1770944699999,XLM,1m,0.15473,0.15476,0.15476,0.15463,11288.0,5
2026-02-13 01:05:00,1770944759999,XLM,1m,0.15476,0.15476,0.15476,0.15476,0.0,0
2026-02-13 01:06:00,1770944819999,XLM,1m,0.155,0.15542,0.15543,0.155,18100.0,21
2026-02-13 01:07:00,1770944879999,XLM,1m,0.15534,0.15545,0.15549,0.15527,27802.0,32
2026-02-13 01:08:00,1770944939999,XLM,1m,0.15545,0.15558,0.15561,0.15537,24659.0,23
2026-02-13 01:09:00,1770944999999,XLM,1m,0.15555,0.15544,0.15555,0.15538,48032.0,57
2026-02-13 01:10:00,1770945059999,XLM,1m,0.15544,0.15529,0.15544,0.15529,13608.0,14
2026-02-13 01:11:00,1770945119999,XLM,1m,0.1554,0.1554,0.1554,0.1554,14810.0,4
2026-02-13 01:12:00,1770945179999,XLM,1m,0.15543,0.15543,0.15543,0.15543,106.0,1
2026-02-13 01:13:00,1770945239999,XLM,1m,0.15542,0.15546,0.15546,0.15542,691.0,2
2026-02-13 01:14:00,1770945299999,XLM,1m,0.15525,0.15525,0.15525,0.15525,117.0,1
2026-02-13 01:15:00,1770945359999,XLM,1m,0.1553,0.1553,0.1553,0.1553,3866.0,1
2026-02-13 01:16:00,1770945419999,XLM,1m,0.1553,0.1553,0.1553,0.1553,181.0,1
2026-02-13 01:17:00,1770945479999,XLM,1m,0.15526,0.15526,0.15526,0.15526,123.0,1
2026-02-13 01:18:00,1770945539999,XLM,1m,0.15523,0.15523,0.15523,0.15523,123.0,1
2026-02-13 01:19:00,1770945599999,XLM,1m,0.15529,0.15527,0.15529,0.15527,258.0,2
2026-02-13 01:20:00,1770945659999,XLM,1m,0.15527,0.15527,0.15527,0.15527,120.0,1
2026-02-13 01:21:00,1770945719999,XLM,1m,0.15506,0.15506,0.15506,0.15506,99.0,1
2026-02-13 01:22:00,1770945779999,XLM,1m,0.15511,0.15514,0.15514,0.15511,385.0,3
2026-02-13 01:23:00,1770945839999,XLM,1m,0.15509,0.15509,0.15509,0.15509,128.0,1
2026-02-13 01:24:00,1770945899999,XLM,1m,0.15503,0.15503,0.15503,0.15503,134.0,1
2026-02-13 01:25:00,1770945959999,XLM,1m,0.1551,0.1548,0.1551,0.1548,3893.0,6
2026-02-13 01:26:00,1770946019999,XLM,1m,0.15482,0.15482,0.15482,0.15482,71.0,1
2026-02-13 01:27:00,1770946079999,XLM,1m,0.15476,0.15466,0.15476,0.15466,261.0,2
2026-02-13 01:28:00,1770946139999,XLM,1m,0.15473,0.15473,0.15473,0.15473,1916.0,2
2026-02-13 01:29:00,1770946199999,XLM,1m,0.15501,0.15504,0.15504,0.15501,308.0,2
2026-02-13 01:30:00,1770946259999,XLM,1m,0.15499,0.15499,0.15499,0.15499,93.0,1
2026-02-13 01:31:00,1770946319999,XLM,1m,0.15526,0.15526,0.15526,0.15526,900.0,1
2026-02-13 01:32:00,1770946379999,XLM,1m,0.1554,0.1554,0.1554,0.1554,90.0,1
2026-02-13 01:33:00,1770946439999,XLM,1m,0.1552,0.1552,0.1552,0.1552,583.0,1
2026-02-13 01:34:00,1770946499999,XLM,1m,0.15524,0.15525,0.15525,0.15522,748.0,4
2026-02-13 01:35:00,1770946559999,XLM,1m,0.15527,0.15525,0.15527,0.15525,386.0,3
2026-02-13 01:36:00,1770946619999,XLM,1m,0.15531,0.15531,0.15531,0.15531,113.0,1
2026-02-13 01:37:00,1770946679999,XLM,1m,0.15532,0.15525,0.15532,0.15522,351.0,3
2026-02-13 01:38:00,1770946739999,XLM,1m,0.15546,0.15546,0.15546,0.15546,94.0,1
2026-02-13 01:39:00,1770946799999,XLM,1m,0.15553,0.1557,0.1557,0.15553,201.0,2
2026-02-13 01:40:00,1770946859999,XLM,1m,0.15567,0.15563,0.15569,0.15561,5063.0,5
2026-02-13 01:41:00,1770946919999,XLM,1m,0.15564,0.15564,0.15564,0.15564,1511.0,1
2026-02-13 01:42:00,1770946979999,XLM,1m,0.15554,0.15569,0.15569,0.15554,1285.0,3
2026-02-13 01:43:00,1770947039999,XLM,1m,0.15565,0.15572,0.15572,0.15562,1856.0,4
2026-02-13 01:44:00,1770947099999,XLM,1m,0.15558,0.15558,0.15558,0.15558,583.0,1
2026-02-13 01:45:00,1770947159999,XLM,1m,0.15552,0.15568,0.15568,0.15552,11096.0,4
2026-02-13 01:46:00,1770947219999,XLM,1m,0.1557,0.15583,0.15583,0.1557,1256.0,3
2026-02-13 01:47:00,1770947279999,XLM,1m,0.15578,0.15573,0.15578,0.15573,1906.0,2
2026-02-13 01:48:00,1770947339999,XLM,1m,0.1557,0.15577,0.15577,0.15566,2184.0,4
2026-02-13 01:49:00,1770947399999,XLM,1m,0.15577,0.15577,0.15577,0.15577,0.0,0
2026-02-13 01:50:00,1770947459999,XLM,1m,0.15584,0.1558,0.15584,0.1558,14259.0,6
2026-02-13 01:51:00,1770947519999,XLM,1m,0.15579,0.15577,0.1558,0.15577,1442.0,3
2026-02-13 01:52:00,1770947579999,XLM,1m,0.15571,0.1557,0.15571,0.1557,1706.0,2
2026-02-13 01:53:00,1770947639999,XLM,1m,0.15573,0.15573,0.15573,0.15573,10739.0,2
2026-02-13 01:54:00,1770947699999,XLM,1m,0.15577,0.15557,0.1558,0.15557,9791.0,4
2026-02-13 01:55:00,1770947759999,XLM,1m,0.15544,0.15544,0.15544,0.15544,127.0,1
2026-02-13 01:56:00,1770947819999,XLM,1m,0.15544,0.15544,0.15544,0.15544,0.0,0
2026-02-13 01:57:00,1770947879999,XLM,1m,0.1553,0.1553,0.1553,0.1553,112.0,1
2026-02-13 01:58:00,1770947939999,XLM,1m,0.15532,0.15538,0.15538,0.15532,343.0,3
2026-02-13 01:59:00,1770947999999,XLM,1m,0.15531,0.15539,0.15539,0.15531,140.0,2
2026-02-13 02:00:00,1770948059999,XLM,1m,0.15543,0.15543,0.15543,0.15541,6812.0,4
2026-02-13 02:01:00,1770948119999,XLM,1m,0.15542,0.15542,0.15542,0.15542,25492.0,6
2026-02-13 02:02:00,1770948179999,XLM,1m,0.15542,0.15542,0.15542,0.15542,0.0,0
2026-02-13 02:03:00,1770948239999,XLM,1m,0.15556,0.15556,0.15556,0.15556,217.0,2
2026-02-13 02:04:00,1770948299999,XLM,1m,0.15542,0.15542,0.15542,0.15542,7666.0,2
2026-02-13 02:05:00,1770948359999,XLM,1m,0.15551,0.15551,0.15551,0.15551,93.0,1
2026-02-13 02:06:00,1770948419999,XLM,1m,0.15551,0.15551,0.15551,0.15551,0.0,0
2026-02-13 02:07:00,1770948479999,XLM,1m,0.15557,0.15557,0.15557,0.15557,1200.0,1
2026-02-13 02:08:00,1770948539999,XLM,1m,0.15554,0.15554,0.15554,0.15554,101.0,1
2026-02-13 02:09:00,1770948599999,XLM,1m,0.15558,0.15558,0.15558,0.15558,2224.0,1
2026-02-13 02:10:00,1770948659999,XLM,1m,0.15567,0.15559,0.15567,0.15559,1572.0,3
2026-02-13 02:11:00,1770948719999,XLM,1m,0.15556,0.15556,0.15556,0.15556,217.0,1
2026-02-13 02:12:00,1770948779999,XLM,1m,0.15556,0.15556,0.15556,0.15556,0.0,0
2026-02-13 02:13:00,1770948839999,XLM,1m,0.15558,0.15553,0.15558,0.15553,248.0,2
2026-02-13 02:14:00,1770948899999,XLM,1m,0.15548,0.15548,0.15548,0.15548,117.0,1
2026-02-13 02:15:00,1770948959999,XLM,1m,0.1555,0.1555,0.1555,0.1555,211.0,1
2026-02-13 02:16:00,1770949019999,XLM,1m,0.1555,0.1555,0.1555,0.1555,0.0,0
2026-02-13 02:17:00,1770949079999,XLM,1m,0.15545,0.15553,0.15553,0.15545,226.0,2
2026-02-13 02:18:00,1770949139999,XLM,1m,0.15541,0.15542,0.15542,0.15541,407.0,2
2026-02-13 02:19:00,1770949199999,XLM,1m,0.15555,0.15538,0.15555,0.15538,322.0,2
2026-02-13 02:20:00,1770949259999,XLM,1m,0.15544,0.15544,0.15544,0.15544,126.0,1
2026-02-13 02:21:00,1770949319999,XLM,1m,0.15526,0.15526,0.15526,0.15526,245.0,1
2026-02-13 02:22:00,1770949379999,XLM,1m,0.15536,0.15536,0.15536,0.15536,125.0,1
2026-02-13 02:23:00,1770949439999,XLM,1m,0.15538,0.15538,0.15538,0.15538,226.0,2
2026-02-13 02:24:00,1770949499999,XLM,1m,0.15533,0.15533,0.15533,0.15533,73.0,1
2026-02-13 02:25:00,1770949559999,XLM,1m,0.15555,0.15555,0.15555,0.15555,209.0,2
2026-02-13 02:26:00,1770949619999,XLM,1m,0.15555,0.15555,0.15555,0.15555,0.0,0
2026-02-13 02:27:00,1770949679999,XLM,1m,0.15547,0.15545,0.15547,0.15545,218.0,2
2026-02-13 02:28:00,1770949739999,XLM,1m,0.15545,0.15545,0.15545,0.15545,0.0,0
2026-02-13 02:29:00,1770949799999,XLM,1m,0.15544,0.15544,0.15544,0.15544,121.0,1
2026-02-13 02:30:00,1770949859999,XLM,1m,0.15534,0.15524,0.15534,0.15524,346.0,3
2026-02-13 02:31:00,1770949919999,XLM,1m,0.1553,0.1553,0.1553,0.1553,129.0,1
2026-02-13 02:32:00,1770949979999,XLM,1m,0.1553,0.1553,0.1553,0.1553,0.0,0
2026-02-13 02:33:00,1770950039999,XLM,1m,0.15549,0.15545,0.15549,0.15544,10070.0,3
2026-02-13 02:34:00,1770950099999,XLM,1m,0.15536,0.15536,0.15536,0.15536,195.0,1
2026-02-13 02:35:00,1770950159999,XLM,1m,0.1553,0.1553,0.15532,0.1553,363.0,3
2026-02-13 02:36:00,1770950219999,XLM,1m,0.1553,0.1553,0.1553,0.1553,0.0,0
2026-02-13 02:37:00,1770950279999,XLM,1m,0.15524,0.15519,0.15524,0.15519,232.0,2
2026-02-13 02:38:00,1770950339999,XLM,1m,0.15515,0.15512,0.15515,0.1551,623.0,5
2026-02-13 02:39:00,1770950399999,XLM,1m,0.15516,0.15513,0.15516,0.15513,3483.0,3
2026-02-13 02:40:00,1770950459999,XLM,1m,0.15514,0.15505,0.15514,0.15505,275.0,2
2026-02-13 02:41:00,1770950519999,XLM,1m,0.15501,0.15501,0.15501,0.15501,275.0,1
2026-02-13 02:42:00,1770950579999,XLM,1m,0.15506,0.15512,0.15512,0.15506,357.0,2
2026-02-13 02:43:00,1770950639999,XLM,1m,0.15529,0.15539,0.15545,0.15529,10523.0,7
2026-02-13 02:44:00,1770950699999,XLM,1m,0.15536,0.15544,0.15544,0.15536,19309.0,6
2026-02-13 02:45:00,1770950759999,XLM,1m,0.15543,0.15542,0.15543,0.15542,9726.0,4
2026-02-13 02:46:00,1770950819999,XLM,1m,0.1554,0.15553,0.15553,0.1554,41485.0,9
2026-02-13 02:47:00,1770950879999,XLM,1m,0.15553,0.15553,0.15553,0.15553,0.0,0
2026-02-13 02:48:00,1770950939999,XLM,1m,0.15544,0.15549,0.15549,0.15544,3006.0,4
2026-02-13 02:49:00,1770950999999,XLM,1m,0.15549,0.15549,0.15549,0.15549,0.0,0
2026-02-13 02:50:00,1770951059999,XLM,1m,0.15563,0.15569,0.15569,0.15563,338.0,3
2026-02-13 02:51:00,1770951119999,XLM,1m,0.15584,0.15584,0.15584,0.15584,195.0,1
2026-02-13 02:52:00,1770951179999,XLM,1m,0.15595,0.15606,0.15606,0.15595,7545.0,2
2026-02-13 02:53:00,1770951239999,XLM,1m,0.15619,0.15633,0.15633,0.15619,11022.0,8
2026-02-13 02:54:00,1770951299999,XLM,1m,0.15628,0.15629,0.15629,0.15628,6071.0,3
2026-02-13 02:55:00,1770951359999,XLM,1m,0.15629,0.15629,0.15629,0.15629,0.0,0
2026-02-13 02:56:00,1770951419999,XLM,1m,0.15629,0.15629,0.15629,0.15629,0.0,0
2026-02-13 02:57:00,1770951479999,XLM,1m,0.1564,0.15639,0.1564,0.15639,365.0,2
2026-02-13 02:58:00,1770951539999,XLM,1m,0.15639,0.15639,0.15639,0.15639,0.0,0
2026-02-13 02:59:00,1770951599999,XLM,1m,0.15634,0.15634,0.15634,0.15634,93.0,1
2026-02-13 03:00:00,1770951659999,XLM,1m,0.15612,0.15605,0.15612,0.15605,4928.0,2
2026-02-13 03:01:00,1770951719999,XLM,1m,0.15625,0.15625,0.15625,0.15625,271.0,1
2026-02-13 03:02:00,1770951779999,XLM,1m,0.15623,0.15623,0.15623,0.15623,467.0,2
2026-02-13 03:03:00,1770951839999,XLM,1m,0.15623,0.15623,0.15623,0.15623,0.0,0
2026-02-13 03:04:00,1770951899999,XLM,1m,0.15616,0.15616,0.15616,0.15616,398.0,2
2026-02-13 03:05:00,1770951959999,XLM,1m,0.15603,0.15603,0.15603,0.15603,107.0,1
2026-02-13 03:06:00,1770952019999,XLM,1m,0.15602,0.15602,0.15602,0.15602,94.0,1
2026-02-13 03:07:00,1770952079999,XLM,1m,0.15581,0.15562,0.15581,0.15562,23617.0,8
2026-02-13 03:08:00,1770952139999,XLM,1m,0.15572,0.15567,0.15572,0.15567,8337.0,3
2026-02-13 03:09:00,1770952199999,XLM,1m,0.15579,0.15575,0.15579,0.15575,246.0,2
2026-02-13 03:10:00,1770952259999,XLM,1m,0.15569,0.15569,0.15569,0.15569,220.0,2
2026-02-13 03:11:00,1770952319999,XLM,1m,0.15569,0.15569,0.15569,0.15569,125.0,1
2026-02-13 03:12:00,1770952379999,XLM,1m,0.15569,0.15565,0.15569,0.15562,359.0,3
2026-02-13 03:13:00,1770952439999,XLM,1m,0.15562,0.15556,0.15562,0.15556,11410.0,4
2026-02-13 03:14:00,1770952499999,XLM,1m,0.15562,0.15559,0.15562,0.15559,312.0,2
2026-02-13 03:15:00,1770952559999,XLM,1m,0.15551,0.15551,0.15551,0.15551,356.0,2
2026-02-13 03:16:00,1770952619999,XLM,1m,0.15548,0.15548,0.15548,0.15548,9532.0,1
2026-02-13 03:17:00,1770952679999,XLM,1m,0.1555,0.15552,0.15552,0.1555,214.0,2
2026-02-13 03:18:00,1770952739999,XLM,1m,0.15557,0.15563,0.15563,0.15557,252.0,2
2026-02-13 03:19:00,1770952799999,XLM,1m,0.15563,0.15563,0.15563,0.15563,0.0,0
2026-02-13 03:20:00,1770952859999,XLM,1m,0.15563,0.15563,0.15563,0.15563,0.0,0
2026-02-13 03:21:00,1770952919999,XLM,1m,0.15555,0.15555,0.15555,0.15555,122.0,1
2026-02-13 03:22:00,1770952979999,XLM,1m,0.15559,0.15555,0.15559,0.15555,406.0,3
2026-02-13 03:23:00,1770953039999,XLM,1m,0.15556,0.1556,0.1556,0.15556,320.0,2
2026-02-13 03:24:00,1770953099999,XLM,1m,0.15566,0.15567,0.15568,0.15566,5309.0,4
2026-02-13 03:25:00,1770953159999,XLM,1m,0.15574,0.15574,0.15574,0.15574,94.0,1
2026-02-13 03:26:00,1770953219999,XLM,1m,0.1558,0.1558,0.1558,0.1558,4356.0,1
2026-02-13 03:27:00,1770953279999,XLM,1m,0.1559,0.1559,0.1559,0.1559,107.0,1
2026-02-13 03:28:00,1770953339999,XLM,1m,0.15576,0.15572,0.15576,0.15572,474.0,3
2026-02-13 03:29:00,1770953399999,XLM,1m,0.15572,0.15572,0.15572,0.15572,0.0,0
2026-02-13 03:30:00,1770953459999,XLM,1m,0.15581,0.15606,0.15606,0.15581,17508.0,5
2026-02-13 03:31:00,1770953519999,XLM,1m,0.15621,0.15623,0.15626,0.1562,7902.0,10
2026-02-13 03:32:00,1770953579999,XLM,1m,0.15622,0.15617,0.15622,0.15616,2040.0,7
2026-02-13 03:33:00,1770953639999,XLM,1m,0.15625,0.15624,0.15625,0.15624,1565.0,2
2026-02-13 03:34:00,1770953699999,XLM,1m,0.15622,0.15624,0.15624,0.15622,1993.0,3
2026-02-13 03:35:00,1770953759999,XLM,1m,0.15613,0.15613,0.15613,0.15613,9614.0,2
2026-02-13 03:36:00,1770953819999,XLM,1m,0.15613,0.15613,0.15613,0.15613,0.0,0
2026-02-13 03:37:00,1770953879999,XLM,1m,0.1561,0.1561,0.1561,0.1561,121.0,1
2026-02-13 03:38:00,1770953939999,XLM,1m,0.1561,0.1561,0.1561,0.1561,0.0,0
2026-02-13 03:39:00,1770953999999,XLM,1m,0.1562,0.15628,0.15628,0.1562,3249.0,4
2026-02-13 03:40:00,1770954059999,XLM,1m,0.15621,0.15617,0.15621,0.15617,1013.0,2
2026-02-13 03:41:00,1770954119999,XLM,1m,0.15617,0.15617,0.15617,0.15617,0.0,0
2026-02-13 03:42:00,1770954179999,XLM,1m,0.15622,0.15645,0.15645,0.15622,215.0,3
2026-02-13 03:43:00,1770954239999,XLM,1m,0.1565,0.15647,0.1565,0.15647,391.0,2
2026-02-13 03:44:00,1770954299999,XLM,1m,0.15644,0.15644,0.15644,0.15644,6293.0,2
2026-02-13 03:45:00,1770954359999,XLM,1m,0.1562,0.1562,0.1562,0.1562,125.0,1
2026-02-13 03:46:00,1770954419999,XLM,1m,0.15617,0.15616,0.15617,0.15616,476.0,3
2026-02-13 03:47:00,1770954479999,XLM,1m,0.15611,0.15611,0.15611,0.15611,95.0,1
2026-02-13 03:48:00,1770954539999,XLM,1m,0.15613,0.15613,0.15613,0.15613,126.0,1
2026-02-13 03:49:00,1770954599999,XLM,1m,0.15607,0.15607,0.15607,0.15607,116.0,1
2026-02-13 03:50:00,1770954659999,XLM,1m,0.15607,0.15607,0.15607,0.15607,0.0,0
2026-02-13 03:51:00,1770954719999,XLM,1m,0.15614,0.15603,0.15614,0.15603,357.0,3
2026-02-13 03:52:00,1770954779999,XLM,1m,0.15601,0.15601,0.15601,0.15601,272.0,1
2026-02-13 03:53:00,1770954839999,XLM,1m,0.15601,0.15601,0.15601,0.15601,0.0,0
2026-02-13 03:54:00,1770954899999,XLM,1m,0.15595,0.15597,0.15597,0.15595,4547.0,3
2026-02-13 03:55:00,1770954959999,XLM,1m,0.15592,0.15586,0.15592,0.15586,220.0,2
2026-02-13 03:56:00,1770955019999,XLM,1m,0.15597,0.15597,0.15597,0.15597,114.0,1
2026-02-13 03:57:00,1770955079999,XLM,1m,0.15599,0.15599,0.15599,0.15599,220.0,1
2026-02-13 03:58:00,1770955139999,XLM,1m,0.15599,0.15599,0.15599,0.15599,221.0,2
2026-02-13 03:59:00,1770955199999,XLM,1m,0.15599,0.15599,0.15599,0.15599,109.0,1
2026-02-13 04:00:00,1770955259999,XLM,1m,0.15616,0.15618,0.15618,0.15616,12375.0,5
2026-02-13 04:01:00,1770955319999,XLM,1m,0.15618,0.15615,0.15619,0.15615,559.0,3
2026-02-13 04:02:00,1770955379999,XLM,1m,0.15617,0.15612,0.15617,0.15612,15894.0,4
2026-02-13 04:03:00,1770955439999,XLM,1m,0.15606,0.15599,0.15606,0.15599,6734.0,2
2026-02-13 04:04:00,1770955499999,XLM,1m,0.1559,0.15585,0.1559,0.15585,10405.0,4
2026-02-13 04:05:00,1770955559999,XLM,1m,0.15578,0.15563,0.15578,0.15563,11004.0,5
2026-02-13 04:06:00,1770955619999,XLM,1m,0.1557,0.15577,0.15577,0.15569,6685.0,7
2026-02-13 04:07:00,1770955679999,XLM,1m,0.15584,0.15584,0.15584,0.15584,123.0,1
2026-02-13 04:08:00,1770955739999,XLM,1m,0.15584,0.15584,0.15584,0.15584,0.0,0
2026-02-13 04:09:00,1770955799999,XLM,1m,0.15565,0.15566,0.15566,0.15565,1858.0,2
2026-02-13 04:10:00,1770955859999,XLM,1m,0.15559,0.15563,0.15563,0.15559,366.0,2
2026-02-13 04:11:00,1770955919999,XLM,1m,0.15563,0.15563,0.15563,0.15563,0.0,0
2026-02-13 04:12:00,1770955979999,XLM,1m,0.15565,0.15565,0.15565,0.15565,118.0,1
2026-02-13 04:13:00,1770956039999,XLM,1m,0.1556,0.15565,0.15565,0.1556,385.0,3
2026-02-13 04:14:00,1770956099999,XLM,1m,0.15556,0.15556,0.15556,0.15556,123.0,1
2026-02-13 04:15:00,1770956159999,XLM,1m,0.15565,0.15565,0.15565,0.15565,106.0,1
2026-02-13 04:16:00,1770956219999,XLM,1m,0.15563,0.15563,0.15563,0.15563,124.0,1
2026-02-13 04:17:00,1770956279999,XLM,1m,0.15571,0.15571,0.15571,0.15571,97.0,1
2026-02-13 04:18:00,1770956339999,XLM,1m,0.15572,0.15572,0.15572,0.15572,79.0,1
2026-02-13 04:19:00,1770956399999,XLM,1m,0.15569,0.15569,0.15569,0.15569,98.0,1
2026-02-13 04:20:00,1770956459999,XLM,1m,0.15545,0.15545,0.15545,0.15545,124.0,1
2026-02-13 04:21:00,1770956519999,XLM,1m,0.15491,0.15507,0.15507,0.15491,206.0,2
2026-02-13 04:22:00,1770956579999,XLM,1m,0.15496,0.15496,0.15496,0.15496,127.0,1
2026-02-13 04:23:00,1770956639999,XLM,1m,0.15507,0.15502,0.15507,0.15502,271.0,2
2026-02-13 04:24:00,1770956699999,XLM,1m,0.15516,0.15516,0.15516,0.15516,107.0,1
2026-02-13 04:25:00,1770956759999,XLM,1m,0.15493,0.15495,0.15495,0.15493,220.0,2
2026-02-13 04:26:00,1770956819999,XLM,1m,0.15495,0.15495,0.15495,0.15495,114.0,1
2026-02-13 04:27:00,1770956879999,XLM,1m,0.15506,0.15506,0.15506,0.15506,113.0,1
2026-02-13 04:28:00,1770956939999,XLM,1m,0.15506,0.15506,0.15506,0.15506,128.0,1
2026-02-13 04:29:00,1770956999999,XLM,1m,0.15505,0.15505,0.15505,0.15505,114.0,1
2026-02-13 04:30:00,1770957059999,XLM,1m,0.15496,0.15496,0.15496,0.15496,1504.0,1
2026-02-13 04:31:00,1770957119999,XLM,1m,0.15482,0.15482,0.15482,0.15482,105.0,1
2026-02-13 04:32:00,1770957179999,XLM,1m,0.15489,0.15489,0.15489,0.15489,117.0,1
2026-02-13 04:33:00,1770957239999,XLM,1m,0.15496,0.15496,0.15496,0.15496,125.0,1
2026-02-13 04:34:00,1770957299999,XLM,1m,0.15498,0.155,0.155,0.15494,447.0,3
2026-02-13 04:35:00,1770957359999,XLM,1m,0.15513,0.15513,0.15513,0.15513,128.0,1
2026-02-13 04:36:00,1770957419999,XLM,1m,0.15504,0.15504,0.15504,0.15504,111.0,1
2026-02-13 04:37:00,1770957479999,XLM,1m,0.15511,0.15511,0.15511,0.15511,113.0,1
2026-02-13 04:38:00,1770957539999,XLM,1m,0.15514,0.15511,0.15514,0.15508,436.0,3
2026-02-13 04:39:00,1770957599999,XLM,1m,0.15501,0.15501,0.15501,0.15501,806.0,1
2026-02-13 04:40:00,1770957659999,XLM,1m,0.15501,0.15501,0.15501,0.15501,0.0,0
2026-02-13 04:41:00,1770957719999,XLM,1m,0.15501,0.15501,0.15501,0.15501,0.0,0
2026-02-13 04:42:00,1770957779999,XLM,1m,0.15502,0.15502,0.15502,0.15502,1.0,1
2026-02-13 04:43:00,1770957839999,XLM,1m,0.15502,0.15502,0.15502,0.15502,124.0,1
2026-02-13 04:44:00,1770957899999,XLM,1m,0.15498,0.15498,0.15498,0.15498,114.0,1
2026-02-13 04:45:00,1770957959999,XLM,1m,0.15498,0.15498,0.15498,0.15498,0.0,0
2026-02-13 04:46:00,1770958019999,XLM,1m,0.15479,0.15486,0.15486,0.15479,230.0,2
2026-02-13 04:47:00,1770958079999,XLM,1m,0.15484,0.15484,0.15484,0.15484,205.0,1
2026-02-13 04:48:00,1770958139999,XLM,1m,0.15482,0.15486,0.15486,0.15482,255.0,2
2026-02-13 04:49:00,1770958199999,XLM,1m,0.15497,0.15488,0.15497,0.15486,18324.0,32
2026-02-13 04:50:00,1770958259999,XLM,1m,0.15494,0.15494,0.15494,0.15489,792.0,3
2026-02-13 04:51:00,1770958319999,XLM,1m,0.15494,0.15497,0.15501,0.15494,21118.0,33
2026-02-13 04:52:00,1770958379999,XLM,1m,0.15492,0.15493,0.15493,0.15486,1831.0,5
2026-02-13 04:53:00,1770958439999,XLM,1m,0.15495,0.15491,0.15497,0.1549,14611.0,31
2026-02-13 04:54:00,1770958499999,XLM,1m,0.15494,0.15492,0.15495,0.1549,20040.0,33
2026-02-13 04:55:00,1770958559999,XLM,1m,0.15492,0.15495,0.15495,0.15491,17914.0,29
2026-02-13 04:56:00,1770958619999,XLM,1m,0.15495,0.15492,0.15495,0.15492,7768.0,13
2026-02-13 04:57:00,1770958679999,XLM,1m,0.15492,0.15494,0.15495,0.15492,13942.0,22
2026-02-13 04:58:00,1770958739999,XLM,1m,0.15491,0.15488,0.15493,0.15487,13657.0,22
2026-02-13 04:59:00,1770958799999,XLM,1m,0.15477,0.1548,0.1548,0.15475,3011.0,6
2026-02-13 05:00:00,1770958859999,XLM,1m,0.1548,0.15488,0.1549,0.1548,12562.0,20
2026-02-13 05:01:00,1770958919999,XLM,1m,0.15488,0.15498,0.15498,0.15488,9494.0,17
2026-02-13 05:02:00,1770958979999,XLM,1m,0.15498,0.15502,0.15502,0.15498,20540.0,29
2026-02-13 05:03:00,1770959039999,XLM,1m,0.15502,0.15508,0.15515,0.15502,17493.0,28
2026-02-13 05:04:00,1770959099999,XLM,1m,0.15508,0.15502,0.1551,0.15502,25033.0,34
2026-02-13 05:05:00,1770959159999,XLM,1m,0.15501,0.15477,0.15503,0.15477,23299.0,34
2026-02-13 05:06:00,1770959219999,XLM,1m,0.15481,0.15483,0.15489,0.15481,14326.0,8
2026-02-13 05:07:00,1770959279999,XLM,1m,0.15472,0.15471,0.15472,0.15471,8465.0,7
2026-02-13 05:08:00,1770959339999,XLM,1m,0.15472,0.15472,0.15479,0.15472,18204.0,11
2026-02-13 05:09:00,1770959399999,XLM,1m,0.15478,0.15478,0.1548,0.15477,2508.0,4
2026-02-13 05:10:00,1770959459999,XLM,1m,0.15471,0.15476,0.15477,0.15471,9339.0,5
2026-02-13 05:11:00,1770959519999,XLM,1m,0.15483,0.15483,0.15483,0.15483,268.0,1
2026-02-13 05:12:00,1770959579999,XLM,1m,0.15485,0.15485,0.15485,0.15485,113.0,1
2026-02-13 05:13:00,1770959639999,XLM,1m,0.15483,0.15483,0.15483,0.15483,990.0,5
2026-02-13 05:14:00,1770959699999,XLM,1m,0.15477,0.1548,0.15481,0.15477,2135.0,4
2026-02-13 05:15:00,1770959759999,XLM,1m,0.15474,0.1547,0.15474,0.1547,1875.0,5
2026-02-13 05:16:00,1770959819999,XLM,1m,0.1547,0.1547,0.1547,0.1547,0.0,0
2026-02-13 05:17:00,1770959879999,XLM,1m,0.15491,0.15492,0.15492,0.1549,2201.0,3
2026-02-13 05:18:00,1770959939999,XLM,1m,0.15496,0.15496,0.15497,0.15496,2186.0,5
2026-02-13 05:19:00,1770959999999,XLM,1m,0.15496,0.15496,0.15496,0.15496,0.0,0
2026-02-13 05:20:00,1770960059999,XLM,1m,0.15504,0.15505,0.15505,0.15504,1926.0,3
2026-02-13 05:21:00,1770960119999,XLM,1m,0.15505,0.15505,0.15505,0.15505,0.0,0
2026-02-13 05:22:00,1770960179999,XLM,1m,0.15508,0.15508,0.15508,0.15508,110.0,1
2026-02-13 05:23:00,1770960239999,XLM,1m,0.15523,0.15523,0.15523,0.15523,98.0,1
2026-02-13 05:24:00,1770960299999,XLM,1m,0.15513,0.15509,0.15513,0.15509,2014.0,3
2026-02-13 05:25:00,1770960359999,XLM,1m,0.1552,0.1552,0.1552,0.1552,164.0,1
2026-02-13 05:26:00,1770960419999,XLM,1m,0.1552,0.1552,0.1552,0.1552,0.0,0
2026-02-13 05:27:00,1770960479999,XLM,1m,0.15494,0.15494,0.15494,0.15494,126.0,1
2026-02-13 05:28:00,1770960539999,XLM,1m,0.15504,0.15504,0.15504,0.15504,104.0,1
2026-02-13 05:29:00,1770960599999,XLM,1m,0.15501,0.15501,0.15501,0.15501,79.0,1
2026-02-13 05:30:00,1770960659999,XLM,1m,0.15533,0.15533,0.15533,0.15533,124.0,1
2026-02-13 05:31:00,1770960719999,XLM,1m,0.15542,0.15542,0.15542,0.15542,1358.0,2
2026-02-13 05:32:00,1770960779999,XLM,1m,0.1554,0.1554,0.1554,0.1554,120.0,1
2026-02-13 05:33:00,1770960839999,XLM,1m,0.15526,0.15529,0.15529,0.15526,579.0,4
2026-02-13 05:34:00,1770960899999,XLM,1m,0.1553,0.1553,0.1553,0.1553,1675.0,4
2026-02-13 05:35:00,1770960959999,XLM,1m,0.15541,0.15541,0.15541,0.15541,890.0,1
2026-02-13 05:36:00,1770961019999,XLM,1m,0.15545,0.15547,0.15547,0.15545,234.0,2
2026-02-13 05:37:00,1770961079999,XLM,1m,0.15534,0.15534,0.15534,0.15534,1520.0,1
2026-02-13 05:38:00,1770961139999,XLM,1m,0.1553,0.1553,0.1553,0.1553,568.0,3
2026-02-13 05:39:00,1770961199999,XLM,1m,0.15524,0.15526,0.15526,0.15524,9264.0,4
2026-02-13 05:40:00,1770961259999,XLM,1m,0.15525,0.15525,0.15525,0.15525,2386.0,3
2026-02-13 05:41:00,1770961319999,XLM,1m,0.15525,0.15525,0.15525,0.15525,0.0,0
2026-02-13 05:42:00,1770961379999,XLM,1m,0.1553,0.1553,0.1553,0.1553,120.0,1
2026-02-13 05:43:00,1770961439999,XLM,1m,0.15548,0.1555,0.1555,0.15548,20370.0,4
2026-02-13 05:44:00,1770961499999,XLM,1m,0.1555,0.1555,0.1555,0.1555,0.0,0
2026-02-13 05:45:00,1770961559999,XLM,1m,0.15568,0.15568,0.15568,0.15568,203.0,1
2026-02-13 05:46:00,1770961619999,XLM,1m,0.15565,0.15565,0.15565,0.15565,1571.0,1
2026-02-13 05:47:00,1770961679999,XLM,1m,0.15554,0.15554,0.15554,0.15554,102.0,1
2026-02-13 05:48:00,1770961739999,XLM,1m,0.15554,0.15554,0.15554,0.15554,0.0,0
2026-02-13 05:49:00,1770961799999,XLM,1m,0.15554,0.15554,0.15554,0.15554,0.0,0
2026-02-13 05:50:00,1770961859999,XLM,1m,0.15548,0.15548,0.15548,0.15548,99.0,1
2026-02-13 05:51:00,1770961919999,XLM,1m,0.15551,0.15551,0.15551,0.15551,2134.0,1
2026-02-13 05:52:00,1770961979999,XLM,1m,0.15552,0.15552,0.15552,0.15552,1568.0,1
2026-02-13 05:53:00,1770962039999,XLM,1m,0.15551,0.15541,0.15551,0.15541,636.0,4
2026-02-13 05:54:00,1770962099999,XLM,1m,0.15546,0.15546,0.15546,0.15546,173.0,1
2026-02-13 05:55:00,1770962159999,XLM,1m,0.15538,0.15538,0.15538,0.15538,114.0,1
2026-02-13 05:56:00,1770962219999,XLM,1m,0.15546,0.15543,0.15546,0.15541,389.0,3
2026-02-13 05:57:00,1770962279999,XLM,1m,0.15543,0.15543,0.15543,0.15543,0.0,0
2026-02-13 05:58:00,1770962339999,XLM,1m,0.15523,0.15523,0.15523,0.15523,816.0,1
2026-02-13 05:59:00,1770962399999,XLM,1m,0.15512,0.15512,0.15512,0.15512,120.0,1
2026-02-13 06:00:00,1770962459999,XLM,1m,0.15513,0.15513,0.15513,0.15513,129.0,1
2026-02-13 06:01:00,1770962519999,XLM,1m,0.15514,0.15514,0.15514,0.15514,128.0,1
2026-02-13 06:02:00,1770962579999,XLM,1m,0.15514,0.15514,0.15514,0.15514,0.0,0
2026-02-13 06:03:00,1770962639999,XLM,1m,0.15524,0.15524,0.15524,0.15524,231.0,1
2026-02-13 06:04:00,1770962699999,XLM,1m,0.1552,0.1552,0.1552,0.1552,4694.0,1
2026-02-13 06:05:00,1770962759999,XLM,1m,0.15523,0.15523,0.15523,0.15523,108.0,1
2026-02-13 06:06:00,1770962819999,XLM,1m,0.15517,0.15517,0.15517,0.15517,1282.0,4
2026-02-13 06:07:00,1770962879999,XLM,1m,0.15518,0.15523,0.15523,0.15518,402.0,2
2026-02-13 06:08:00,1770962939999,XLM,1m,0.1552,0.1552,0.1552,0.1552,98.0,1
2026-02-13 06:09:00,1770962999999,XLM,1m,0.15518,0.15518,0.15518,0.15518,84.0,1
2026-02-13 06:10:00,1770963059999,XLM,1m,0.15518,0.15518,0.15518,0.15518,0.0,0
2026-02-13 06:11:00,1770963119999,XLM,1m,0.15522,0.15526,0.15531,0.15522,606.0,5
2026-02-13 06:12:00,1770963179999,XLM,1m,0.15526,0.15526,0.15526,0.15526,0.0,0
2026-02-13 06:13:00,1770963239999,XLM,1m,0.15515,0.15515,0.15515,0.15515,180.0,1
2026-02-13 06:14:00,1770963299999,XLM,1m,0.15519,0.15519,0.15519,0.15519,276.0,1
2026-02-13 06:15:00,1770963359999,XLM,1m,0.15519,0.15519,0.15519,0.15519,0.0,0
2026-02-13 06:16:00,1770963419999,XLM,1m,0.15526,0.15534,0.15534,0.15526,315.0,2
2026-02-13 06:17:00,1770963479999,XLM,1m,0.15539,0.15539,0.15539,0.15539,115.0,1
2026-02-13 06:18:00,1770963539999,XLM,1m,0.15539,0.15539,0.15539,0.15539,0.0,0
2026-02-13 06:19:00,1770963599999,XLM,1m,0.15537,0.15541,0.15541,0.15537,240.0,2
2026-02-13 06:20:00,1770963659999,XLM,1m,0.15529,0.15529,0.15529,0.15529,118.0,1
2026-02-13 06:21:00,1770963719999,XLM,1m,0.15528,0.15528,0.15528,0.15528,121.0,1
2026-02-13 06:22:00,1770963779999,XLM,1m,0.15519,0.15519,0.15519,0.15519,168.0,1
2026-02-13 06:23:00,1770963839999,XLM,1m,0.15507,0.15471,0.15507,0.15471,344.0,3
2026-02-13 06:24:00,1770963899999,XLM,1m,0.15474,0.15474,0.15474,0.15474,123.0,1
2026-02-13 06:25:00,1770963959999,XLM,1m,0.15473,0.15473,0.15473,0.15473,117.0,1
2026-02-13 06:26:00,1770964019999,XLM,1m,0.15473,0.15473,0.15473,0.15473,0.0,0
2026-02-13 06:27:00,1770964079999,XLM,1m,0.15473,0.15473,0.15473,0.15473,0.0,0
2026-02-13 06:28:00,1770964139999,XLM,1m,0.15477,0.15475,0.15477,0.15475,336.0,2
2026-02-13 06:29:00,1770964199999,XLM,1m,0.15475,0.15475,0.15475,0.15475,0.0,0
2026-02-13 06:30:00,1770964259999,XLM,1m,0.15472,0.15476,0.15476,0.15472,356.0,2
2026-02-13 06:31:00,1770964319999,XLM,1m,0.15476,0.15476,0.15476,0.15476,0.0,0
2026-02-13 06:32:00,1770964379999,XLM,1m,0.15467,0.15454,0.15467,0.15454,373.0,3
2026-02-13 06:33:00,1770964439999,XLM,1m,0.15438,0.15439,0.15439,0.15438,204.0,2
2026-02-13 06:34:00,1770964499999,XLM,1m,0.15462,0.15462,0.15462,0.15462,208.0,2
2026-02-13 06:35:00,1770964559999,XLM,1m,0.15473,0.15473,0.15473,0.15473,400.0,1
2026-02-13 06:36:00,1770964619999,XLM,1m,0.15462,0.15462,0.15462,0.15462,2603.0,1
2026-02-13 06:37:00,1770964679999,XLM,1m,0.15485,0.15485,0.15485,0.15485,216.0,1
2026-02-13 06:38:00,1770964739999,XLM,1m,0.15485,0.15485,0.15485,0.15485,0.0,0
2026-02-13 06:39:00,1770964799999,XLM,1m,0.15472,0.15459,0.15475,0.15459,3144.0,8
2026-02-13 06:40:00,1770964859999,XLM,1m,0.15466,0.15466,0.15466,0.15466,142.0,1
2026-02-13 06:41:00,1770964919999,XLM,1m,0.15478,0.15478,0.15478,0.15478,152.0,1
2026-02-13 06:42:00,1770964979999,XLM,1m,0.15477,0.15475,0.15477,0.15475,304.0,2
2026-02-13 06:43:00,1770965039999,XLM,1m,0.15475,0.15475,0.15475,0.15475,0.0,0
2026-02-13 06:44:00,1770965099999,XLM,1m,0.15478,0.15479,0.15479,0.15478,400.0,2
2026-02-13 06:45:00,1770965159999,XLM,1m,0.15479,0.15479,0.15479,0.15479,125.0,1
2026-02-13 06:46:00,1770965219999,XLM,1m,0.15476,0.15477,0.1548,0.15476,751.0,5
2026-02-13 06:47:00,1770965279999,XLM,1m,0.15477,0.15477,0.15477,0.15477,0.0,0
2026-02-13 06:48:00,1770965339999,XLM,1m,0.15475,0.15477,0.15477,0.15475,207.0,2
2026-02-13 06:49:00,1770965399999,XLM,1m,0.15471,0.15471,0.15471,0.15471,108.0,1
2026-02-13 06:50:00,1770965459999,XLM,1m,0.15471,0.15471,0.15471,0.15471,0.0,0
2026-02-13 06:51:00,1770965519999,XLM,1m,0.15483,0.15483,0.15483,0.15483,107.0,1
2026-02-13 06:52:00,1770965579999,XLM,1m,0.15507,0.15507,0.15507,0.15507,114.0,1
2026-02-13 06:53:00,1770965639999,XLM,1m,0.15507,0.15507,0.15507,0.15507,0.0,0
2026-02-13 06:54:00,1770965699999,XLM,1m,0.15504,0.15512,0.15513,0.15504,4839.0,4
2026-02-13 06:55:00,1770965759999,XLM,1m,0.15503,0.15503,0.15503,0.15503,122.0,1
2026-02-13 06:56:00,1770965819999,XLM,1m,0.15524,0.15524,0.15524,0.15524,198.0,2
2026-02-13 06:57:00,1770965879999,XLM,1m,0.15549,0.15544,0.15549,0.15544,361.0,2
2026-02-13 06:58:00,1770965939999,XLM,1m,0.1555,0.1555,0.1555,0.1555,230.0,1
2026-02-13 06:59:00,1770965999999,XLM,1m,0.15548,0.15548,0.15548,0.15548,106.0,1
2026-02-13 07:00:00,1770966059999,XLM,1m,0.15555,0.15555,0.15555,0.15555,123.0,1
2026-02-13 07:01:00,1770966119999,XLM,1m,0.15559,0.15559,0.15559,0.15559,119.0,1
2026-02-13 07:02:00,1770966179999,XLM,1m,0.15558,0.15558,0.15558,0.15558,315.0,2
2026-02-13 07:03:00,1770966239999,XLM,1m,0.15569,0.15569,0.15569,0.15569,120.0,1
2026-02-13 07:04:00,1770966299999,XLM,1m,0.15569,0.15569,0.15569,0.15569,0.0,0
2026-02-13 07:05:00,1770966359999,XLM,1m,0.15574,0.15574,0.15574,0.15574,107.0,1
2026-02-13 07:06:00,1770966419999,XLM,1m,0.15574,0.15574,0.15574,0.15574,0.0,0
2026-02-13 07:07:00,1770966479999,XLM,1m,0.15573,0.15573,0.15573,0.15573,119.0,1
2026-02-13 07:08:00,1770966539999,XLM,1m,0.15573,0.15573,0.15573,0.15573,0.0,0
2026-02-13 07:09:00,1770966599999,XLM,1m,0.15544,0.15544,0.15544,0.15544,2417.0,2
2026-02-13 07:10:00,1770966659999,XLM,1m,0.15553,0.15552,0.15553,0.15552,207.0,2
2026-02-13 07:11:00,1770966719999,XLM,1m,0.15555,0.1559,0.1559,0.15555,16889.0,5
2026-02-13 07:12:00,1770966779999,XLM,1m,0.15623,0.15606,0.15623,0.15605,720.0,4
2026-02-13 07:13:00,1770966839999,XLM,1m,0.15614,0.15614,0.15614,0.15614,127.0,1
2026-02-13 07:14:00,1770966899999,XLM,1m,0.15608,0.15604,0.15608,0.15604,174.0,2
2026-02-13 07:15:00,1770966959999,XLM,1m,0.15612,0.15612,0.15612,0.15612,4634.0,3
2026-02-13 07:16:00,1770967019999,XLM,1m,0.1562,0.1562,0.1562,0.1562,112.0,1
2026-02-13 07:17:00,1770967079999,XLM,1m,0.1562,0.15614,0.1562,0.15614,201.0,2
2026-02-13 07:18:00,1770967139999,XLM,1m,0.1561,0.1561,0.1561,0.1561,88.0,1
2026-02-13 07:19:00,1770967199999,XLM,1m,0.15614,0.15614,0.15614,0.15614,101.0,1
2026-02-13 07:20:00,1770967259999,XLM,1m,0.15613,0.15608,0.15613,0.15608,243.0,2
2026-02-13 07:21:00,1770967319999,XLM,1m,0.15616,0.15616,0.15616,0.15616,124.0,1
2026-02-13 07:22:00,1770967379999,XLM,1m,0.15605,0.15605,0.15605,0.15605,334.0,2
2026-02-13 07:23:00,1770967439999,XLM,1m,0.15605,0.15605,0.15605,0.15605,0.0,0
2026-02-13 07:24:00,1770967499999,XLM,1m,0.15606,0.15608,0.15608,0.15605,4771.0,3
2026-02-13 07:25:00,1770967559999,XLM,1m,0.15608,0.15601,0.15608,0.15601,230.0,2
2026-02-13 07:26:00,1770967619999,XLM,1m,0.15593,0.15593,0.15593,0.15593,113.0,1
2026-02-13 07:27:00,1770967679999,XLM,1m,0.15593,0.15593,0.15593,0.15593,0.0,0
2026-02-13 07:28:00,1770967739999,XLM,1m,0.1559,0.1559,0.1559,0.1559,118.0,1
2026-02-13 07:29:00,1770967799999,XLM,1m,0.15591,0.15591,0.15591,0.15591,150.0,1
2026-02-13 07:30:00,1770967859999,XLM,1m,0.15588,0.15588,0.15588,0.15588,1488.0,1
2026-02-13 07:31:00,1770967919999,XLM,1m,0.15578,0.15578,0.15578,0.15578,126.0,1
2026-02-13 07:32:00,1770967979999,XLM,1m,0.15582,0.15579,0.15582,0.15579,436.0,2
2026-02-13 07:33:00,1770968039999,XLM,1m,0.1557,0.15571,0.15571,0.15569,358.0,3
2026-02-13 07:34:00,1770968099999,XLM,1m,0.15571,0.15571,0.15571,0.15571,0.0,0
2026-02-13 07:35:00,1770968159999,XLM,1m,0.15573,0.15576,0.15576,0.15573,10861.0,6
2026-02-13 07:36:00,1770968219999,XLM,1m,0.15571,0.15568,0.15571,0.15568,192.0,2
2026-02-13 07:37:00,1770968279999,XLM,1m,0.15553,0.15553,0.15553,0.15553,112.0,1
2026-02-13 07:38:00,1770968339999,XLM,1m,0.15549,0.15549,0.15549,0.15549,149.0,1
2026-02-13 07:39:00,1770968399999,XLM,1m,0.15548,0.15545,0.15548,0.15545,4694.0,2
2026-02-13 07:40:00,1770968459999,XLM,1m,0.15543,0.15541,0.15543,0.15541,260.0,2
2026-02-13 07:41:00,1770968519999,XLM,1m,0.1554,0.1554,0.1554,0.1554,103.0,1
2026-02-13 07:42:00,1770968579999,XLM,1m,0.1554,0.1554,0.1554,0.1554,0.0,0
2026-02-13 07:43:00,1770968639999,XLM,1m,0.1554,0.1554,0.1554,0.1554,106.0,1
2026-02-13 07:44:00,1770968699999,XLM,1m,0.15539,0.15539,0.15539,0.15539,437.0,3
2026-02-13 07:45:00,1770968759999,XLM,1m,0.15538,0.15536,0.15538,0.15536,333.0,3
2026-02-13 07:46:00,1770968819999,XLM,1m,0.15531,0.15531,0.15531,0.15531,126.0,1
2026-02-13 07:47:00,1770968879999,XLM,1m,0.15531,0.15533,0.15533,0.15531,243.0,2
2026-02-13 07:48:00,1770968939999,XLM,1m,0.15529,0.15526,0.15529,0.15526,1419.0,2
2026-02-13 07:49:00,1770968999999,XLM,1m,0.15524,0.15524,0.15524,0.15524,187.0,1
2026-02-13 07:50:00,1770969059999,XLM,1m,0.15532,0.15532,0.15532,0.15532,100.0,1
2026-02-13 07:51:00,1770969119999,XLM,1m,0.15533,0.15533,0.15533,0.15533,107.0,1
2026-02-13 07:52:00,1770969179999,XLM,1m,0.15547,0.15549,0.15549,0.15547,336.0,2
2026-02-13 07:53:00,1770969239999,XLM,1m,0.15549,0.15549,0.15549,0.15549,0.0,0
2026-02-13 07:54:00,1770969299999,XLM,1m,0.15551,0.1557,0.1557,0.15551,363.0,2
2026-02-13 07:55:00,1770969359999,XLM,1m,0.1557,0.1557,0.1557,0.1557,0.0,0
2026-02-13 07:56:00,1770969419999,XLM,1m,0.1557,0.15571,0.15571,0.1557,209.0,2
2026-02-13 07:57:00,1770969479999,XLM,1m,0.15564,0.15564,0.15564,0.15564,71.0,1
2026-02-13 07:58:00,1770969539999,XLM,1m,0.15568,0.15567,0.15568,0.15567,209.0,2
2026-02-13 07:59:00,1770969599999,XLM,1m,0.15569,0.15569,0.15569,0.15569,794.0,1
2026-02-13 08:00:00,1770969659999,XLM,1m,0.15568,0.15575,0.15575,0.15568,32719.0,9
2026-02-13 08:01:00,1770969719999,XLM,1m,0.15574,0.15569,0.15574,0.15569,28380.0,8
2026-02-13 08:02:00,1770969779999,XLM,1m,0.15564,0.15567,0.15567,0.15564,385.0,2
2026-02-13 08:03:00,1770969839999,XLM,1m,0.15574,0.15574,0.15574,0.15574,780.0,1
2026-02-13 08:04:00,1770969899999,XLM,1m,0.15585,0.15585,0.15585,0.15585,123.0,1
2026-02-13 08:05:00,1770969959999,XLM,1m,0.156,0.15601,0.15601,0.156,36385.0,10
2026-02-13 08:06:00,1770970019999,XLM,1m,0.15604,0.15604,0.15604,0.15604,116.0,1
2026-02-13 08:07:00,1770970079999,XLM,1m,0.15617,0.15636,0.15636,0.15617,1186.0,6
2026-02-13 08:08:00,1770970139999,XLM,1m,0.15627,0.15627,0.15627,0.15623,398.0,3
2026-02-13 08:09:00,1770970199999,XLM,1m,0.15621,0.15618,0.15621,0.15618,3750.0,3
2026-02-13 08:10:00,1770970259999,XLM,1m,0.15616,0.15616,0.15616,0.15616,127.0,1
2026-02-13 08:11:00,1770970319999,XLM,1m,0.15621,0.15621,0.15621,0.1562,456.0,3
2026-02-13 08:12:00,1770970379999,XLM,1m,0.15626,0.15626,0.15626,0.15626,319.0,2
2026-02-13 08:13:00,1770970439999,XLM,1m,0.1563,0.1563,0.1563,0.1563,2238.0,2
2026-02-13 08:14:00,1770970499999,XLM,1m,0.1563,0.1563,0.1563,0.1563,0.0,0
2026-02-13 08:15:00,1770970559999,XLM,1m,0.15613,0.15613,0.15613,0.15613,224.0,1
2026-02-13 08:16:00,1770970619999,XLM,1m,0.15606,0.15612,0.15612,0.15606,808.0,2
2026-02-13 08:17:00,1770970679999,XLM,1m,0.15621,0.15623,0.15629,0.15621,4460.0,4
2026-02-13 08:18:00,1770970739999,XLM,1m,0.15623,0.15623,0.15623,0.15623,0.0,0
2026-02-13 08:19:00,1770970799999,XLM,1m,0.15625,0.15634,0.15634,0.15625,1525.0,4
2026-02-13 08:20:00,1770970859999,XLM,1m,0.1564,0.15646,0.15652,0.1564,5634.0,5
2026-02-13 08:21:00,1770970919999,XLM,1m,0.15653,0.1571,0.1571,0.15653,40447.0,8
2026-02-13 08:22:00,1770970979999,XLM,1m,0.15723,0.1573,0.1573,0.15723,10288.0,2
2026-02-13 08:23:00,1770971039999,XLM,1m,0.15694,0.15694,0.15694,0.15694,10631.0,4
2026-02-13 08:24:00,1770971099999,XLM,1m,0.157,0.15697,0.15702,0.15697,4940.0,5
2026-02-13 08:25:00,1770971159999,XLM,1m,0.15701,0.15701,0.15701,0.15701,97.0,1
2026-02-13 08:26:00,1770971219999,XLM,1m,0.15716,0.15716,0.15716,0.15716,6826.0,2
2026-02-13 08:27:00,1770971279999,XLM,1m,0.1571,0.1571,0.1571,0.1571,102.0,1
2026-02-13 08:28:00,1770971339999,XLM,1m,0.15709,0.15709,0.15709,0.15709,2112.0,2
2026-02-13 08:29:00,1770971399999,XLM,1m,0.15709,0.15709,0.15709,0.15709,0.0,0
2026-02-13 08:30:00,1770971459999,XLM,1m,0.15709,0.15705,0.15709,0.15697,725.0,3
2026-02-13 08:31:00,1770971519999,XLM,1m,0.15718,0.15718,0.15718,0.15718,97.0,1
2026-02-13 08:32:00,1770971579999,XLM,1m,0.1573,0.1573,0.1573,0.1573,353.0,1
2026-02-13 08:33:00,1770971639999,XLM,1m,0.1573,0.1573,0.1573,0.1573,0.0,0
2026-02-13 08:34:00,1770971699999,XLM,1m,0.1573,0.15729,0.1573,0.15729,279.0,2
2026-02-13 08:35:00,1770971759999,XLM,1m,0.15723,0.15721,0.15723,0.15721,1384.0,2
2026-02-13 08:36:00,1770971819999,XLM,1m,0.15722,0.15722,0.15722,0.15722,109.0,1
2026-02-13 08:37:00,1770971879999,XLM,1m,0.15724,0.15736,0.15736,0.15724,7740.0,4
2026-02-13 08:38:00,1770971939999,XLM,1m,0.15725,0.15725,0.15725,0.15725,1256.0,1
2026-02-13 08:39:00,1770971999999,XLM,1m,0.15729,0.15732,0.15732,0.15729,5795.0,2
2026-02-13 08:40:00,1770972059999,XLM,1m,0.15737,0.15739,0.15739,0.15737,2838.0,2
2026-02-13 08:41:00,1770972119999,XLM,1m,0.15719,0.15719,0.15719,0.15719,118.0,1
2026-02-13 08:42:00,1770972179999,XLM,1m,0.15715,0.15715,0.15715,0.15715,194.0,1
2026-02-13 08:43:00,1770972239999,XLM,1m,0.15722,0.15726,0.15726,0.15722,350.0,3
2026-02-13 08:44:00,1770972299999,XLM,1m,0.15732,0.15732,0.15732,0.15732,1216.0,3
2026-02-13 08:45:00,1770972359999,XLM,1m,0.15735,0.15746,0.15746,0.15735,339.0,3
2026-02-13 08:46:00,1770972419999,XLM,1m,0.15734,0.15731,0.15734,0.15731,3612.0,3
2026-02-13 08:47:00,1770972479999,XLM,1m,0.15731,0.15766,0.15766,0.15729,10527.0,10
2026-02-13 08:48:00,1770972539999,XLM,1m,0.15767,0.15775,0.15775,0.15767,893.0,3
2026-02-13 08:49:00,1770972599999,XLM,1m,0.15775,0.15775,0.15775,0.15775,0.0,0
2026-02-13 08:50:00,1770972659999,XLM,1m,0.15778,0.15767,0.15778,0.15767,345.0,3
2026-02-13 08:51:00,1770972719999,XLM,1m,0.15763,0.15763,0.15763,0.15763,227.0,2
2026-02-13 08:52:00,1770972779999,XLM,1m,0.15751,0.15751,0.15751,0.15751,70.0,1
2026-02-13 08:53:00,1770972839999,XLM,1m,0.15758,0.15764,0.15764,0.15758,2120.0,2
2026-02-13 08:54:00,1770972899999,XLM,1m,0.15757,0.15761,0.15761,0.15757,18728.0,7
2026-02-13 08:55:00,1770972959999,XLM,1m,0.15762,0.15762,0.15762,0.15762,629.0,1
2026-02-13 08:56:00,1770973019999,XLM,1m,0.15751,0.15758,0.15758,0.15751,1710.0,3
2026-02-13 08:57:00,1770973079999,XLM,1m,0.15758,0.15758,0.15758,0.15758,0.0,0
2026-02-13 08:58:00,1770973139999,XLM,1m,0.15756,0.15755,0.1576,0.15753,1647.0,6
2026-02-13 08:59:00,1770973199999,XLM,1m,0.15744,0.15745,0.15752,0.15744,5476.0,9
2026-02-13 09:00:00,1770973259999,XLM,1m,0.15752,0.1575,0.15755,0.1575,22023.0,13
2026-02-13 09:01:00,1770973319999,XLM,1m,0.15743,0.15721,0.15743,0.15721,24154.0,33
2026-02-13 09:02:00,1770973379999,XLM,1m,0.15722,0.15716,0.15728,0.15716,55802.0,70
2026-02-13 09:03:00,1770973439999,XLM,1m,0.15716,0.15718,0.15718,0.15714,53258.0,63
2026-02-13 09:04:00,1770973499999,XLM,1m,0.1572,0.15705,0.15725,0.15705,57544.0,67
2026-02-13 09:05:00,1770973559999,XLM,1m,0.15704,0.15705,0.15717,0.15698,19546.0,27
2026-02-13 09:06:00,1770973619999,XLM,1m,0.15705,0.15699,0.15705,0.15697,16860.0,26
2026-02-13 09:07:00,1770973679999,XLM,1m,0.15699,0.15708,0.15716,0.15699,14693.0,23
2026-02-13 09:08:00,1770973739999,XLM,1m,0.15708,0.15698,0.15708,0.15697,10730.0,17
2026-02-13 09:09:00,1770973799999,XLM,1m,0.15698,0.15699,0.15707,0.15697,10136.0,18
2026-02-13 09:10:00,1770973859999,XLM,1m,0.157,0.15707,0.15708,0.15698,11007.0,22
2026-02-13 09:11:00,1770973919999,XLM,1m,0.15705,0.15705,0.15705,0.15698,4128.0,8
2026-02-13 09:12:00,1770973979999,XLM,1m,0.15705,0.15706,0.15712,0.15705,16268.0,22
2026-02-13 09:13:00,1770974039999,XLM,1m,0.15706,0.15668,0.15706,0.15666,14199.0,22
2026-02-13 09:14:00,1770974099999,XLM,1m,0.15678,0.15675,0.15678,0.15671,17003.0,27
2026-02-13 09:15:00,1770974159999,XLM,1m,0.15675,0.15675,0.15678,0.15674,13861.0,20
2026-02-13 09:16:00,1770974219999,XLM,1m,0.15675,0.15694,0.15708,0.15675,11173.0,14
2026-02-13 09:17:00,1770974279999,XLM,1m,0.15691,0.15687,0.15693,0.15687,11386.0,21
2026-02-13 09:18:00,1770974339999,XLM,1m,0.15687,0.15676,0.15687,0.15675,8696.0,16
2026-02-13 09:19:00,1770974399999,XLM,1m,0.15683,0.15685,0.15685,0.15683,13975.0,21
2026-02-13 09:20:00,1770974459999,XLM,1m,0.15684,0.15684,0.15684,0.15684,2981.0,7
2026-02-13 09:21:00,1770974519999,XLM,1m,0.15684,0.15684,0.15684,0.15684,0.0,0
2026-02-13 09:22:00,1770974579999,XLM,1m,0.15694,0.15688,0.15694,0.15688,232.0,2
2026-02-13 09:23:00,1770974639999,XLM,1m,0.15691,0.15688,0.15692,0.15679,7705.0,13
2026-02-13 09:24:00,1770974699999,XLM,1m,0.15688,0.157,0.15703,0.15688,9119.0,18
2026-02-13 09:25:00,1770974759999,XLM,1m,0.15698,0.15697,0.15698,0.15694,360.0,3
2026-02-13 09:26:00,1770974819999,XLM,1m,0.15697,0.15697,0.15698,0.15692,7201.0,6
2026-02-13 09:27:00,1770974879999,XLM,1m,0.15697,0.15697,0.15697,0.15697,0.0,0
2026-02-13 09:28:00,1770974939999,XLM,1m,0.157,0.157,0.157,0.157,122.0,1
2026-02-13 09:29:00,1770974999999,XLM,1m,0.15697,0.15706,0.15706,0.15696,1460.0,4
2026-02-13 09:30:00,1770975059999,XLM,1m,0.15696,0.15696,0.15696,0.15696,304.0,2
2026-02-13 09:31:00,1770975119999,XLM,1m,0.15704,0.15704,0.15708,0.15701,24899.0,25
2026-02-13 09:32:00,1770975179999,XLM,1m,0.15704,0.15697,0.15704,0.15691,22341.0,21
2026-02-13 09:33:00,1770975239999,XLM,1m,0.15693,0.15699,0.15701,0.15691,34842.0,25
2026-02-13 09:34:00,1770975299999,XLM,1m,0.15702,0.15691,0.15709,0.15691,26654.0,27
2026-02-13 09:35:00,1770975359999,XLM,1m,0.1569,0.15695,0.15695,0.15687,1595.0,6
2026-02-13 09:36:00,1770975419999,XLM,1m,0.15693,0.15695,0.15695,0.15692,4026.0,8
2026-02-13 09:37:00,1770975479999,XLM,1m,0.157,0.15684,0.157,0.15679,16631.0,21
2026-02-13 09:38:00,1770975539999,XLM,1m,0.15685,0.15671,0.15688,0.1567,18218.0,31
2026-02-13 09:39:00,1770975599999,XLM,1m,0.15675,0.15672,0.15677,0.15672,15716.0,19
2026-02-13 09:40:00,1770975659999,XLM,1m,0.15672,0.1566,0.15672,0.1566,12362.0,21
2026-02-13 09:41:00,1770975719999,XLM,1m,0.1566,0.15672,0.15672,0.1566,10875.0,17
2026-02-13 09:42:00,1770975779999,XLM,1m,0.15672,0.15677,0.15677,0.15669,9609.0,18
2026-02-13 09:43:00,1770975839999,XLM,1m,0.15677,0.15673,0.15677,0.15669,17420.0,25
2026-02-13 09:44:00,1770975899999,XLM,1m,0.15673,0.15675,0.15677,0.15671,5226.0,12
2026-02-13 09:45:00,1770975959999,XLM,1m,0.1568,0.1568,0.1568,0.1568,392.0,2
2026-02-13 09:46:00,1770976019999,XLM,1m,0.1568,0.15692,0.15695,0.1568,60539.0,24
2026-02-13 09:47:00,1770976079999,XLM,1m,0.15697,0.15691,0.15697,0.15686,38325.0,31
2026-02-13 09:48:00,1770976139999,XLM,1m,0.15696,0.15686,0.15696,0.15686,32998.0,23
2026-02-13 09:49:00,1770976199999,XLM,1m,0.15696,0.15695,0.15697,0.15693,32104.0,12
2026-02-13 09:50:00,1770976259999,XLM,1m,0.15695,0.15692,0.15695,0.15692,6403.0,4
2026-02-13 09:51:00,1770976319999,XLM,1m,0.15684,0.15696,0.15699,0.15684,23414.0,9
2026-02-13 09:52:00,1770976379999,XLM,1m,0.15693,0.15664,0.15693,0.15662,9808.0,11
2026-02-13 09:53:00,1770976439999,XLM,1m,0.1567,0.1567,0.1567,0.1567,119.0,1
2026-02-13 09:54:00,1770976499999,XLM,1m,0.15674,0.15676,0.15676,0.15674,5651.0,5
2026-02-13 09:55:00,1770976559999,XLM,1m,0.15676,0.15665,0.15676,0.15665,389.0,2
2026-02-13 09:56:00,1770976619999,XLM,1m,0.15678,0.15678,0.15678,0.15678,1365.0,1
2026-02-13 09:57:00,1770976679999,XLM,1m,0.15678,0.15678,0.15678,0.15678,0.0,0
2026-02-13 09:58:00,1770976739999,XLM,1m,0.15681,0.15681,0.15681,0.15681,113.0,1
2026-02-13 09:59:00,1770976799999,XLM,1m,0.15675,0.15671,0.15675,0.15671,200.0,2
2026-02-13 10:00:00,1770976859999,XLM,1m,0.15671,0.15671,0.15671,0.15671,0.0,0
2026-02-13 10:01:00,1770976919999,XLM,1m,0.15682,0.15674,0.15682,0.15674,1291.0,3
2026-02-13 10:02:00,1770976979999,XLM,1m,0.15674,0.15674,0.15674,0.15674,0.0,0
2026-02-13 10:03:00,1770977039999,XLM,1m,0.15674,0.15674,0.15674,0.15674,0.0,0
2026-02-13 10:04:00,1770977099999,XLM,1m,0.15671,0.1567,0.15671,0.1567,303.0,2
2026-02-13 10:05:00,1770977159999,XLM,1m,0.1567,0.1567,0.1567,0.1567,0.0,0
2026-02-13 10:06:00,1770977219999,XLM,1m,0.15671,0.1567,0.15671,0.1567,211.0,2
2026-02-13 10:07:00,1770977279999,XLM,1m,0.15675,0.15675,0.15675,0.15675,6380.0,2
2026-02-13 10:08:00,1770977339999,XLM,1m,0.15668,0.15668,0.15668,0.15668,233.0,2
2026-02-13 10:09:00,1770977399999,XLM,1m,0.15668,0.15668,0.15668,0.15668,0.0,0
2026-02-13 10:10:00,1770977459999,XLM,1m,0.15679,0.15679,0.15679,0.15679,257.0,2
2026-02-13 10:11:00,1770977519999,XLM,1m,0.15685,0.15685,0.15685,0.15685,124.0,1
2026-02-13 10:12:00,1770977579999,XLM,1m,0.15694,0.15694,0.15694,0.15694,3129.0,1
2026-02-13 10:13:00,1770977639999,XLM,1m,0.15688,0.15679,0.15688,0.15678,356.0,3
2026-02-13 10:14:00,1770977699999,XLM,1m,0.1568,0.15689,0.15689,0.1568,505.0,3
2026-02-13 10:15:00,1770977759999,XLM,1m,0.15689,0.15689,0.15689,0.15689,194.0,1
2026-02-13 10:16:00,1770977819999,XLM,1m,0.15687,0.15687,0.15687,0.15687,10315.0,2
2026-02-13 10:17:00,1770977879999,XLM,1m,0.15706,0.15706,0.15706,0.15706,131.0,1
2026-02-13 10:18:00,1770977939999,XLM,1m,0.15706,0.15706,0.15706,0.15706,0.0,0
2026-02-13 10:19:00,1770977999999,XLM,1m,0.15739,0.15739,0.15739,0.15739,1345.0,1
2026-02-13 10:20:00,1770978059999,XLM,1m,0.15739,0.15739,0.15739,0.15739,0.0,0
2026-02-13 10:21:00,1770978119999,XLM,1m,0.15727,0.15723,0.15727,0.15723,240.0,2
2026-02-13 10:22:00,1770978179999,XLM,1m,0.15724,0.15729,0.15729,0.15724,346.0,2
2026-02-13 10:23:00,1770978239999,XLM,1m,0.15725,0.15728,0.15728,0.15725,256.0,2
2026-02-13 10:24:00,1770978299999,XLM,1m,0.15728,0.15728,0.15728,0.15728,0.0,0
2026-02-13 10:25:00,1770978359999,XLM,1m,0.15728,0.15728,0.15728,0.15728,0.0,0
2026-02-13 10:26:00,1770978419999,XLM,1m,0.15733,0.15738,0.15738,0.15733,7489.0,3
2026-02-13 10:27:00,1770978479999,XLM,1m,0.15736,0.15736,0.15736,0.15736,108.0,1
2026-02-13 10:28:00,1770978539999,XLM,1m,0.15731,0.15731,0.15731,0.15731,1681.0,1
2026-02-13 10:29:00,1770978599999,XLM,1m,0.15731,0.15731,0.15731,0.15731,0.0,0
2026-02-13 10:30:00,1770978659999,XLM,1m,0.15727,0.15732,0.15732,0.15727,4228.0,2
2026-02-13 10:31:00,1770978719999,XLM,1m,0.15722,0.15722,0.15722,0.15722,123.0,1
2026-02-13 10:32:00,1770978779999,XLM,1m,0.15719,0.15719,0.15719,0.15719,126.0,1
2026-02-13 10:33:00,1770978839999,XLM,1m,0.15737,0.15739,0.15739,0.15737,317.0,3
2026-02-13 10:34:00,1770978899999,XLM,1m,0.15745,0.15745,0.15745,0.15745,120.0,1
2026-02-13 10:35:00,1770978959999,XLM,1m,0.15746,0.15746,0.15746,0.15746,116.0,1
2026-02-13 10:36:00,1770979019999,XLM,1m,0.15741,0.15741,0.15741,0.15741,7869.0,1
2026-02-13 10:37:00,1770979079999,XLM,1m,0.15738,0.15737,0.15738,0.15737,2484.0,2
2026-02-13 10:38:00,1770979139999,XLM,1m,0.15736,0.15736,0.15736,0.15736,2763.0,1
2026-02-13 10:39:00,1770979199999,XLM,1m,0.15734,0.15734,0.15737,0.15734,335.0,3
2026-02-13 10:40:00,1770979259999,XLM,1m,0.15722,0.15729,0.15729,0.15722,7013.0,3
2026-02-13 10:41:00,1770979319999,XLM,1m,0.15735,0.15735,0.15735,0.15735,333.0,2
2026-02-13 10:42:00,1770979379999,XLM,1m,0.15735,0.15735,0.15735,0.15735,0.0,0
2026-02-13 10:43:00,1770979439999,XLM,1m,0.15757,0.15764,0.15764,0.15757,622.0,4
2026-02-13 10:44:00,1770979499999,XLM,1m,0.15764,0.15764,0.15764,0.15764,0.0,0
2026-02-13 10:45:00,1770979559999,XLM,1m,0.1576,0.15762,0.15762,0.1576,225.0,2
2026-02-13 10:46:00,1770979619999,XLM,1m,0.15763,0.15763,0.15763,0.15763,1631.0,1
2026-02-13 10:47:00,1770979679999,XLM,1m,0.15772,0.15772,0.15772,0.15772,108.0,1
2026-02-13 10:48:00,1770979739999,XLM,1m,0.15766,0.15758,0.15767,0.15758,58191.0,13
2026-02-13 10:49:00,1770979799999,XLM,1m,0.15758,0.15758,0.15758,0.15758,0.0,0
2026-02-13 10:50:00,1770979859999,XLM,1m,0.1575,0.1575,0.1575,0.1575,100.0,1
2026-02-13 10:51:00,1770979919999,XLM,1m,0.1575,0.1575,0.1575,0.1575,0.0,0
2026-02-13 10:52:00,1770979979999,XLM,1m,0.15742,0.15739,0.15742,0.15737,9913.0,3
2026-02-13 10:53:00,1770980039999,XLM,1m,0.1575,0.1575,0.1575,0.1575,185.0,1
2026-02-13 10:54:00,1770980099999,XLM,1m,0.15749,0.15739,0.15749,0.15739,2184.0,2
2026-02-13 10:55:00,1770980159999,XLM,1m,0.15742,0.15736,0.15742,0.15736,1672.0,2
2026-02-13 10:56:00,1770980219999,XLM,1m,0.15736,0.15736,0.15736,0.15736,0.0,0
2026-02-13 10:57:00,1770980279999,XLM,1m,0.15741,0.15741,0.15741,0.15741,205.0,1
2026-02-13 10:58:00,1770980339999,XLM,1m,0.15742,0.15742,0.15742,0.15742,188.0,1
2026-02-13 10:59:00,1770980399999,XLM,1m,0.15733,0.15733,0.15733,0.15733,100.0,1
2026-02-13 11:00:00,1770980459999,XLM,1m,0.15733,0.1573,0.15733,0.1573,31001.0,8
2026-02-13 11:01:00,1770980519999,XLM,1m,0.15727,0.1573,0.1573,0.15727,5203.0,2
2026-02-13 11:02:00,1770980579999,XLM,1m,0.15732,0.15733,0.15733,0.15732,206.0,2
2026-02-13 11:03:00,1770980639999,XLM,1m,0.15744,0.15744,0.15744,0.15744,149.0,1
2026-02-13 11:04:00,1770980699999,XLM,1m,0.15743,0.15743,0.15743,0.15743,97.0,1
2026-02-13 11:05:00,1770980759999,XLM,1m,0.15757,0.15757,0.15757,0.15757,389.0,2
2026-02-13 11:06:00,1770980819999,XLM,1m,0.15761,0.15761,0.15761,0.15761,115.0,1
2026-02-13 11:07:00,1770980879999,XLM,1m,0.15761,0.15761,0.15761,0.15761,0.0,0
2026-02-13 11:08:00,1770980939999,XLM,1m,0.15758,0.1574,0.15758,0.1574,341.0,3
2026-02-13 11:09:00,1770980999999,XLM,1m,0.15746,0.15751,0.15751,0.15746,358.0,3
2026-02-13 11:10:00,1770981059999,XLM,1m,0.15751,0.15751,0.15751,0.15751,0.0,0
2026-02-13 11:11:00,1770981119999,XLM,1m,0.15728,0.15726,0.15728,0.15726,216.0,2
2026-02-13 11:12:00,1770981179999,XLM,1m,0.15726,0.15726,0.15726,0.15726,0.0,0
2026-02-13 11:13:00,1770981239999,XLM,1m,0.15738,0.15735,0.15738,0.15735,523.0,2
2026-02-13 11:14:00,1770981299999,XLM,1m,0.15743,0.15743,0.15743,0.15743,97.0,1
2026-02-13 11:15:00,1770981359999,XLM,1m,0.15743,0.15743,0.15743,0.15743,0.0,0
2026-02-13 11:16:00,1770981419999,XLM,1m,0.1574,0.1574,0.1574,0.1574,207.0,2
2026-02-13 11:17:00,1770981479999,XLM,1m,0.15743,0.15746,0.15746,0.15743,1631.0,3
2026-02-13 11:18:00,1770981539999,XLM,1m,0.15737,0.15737,0.15737,0.15737,1489.0,2
2026-02-13 11:19:00,1770981599999,XLM,1m,0.15737,0.15737,0.15737,0.15737,0.0,0
2026-02-13 11:20:00,1770981659999,XLM,1m,0.15752,0.15755,0.15755,0.15752,496.0,2
2026-02-13 11:21:00,1770981719999,XLM,1m,0.15748,0.15748,0.15748,0.15748,200.0,1
2026-02-13 11:22:00,1770981779999,XLM,1m,0.15742,0.15732,0.15742,0.15732,562.0,2
2026-02-13 11:23:00,1770981839999,XLM,1m,0.15744,0.15744,0.15744,0.15744,126.0,1
2026-02-13 11:24:00,1770981899999,XLM,1m,0.15723,0.15723,0.15723,0.15723,116.0,1
2026-02-13 11:25:00,1770981959999,XLM,1m,0.1573,0.1573,0.1573,0.1573,2456.0,1
2026-02-13 11:26:00,1770982019999,XLM,1m,0.15727,0.15737,0.15737,0.15727,6104.0,2
2026-02-13 11:27:00,1770982079999,XLM,1m,0.15741,0.15741,0.15741,0.15741,5069.0,1
2026-02-13 11:28:00,1770982139999,XLM,1m,0.15747,0.15751,0.15751,0.15747,245.0,2
2026-02-13 11:29:00,1770982199999,XLM,1m,0.15751,0.15751,0.15751,0.15751,0.0,0
2026-02-13 11:30:00,1770982259999,XLM,1m,0.15754,0.15754,0.15754,0.15754,337.0,2
2026-02-13 11:31:00,1770982319999,XLM,1m,0.15731,0.15723,0.15731,0.15723,308.0,2
2026-02-13 11:32:00,1770982379999,XLM,1m,0.15725,0.15725,0.15725,0.15725,8341.0,2
2026-02-13 11:33:00,1770982439999,XLM,1m,0.15725,0.15725,0.15725,0.15725,0.0,0
2026-02-13 11:34:00,1770982499999,XLM,1m,0.15705,0.15705,0.15705,0.15705,114.0,1
2026-02-13 11:35:00,1770982559999,XLM,1m,0.15721,0.15714,0.15721,0.15714,263.0,2
2026-02-13 11:36:00,1770982619999,XLM,1m,0.15715,0.15715,0.15715,0.15715,145.0,1
2026-02-13 11:37:00,1770982679999,XLM,1m,0.15715,0.15715,0.15715,0.15715,0.0,0
2026-02-13 11:38:00,1770982739999,XLM,1m,0.15705,0.1572,0.1572,0.15705,584.0,4
2026-02-13 11:39:00,1770982799999,XLM,1m,0.15725,0.15725,0.15725,0.15725,119.0,1
2026-02-13 11:40:00,1770982859999,XLM,1m,0.15727,0.1573,0.1573,0.15727,226.0,2
2026-02-13 11:41:00,1770982919999,XLM,1m,0.1573,0.1573,0.1573,0.1573,0.0,0
2026-02-13 11:42:00,1770982979999,XLM,1m,0.15764,0.15758,0.15764,0.15758,2422.0,4
2026-02-13 11:43:00,1770983039999,XLM,1m,0.15759,0.15755,0.15759,0.1575,9282.0,16
2026-02-13 11:44:00,1770983099999,XLM,1m,0.1575,0.15751,0.15751,0.15746,6295.0,13
2026-02-13 11:45:00,1770983159999,XLM,1m,0.15752,0.15738,0.15752,0.15737,6895.0,13
2026-02-13 11:46:00,1770983219999,XLM,1m,0.15754,0.15754,0.15754,0.15754,111.0,1
2026-02-13 11:47:00,1770983279999,XLM,1m,0.15754,0.15754,0.15754,0.15754,0.0,0
2026-02-13 11:48:00,1770983339999,XLM,1m,0.15746,0.15746,0.15746,0.15746,102.0,1
2026-02-13 11:49:00,1770983399999,XLM,1m,0.15746,0.15746,0.15746,0.15746,0.0,0
2026-02-13 11:50:00,1770983459999,XLM,1m,0.15742,0.15742,0.15742,0.15742,2484.0,1
2026-02-13 11:51:00,1770983519999,XLM,1m,0.15743,0.15739,0.15744,0.15739,387.0,3
2026-02-13 11:52:00,1770983579999,XLM,1m,0.1574,0.1574,0.1574,0.1574,70.0,1
2026-02-13 11:53:00,1770983639999,XLM,1m,0.15771,0.15766,0.15771,0.15766,457.0,2
2026-02-13 11:54:00,1770983699999,XLM,1m,0.15765,0.15763,0.15769,0.15763,334.0,3
2026-02-13 11:55:00,1770983759999,XLM,1m,0.15798,0.15798,0.15798,0.15798,98.0,1
2026-02-13 11:56:00,1770983819999,XLM,1m,0.15789,0.15789,0.15789,0.15789,117.0,1
2026-02-13 11:57:00,1770983879999,XLM,1m,0.15777,0.15778,0.15778,0.15777,3134.0,5
2026-02-13 11:58:00,1770983939999,XLM,1m,0.15778,0.1578,0.15781,0.15778,17762.0,28
2026-02-13 11:59:00,1770983999999,XLM,1m,0.15776,0.15775,0.15778,0.1577,13605.0,16
2026-02-13 12:00:00,1770984059999,XLM,1m,0.15788,0.15772,0.15791,0.15772,48002.0,12
2026-02-13 12:01:00,1770984119999,XLM,1m,0.15781,0.15766,0.15781,0.15766,28369.0,12
2026-02-13 12:02:00,1770984179999,XLM,1m,0.15745,0.15746,0.15746,0.15743,1517.0,3
2026-02-13 12:03:00,1770984239999,XLM,1m,0.1574,0.15744,0.15744,0.15726,9938.0,15
2026-02-13 12:04:00,1770984299999,XLM,1m,0.15734,0.15734,0.15734,0.15734,3928.0,1
2026-02-13 12:05:00,1770984359999,XLM,1m,0.15736,0.15727,0.15736,0.15727,3939.0,2
2026-02-13 12:06:00,1770984419999,XLM,1m,0.15727,0.15727,0.15727,0.15727,112.0,1
2026-02-13 12:07:00,1770984479999,XLM,1m,0.15718,0.15714,0.15718,0.15712,577.0,4
2026-02-13 12:08:00,1770984539999,XLM,1m,0.15714,0.15721,0.15722,0.15714,3308.0,3
2026-02-13 12:09:00,1770984599999,XLM,1m,0.15721,0.15721,0.15721,0.15721,0.0,0
2026-02-13 12:10:00,1770984659999,XLM,1m,0.15715,0.15715,0.15715,0.15715,118.0,1
2026-02-13 12:11:00,1770984719999,XLM,1m,0.1572,0.1572,0.1572,0.1572,12305.0,1
2026-02-13 12:12:00,1770984779999,XLM,1m,0.15712,0.15712,0.15712,0.15712,217.0,2
2026-02-13 12:13:00,1770984839999,XLM,1m,0.15721,0.15721,0.15721,0.15721,154.0,1
2026-02-13 12:14:00,1770984899999,XLM,1m,0.15709,0.15708,0.15709,0.15708,246.0,2
2026-02-13 12:15:00,1770984959999,XLM,1m,0.15702,0.15714,0.15714,0.15702,415.0,3
2026-02-13 12:16:00,1770985019999,XLM,1m,0.15709,0.15709,0.15709,0.15709,279.0,1
2026-02-13 12:17:00,1770985079999,XLM,1m,0.15714,0.15724,0.15724,0.15714,1699.0,6
2026-02-13 12:18:00,1770985139999,XLM,1m,0.15724,0.15738,0.15738,0.15724,23608.0,36
2026-02-13 12:19:00,1770985199999,XLM,1m,0.15738,0.15744,0.15746,0.15738,25206.0,35
2026-02-13 12:20:00,1770985259999,XLM,1m,0.15741,0.15746,0.15747,0.1574,20925.0,29
2026-02-13 12:21:00,1770985319999,XLM,1m,0.15746,0.15739,0.15746,0.15737,18668.0,25
2026-02-13 12:22:00,1770985379999,XLM,1m,0.15739,0.15735,0.15741,0.15735,15280.0,22
2026-02-13 12:23:00,1770985439999,XLM,1m,0.1572,0.15728,0.15732,0.1572,9607.0,9
2026-02-13 12:24:00,1770985499999,XLM,1m,0.15731,0.15723,0.15731,0.15723,11372.0,5
2026-02-13 12:25:00,1770985559999,XLM,1m,0.15721,0.15718,0.15721,0.15718,9722.0,2
2026-02-13 12:26:00,1770985619999,XLM,1m,0.15727,0.15727,0.15727,0.15727,117.0,1
2026-02-13 12:27:00,1770985679999,XLM,1m,0.15738,0.15738,0.15738,0.15738,119.0,1
2026-02-13 12:28:00,1770985739999,XLM,1m,0.15738,0.15734,0.15741,0.15734,8695.0,4
2026-02-13 12:29:00,1770985799999,XLM,1m,0.15734,0.15734,0.15734,0.15734,0.0,0
2026-02-13 12:30:00,1770985859999,XLM,1m,0.15731,0.1573,0.15731,0.1573,384.0,2
2026-02-13 12:31:00,1770985919999,XLM,1m,0.15734,0.15734,0.15734,0.15734,106.0,1
2026-02-13 12:32:00,1770985979999,XLM,1m,0.15737,0.15733,0.15737,0.1573,919.0,5
2026-02-13 12:33:00,1770986039999,XLM,1m,0.15732,0.15732,0.15735,0.15731,10110.0,18
2026-02-13 12:34:00,1770986099999,XLM,1m,0.15733,0.15723,0.15733,0.15723,3548.0,7
2026-02-13 12:35:00,1770986159999,XLM,1m,0.15717,0.15723,0.15723,0.15717,1814.0,4
2026-02-13 12:36:00,1770986219999,XLM,1m,0.15719,0.15724,0.15724,0.15712,8340.0,18
2026-02-13 12:37:00,1770986279999,XLM,1m,0.15724,0.15744,0.15744,0.15724,7642.0,19
2026-02-13 12:38:00,1770986339999,XLM,1m,0.15744,0.15739,0.15744,0.15739,7002.0,14
2026-02-13 12:39:00,1770986399999,XLM,1m,0.15739,0.15733,0.15739,0.15733,2809.0,6
2026-02-13 12:40:00,1770986459999,XLM,1m,0.15736,0.15739,0.1574,0.15736,2780.0,5
2026-02-13 12:41:00,1770986519999,XLM,1m,0.15739,0.15736,0.15739,0.15735,8221.0,13
2026-02-13 12:42:00,1770986579999,XLM,1m,0.15731,0.15716,0.15731,0.15716,5174.0,8
2026-02-13 12:43:00,1770986639999,XLM,1m,0.15715,0.15717,0.15717,0.15714,3819.0,6
2026-02-13 12:44:00,1770986699999,XLM,1m,0.15722,0.1572,0.15722,0.1572,640.0,3
2026-02-13 12:45:00,1770986759999,XLM,1m,0.15725,0.1572,0.15725,0.1572,236.0,2
2026-02-13 12:46:00,1770986819999,XLM,1m,0.15724,0.15724,0.15724,0.15724,131.0,1
2026-02-13 12:47:00,1770986879999,XLM,1m,0.15721,0.15721,0.15721,0.15721,483.0,1
2026-02-13 12:48:00,1770986939999,XLM,1m,0.15716,0.15716,0.15718,0.15716,4295.0,6
2026-02-13 12:49:00,1770986999999,XLM,1m,0.15716,0.15728,0.15728,0.15714,2007.0,6
2026-02-13 12:50:00,1770987059999,XLM,1m,0.1573,0.15732,0.15732,0.1573,12427.0,21
2026-02-13 12:51:00,1770987119999,XLM,1m,0.15733,0.15732,0.15735,0.15732,11778.0,19
2026-02-13 12:52:00,1770987179999,XLM,1m,0.15734,0.15746,0.15747,0.15732,15862.0,26
2026-02-13 12:53:00,1770987239999,XLM,1m,0.15748,0.15755,0.15755,0.15748,36910.0,32
2026-02-13 12:54:00,1770987299999,XLM,1m,0.15764,0.15765,0.15766,0.15761,13354.0,21
2026-02-13 12:55:00,1770987359999,XLM,1m,0.15766,0.15762,0.15767,0.15761,9541.0,15
2026-02-13 12:56:00,1770987419999,XLM,1m,0.15765,0.15759,0.15765,0.15759,23791.0,17
2026-02-13 12:57:00,1770987479999,XLM,1m,0.15759,0.15758,0.15759,0.15753,8577.0,12
2026-02-13 12:58:00,1770987539999,XLM,1m,0.15765,0.15757,0.15776,0.15756,26221.0,21
2026-02-13 12:59:00,1770987599999,XLM,1m,0.15759,0.1576,0.1576,0.15757,1146.0,4
2026-02-13 13:00:00,1770987659999,XLM,1m,0.1576,0.15768,0.15768,0.1576,16650.0,21
2026-02-13 13:01:00,1770987719999,XLM,1m,0.15772,0.15777,0.15784,0.15772,10459.0,16
2026-02-13 13:02:00,1770987779999,XLM,1m,0.15774,0.15785,0.15788,0.15774,14424.0,16
2026-02-13 13:03:00,1770987839999,XLM,1m,0.15791,0.15799,0.15799,0.15791,924.0,3
2026-02-13 13:04:00,1770987899999,XLM,1m,0.15798,0.15794,0.15804,0.15794,2209.0,6
2026-02-13 13:05:00,1770987959999,XLM,1m,0.1579,0.15792,0.15792,0.1579,2443.0,2
2026-02-13 13:06:00,1770988019999,XLM,1m,0.15792,0.15792,0.15792,0.15792,0.0,0
2026-02-13 13:07:00,1770988079999,XLM,1m,0.15775,0.1573,0.15776,0.1573,41113.0,25
2026-02-13 13:08:00,1770988139999,XLM,1m,0.1573,0.15728,0.15733,0.15727,3592.0,8
2026-02-13 13:09:00,1770988199999,XLM,1m,0.15731,0.1575,0.1575,0.15731,4749.0,5
2026-02-13 13:10:00,1770988259999,XLM,1m,0.1575,0.1575,0.1575,0.1575,257.0,1
2026-02-13 13:11:00,1770988319999,XLM,1m,0.15749,0.15749,0.15749,0.15749,417.0,1
2026-02-13 13:12:00,1770988379999,XLM,1m,0.15746,0.15748,0.15748,0.15746,421.0,3
2026-02-13 13:13:00,1770988439999,XLM,1m,0.15751,0.15751,0.15751,0.15751,11556.0,1
2026-02-13 13:14:00,1770988499999,XLM,1m,0.15732,0.15736,0.15736,0.15732,361.0,3
2026-02-13 13:15:00,1770988559999,XLM,1m,0.15734,0.15734,0.15734,0.15734,11165.0,1
2026-02-13 13:16:00,1770988619999,XLM,1m,0.15733,0.15733,0.15733,0.15733,8401.0,2
2026-02-13 13:17:00,1770988679999,XLM,1m,0.15736,0.1575,0.1575,0.15736,8639.0,10
2026-02-13 13:18:00,1770988739999,XLM,1m,0.15751,0.15753,0.15756,0.15749,13553.0,21
2026-02-13 13:19:00,1770988799999,XLM,1m,0.15752,0.15754,0.15756,0.15752,6864.0,11
2026-02-13 13:20:00,1770988859999,XLM,1m,0.15751,0.1575,0.15751,0.15749,6349.0,5
2026-02-13 13:21:00,1770988919999,XLM,1m,0.15755,0.15758,0.15758,0.15752,3566.0,6
2026-02-13 13:22:00,1770988979999,XLM,1m,0.15755,0.15773,0.15773,0.15755,3029.0,6
2026-02-13 13:23:00,1770989039999,XLM,1m,0.15786,0.15797,0.15798,0.15784,13886.0,20
2026-02-13 13:24:00,1770989099999,XLM,1m,0.15803,0.15805,0.15806,0.15803,2292.0,5
2026-02-13 13:25:00,1770989159999,XLM,1m,0.15814,0.15838,0.15838,0.15813,6707.0,7
2026-02-13 13:26:00,1770989219999,XLM,1m,0.15818,0.15808,0.15818,0.15804,30329.0,15
2026-02-13 13:27:00,1770989279999,XLM,1m,0.15805,0.15807,0.15807,0.15804,6855.0,12
2026-02-13 13:28:00,1770989339999,XLM,1m,0.15808,0.15804,0.15809,0.15804,26325.0,15
2026-02-13 13:29:00,1770989399999,XLM,1m,0.15804,0.15825,0.15825,0.15797,17916.0,10
2026-02-13 13:30:00,1770989459999,XLM,1m,0.15816,0.15854,0.15878,0.15816,79295.0,21
2026-02-13 13:31:00,1770989519999,XLM,1m,0.1582,0.1582,0.15832,0.15815,25284.0,21
2026-02-13 13:32:00,1770989579999,XLM,1m,0.1582,0.15784,0.15828,0.15784,47339.0,28
2026-02-13 13:33:00,1770989639999,XLM,1m,0.15787,0.15828,0.15828,0.15787,19482.0,26
2026-02-13 13:34:00,1770989699999,XLM,1m,0.15836,0.15846,0.15846,0.15828,9018.0,9
2026-02-13 13:35:00,1770989759999,XLM,1m,0.15837,0.15837,0.15837,0.15836,21652.0,5
2026-02-13 13:36:00,1770989819999,XLM,1m,0.15797,0.15802,0.15802,0.15797,203.0,2
2026-02-13 13:37:00,1770989879999,XLM,1m,0.15795,0.15795,0.15795,0.15795,4585.0,1
2026-02-13 13:38:00,1770989939999,XLM,1m,0.15788,0.15784,0.15788,0.15783,424.0,3
2026-02-13 13:39:00,1770989999999,XLM,1m,0.15774,0.15774,0.15774,0.15774,104.0,1
2026-02-13 13:40:00,1770990059999,XLM,1m,0.15778,0.15771,0.15778,0.15771,380.0,2
2026-02-13 13:41:00,1770990119999,XLM,1m,0.15779,0.15777,0.15783,0.15777,1460.0,3
2026-02-13 13:42:00,1770990179999,XLM,1m,0.15774,0.15774,0.15774,0.15774,162.0,1
2026-02-13 13:43:00,1770990239999,XLM,1m,0.15782,0.15782,0.15782,0.15782,112.0,1
2026-02-13 13:44:00,1770990299999,XLM,1m,0.15782,0.15782,0.15782,0.15782,0.0,0
2026-02-13 13:45:00,1770990359999,XLM,1m,0.15763,0.15773,0.15773,0.15763,11066.0,4
2026-02-13 13:46:00,1770990419999,XLM,1m,0.15776,0.15776,0.15776,0.15776,125.0,1
2026-02-13 13:47:00,1770990479999,XLM,1m,0.15762,0.15762,0.15762,0.15762,117.0,1
2026-02-13 13:48:00,1770990539999,XLM,1m,0.15762,0.15762,0.15762,0.15762,0.0,0
2026-02-13 13:49:00,1770990599999,XLM,1m,0.15762,0.15762,0.15762,0.15762,0.0,0
2026-02-13 13:50:00,1770990659999,XLM,1m,0.15801,0.15815,0.15815,0.15801,3009.0,4
2026-02-13 13:51:00,1770990719999,XLM,1m,0.1581,0.1581,0.1581,0.1581,1525.0,1
2026-02-13 13:52:00,1770990779999,XLM,1m,0.1582,0.15829,0.15829,0.1582,1120.0,2
2026-02-13 13:53:00,1770990839999,XLM,1m,0.15835,0.15841,0.15841,0.15835,1084.0,2
2026-02-13 13:54:00,1770990899999,XLM,1m,0.15839,0.15839,0.15839,0.15839,122.0,1
2026-02-13 13:55:00,1770990959999,XLM,1m,0.15853,0.15853,0.15853,0.15853,1971.0,1
2026-02-13 13:56:00,1770991019999,XLM,1m,0.15853,0.15848,0.15853,0.15848,6744.0,6
2026-02-13 13:57:00,1770991079999,XLM,1m,0.15848,0.15848,0.15848,0.15848,0.0,0
2026-02-13 13:58:00,1770991139999,XLM,1m,0.15844,0.15844,0.15844,0.15844,104.0,1
2026-02-13 13:59:00,1770991199999,XLM,1m,0.15843,0.15844,0.15847,0.15843,299.0,3
2026-02-13 14:00:00,1770991259999,XLM,1m,0.1584,0.15849,0.15849,0.15836,2864.0,4
2026-02-13 14:01:00,1770991319999,XLM,1m,0.15849,0.15849,0.15849,0.15849,0.0,0
2026-02-13 14:02:00,1770991379999,XLM,1m,0.15857,0.15858,0.15858,0.15857,10483.0,4
2026-02-13 14:03:00,1770991439999,XLM,1m,0.15843,0.15843,0.15843,0.15843,119.0,1
2026-02-13 14:04:00,1770991499999,XLM,1m,0.15818,0.15818,0.15818,0.15818,104.0,1
2026-02-13 14:05:00,1770991559999,XLM,1m,0.15818,0.15818,0.15818,0.15818,105.0,1
2026-02-13 14:06:00,1770991619999,XLM,1m,0.15817,0.15798,0.15817,0.15798,18304.0,4
2026-02-13 14:07:00,1770991679999,XLM,1m,0.15794,0.15794,0.15794,0.15794,1362.0,1
2026-02-13 14:08:00,1770991739999,XLM,1m,0.15783,0.15777,0.15783,0.15772,63412.0,10
2026-02-13 14:09:00,1770991799999,XLM,1m,0.15777,0.15777,0.15777,0.15777,0.0,0
2026-02-13 14:10:00,1770991859999,XLM,1m,0.15787,0.15788,0.15788,0.15787,283.0,2
2026-02-13 14:11:00,1770991919999,XLM,1m,0.15793,0.1579,0.15793,0.15782,315.0,3
2026-02-13 14:12:00,1770991979999,XLM,1m,0.15774,0.15774,0.15774,0.15774,97.0,1
2026-02-13 14:13:00,1770992039999,XLM,1m,0.15766,0.15762,0.15766,0.15762,228.0,2
2026-02-13 14:14:00,1770992099999,XLM,1m,0.15755,0.15748,0.15755,0.15748,63455.0,7
2026-02-13 14:15:00,1770992159999,XLM,1m,0.15758,0.15759,0.15759,0.15758,135.0,2
2026-02-13 14:16:00,1770992219999,XLM,1m,0.15773,0.15783,0.15783,0.15771,507.0,5
2026-02-13 14:17:00,1770992279999,XLM,1m,0.15793,0.15796,0.15796,0.15793,208.0,2
2026-02-13 14:18:00,1770992339999,XLM,1m,0.15812,0.15812,0.15812,0.15812,107.0,1
2026-02-13 14:19:00,1770992399999,XLM,1m,0.15818,0.15808,0.15818,0.15808,352.0,2
2026-02-13 14:20:00,1770992459999,XLM,1m,0.1581,0.1581,0.1581,0.1581,127.0,1
2026-02-13 14:21:00,1770992519999,XLM,1m,0.15815,0.15806,0.15815,0.15806,2789.0,3
2026-02-13 14:22:00,1770992579999,XLM,1m,0.15806,0.15806,0.15806,0.15806,0.0,0
2026-02-13 14:23:00,1770992639999,XLM,1m,0.15802,0.15798,0.15802,0.15794,683.0,5
2026-02-13 14:24:00,1770992699999,XLM,1m,0.15798,0.15798,0.15798,0.15798,0.0,0
2026-02-13 14:25:00,1770992759999,XLM,1m,0.15802,0.15802,0.15802,0.15802,377.0,2
2026-02-13 14:26:00,1770992819999,XLM,1m,0.15797,0.158,0.158,0.15797,219.0,2
2026-02-13 14:27:00,1770992879999,XLM,1m,0.15814,0.15835,0.15835,0.15807,4429.0,4
2026-02-13 14:28:00,1770992939999,XLM,1m,0.15848,0.15848,0.15848,0.15848,182.0,1
2026-02-13 14:29:00,1770992999999,XLM,1m,0.15841,0.15841,0.15841,0.15841,709.0,3
2026-02-13 14:30:00,1770993059999,XLM,1m,0.15845,0.15842,0.15848,0.15837,21591.0,6
2026-02-13 14:31:00,1770993119999,XLM,1m,0.15844,0.15853,0.15853,0.15834,19354.0,8
2026-02-13 14:32:00,1770993179999,XLM,1m,0.15858,0.15865,0.15865,0.15855,5350.0,3
2026-02-13 14:33:00,1770993239999,XLM,1m,0.15889,0.15886,0.15899,0.15886,52650.0,16
2026-02-13 14:34:00,1770993299999,XLM,1m,0.15879,0.15948,0.15951,0.15879,48962.0,12
2026-02-13 14:35:00,1770993359999,XLM,1m,0.15949,0.15949,0.15949,0.15949,109.0,1
2026-02-13 14:36:00,1770993419999,XLM,1m,0.15949,0.15949,0.15949,0.15949,0.0,0
2026-02-13 14:37:00,1770993479999,XLM,1m,0.15926,0.1593,0.1593,0.15926,284.0,2
2026-02-13 14:38:00,1770993539999,XLM,1m,0.15908,0.15946,0.15946,0.1589,18945.0,10
2026-02-13 14:39:00,1770993599999,XLM,1m,0.15946,0.15946,0.15946,0.15946,0.0,0
2026-02-13 14:40:00,1770993659999,XLM,1m,0.15891,0.15891,0.15891,0.15891,101.0,1
2026-02-13 14:41:00,1770993719999,XLM,1m,0.15822,0.15811,0.15822,0.15811,2221.0,2
2026-02-13 14:42:00,1770993779999,XLM,1m,0.15825,0.15825,0.15825,0.15825,637.0,1
2026-02-13 14:43:00,1770993839999,XLM,1m,0.15828,0.15865,0.15865,0.15828,5631.0,3
2026-02-13 14:44:00,1770993899999,XLM,1m,0.15881,0.15907,0.15907,0.15881,17095.0,9
2026-02-13 14:45:00,1770993959999,XLM,1m,0.15954,0.15954,0.15954,0.15954,11509.0,4
2026-02-13 14:46:00,1770994019999,XLM,1m,0.15995,0.15992,0.15996,0.15971,35276.0,18
2026-02-13 14:47:00,1770994079999,XLM,1m,0.15977,0.15973,0.15977,0.15961,29495.0,12
2026-02-13 14:48:00,1770994139999,XLM,1m,0.1601,0.16036,0.16036,0.1601,9409.0,6
2026-02-13 14:49:00,1770994199999,XLM,1m,0.16034,0.16026,0.16034,0.16026,2903.0,2
2026-02-13 14:50:00,1770994259999,XLM,1m,0.15965,0.15958,0.15965,0.15955,1230.0,4
2026-02-13 14:51:00,1770994319999,XLM,1m,0.15955,0.15955,0.15955,0.15955,2885.0,1
2026-02-13 14:52:00,1770994379999,XLM,1m,0.15986,0.15953,0.15986,0.15953,13363.0,6
2026-02-13 14:53:00,1770994439999,XLM,1m,0.15948,0.15942,0.15971,0.15942,5517.0,3
2026-02-13 14:54:00,1770994499999,XLM,1m,0.15941,0.15944,0.15946,0.15941,2113.0,4
2026-02-13 14:55:00,1770994559999,XLM,1m,0.15952,0.15961,0.15961,0.15952,7096.0,4
2026-02-13 14:56:00,1770994619999,XLM,1m,0.15959,0.15916,0.15959,0.15916,5586.0,5
2026-02-13 14:57:00,1770994679999,XLM,1m,0.15916,0.15916,0.15916,0.15916,0.0,0
2026-02-13 14:58:00,1770994739999,XLM,1m,0.15921,0.15921,0.15921,0.15921,2908.0,1
2026-02-13 14:59:00,1770994799999,XLM,1m,0.15943,0.15944,0.15944,0.15943,212.0,2
2026-02-13 15:00:00,1770994859999,XLM,1m,0.15957,0.15988,0.15988,0.15957,20387.0,10
2026-02-13 15:01:00,1770994919999,XLM,1m,0.15981,0.15967,0.15981,0.15967,237.0,2
2026-02-13 15:02:00,1770994979999,XLM,1m,0.16011,0.16011,0.16011,0.16011,625.0,1
2026-02-13 15:03:00,1770995039999,XLM,1m,0.15973,0.15973,0.15973,0.15973,4546.0,1
2026-02-13 15:04:00,1770995099999,XLM,1m,0.15973,0.15973,0.15973,0.15973,0.0,0
2026-02-13 15:05:00,1770995159999,XLM,1m,0.15979,0.15961,0.15979,0.15961,4607.0,2
2026-02-13 15:06:00,1770995219999,XLM,1m,0.1597,0.1597,0.1597,0.1597,114.0,1
2026-02-13 15:07:00,1770995279999,XLM,1m,0.15988,0.15947,0.15988,0.15947,1298.0,2
2026-02-13 15:08:00,1770995339999,XLM,1m,0.15966,0.1598,0.15984,0.15966,4469.0,5
2026-02-13 15:09:00,1770995399999,XLM,1m,0.16026,0.16053,0.16054,0.16026,10585.0,6
2026-02-13 15:10:00,1770995459999,XLM,1m,0.16059,0.16077,0.16077,0.16059,11133.0,4
2026-02-13 15:11:00,1770995519999,XLM,1m,0.16086,0.1609,0.1609,0.16086,10085.0,5
2026-02-13 15:12:00,1770995579999,XLM,1m,0.16113,0.16103,0.1613,0.16103,48210.0,13
2026-02-13 15:13:00,1770995639999,XLM,1m,0.16107,0.16113,0.1613,0.16107,9201.0,6
2026-02-13 15:14:00,1770995699999,XLM,1m,0.16114,0.16103,0.16114,0.16103,4068.0,6
2026-02-13 15:15:00,1770995759999,XLM,1m,0.16099,0.16161,0.16161,0.16097,46612.0,20
2026-02-13 15:16:00,1770995819999,XLM,1m,0.16165,0.16145,0.16172,0.16145,13946.0,6
2026-02-13 15:17:00,1770995879999,XLM,1m,0.16144,0.16131,0.16144,0.16131,723.0,2
2026-02-13 15:18:00,1770995939999,XLM,1m,0.16131,0.16131,0.16131,0.16131,172.0,1
2026-02-13 15:19:00,1770995999999,XLM,1m,0.16101,0.16092,0.16101,0.16092,23549.0,7
2026-02-13 15:20:00,1770996059999,XLM,1m,0.16091,0.16116,0.16116,0.16091,6491.0,3
2026-02-13 15:21:00,1770996119999,XLM,1m,0.16102,0.16085,0.16102,0.16085,472.0,2
2026-02-13 15:22:00,1770996179999,XLM,1m,0.16095,0.16095,0.16095,0.16095,622.0,1
2026-02-13 15:23:00,1770996239999,XLM,1m,0.16105,0.16109,0.16109,0.16102,5672.0,5
2026-02-13 15:24:00,1770996299999,XLM,1m,0.16109,0.16109,0.16109,0.16109,0.0,0
2026-02-13 15:25:00,1770996359999,XLM,1m,0.16164,0.16164,0.16164,0.16164,93.0,1
2026-02-13 15:26:00,1770996419999,XLM,1m,0.16187,0.16237,0.16237,0.16187,17444.0,7
2026-02-13 15:27:00,1770996479999,XLM,1m,0.16239,0.16235,0.16253,0.16235,32143.0,10
2026-02-13 15:28:00,1770996539999,XLM,1m,0.16236,0.16236,0.16236,0.16236,106.0,1
2026-02-13 15:29:00,1770996599999,XLM,1m,0.16255,0.16255,0.16255,0.16255,4576.0,1
2026-02-13 15:30:00,1770996659999,XLM,1m,0.1627,0.16286,0.16286,0.1627,51285.0,12
2026-02-13 15:31:00,1770996719999,XLM,1m,0.16289,0.16289,0.16289,0.16289,3999.0,1
2026-02-13 15:32:00,1770996779999,XLM,1m,0.16298,0.16324,0.16324,0.16298,10263.0,3
2026-02-13 15:33:00,1770996839999,XLM,1m,0.16332,0.16329,0.16334,0.16329,18951.0,7
2026-02-13 15:34:00,1770996899999,XLM,1m,0.16328,0.16307,0.16328,0.16307,39360.0,12
2026-02-13 15:35:00,1770996959999,XLM,1m,0.16301,0.16295,0.16301,0.16282,25664.0,5
2026-02-13 15:36:00,1770997019999,XLM,1m,0.16305,0.16305,0.16305,0.16305,1714.0,2
2026-02-13 15:37:00,1770997079999,XLM,1m,0.16311,0.16311,0.16311,0.16311,10034.0,2
2026-02-13 15:38:00,1770997139999,XLM,1m,0.16291,0.16249,0.16292,0.16249,26240.0,5
2026-02-13 15:39:00,1770997199999,XLM,1m,0.16249,0.16255,0.16261,0.16249,15343.0,6
2026-02-13 15:40:00,1770997259999,XLM,1m,0.16255,0.16244,0.16257,0.16244,78148.0,16
2026-02-13 15:41:00,1770997319999,XLM,1m,0.16244,0.16244,0.16244,0.16244,0.0,0
2026-02-13 15:42:00,1770997379999,XLM,1m,0.16244,0.16235,0.16244,0.16231,7083.0,4
2026-02-13 15:43:00,1770997439999,XLM,1m,0.16221,0.16218,0.16226,0.16218,8705.0,3
2026-02-13 15:44:00,1770997499999,XLM,1m,0.16218,0.16218,0.16218,0.16218,0.0,0
2026-02-13 15:45:00,1770997559999,XLM,1m,0.16221,0.16181,0.16221,0.16181,14970.0,4
2026-02-13 15:46:00,1770997619999,XLM,1m,0.16185,0.16187,0.16197,0.16185,15771.0,5
2026-02-13 15:47:00,1770997679999,XLM,1m,0.1616,0.1616,0.1616,0.1616,4541.0,1
2026-02-13 15:48:00,1770997739999,XLM,1m,0.16152,0.16174,0.16174,0.16152,5754.0,2
2026-02-13 15:49:00,1770997799999,XLM,1m,0.16169,0.16144,0.16169,0.16144,8762.0,2
2026-02-13 15:50:00,1770997859999,XLM,1m,0.16144,0.16144,0.16144,0.16144,0.0,0
2026-02-13 15:51:00,1770997919999,XLM,1m,0.16168,0.16168,0.16168,0.16168,106.0,1
2026-02-13 15:52:00,1770997979999,XLM,1m,0.16161,0.16161,0.16161,0.16161,109.0,1
2026-02-13 15:53:00,1770998039999,XLM,1m,0.16155,0.16143,0.16155,0.16143,13683.0,3
2026-02-13 15:54:00,1770998099999,XLM,1m,0.16143,0.16143,0.16143,0.16143,0.0,0
2026-02-13 15:55:00,1770998159999,XLM,1m,0.16154,0.16168,0.16168,0.16154,5002.0,2
2026-02-13 15:56:00,1770998219999,XLM,1m,0.16168,0.16168,0.16168,0.16168,0.0,0
2026-02-13 15:57:00,1770998279999,XLM,1m,0.16141,0.16161,0.16161,0.16141,4400.0,5
2026-02-13 15:58:00,1770998339999,XLM,1m,0.16163,0.16167,0.16167,0.16163,319.0,2
2026-02-13 15:59:00,1770998399999,XLM,1m,0.1617,0.16178,0.16178,0.1617,6127.0,2
2026-02-13 16:00:00,1770998459999,XLM,1m,0.16185,0.16196,0.16196,0.16174,23343.0,8
2026-02-13 16:01:00,1770998519999,XLM,1m,0.16165,0.1614,0.16165,0.1614,27158.0,7
2026-02-13 16:02:00,1770998579999,XLM,1m,0.16167,0.16152,0.16167,0.16152,1379.0,5
2026-02-13 16:03:00,1770998639999,XLM,1m,0.16136,0.16113,0.16136,0.16113,20589.0,5
2026-02-13 16:04:00,1770998699999,XLM,1m,0.16147,0.16136,0.16152,0.16136,21379.0,8
2026-02-13 16:05:00,1770998759999,XLM,1m,0.16149,0.16199,0.16199,0.16149,17891.0,5
2026-02-13 16:06:00,1770998819999,XLM,1m,0.16215,0.16217,0.1622,0.16215,14886.0,6
2026-02-13 16:07:00,1770998879999,XLM,1m,0.16248,0.16267,0.16267,0.16247,39718.0,10
2026-02-13 16:08:00,1770998939999,XLM,1m,0.16265,0.16291,0.16294,0.16265,4023.0,6
2026-02-13 16:09:00,1770998999999,XLM,1m,0.163,0.16297,0.163,0.16286,5767.0,7
2026-02-13 16:10:00,1770999059999,XLM,1m,0.16282,0.16265,0.16282,0.16263,3434.0,3
2026-02-13 16:11:00,1770999119999,XLM,1m,0.1628,0.1628,0.1628,0.1628,1206.0,1
2026-02-13 16:12:00,1770999179999,XLM,1m,0.16289,0.16275,0.16291,0.16275,7433.0,5
2026-02-13 16:13:00,1770999239999,XLM,1m,0.16298,0.16298,0.16298,0.16298,1316.0,2
2026-02-13 16:14:00,1770999299999,XLM,1m,0.16316,0.16316,0.16316,0.16316,248.0,1
2026-02-13 16:15:00,1770999359999,XLM,1m,0.16328,0.16346,0.16346,0.16328,5555.0,3
2026-02-13 16:16:00,1770999419999,XLM,1m,0.16357,0.16347,0.16359,0.16347,7558.0,4
2026-02-13 16:17:00,1770999479999,XLM,1m,0.16365,0.16391,0.16391,0.16365,7841.0,4
2026-02-13 16:18:00,1770999539999,XLM,1m,0.16419,0.16419,0.16419,0.16419,1619.0,2
2026-02-13 16:19:00,1770999599999,XLM,1m,0.16416,0.16436,0.16439,0.16416,4142.0,3
2026-02-13 16:20:00,1770999659999,XLM,1m,0.16437,0.16417,0.16442,0.16417,7535.0,7
2026-02-13 16:21:00,1770999719999,XLM,1m,0.16429,0.16429,0.16429,0.16429,207.0,1
2026-02-13 16:22:00,1770999779999,XLM,1m,0.16426,0.1643,0.1643,0.16426,1202.0,2
2026-02-13 16:23:00,1770999839999,XLM,1m,0.16439,0.16432,0.16439,0.16432,616.0,2
2026-02-13 16:24:00,1770999899999,XLM,1m,0.16447,0.16441,0.16447,0.16441,312.0,2
2026-02-13 16:25:00,1770999959999,XLM,1m,0.16449,0.16449,0.16449,0.16449,645.0,2
2026-02-13 16:26:00,1771000019999,XLM,1m,0.16459,0.16459,0.16459,0.16459,6638.0,4
2026-02-13 16:27:00,1771000079999,XLM,1m,0.16475,0.16504,0.16504,0.16475,183.0,2
2026-02-13 16:28:00,1771000139999,XLM,1m,0.16491,0.16485,0.16491,0.16485,6410.0,5
2026-02-13 16:29:00,1771000199999,XLM,1m,0.16481,0.16496,0.16496,0.16475,350.0,3
2026-02-13 16:30:00,1771000259999,XLM,1m,0.16496,0.16496,0.16496,0.16496,0.0,0
2026-02-13 16:31:00,1771000319999,XLM,1m,0.16505,0.16498,0.16517,0.16498,53428.0,14
2026-02-13 16:32:00,1771000379999,XLM,1m,0.16514,0.16547,0.16547,0.16514,34923.0,20
2026-02-13 16:33:00,1771000439999,XLM,1m,0.16567,0.1655,0.16574,0.1655,55254.0,17
2026-02-13 16:34:00,1771000499999,XLM,1m,0.16511,0.16456,0.16511,0.16456,19864.0,9
2026-02-13 16:35:00,1771000559999,XLM,1m,0.16488,0.16512,0.16512,0.16488,5449.0,5
2026-02-13 16:36:00,1771000619999,XLM,1m,0.16503,0.16503,0.16503,0.16503,67.0,1
2026-02-13 16:37:00,1771000679999,XLM,1m,0.1652,0.1652,0.1652,0.1652,2622.0,1
2026-02-13 16:38:00,1771000739999,XLM,1m,0.16552,0.16541,0.16553,0.16541,2512.0,4
2026-02-13 16:39:00,1771000799999,XLM,1m,0.16541,0.16541,0.16541,0.16541,0.0,0
2026-02-13 16:40:00,1771000859999,XLM,1m,0.16499,0.16502,0.16502,0.16499,572.0,2
2026-02-13 16:41:00,1771000919999,XLM,1m,0.16506,0.16509,0.16509,0.16506,2507.0,2
2026-02-13 16:42:00,1771000979999,XLM,1m,0.16502,0.16507,0.16507,0.16502,6907.0,3
2026-02-13 16:43:00,1771001039999,XLM,1m,0.16558,0.16558,0.16558,0.16558,99.0,1
2026-02-13 16:44:00,1771001099999,XLM,1m,0.16558,0.16558,0.16558,0.16558,96.0,1
2026-02-13 16:45:00,1771001159999,XLM,1m,0.16555,0.16555,0.16555,0.16555,356.0,2
2026-02-13 16:46:00,1771001219999,XLM,1m,0.16554,0.16554,0.16554,0.16554,110.0,1
2026-02-13 16:47:00,1771001279999,XLM,1m,0.16553,0.16556,0.16556,0.1655,927.0,4
2026-02-13 16:48:00,1771001339999,XLM,1m,0.16543,0.16539,0.16543,0.16539,252.0,2
2026-02-13 16:49:00,1771001399999,XLM,1m,0.16539,0.16539,0.16539,0.16539,0.0,0
2026-02-13 16:50:00,1771001459999,XLM,1m,0.16538,0.16538,0.16538,0.16538,223.0,1
2026-02-13 16:51:00,1771001519999,XLM,1m,0.16545,0.16545,0.16545,0.16545,1800.0,1
2026-02-13 16:52:00,1771001579999,XLM,1m,0.16552,0.16551,0.16552,0.16551,3973.0,2
2026-02-13 16:53:00,1771001639999,XLM,1m,0.1655,0.16561,0.16561,0.1655,203.0,2
2026-02-13 16:54:00,1771001699999,XLM,1m,0.16561,0.16561,0.16561,0.16561,167.0,1
2026-02-13 16:55:00,1771001759999,XLM,1m,0.16561,0.16558,0.16561,0.16558,272.0,2
2026-02-13 16:56:00,1771001819999,XLM,1m,0.16574,0.16582,0.16582,0.16574,12390.0,4
2026-02-13 16:57:00,1771001879999,XLM,1m,0.16556,0.16537,0.16556,0.16537,594.0,4
2026-02-13 16:58:00,1771001939999,XLM,1m,0.16531,0.16521,0.16531,0.16521,3022.0,5
2026-02-13 16:59:00,1771001999999,XLM,1m,0.16521,0.16521,0.16521,0.16521,0.0,0
2026-02-13 17:00:00,1771002059999,XLM,1m,0.16523,0.16474,0.16525,0.16474,19102.0,19
2026-02-13 17:01:00,1771002119999,XLM,1m,0.16476,0.16474,0.16506,0.16474,10146.0,13
2026-02-13 17:02:00,1771002179999,XLM,1m,0.16492,0.1647,0.16492,0.1647,2722.0,2
2026-02-13 17:03:00,1771002239999,XLM,1m,0.16475,0.1647,0.16475,0.1647,2230.0,2
2026-02-13 17:04:00,1771002299999,XLM,1m,0.16463,0.16458,0.16463,0.1645,1510.0,5
2026-02-13 17:05:00,1771002359999,XLM,1m,0.16443,0.16462,0.16462,0.16443,3537.0,4
2026-02-13 17:06:00,1771002419999,XLM,1m,0.16463,0.16467,0.16467,0.16463,744.0,3
2026-02-13 17:07:00,1771002479999,XLM,1m,0.16467,0.16467,0.16467,0.16467,0.0,0
2026-02-13 17:08:00,1771002539999,XLM,1m,0.16467,0.16466,0.16467,0.16466,209.0,2
2026-02-13 17:09:00,1771002599999,XLM,1m,0.16488,0.16484,0.16488,0.16484,136.0,2
2026-02-13 17:10:00,1771002659999,XLM,1m,0.16487,0.16487,0.16487,0.16487,109.0,1
2026-02-13 17:11:00,1771002719999,XLM,1m,0.1649,0.1649,0.1649,0.1649,422.0,2
2026-02-13 17:12:00,1771002779999,XLM,1m,0.16491,0.1649,0.16491,0.1649,210.0,2
2026-02-13 17:13:00,1771002839999,XLM,1m,0.16503,0.16534,0.16534,0.16503,6626.0,4
2026-02-13 17:14:00,1771002899999,XLM,1m,0.16585,0.16585,0.16585,0.16585,112.0,1
2026-02-13 17:15:00,1771002959999,XLM,1m,0.16586,0.16583,0.16586,0.16583,1578.0,2
2026-02-13 17:16:00,1771003019999,XLM,1m,0.16588,0.16651,0.16651,0.16588,53175.0,13
2026-02-13 17:17:00,1771003079999,XLM,1m,0.1665,0.16627,0.1665,0.16612,7166.0,4
2026-02-13 17:18:00,1771003139999,XLM,1m,0.16607,0.16575,0.16608,0.16575,44926.0,10
2026-02-13 17:19:00,1771003199999,XLM,1m,0.16601,0.16609,0.16609,0.16601,3937.0,2
2026-02-13 17:20:00,1771003259999,XLM,1m,0.16618,0.16618,0.16618,0.16618,2074.0,1
2026-02-13 17:21:00,1771003319999,XLM,1m,0.16618,0.16618,0.16618,0.16618,0.0,0
2026-02-13 17:22:00,1771003379999,XLM,1m,0.16634,0.16622,0.16634,0.16622,15594.0,3
2026-02-13 17:23:00,1771003439999,XLM,1m,0.16637,0.16627,0.16637,0.16622,12357.0,3
2026-02-13 17:24:00,1771003499999,XLM,1m,0.16619,0.16619,0.16619,0.16619,5504.0,3
2026-02-13 17:25:00,1771003559999,XLM,1m,0.16612,0.16612,0.16612,0.16612,103.0,1
2026-02-13 17:26:00,1771003619999,XLM,1m,0.16617,0.16593,0.16617,0.16593,50167.0,10
2026-02-13 17:27:00,1771003679999,XLM,1m,0.16593,0.16593,0.16593,0.16593,0.0,0
2026-02-13 17:28:00,1771003739999,XLM,1m,0.16629,0.16629,0.16629,0.16629,103.0,1
2026-02-13 17:29:00,1771003799999,XLM,1m,0.16624,0.16624,0.16624,0.16624,111.0,1
2026-02-13 17:30:00,1771003859999,XLM,1m,0.16591,0.16598,0.16598,0.16591,744.0,2
2026-02-13 17:31:00,1771003919999,XLM,1m,0.1661,0.1661,0.1661,0.1661,104.0,1
2026-02-13 17:32:00,1771003979999,XLM,1m,0.16612,0.16612,0.16612,0.16612,103.0,1
2026-02-13 17:33:00,1771004039999,XLM,1m,0.16609,0.16613,0.16613,0.16609,170.0,2
2026-02-13 17:34:00,1771004099999,XLM,1m,0.16621,0.16621,0.16621,0.16621,118.0,1
2026-02-13 17:35:00,1771004159999,XLM,1m,0.16621,0.16621,0.16621,0.16621,0.0,0
2026-02-13 17:36:00,1771004219999,XLM,1m,0.16612,0.16609,0.16612,0.16609,229.0,2
2026-02-13 17:37:00,1771004279999,XLM,1m,0.16607,0.16607,0.16607,0.16607,171.0,1
2026-02-13 17:38:00,1771004339999,XLM,1m,0.1661,0.1661,0.1661,0.1661,113.0,1
2026-02-13 17:39:00,1771004399999,XLM,1m,0.16597,0.16606,0.16606,0.16597,12077.0,2
2026-02-13 17:40:00,1771004459999,XLM,1m,0.16611,0.16611,0.16611,0.16611,120.0,1
2026-02-13 17:41:00,1771004519999,XLM,1m,0.16609,0.16612,0.16612,0.16609,351.0,2
2026-02-13 17:42:00,1771004579999,XLM,1m,0.16614,0.16619,0.16619,0.16614,1491.0,2
2026-02-13 17:43:00,1771004639999,XLM,1m,0.16619,0.16619,0.16619,0.16619,0.0,0
2026-02-13 17:44:00,1771004699999,XLM,1m,0.16621,0.16609,0.16621,0.16609,3836.0,4
2026-02-13 17:45:00,1771004759999,XLM,1m,0.16609,0.16609,0.16609,0.16609,0.0,0
2026-02-13 17:46:00,1771004819999,XLM,1m,0.16611,0.16616,0.16616,0.1661,419.0,4
2026-02-13 17:47:00,1771004879999,XLM,1m,0.16605,0.16605,0.16605,0.16605,880.0,1
2026-02-13 17:48:00,1771004939999,XLM,1m,0.16568,0.16568,0.16568,0.16568,4552.0,1
2026-02-13 17:49:00,1771004999999,XLM,1m,0.16568,0.16568,0.16568,0.16568,0.0,0
2026-02-13 17:50:00,1771005059999,XLM,1m,0.16544,0.16544,0.16544,0.16544,110.0,1
2026-02-13 17:51:00,1771005119999,XLM,1m,0.16543,0.16545,0.16545,0.16543,334.0,2
2026-02-13 17:52:00,1771005179999,XLM,1m,0.16531,0.16531,0.16531,0.16531,784.0,1
2026-02-13 17:53:00,1771005239999,XLM,1m,0.16542,0.16542,0.16542,0.16542,93.0,1
2026-02-13 17:54:00,1771005299999,XLM,1m,0.16526,0.16526,0.16526,0.16526,101.0,1
2026-02-13 17:55:00,1771005359999,XLM,1m,0.16533,0.16533,0.16533,0.16533,107.0,1
2026-02-13 17:56:00,1771005419999,XLM,1m,0.16533,0.16533,0.16533,0.16533,0.0,0
2026-02-13 17:57:00,1771005479999,XLM,1m,0.16533,0.16533,0.16533,0.16533,0.0,0
2026-02-13 17:58:00,1771005539999,XLM,1m,0.16536,0.16536,0.16536,0.16536,108.0,1
2026-02-13 17:59:00,1771005599999,XLM,1m,0.16535,0.16535,0.16535,0.16535,93.0,1
2026-02-13 18:00:00,1771005659999,XLM,1m,0.16524,0.16541,0.16542,0.16524,15767.0,8
2026-02-13 18:01:00,1771005719999,XLM,1m,0.16529,0.16507,0.16529,0.16507,10290.0,4
2026-02-13 18:02:00,1771005779999,XLM,1m,0.16499,0.16499,0.16499,0.16499,6740.0,2
2026-02-13 18:03:00,1771005839999,XLM,1m,0.16512,0.16517,0.16517,0.16512,205.0,2
2026-02-13 18:04:00,1771005899999,XLM,1m,0.1652,0.1652,0.1652,0.1652,3524.0,1
2026-02-13 18:05:00,1771005959999,XLM,1m,0.16517,0.16499,0.16517,0.16499,10085.0,3
2026-02-13 18:06:00,1771006019999,XLM,1m,0.16506,0.1651,0.1651,0.16506,365.0,2
2026-02-13 18:07:00,1771006079999,XLM,1m,0.16511,0.16511,0.16511,0.16511,176.0,2
2026-02-13 18:08:00,1771006139999,XLM,1m,0.16515,0.16515,0.16515,0.16515,112.0,1
2026-02-13 18:09:00,1771006199999,XLM,1m,0.16515,0.16515,0.16515,0.16515,0.0,0
2026-02-13 18:10:00,1771006259999,XLM,1m,0.16534,0.16534,0.16534,0.16534,417.0,1
2026-02-13 18:11:00,1771006319999,XLM,1m,0.16546,0.1654,0.16546,0.1654,273.0,3
2026-02-13 18:12:00,1771006379999,XLM,1m,0.16547,0.16547,0.16547,0.16547,1689.0,1
2026-02-13 18:13:00,1771006439999,XLM,1m,0.16514,0.16525,0.16525,0.16513,686.0,5
2026-02-13 18:14:00,1771006499999,XLM,1m,0.16521,0.16501,0.16521,0.16501,2863.0,5
2026-02-13 18:15:00,1771006559999,XLM,1m,0.16501,0.16501,0.16501,0.16501,0.0,0
2026-02-13 18:16:00,1771006619999,XLM,1m,0.16498,0.16498,0.16498,0.16491,3363.0,3
2026-02-13 18:17:00,1771006679999,XLM,1m,0.16488,0.16485,0.16488,0.16485,7446.0,4
2026-02-13 18:18:00,1771006739999,XLM,1m,0.16481,0.16478,0.16481,0.16478,41159.0,11
2026-02-13 18:19:00,1771006799999,XLM,1m,0.16433,0.16429,0.16433,0.16429,2786.0,2
2026-02-13 18:20:00,1771006859999,XLM,1m,0.16431,0.16431,0.16431,0.16431,272.0,1
2026-02-13 18:21:00,1771006919999,XLM,1m,0.16427,0.16427,0.16427,0.16427,98.0,1
2026-02-13 18:22:00,1771006979999,XLM,1m,0.16413,0.16413,0.16413,0.16413,109.0,1
2026-02-13 18:23:00,1771007039999,XLM,1m,0.16413,0.16413,0.16413,0.16413,0.0,0
2026-02-13 18:24:00,1771007099999,XLM,1m,0.16405,0.16396,0.16411,0.16396,288.0,3
2026-02-13 18:25:00,1771007159999,XLM,1m,0.16395,0.16395,0.16395,0.16395,381.0,1
2026-02-13 18:26:00,1771007219999,XLM,1m,0.16384,0.16391,0.16391,0.16384,310.0,3
2026-02-13 18:27:00,1771007279999,XLM,1m,0.16391,0.1638,0.16391,0.1638,330.0,2
2026-02-13 18:28:00,1771007339999,XLM,1m,0.16366,0.16366,0.16366,0.16366,1221.0,1
2026-02-13 18:29:00,1771007399999,XLM,1m,0.16374,0.16353,0.16374,0.16353,358.0,3
2026-02-13 18:30:00,1771007459999,XLM,1m,0.16347,0.16347,0.16347,0.16347,95.0,1
2026-02-13 18:31:00,1771007519999,XLM,1m,0.16338,0.16338,0.16338,0.16338,245.0,1
2026-02-13 18:32:00,1771007579999,XLM,1m,0.16341,0.16341,0.16341,0.16341,104.0,1
2026-02-13 18:33:00,1771007639999,XLM,1m,0.16368,0.16368,0.16368,0.16368,73.0,1
2026-02-13 18:34:00,1771007699999,XLM,1m,0.16402,0.16412,0.16412,0.16402,847.0,2
2026-02-13 18:35:00,1771007759999,XLM,1m,0.16406,0.1639,0.16408,0.1639,1075.0,3
2026-02-13 18:36:00,1771007819999,XLM,1m,0.1641,0.16416,0.16416,0.1641,6720.0,4
2026-02-13 18:37:00,1771007879999,XLM,1m,0.16409,0.16396,0.16409,0.16396,349.0,2
2026-02-13 18:38:00,1771007939999,XLM,1m,0.16396,0.16396,0.16396,0.16396,0.0,0
2026-02-13 18:39:00,1771007999999,XLM,1m,0.16405,0.164,0.16405,0.164,2308.0,2
2026-02-13 18:40:00,1771008059999,XLM,1m,0.16391,0.16396,0.16396,0.16391,205.0,2
2026-02-13 18:41:00,1771008119999,XLM,1m,0.16389,0.16389,0.16389,0.16389,1200.0,1
2026-02-13 18:42:00,1771008179999,XLM,1m,0.16392,0.16391,0.16397,0.16391,474.0,3
2026-02-13 18:43:00,1771008239999,XLM,1m,0.16379,0.16418,0.16418,0.16379,4615.0,5
2026-02-13 18:44:00,1771008299999,XLM,1m,0.1641,0.1641,0.16418,0.16409,47376.0,10
2026-02-13 18:45:00,1771008359999,XLM,1m,0.16418,0.16412,0.16418,0.16412,2412.0,3
2026-02-13 18:46:00,1771008419999,XLM,1m,0.16416,0.16424,0.16424,0.16416,5304.0,3
2026-02-13 18:47:00,1771008479999,XLM,1m,0.16439,0.16442,0.16442,0.16439,19578.0,4
2026-02-13 18:48:00,1771008539999,XLM,1m,0.16441,0.16428,0.16441,0.16428,11179.0,6
2026-02-13 18:49:00,1771008599999,XLM,1m,0.16422,0.16422,0.16422,0.16422,9715.0,2
2026-02-13 18:50:00,1771008659999,XLM,1m,0.1642,0.16434,0.16434,0.16418,6325.0,4
2026-02-13 18:51:00,1771008719999,XLM,1m,0.16451,0.16454,0.16454,0.16451,20123.0,5
2026-02-13 18:52:00,1771008779999,XLM,1m,0.16454,0.16454,0.16454,0.16454,0.0,0
2026-02-13 18:53:00,1771008839999,XLM,1m,0.16434,0.16434,0.16434,0.16434,525.0,1
2026-02-13 18:54:00,1771008899999,XLM,1m,0.16455,0.16455,0.16455,0.16455,117.0,1
2026-02-13 18:55:00,1771008959999,XLM,1m,0.16428,0.16428,0.16428,0.16428,2.0,1
2026-02-13 18:56:00,1771009019999,XLM,1m,0.16428,0.16428,0.16428,0.16428,0.0,0
2026-02-13 18:57:00,1771009079999,XLM,1m,0.16429,0.16436,0.16436,0.16429,5003.0,7
2026-02-13 18:58:00,1771009139999,XLM,1m,0.16429,0.16428,0.16429,0.16428,196.0,2
2026-02-13 18:59:00,1771009199999,XLM,1m,0.16438,0.16438,0.16438,0.16438,193.0,1
2026-02-13 19:00:00,1771009259999,XLM,1m,0.16444,0.16444,0.16444,0.1644,16324.0,7
2026-02-13 19:01:00,1771009319999,XLM,1m,0.16445,0.16449,0.1645,0.16445,11308.0,5
2026-02-13 19:02:00,1771009379999,XLM,1m,0.16449,0.16449,0.16449,0.16449,0.0,0
2026-02-13 19:03:00,1771009439999,XLM,1m,0.16423,0.16423,0.16423,0.16423,105.0,1
2026-02-13 19:04:00,1771009499999,XLM,1m,0.1642,0.1642,0.1642,0.1642,118.0,1
2026-02-13 19:05:00,1771009559999,XLM,1m,0.16422,0.16428,0.16432,0.16422,590.0,4
2026-02-13 19:06:00,1771009619999,XLM,1m,0.16435,0.16435,0.16435,0.16435,167.0,1
2026-02-13 19:07:00,1771009679999,XLM,1m,0.16453,0.16453,0.16453,0.16453,115.0,1
2026-02-13 19:08:00,1771009739999,XLM,1m,0.16443,0.16443,0.16443,0.16443,207.0,1
2026-02-13 19:09:00,1771009799999,XLM,1m,0.16447,0.16447,0.16447,0.16447,95.0,1
2026-02-13 19:10:00,1771009859999,XLM,1m,0.16448,0.16456,0.16456,0.16448,304.0,3
2026-02-13 19:11:00,1771009919999,XLM,1m,0.16461,0.16461,0.16461,0.16461,114.0,1
2026-02-13 19:12:00,1771009979999,XLM,1m,0.1645,0.1645,0.1645,0.1645,146.0,1
2026-02-13 19:13:00,1771010039999,XLM,1m,0.1644,0.1644,0.1644,0.1644,96.0,1
2026-02-13 19:14:00,1771010099999,XLM,1m,0.1644,0.1644,0.1644,0.1644,0.0,0
2026-02-13 19:15:00,1771010159999,XLM,1m,0.1646,0.1646,0.1646,0.1646,99.0,1
2026-02-13 19:16:00,1771010219999,XLM,1m,0.16445,0.16445,0.16445,0.16445,6300.0,3
2026-02-13 19:17:00,1771010279999,XLM,1m,0.16461,0.16444,0.16461,0.16444,1170.0,6
2026-02-13 19:18:00,1771010339999,XLM,1m,0.16468,0.16468,0.16468,0.16468,8202.0,2
2026-02-13 19:19:00,1771010399999,XLM,1m,0.16463,0.16475,0.16475,0.16463,216.0,2
2026-02-13 19:20:00,1771010459999,XLM,1m,0.16498,0.16498,0.16498,0.16498,474.0,3
2026-02-13 19:21:00,1771010519999,XLM,1m,0.16498,0.16499,0.16499,0.16498,2185.0,2
2026-02-13 19:22:00,1771010579999,XLM,1m,0.16496,0.16496,0.16496,0.16496,108.0,1
2026-02-13 19:23:00,1771010639999,XLM,1m,0.16509,0.16512,0.16512,0.16509,327.0,2
2026-02-13 19:24:00,1771010699999,XLM,1m,0.16499,0.16498,0.16499,0.16498,15268.0,5
2026-02-13 19:25:00,1771010759999,XLM,1m,0.16492,0.16497,0.16497,0.16492,351.0,2
