timestamp,T,s,i,open,close,high,low,volume,num_trades
2026-02-10 14:06:00,1770732419999,XRP,1m,1.4105,1.4109,1.4109,1.4096,11832.0,20
2026-02-10 14:07:00,1770732479999,XRP,1m,1.411,1.4112,1.4115,1.411,6744.0,15
2026-02-10 14:08:00,1770732539999,XRP,1m,1.4114,1.4116,1.4116,1.4112,31016.0,25
2026-02-10 14:09:00,1770732599999,XRP,1m,1.4115,1.4123,1.4124,1.4111,15358.0,25
2026-02-10 14:10:00,1770732659999,XRP,1m,1.4127,1.4129,1.4136,1.4125,26085.0,23
2026-02-10 14:11:00,1770732719999,XRP,1m,1.4117,1.4129,1.4129,1.4117,30996.0,24
2026-02-10 14:12:00,1770732779999,XRP,1m,1.4127,1.4115,1.4127,1.4115,11937.0,13
2026-02-10 14:13:00,1770732839999,XRP,1m,1.4117,1.4114,1.412,1.4111,51908.0,32
2026-02-10 14:14:00,1770732899999,XRP,1m,1.4109,1.4122,1.4124,1.4109,7699.0,13
2026-02-10 14:15:00,1770732959999,XRP,1m,1.4127,1.4139,1.4139,1.4127,5307.0,15
2026-02-10 14:16:00,1770733019999,XRP,1m,1.4136,1.4178,1.4188,1.413,203041.0,89
2026-02-10 14:17:00,1770733079999,XRP,1m,1.4177,1.4208,1.4219,1.4177,145972.0,124
2026-02-10 14:18:00,1770733139999,XRP,1m,1.4201,1.4234,1.4246,1.4199,53504.0,52
2026-02-10 14:19:00,1770733199999,XRP,1m,1.4231,1.4205,1.4238,1.4205,7149.0,23
2026-02-10 14:20:00,1770733259999,XRP,1m,1.4206,1.4184,1.4206,1.4181,61917.0,38
2026-02-10 14:21:00,1770733319999,XRP,1m,1.4188,1.4189,1.4202,1.4182,12804.0,24
2026-02-10 14:22:00,1770733379999,XRP,1m,1.4194,1.4199,1.42,1.4189,8371.0,16
2026-02-10 14:23:00,1770733439999,XRP,1m,1.4187,1.4176,1.4187,1.4172,45406.0,25
2026-02-10 14:24:00,1770733499999,XRP,1m,1.4168,1.4173,1.4175,1.4164,21658.0,19
2026-02-10 14:25:00,1770733559999,XRP,1m,1.417,1.4166,1.4173,1.4166,26489.0,16
2026-02-10 14:26:00,1770733619999,XRP,1m,1.4162,1.4132,1.4162,1.4129,16894.0,26
2026-02-10 14:27:00,1770733679999,XRP,1m,1.4128,1.4134,1.4139,1.4118,53434.0,37
2026-02-10 14:28:00,1770733739999,XRP,1m,1.4136,1.4133,1.4137,1.4133,4048.0,7
2026-02-10 14:29:00,1770733799999,XRP,1m,1.4134,1.4128,1.4135,1.4128,8794.0,11
2026-02-10 14:30:00,1770733859999,XRP,1m,1.4125,1.4154,1.416,1.4123,41186.0,56
2026-02-10 14:31:00,1770733919999,XRP,1m,1.4167,1.4153,1.4182,1.415,40755.0,38
2026-02-10 14:32:00,1770733979999,XRP,1m,1.4156,1.4161,1.4177,1.4155,32830.0,33
2026-02-10 14:33:00,1770734039999,XRP,1m,1.4158,1.4116,1.4158,1.4112,36235.0,42
2026-02-10 14:34:00,1770734099999,XRP,1m,1.4116,1.4139,1.4139,1.4114,23119.0,24
2026-02-10 14:35:00,1770734159999,XRP,1m,1.4144,1.4145,1.4147,1.413,13896.0,26
2026-02-10 14:36:00,1770734219999,XRP,1m,1.4142,1.4092,1.4144,1.4084,72408.0,69
2026-02-10 14:37:00,1770734279999,XRP,1m,1.4097,1.404,1.4098,1.404,129638.0,89
2026-02-10 14:38:00,1770734339999,XRP,1m,1.4038,1.3999,1.4038,1.3995,213160.0,210
2026-02-10 14:39:00,1770734399999,XRP,1m,1.4002,1.4032,1.4055,1.3994,177270.0,192
2026-02-10 14:40:00,1770734459999,XRP,1m,1.4033,1.3988,1.4036,1.3983,268801.0,209
2026-02-10 14:41:00,1770734519999,XRP,1m,1.3985,1.3976,1.4002,1.3976,286324.0,151
2026-02-10 14:42:00,1770734579999,XRP,1m,1.3981,1.3929,1.3983,1.3927,576703.0,302
2026-02-10 14:43:00,1770734639999,XRP,1m,1.3938,1.3956,1.3997,1.3938,173007.0,162
2026-02-10 14:44:00,1770734699999,XRP,1m,1.3959,1.4003,1.4005,1.3959,52491.0,67
2026-02-10 14:45:00,1770734759999,XRP,1m,1.3995,1.3971,1.401,1.3967,86955.0,82
2026-02-10 14:46:00,1770734819999,XRP,1m,1.3979,1.3977,1.4001,1.3953,275647.0,168
2026-02-10 14:47:00,1770734879999,XRP,1m,1.3978,1.3944,1.3982,1.3944,285415.0,184
2026-02-10 14:48:00,1770734939999,XRP,1m,1.3946,1.3938,1.3966,1.3937,227416.0,161
2026-02-10 14:49:00,1770734999999,XRP,1m,1.3939,1.394,1.3956,1.3928,278009.0,166
2026-02-10 14:50:00,1770735059999,XRP,1m,1.3944,1.3988,1.3989,1.3944,146798.0,105
2026-02-10 14:51:00,1770735119999,XRP,1m,1.3989,1.3978,1.3993,1.3973,162980.0,120
2026-02-10 14:52:00,1770735179999,XRP,1m,1.3978,1.402,1.402,1.3975,428440.0,198
2026-02-10 14:53:00,1770735239999,XRP,1m,1.402,1.4018,1.4034,1.4009,209146.0,84
2026-02-10 14:54:00,1770735299999,XRP,1m,1.4017,1.4018,1.4018,1.3985,178184.0,97
2026-02-10 14:55:00,1770735359999,XRP,1m,1.4017,1.4053,1.406,1.4002,378760.0,179
2026-02-10 14:56:00,1770735419999,XRP,1m,1.4052,1.4042,1.4056,1.4038,243496.0,112
2026-02-10 14:57:00,1770735479999,XRP,1m,1.404,1.4013,1.404,1.4009,126836.0,47
2026-02-10 14:58:00,1770735539999,XRP,1m,1.4028,1.4022,1.4032,1.4022,39153.0,21
2026-02-10 14:59:00,1770735599999,XRP,1m,1.4022,1.4015,1.4034,1.4015,90368.0,45
2026-02-10 15:00:00,1770735659999,XRP,1m,1.4013,1.3998,1.4013,1.3992,119329.0,90
2026-02-10 15:01:00,1770735719999,XRP,1m,1.4003,1.4022,1.4029,1.3994,235516.0,105
2026-02-10 15:02:00,1770735779999,XRP,1m,1.4024,1.3969,1.4024,1.3968,56533.0,50
2026-02-10 15:03:00,1770735839999,XRP,1m,1.3979,1.4007,1.401,1.397,61697.0,42
2026-02-10 15:04:00,1770735899999,XRP,1m,1.4015,1.3988,1.4015,1.3972,67463.0,59
2026-02-10 15:05:00,1770735959999,XRP,1m,1.3989,1.3989,1.3998,1.3985,27508.0,24
2026-02-10 15:06:00,1770736019999,XRP,1m,1.3989,1.4031,1.4047,1.398,63085.0,56
2026-02-10 15:07:00,1770736079999,XRP,1m,1.403,1.4098,1.4127,1.403,319942.0,192
2026-02-10 15:08:00,1770736139999,XRP,1m,1.4094,1.4113,1.4124,1.4092,64741.0,63
2026-02-10 15:09:00,1770736199999,XRP,1m,1.4091,1.4085,1.4096,1.4076,34717.0,33
2026-02-10 15:10:00,1770736259999,XRP,1m,1.4102,1.4096,1.4112,1.4087,38662.0,27
2026-02-10 15:11:00,1770736319999,XRP,1m,1.4087,1.4068,1.4088,1.4068,5886.0,8
2026-02-10 15:12:00,1770736379999,XRP,1m,1.4066,1.4035,1.4069,1.4033,65836.0,42
2026-02-10 15:13:00,1770736439999,XRP,1m,1.4037,1.4002,1.4038,1.4,70421.0,58
2026-02-10 15:14:00,1770736499999,XRP,1m,1.4004,1.4007,1.4013,1.3999,29825.0,28
2026-02-10 15:15:00,1770736559999,XRP,1m,1.3997,1.399,1.3997,1.3978,6970.0,16
2026-02-10 15:16:00,1770736619999,XRP,1m,1.3984,1.4004,1.4004,1.3982,18995.0,24
2026-02-10 15:17:00,1770736679999,XRP,1m,1.4008,1.3994,1.4008,1.3986,54712.0,20
2026-02-10 15:18:00,1770736739999,XRP,1m,1.3998,1.4042,1.4042,1.3984,52594.0,45
2026-02-10 15:19:00,1770736799999,XRP,1m,1.4035,1.4036,1.404,1.4031,9907.0,13
2026-02-10 15:20:00,1770736859999,XRP,1m,1.4041,1.4038,1.4057,1.4029,20934.0,30
2026-02-10 15:21:00,1770736919999,XRP,1m,1.4051,1.4057,1.4084,1.4051,27860.0,28
2026-02-10 15:22:00,1770736979999,XRP,1m,1.4055,1.4095,1.4105,1.4055,35593.0,43
2026-02-10 15:23:00,1770737039999,XRP,1m,1.4088,1.408,1.4104,1.4077,100051.0,48
2026-02-10 15:24:00,1770737099999,XRP,1m,1.4066,1.4063,1.4066,1.4061,21004.0,25
2026-02-10 15:25:00,1770737159999,XRP,1m,1.4068,1.4067,1.4074,1.4065,17788.0,22
2026-02-10 15:26:00,1770737219999,XRP,1m,1.4071,1.4103,1.4116,1.4066,20069.0,35
2026-02-10 15:27:00,1770737279999,XRP,1m,1.4112,1.411,1.4112,1.4082,49918.0,38
2026-02-10 15:28:00,1770737339999,XRP,1m,1.4099,1.408,1.4099,1.4072,24669.0,24
2026-02-10 15:29:00,1770737399999,XRP,1m,1.4077,1.4077,1.4077,1.4075,4380.0,10
2026-02-10 15:30:00,1770737459999,XRP,1m,1.4081,1.4094,1.4105,1.4073,73349.0,56
2026-02-10 15:31:00,1770737519999,XRP,1m,1.4094,1.4078,1.4102,1.4078,37000.0,36
2026-02-10 15:32:00,1770737579999,XRP,1m,1.407,1.4064,1.4082,1.4064,81015.0,45
2026-02-10 15:33:00,1770737639999,XRP,1m,1.406,1.4065,1.4072,1.406,12007.0,12
2026-02-10 15:34:00,1770737699999,XRP,1m,1.407,1.4056,1.4071,1.4054,18313.0,16
2026-02-10 15:35:00,1770737759999,XRP,1m,1.4053,1.4073,1.408,1.4034,26699.0,31
2026-02-10 15:36:00,1770737819999,XRP,1m,1.4063,1.4099,1.4099,1.4063,23895.0,40
2026-02-10 15:37:00,1770737879999,XRP,1m,1.4108,1.4062,1.4108,1.4062,13765.0,17
2026-02-10 15:38:00,1770737939999,XRP,1m,1.4076,1.4087,1.4087,1.4074,10920.0,12
2026-02-10 15:39:00,1770737999999,XRP,1m,1.4084,1.4082,1.4087,1.4076,23674.0,19
2026-02-10 15:40:00,1770738059999,XRP,1m,1.4085,1.41,1.4112,1.4085,24364.0,23
2026-02-10 15:41:00,1770738119999,XRP,1m,1.4102,1.4112,1.4112,1.41,7722.0,10
2026-02-10 15:42:00,1770738179999,XRP,1m,1.4117,1.409,1.412,1.409,27885.0,26
2026-02-10 15:43:00,1770738239999,XRP,1m,1.4092,1.4074,1.4092,1.4064,32813.0,35
2026-02-10 15:44:00,1770738299999,XRP,1m,1.4086,1.4085,1.4086,1.4085,3982.0,4
2026-02-10 15:45:00,1770738359999,XRP,1m,1.4082,1.4052,1.4082,1.4051,31701.0,18
2026-02-10 15:46:00,1770738419999,XRP,1m,1.4052,1.405,1.4061,1.4046,76636.0,33
2026-02-10 15:47:00,1770738479999,XRP,1m,1.4061,1.4065,1.4065,1.406,18514.0,19
2026-02-10 15:48:00,1770738539999,XRP,1m,1.4074,1.4096,1.4108,1.4074,10655.0,22
2026-02-10 15:49:00,1770738599999,XRP,1m,1.4105,1.4111,1.4119,1.4102,11726.0,13
2026-02-10 15:50:00,1770738659999,XRP,1m,1.4116,1.4083,1.4116,1.4071,54276.0,39
2026-02-10 15:51:00,1770738719999,XRP,1m,1.409,1.4065,1.4095,1.4065,13039.0,14
2026-02-10 15:52:00,1770738779999,XRP,1m,1.4066,1.4074,1.4074,1.4056,52094.0,40
2026-02-10 15:53:00,1770738839999,XRP,1m,1.4075,1.4077,1.4093,1.4067,82839.0,51
2026-02-10 15:54:00,1770738899999,XRP,1m,1.4078,1.4092,1.4092,1.4078,6354.0,15
2026-02-10 15:55:00,1770738959999,XRP,1m,1.4094,1.4079,1.4102,1.4079,12407.0,13
2026-02-10 15:56:00,1770739019999,XRP,1m,1.4082,1.4037,1.4082,1.4037,22110.0,25
2026-02-10 15:57:00,1770739079999,XRP,1m,1.4038,1.4061,1.4061,1.4038,20590.0,30
2026-02-10 15:58:00,1770739139999,XRP,1m,1.4064,1.4061,1.4091,1.4061,9049.0,13
2026-02-10 15:59:00,1770739199999,XRP,1m,1.4056,1.4052,1.4066,1.4052,7613.0,17
2026-02-10 16:00:00,1770739259999,XRP,1m,1.4058,1.4056,1.4058,1.404,14825.0,28
2026-02-10 16:01:00,1770739319999,XRP,1m,1.4055,1.4036,1.4055,1.4033,12524.0,24
2026-02-10 16:02:00,1770739379999,XRP,1m,1.404,1.4058,1.4068,1.404,15101.0,30
2026-02-10 16:03:00,1770739439999,XRP,1m,1.4054,1.4047,1.4054,1.4031,7088.0,15
2026-02-10 16:04:00,1770739499999,XRP,1m,1.4048,1.4033,1.4061,1.4033,14239.0,21
2026-02-10 16:05:00,1770739559999,XRP,1m,1.403,1.403,1.4048,1.403,9458.0,22
2026-02-10 16:06:00,1770739619999,XRP,1m,1.4021,1.3995,1.4021,1.3987,27967.0,31
2026-02-10 16:07:00,1770739679999,XRP,1m,1.3996,1.401,1.401,1.3996,5159.0,11
2026-02-10 16:08:00,1770739739999,XRP,1m,1.4014,1.4049,1.4056,1.4014,79803.0,49
2026-02-10 16:09:00,1770739799999,XRP,1m,1.4049,1.4024,1.4049,1.4024,8463.0,13
2026-02-10 16:10:00,1770739859999,XRP,1m,1.4025,1.404,1.404,1.4025,9096.0,14
2026-02-10 16:11:00,1770739919999,XRP,1m,1.4045,1.4082,1.4082,1.4045,9550.0,16
2026-02-10 16:12:00,1770739979999,XRP,1m,1.4082,1.4092,1.4098,1.4082,33807.0,34
2026-02-10 16:13:00,1770740039999,XRP,1m,1.4095,1.4099,1.4103,1.4086,26333.0,22
2026-02-10 16:14:00,1770740099999,XRP,1m,1.4097,1.4149,1.4161,1.4095,104126.0,107
2026-02-10 16:15:00,1770740159999,XRP,1m,1.4151,1.4139,1.4169,1.4126,86371.0,79
2026-02-10 16:16:00,1770740219999,XRP,1m,1.4139,1.4129,1.416,1.4129,20517.0,28
2026-02-10 16:17:00,1770740279999,XRP,1m,1.4126,1.412,1.4129,1.412,26357.0,26
2026-02-10 16:18:00,1770740339999,XRP,1m,1.4117,1.4125,1.4126,1.4113,10681.0,11
2026-02-10 16:19:00,1770740399999,XRP,1m,1.4124,1.4106,1.4126,1.4106,4625.0,11
2026-02-10 16:20:00,1770740459999,XRP,1m,1.4119,1.4106,1.4126,1.4101,13056.0,19
2026-02-10 16:21:00,1770740519999,XRP,1m,1.4113,1.4102,1.4113,1.4101,4078.0,5
2026-02-10 16:22:00,1770740579999,XRP,1m,1.4098,1.4083,1.4098,1.4074,14803.0,24
2026-02-10 16:23:00,1770740639999,XRP,1m,1.4084,1.4097,1.4097,1.408,4217.0,7
2026-02-10 16:24:00,1770740699999,XRP,1m,1.4092,1.41,1.4106,1.4089,12669.0,16
2026-02-10 16:25:00,1770740759999,XRP,1m,1.4101,1.409,1.4101,1.409,5641.0,9
2026-02-10 16:26:00,1770740819999,XRP,1m,1.4096,1.4122,1.4122,1.4095,7231.0,10
2026-02-10 16:27:00,1770740879999,XRP,1m,1.4128,1.411,1.4131,1.411,22951.0,16
2026-02-10 16:28:00,1770740939999,XRP,1m,1.4111,1.4115,1.4116,1.41,18481.0,14
2026-02-10 16:29:00,1770740999999,XRP,1m,1.4123,1.411,1.4125,1.411,4626.0,6
2026-02-10 16:30:00,1770741059999,XRP,1m,1.4096,1.4095,1.4105,1.4092,12256.0,17
2026-02-10 16:31:00,1770741119999,XRP,1m,1.4095,1.4117,1.4117,1.4095,4707.0,5
2026-02-10 16:32:00,1770741179999,XRP,1m,1.4124,1.4105,1.4129,1.4104,10087.0,16
2026-02-10 16:33:00,1770741239999,XRP,1m,1.4111,1.4108,1.4122,1.4108,4010.0,7
2026-02-10 16:34:00,1770741299999,XRP,1m,1.4106,1.4116,1.4117,1.4098,14418.0,12
2026-02-10 16:35:00,1770741359999,XRP,1m,1.4119,1.4128,1.4133,1.4116,8452.0,14
2026-02-10 16:36:00,1770741419999,XRP,1m,1.4122,1.4129,1.4137,1.4122,10419.0,13
2026-02-10 16:37:00,1770741479999,XRP,1m,1.4134,1.4121,1.4135,1.4121,24625.0,17
2026-02-10 16:38:00,1770741539999,XRP,1m,1.4124,1.4166,1.4166,1.4124,78794.0,35
2026-02-10 16:39:00,1770741599999,XRP,1m,1.417,1.4176,1.4179,1.4166,98664.0,43
2026-02-10 16:40:00,1770741659999,XRP,1m,1.4178,1.4177,1.4196,1.4177,97907.0,41
2026-02-10 16:41:00,1770741719999,XRP,1m,1.418,1.4182,1.4186,1.418,5076.0,5
2026-02-10 16:42:00,1770741779999,XRP,1m,1.4185,1.4177,1.4195,1.4177,11329.0,15
2026-02-10 16:43:00,1770741839999,XRP,1m,1.4167,1.4155,1.4167,1.4154,9174.0,14
2026-02-10 16:44:00,1770741899999,XRP,1m,1.4169,1.4174,1.4179,1.4168,6759.0,9
2026-02-10 16:45:00,1770741959999,XRP,1m,1.4181,1.4175,1.4182,1.4174,4700.0,11
2026-02-10 16:46:00,1770742019999,XRP,1m,1.4181,1.4173,1.4182,1.4172,9544.0,8
2026-02-10 16:47:00,1770742079999,XRP,1m,1.4171,1.4147,1.4171,1.4147,6861.0,13
2026-02-10 16:48:00,1770742139999,XRP,1m,1.4155,1.4135,1.4155,1.4135,7448.0,14
2026-02-10 16:49:00,1770742199999,XRP,1m,1.4133,1.4143,1.4147,1.4133,5034.0,10
2026-02-10 16:50:00,1770742259999,XRP,1m,1.4141,1.4134,1.4144,1.4132,8685.0,13
2026-02-10 16:51:00,1770742319999,XRP,1m,1.4128,1.412,1.4128,1.412,4282.0,8
2026-02-10 16:52:00,1770742379999,XRP,1m,1.4122,1.4119,1.4122,1.4115,4024.0,6
2026-02-10 16:53:00,1770742439999,XRP,1m,1.4118,1.4133,1.4134,1.4116,12979.0,16
2026-02-10 16:54:00,1770742499999,XRP,1m,1.4126,1.4139,1.4142,1.4126,8180.0,9
2026-02-10 16:55:00,1770742559999,XRP,1m,1.414,1.4133,1.4141,1.4133,15006.0,17
2026-02-10 16:56:00,1770742619999,XRP,1m,1.414,1.4157,1.4157,1.414,7501.0,15
2026-02-10 16:57:00,1770742679999,XRP,1m,1.416,1.4161,1.4165,1.4159,16253.0,18
2026-02-10 16:58:00,1770742739999,XRP,1m,1.416,1.416,1.416,1.4152,5223.0,6
2026-02-10 16:59:00,1770742799999,XRP,1m,1.416,1.4148,1.417,1.4148,15547.0,11
2026-02-10 17:00:00,1770742859999,XRP,1m,1.4152,1.4145,1.4164,1.4145,12776.0,26
2026-02-10 17:01:00,1770742919999,XRP,1m,1.4153,1.4131,1.4156,1.4131,4706.0,11
2026-02-10 17:02:00,1770742979999,XRP,1m,1.4135,1.4148,1.4158,1.4125,36713.0,29
2026-02-10 17:03:00,1770743039999,XRP,1m,1.4143,1.4131,1.4154,1.4131,7249.0,14
2026-02-10 17:04:00,1770743099999,XRP,1m,1.4141,1.4146,1.4146,1.4141,4002.0,8
2026-02-10 17:05:00,1770743159999,XRP,1m,1.4146,1.4149,1.4153,1.4145,12688.0,15
2026-02-10 17:06:00,1770743219999,XRP,1m,1.415,1.4161,1.4164,1.415,15290.0,15
2026-02-10 17:07:00,1770743279999,XRP,1m,1.4152,1.415,1.4152,1.4149,7574.0,12
2026-02-10 17:08:00,1770743339999,XRP,1m,1.4152,1.4179,1.4185,1.4152,6434.0,13
2026-02-10 17:09:00,1770743399999,XRP,1m,1.418,1.4177,1.4182,1.4176,16589.0,17
2026-02-10 17:10:00,1770743459999,XRP,1m,1.4189,1.4175,1.4194,1.4175,7460.0,16
2026-02-10 17:11:00,1770743519999,XRP,1m,1.418,1.4171,1.4185,1.4171,4711.0,10
2026-02-10 17:12:00,1770743579999,XRP,1m,1.4172,1.418,1.418,1.4172,4124.0,6
2026-02-10 17:13:00,1770743639999,XRP,1m,1.4179,1.4159,1.4179,1.4155,19909.0,17
2026-02-10 17:14:00,1770743699999,XRP,1m,1.4159,1.4161,1.4161,1.4157,5982.0,6
2026-02-10 17:15:00,1770743759999,XRP,1m,1.4158,1.4143,1.4158,1.4137,9904.0,15
2026-02-10 17:16:00,1770743819999,XRP,1m,1.4143,1.4152,1.4153,1.4136,43982.0,23
2026-02-10 17:17:00,1770743879999,XRP,1m,1.415,1.4185,1.419,1.415,51065.0,59
2026-02-10 17:18:00,1770743939999,XRP,1m,1.418,1.4203,1.4204,1.418,32491.0,32
2026-02-10 17:19:00,1770743999999,XRP,1m,1.4197,1.4201,1.4223,1.4197,24558.0,58
2026-02-10 17:20:00,1770744059999,XRP,1m,1.4196,1.4193,1.4196,1.4189,13491.0,18
2026-02-10 17:21:00,1770744119999,XRP,1m,1.42,1.4215,1.4215,1.4197,15190.0,17
2026-02-10 17:22:00,1770744179999,XRP,1m,1.4203,1.4193,1.4203,1.4192,3996.0,3
2026-02-10 17:23:00,1770744239999,XRP,1m,1.4187,1.4208,1.4209,1.4179,150122.0,51
2026-02-10 17:24:00,1770744299999,XRP,1m,1.4195,1.4194,1.4195,1.4194,4282.0,6
2026-02-10 17:25:00,1770744359999,XRP,1m,1.4192,1.4202,1.4202,1.4186,149410.0,46
2026-02-10 17:26:00,1770744419999,XRP,1m,1.4207,1.4211,1.4214,1.4207,19027.0,18
2026-02-10 17:27:00,1770744479999,XRP,1m,1.4204,1.4219,1.4222,1.4204,19813.0,12
2026-02-10 17:28:00,1770744539999,XRP,1m,1.4196,1.4211,1.4215,1.4196,10019.0,15
2026-02-10 17:29:00,1770744599999,XRP,1m,1.4207,1.4204,1.4207,1.4204,4010.0,6
2026-02-10 17:30:00,1770744659999,XRP,1m,1.4202,1.4197,1.4208,1.4197,15335.0,18
2026-02-10 17:31:00,1770744719999,XRP,1m,1.4199,1.4189,1.4199,1.4189,19715.0,16
2026-02-10 17:32:00,1770744779999,XRP,1m,1.4197,1.4235,1.425,1.4197,39395.0,60
2026-02-10 17:33:00,1770744839999,XRP,1m,1.4239,1.4238,1.4252,1.4215,26643.0,28
2026-02-10 17:34:00,1770744899999,XRP,1m,1.4242,1.4252,1.4258,1.4235,18994.0,28
2026-02-10 17:35:00,1770744959999,XRP,1m,1.4248,1.4229,1.4254,1.4229,13809.0,19
2026-02-10 17:36:00,1770745019999,XRP,1m,1.4244,1.4245,1.4247,1.4243,4824.0,11
2026-02-10 17:37:00,1770745079999,XRP,1m,1.4241,1.4238,1.4245,1.4234,17677.0,16
2026-02-10 17:38:00,1770745139999,XRP,1m,1.4238,1.4263,1.4266,1.4237,99251.0,56
2026-02-10 17:39:00,1770745199999,XRP,1m,1.4263,1.4255,1.4281,1.4255,28536.0,30
2026-02-10 17:40:00,1770745259999,XRP,1m,1.4251,1.4244,1.4251,1.4234,67526.0,52
2026-02-10 17:41:00,1770745319999,XRP,1m,1.4242,1.4263,1.4272,1.4241,31580.0,26
2026-02-10 17:42:00,1770745379999,XRP,1m,1.4264,1.4253,1.4266,1.4253,17438.0,13
2026-02-10 17:43:00,1770745439999,XRP,1m,1.4255,1.4254,1.4264,1.4252,12671.0,16
2026-02-10 17:44:00,1770745499999,XRP,1m,1.4249,1.4238,1.4249,1.4238,8587.0,9
2026-02-10 17:45:00,1770745559999,XRP,1m,1.4241,1.4239,1.4241,1.4237,6341.0,8
2026-02-10 17:46:00,1770745619999,XRP,1m,1.4235,1.4246,1.4258,1.4235,41845.0,33
2026-02-10 17:47:00,1770745679999,XRP,1m,1.4249,1.425,1.4258,1.4249,9474.0,16
2026-02-10 17:48:00,1770745739999,XRP,1m,1.4235,1.4236,1.4243,1.4231,179184.0,48
2026-02-10 17:49:00,1770745799999,XRP,1m,1.4238,1.4226,1.4238,1.4226,6973.0,5
2026-02-10 17:50:00,1770745859999,XRP,1m,1.4225,1.4245,1.4246,1.4225,4545.0,4
2026-02-10 17:51:00,1770745919999,XRP,1m,1.4255,1.424,1.4255,1.424,7176.0,9
2026-02-10 17:52:00,1770745979999,XRP,1m,1.4233,1.4235,1.4239,1.4233,6101.0,6
2026-02-10 17:53:00,1770746039999,XRP,1m,1.4238,1.4229,1.4238,1.4229,5220.0,9
2026-02-10 17:54:00,1770746099999,XRP,1m,1.4228,1.4211,1.4228,1.4203,26403.0,33
2026-02-10 17:55:00,1770746159999,XRP,1m,1.4218,1.4218,1.4219,1.421,26605.0,26
2026-02-10 17:56:00,1770746219999,XRP,1m,1.4217,1.4207,1.4217,1.4207,6593.0,9
2026-02-10 17:57:00,1770746279999,XRP,1m,1.4207,1.4212,1.4212,1.4207,6031.0,6
2026-02-10 17:58:00,1770746339999,XRP,1m,1.4208,1.4211,1.4214,1.4208,12749.0,12
2026-02-10 17:59:00,1770746399999,XRP,1m,1.4218,1.4236,1.4236,1.4218,5922.0,8
2026-02-10 18:00:00,1770746459999,XRP,1m,1.423,1.4239,1.4243,1.4218,39419.0,41
2026-02-10 18:01:00,1770746519999,XRP,1m,1.4228,1.4232,1.4245,1.4224,8937.0,16
2026-02-10 18:02:00,1770746579999,XRP,1m,1.423,1.4228,1.4236,1.4228,6214.0,13
2026-02-10 18:03:00,1770746639999,XRP,1m,1.4229,1.4244,1.4244,1.4226,15004.0,23
2026-02-10 18:04:00,1770746699999,XRP,1m,1.4243,1.4217,1.4243,1.4217,5422.0,11
2026-02-10 18:05:00,1770746759999,XRP,1m,1.4216,1.4204,1.4223,1.4204,13545.0,22
2026-02-10 18:06:00,1770746819999,XRP,1m,1.4199,1.4212,1.4214,1.4194,12190.0,25
2026-02-10 18:07:00,1770746879999,XRP,1m,1.4206,1.4217,1.4217,1.4205,6382.0,11
2026-02-10 18:08:00,1770746939999,XRP,1m,1.4217,1.4211,1.4217,1.4209,7311.0,12
2026-02-10 18:09:00,1770746999999,XRP,1m,1.4217,1.4214,1.4217,1.4214,5478.0,6
2026-02-10 18:10:00,1770747059999,XRP,1m,1.422,1.4166,1.4225,1.4166,47683.0,37
2026-02-10 18:11:00,1770747119999,XRP,1m,1.4162,1.4175,1.4178,1.4158,13984.0,25
2026-02-10 18:12:00,1770747179999,XRP,1m,1.4171,1.4163,1.4171,1.416,9487.0,14
2026-02-10 18:13:00,1770747239999,XRP,1m,1.4167,1.4156,1.4167,1.4155,14886.0,17
2026-02-10 18:14:00,1770747299999,XRP,1m,1.4165,1.4155,1.4165,1.4155,111435.0,29
2026-02-10 18:15:00,1770747359999,XRP,1m,1.4154,1.4149,1.4157,1.4149,12721.0,16
2026-02-10 18:16:00,1770747419999,XRP,1m,1.4157,1.4168,1.4168,1.4157,9661.0,11
2026-02-10 18:17:00,1770747479999,XRP,1m,1.4159,1.4164,1.4168,1.4155,38645.0,27
2026-02-10 18:18:00,1770747539999,XRP,1m,1.4168,1.4191,1.4191,1.4168,49900.0,40
2026-02-10 18:19:00,1770747599999,XRP,1m,1.419,1.4177,1.419,1.4174,19061.0,30
2026-02-10 18:20:00,1770747659999,XRP,1m,1.4178,1.4163,1.4186,1.4163,8514.0,13
2026-02-10 18:21:00,1770747719999,XRP,1m,1.4161,1.4115,1.4161,1.4115,117343.0,101
2026-02-10 18:22:00,1770747779999,XRP,1m,1.4108,1.4112,1.4112,1.4081,168097.0,92
2026-02-10 18:23:00,1770747839999,XRP,1m,1.4116,1.4093,1.4116,1.4084,29305.0,25
2026-02-10 18:24:00,1770747899999,XRP,1m,1.41,1.4095,1.41,1.4086,11994.0,16
2026-02-10 18:25:00,1770747959999,XRP,1m,1.4095,1.4055,1.4101,1.4051,152769.0,75
2026-02-10 18:26:00,1770748019999,XRP,1m,1.4054,1.403,1.4055,1.4023,55277.0,68
2026-02-10 18:27:00,1770748079999,XRP,1m,1.4034,1.4015,1.4037,1.4014,31501.0,40
2026-02-10 18:28:00,1770748139999,XRP,1m,1.4019,1.4034,1.4054,1.4019,36273.0,41
2026-02-10 18:29:00,1770748199999,XRP,1m,1.4048,1.4019,1.4049,1.4018,171233.0,81
2026-02-10 18:30:00,1770748259999,XRP,1m,1.4019,1.4037,1.4043,1.4019,34604.0,42
2026-02-10 18:31:00,1770748319999,XRP,1m,1.4034,1.404,1.4065,1.4033,26476.0,37
2026-02-10 18:32:00,1770748379999,XRP,1m,1.4038,1.4052,1.4054,1.4035,30179.0,31
2026-02-10 18:33:00,1770748439999,XRP,1m,1.4051,1.4,1.4051,1.4,18451.0,30
2026-02-10 18:34:00,1770748499999,XRP,1m,1.4008,1.3994,1.4008,1.3977,131903.0,86
2026-02-10 18:35:00,1770748559999,XRP,1m,1.3988,1.4031,1.4031,1.3988,216987.0,91
2026-02-10 18:36:00,1770748619999,XRP,1m,1.403,1.4023,1.4033,1.4016,6473.0,17
2026-02-10 18:37:00,1770748679999,XRP,1m,1.4011,1.4036,1.4037,1.4005,24807.0,29
2026-02-10 18:38:00,1770748739999,XRP,1m,1.4031,1.4029,1.4033,1.4023,27824.0,24
2026-02-10 18:39:00,1770748799999,XRP,1m,1.4037,1.4028,1.4054,1.4028,1274.0,10
2026-02-10 18:40:00,1770748859999,XRP,1m,1.4023,1.4031,1.4037,1.4022,2486.0,8
2026-02-10 18:41:00,1770748919999,XRP,1m,1.4028,1.4008,1.4028,1.4008,1798.0,8
2026-02-10 18:42:00,1770748979999,XRP,1m,1.4009,1.4,1.4015,1.4,24643.0,15
2026-02-10 18:43:00,1770749039999,XRP,1m,1.4002,1.4021,1.4021,1.4001,12270.0,13
2026-02-10 18:44:00,1770749099999,XRP,1m,1.4022,1.4019,1.4022,1.4014,412.0,4
2026-02-10 18:45:00,1770749159999,XRP,1m,1.402,1.4013,1.4025,1.4013,5142.0,11
2026-02-10 18:46:00,1770749219999,XRP,1m,1.4008,1.397,1.4014,1.3965,27623.0,33
2026-02-10 18:47:00,1770749279999,XRP,1m,1.3974,1.3933,1.3974,1.3933,55802.0,55
2026-02-10 18:48:00,1770749339999,XRP,1m,1.3944,1.3945,1.3947,1.3934,29238.0,24
2026-02-10 18:49:00,1770749399999,XRP,1m,1.3952,1.3944,1.396,1.3944,11118.0,12
2026-02-10 18:50:00,1770749459999,XRP,1m,1.3953,1.3953,1.3956,1.3948,5878.0,7
2026-02-10 18:51:00,1770749519999,XRP,1m,1.3956,1.3948,1.3956,1.3948,43919.0,22
2026-02-10 18:52:00,1770749579999,XRP,1m,1.3967,1.3973,1.3984,1.3967,3638.0,12
2026-02-10 18:53:00,1770749639999,XRP,1m,1.3975,1.3985,1.3985,1.3969,32014.0,24
2026-02-10 18:54:00,1770749699999,XRP,1m,1.3982,1.3985,1.3994,1.3982,5696.0,10
2026-02-10 18:55:00,1770749759999,XRP,1m,1.3975,1.3987,1.3989,1.3972,24482.0,15
2026-02-10 18:56:00,1770749819999,XRP,1m,1.399,1.4017,1.4027,1.399,6352.0,17
2026-02-10 18:57:00,1770749879999,XRP,1m,1.4028,1.4025,1.4037,1.4022,5592.0,18
2026-02-10 18:58:00,1770749939999,XRP,1m,1.403,1.4013,1.403,1.4012,13702.0,21
2026-02-10 18:59:00,1770749999999,XRP,1m,1.4021,1.4012,1.4021,1.4012,1458.0,10
2026-02-10 19:00:00,1770750059999,XRP,1m,1.4016,1.3994,1.4023,1.3994,23083.0,32
2026-02-10 19:01:00,1770750119999,XRP,1m,1.3994,1.4022,1.4023,1.3993,5781.0,27
2026-02-10 19:02:00,1770750179999,XRP,1m,1.4022,1.399,1.4027,1.399,7534.0,34
2026-02-10 19:03:00,1770750239999,XRP,1m,1.3992,1.398,1.3998,1.398,702.0,12
2026-02-10 19:04:00,1770750299999,XRP,1m,1.3985,1.3974,1.3985,1.3963,15801.0,25
2026-02-10 19:05:00,1770750359999,XRP,1m,1.3973,1.3997,1.3999,1.3973,54349.0,40
2026-02-10 19:06:00,1770750419999,XRP,1m,1.3995,1.3998,1.4007,1.3992,32686.0,34
2026-02-10 19:07:00,1770750479999,XRP,1m,1.3997,1.3995,1.3997,1.3993,798.0,5
2026-02-10 19:08:00,1770750539999,XRP,1m,1.399,1.399,1.3997,1.3989,18095.0,13
2026-02-10 19:09:00,1770750599999,XRP,1m,1.399,1.401,1.4013,1.399,12376.0,26
2026-02-10 19:10:00,1770750659999,XRP,1m,1.4011,1.4018,1.4032,1.4011,28479.0,40
2026-02-10 19:11:00,1770750719999,XRP,1m,1.4016,1.3997,1.4016,1.3996,17460.0,22
2026-02-10 19:12:00,1770750779999,XRP,1m,1.4009,1.4023,1.4023,1.4009,7848.0,18
2026-02-10 19:13:00,1770750839999,XRP,1m,1.4028,1.4027,1.403,1.4025,65117.0,28
2026-02-10 19:14:00,1770750899999,XRP,1m,1.4028,1.4036,1.4036,1.4028,2410.0,12
2026-02-10 19:15:00,1770750959999,XRP,1m,1.4037,1.4032,1.4041,1.4032,4466.0,11
2026-02-10 19:16:00,1770751019999,XRP,1m,1.4035,1.4032,1.4042,1.4032,3156.0,13
2026-02-10 19:17:00,1770751079999,XRP,1m,1.402,1.4007,1.402,1.3994,33547.0,24
2026-02-10 19:18:00,1770751139999,XRP,1m,1.4011,1.4029,1.4031,1.4011,11270.0,22
2026-02-10 19:19:00,1770751199999,XRP,1m,1.403,1.4003,1.4032,1.4003,388.0,10
2026-02-10 19:20:00,1770751259999,XRP,1m,1.4,1.3993,1.4005,1.3993,24214.0,16
2026-02-10 19:21:00,1770751319999,XRP,1m,1.3996,1.4,1.4004,1.3996,2913.0,7
2026-02-10 19:22:00,1770751379999,XRP,1m,1.4001,1.3998,1.4004,1.3998,462.0,5
2026-02-10 19:23:00,1770751439999,XRP,1m,1.4006,1.4009,1.4017,1.4002,36960.0,22
2026-02-10 19:24:00,1770751499999,XRP,1m,1.4016,1.4016,1.4016,1.4016,1548.0,3
2026-02-10 19:25:00,1770751559999,XRP,1m,1.401,1.3994,1.401,1.3994,886.0,6
2026-02-10 19:26:00,1770751619999,XRP,1m,1.3987,1.3981,1.3994,1.3981,2110.0,9
2026-02-10 19:27:00,1770751679999,XRP,1m,1.3987,1.3991,1.3995,1.3987,2985.0,4
2026-02-10 19:28:00,1770751739999,XRP,1m,1.3994,1.3996,1.3996,1.3992,604.0,5
2026-02-10 19:29:00,1770751799999,XRP,1m,1.3995,1.402,1.402,1.3995,7707.0,16
2026-02-10 19:30:00,1770751859999,XRP,1m,1.4022,1.4026,1.4029,1.401,6402.0,25
2026-02-10 19:31:00,1770751919999,XRP,1m,1.4026,1.4017,1.4034,1.4011,3082.0,20
2026-02-10 19:32:00,1770751979999,XRP,1m,1.4029,1.4012,1.4029,1.4006,2397.0,11
2026-02-10 19:33:00,1770752039999,XRP,1m,1.4014,1.4034,1.4044,1.4014,3027.0,16
2026-02-10 19:34:00,1770752099999,XRP,1m,1.4023,1.4013,1.4026,1.4013,4426.0,10
2026-02-10 19:35:00,1770752159999,XRP,1m,1.4028,1.4064,1.4064,1.4028,14139.0,22
2026-02-10 19:36:00,1770752219999,XRP,1m,1.4075,1.4071,1.4086,1.4063,62186.0,54
2026-02-10 19:37:00,1770752279999,XRP,1m,1.4075,1.4077,1.4077,1.4063,7649.0,12
2026-02-10 19:38:00,1770752339999,XRP,1m,1.4071,1.4072,1.4076,1.4067,15031.0,12
2026-02-10 19:39:00,1770752399999,XRP,1m,1.4067,1.4065,1.4067,1.4054,16101.0,18
2026-02-10 19:40:00,1770752459999,XRP,1m,1.4058,1.4045,1.4058,1.4045,352.0,4
2026-02-10 19:41:00,1770752519999,XRP,1m,1.4052,1.4049,1.4052,1.4049,179.0,2
2026-02-10 19:42:00,1770752579999,XRP,1m,1.4055,1.4047,1.4055,1.4047,3162.0,7
2026-02-10 19:43:00,1770752639999,XRP,1m,1.4043,1.4044,1.405,1.4039,7027.0,11
2026-02-10 19:44:00,1770752699999,XRP,1m,1.4052,1.4051,1.4053,1.4051,702.0,3
2026-02-10 19:45:00,1770752759999,XRP,1m,1.4059,1.4048,1.4062,1.4048,4781.0,6
2026-02-10 19:46:00,1770752819999,XRP,1m,1.4044,1.4032,1.4044,1.403,2385.0,10
2026-02-10 19:47:00,1770752879999,XRP,1m,1.4038,1.4044,1.4044,1.4037,9994.0,9
2026-02-10 19:48:00,1770752939999,XRP,1m,1.4046,1.4037,1.4046,1.4037,3488.0,7
2026-02-10 19:49:00,1770752999999,XRP,1m,1.4045,1.4045,1.4045,1.4045,2147.0,2
2026-02-10 19:50:00,1770753059999,XRP,1m,1.4028,1.4025,1.4028,1.402,6191.0,8
2026-02-10 19:51:00,1770753119999,XRP,1m,1.4027,1.4027,1.4027,1.4024,9810.0,9
2026-02-10 19:52:00,1770753179999,XRP,1m,1.4027,1.4028,1.4028,1.4027,10246.0,8
2026-02-10 19:53:00,1770753239999,XRP,1m,1.4018,1.4017,1.4019,1.4017,1490.0,4
2026-02-10 19:54:00,1770753299999,XRP,1m,1.4017,1.3999,1.4017,1.3999,248.0,8
2026-02-10 19:55:00,1770753359999,XRP,1m,1.3996,1.3999,1.3999,1.3991,49752.0,28
2026-02-10 19:56:00,1770753419999,XRP,1m,1.4001,1.4006,1.4006,1.4001,13186.0,9
2026-02-10 19:57:00,1770753479999,XRP,1m,1.4005,1.4005,1.4005,1.4003,6084.0,6
2026-02-10 19:58:00,1770753539999,XRP,1m,1.3993,1.3987,1.3993,1.3987,151.0,3
2026-02-10 19:59:00,1770753599999,XRP,1m,1.3995,1.3998,1.4005,1.3994,11305.0,12
2026-02-10 20:00:00,1770753659999,XRP,1m,1.3994,1.4003,1.4003,1.399,3350.0,14
2026-02-10 20:01:00,1770753719999,XRP,1m,1.4004,1.3998,1.4017,1.3998,14927.0,18
2026-02-10 20:02:00,1770753779999,XRP,1m,1.4002,1.3999,1.4003,1.3999,411.0,3
2026-02-10 20:03:00,1770753839999,XRP,1m,1.3997,1.3979,1.3997,1.3979,5927.0,9
2026-02-10 20:04:00,1770753899999,XRP,1m,1.3983,1.399,1.399,1.3981,327.0,5
2026-02-10 20:05:00,1770753959999,XRP,1m,1.3996,1.4007,1.4007,1.3996,242.0,5
2026-02-10 20:06:00,1770754019999,XRP,1m,1.4006,1.4004,1.4006,1.4003,2181.0,4
2026-02-10 20:07:00,1770754079999,XRP,1m,1.4,1.3985,1.4,1.3983,2234.0,16
2026-02-10 20:08:00,1770754139999,XRP,1m,1.3991,1.3994,1.4002,1.3991,1928.0,3
2026-02-10 20:09:00,1770754199999,XRP,1m,1.3994,1.3988,1.3995,1.3988,15254.0,9
2026-02-10 20:10:00,1770754259999,XRP,1m,1.3982,1.3984,1.3987,1.3979,316.0,5
2026-02-10 20:11:00,1770754319999,XRP,1m,1.3983,1.3983,1.3983,1.3969,650.0,8
2026-02-10 20:12:00,1770754379999,XRP,1m,1.398,1.3974,1.398,1.3974,3292.0,6
2026-02-10 20:13:00,1770754439999,XRP,1m,1.3971,1.3968,1.3971,1.3963,50746.0,31
2026-02-10 20:14:00,1770754499999,XRP,1m,1.3971,1.3968,1.3971,1.3967,94677.0,33
2026-02-10 20:15:00,1770754559999,XRP,1m,1.3969,1.3977,1.3977,1.3966,3487.0,9
2026-02-10 20:16:00,1770754619999,XRP,1m,1.3978,1.3968,1.3987,1.3967,10546.0,11
2026-02-10 20:17:00,1770754679999,XRP,1m,1.3973,1.3984,1.3984,1.3973,3109.0,5
2026-02-10 20:18:00,1770754739999,XRP,1m,1.3976,1.3985,1.3985,1.3976,192.0,2
2026-02-10 20:19:00,1770754799999,XRP,1m,1.3991,1.3995,1.3995,1.3991,3715.0,5
2026-02-10 20:20:00,1770754859999,XRP,1m,1.3986,1.3989,1.3989,1.3986,11553.0,8
2026-02-10 20:21:00,1770754919999,XRP,1m,1.3988,1.3992,1.3993,1.3988,4948.0,9
2026-02-10 20:22:00,1770754979999,XRP,1m,1.3992,1.3992,1.3992,1.3992,709.0,1
2026-02-10 20:23:00,1770755039999,XRP,1m,1.3987,1.3966,1.3996,1.3966,29148.0,21
2026-02-10 20:24:00,1770755099999,XRP,1m,1.3965,1.3968,1.397,1.3965,10923.0,14
2026-02-10 20:25:00,1770755159999,XRP,1m,1.3968,1.397,1.3979,1.3968,17124.0,31
2026-02-10 20:26:00,1770755219999,XRP,1m,1.3972,1.3971,1.3972,1.3971,60.0,3
2026-02-10 20:27:00,1770755279999,XRP,1m,1.3962,1.3961,1.3962,1.3959,1769.0,11
2026-02-10 20:28:00,1770755339999,XRP,1m,1.3961,1.3976,1.3979,1.3961,3121.0,8
2026-02-10 20:29:00,1770755399999,XRP,1m,1.3969,1.3965,1.3969,1.3963,540.0,4
2026-02-10 20:30:00,1770755459999,XRP,1m,1.3968,1.3965,1.3975,1.3965,14781.0,20
2026-02-10 20:31:00,1770755519999,XRP,1m,1.3975,1.3971,1.3982,1.3971,12656.0,13
2026-02-10 20:32:00,1770755579999,XRP,1m,1.3975,1.3975,1.3977,1.3972,5392.0,7
2026-02-10 20:33:00,1770755639999,XRP,1m,1.3978,1.3966,1.3978,1.3966,6873.0,14
2026-02-10 20:34:00,1770755699999,XRP,1m,1.3965,1.3937,1.3967,1.393,28860.0,37
2026-02-10 20:35:00,1770755759999,XRP,1m,1.3937,1.3927,1.3937,1.3913,39334.0,59
2026-02-10 20:36:00,1770755819999,XRP,1m,1.3927,1.3953,1.3954,1.3927,15733.0,34
2026-02-10 20:37:00,1770755879999,XRP,1m,1.3959,1.3959,1.3959,1.3959,1673.0,3
2026-02-10 20:38:00,1770755939999,XRP,1m,1.3951,1.3948,1.3957,1.3948,1368.0,8
2026-02-10 20:39:00,1770755999999,XRP,1m,1.3946,1.3987,1.3987,1.3946,19388.0,32
2026-02-10 20:40:00,1770756059999,XRP,1m,1.399,1.3981,1.3991,1.3975,9134.0,15
2026-02-10 20:41:00,1770756119999,XRP,1m,1.3982,1.398,1.3983,1.398,816.0,5
2026-02-10 20:42:00,1770756179999,XRP,1m,1.3976,1.3973,1.3976,1.3973,1046.0,8
2026-02-10 20:43:00,1770756239999,XRP,1m,1.3972,1.3977,1.3977,1.3971,874.0,7
2026-02-10 20:44:00,1770756299999,XRP,1m,1.3984,1.3996,1.3997,1.3984,11898.0,33
2026-02-10 20:45:00,1770756359999,XRP,1m,1.3996,1.3975,1.3997,1.3975,16112.0,17
2026-02-10 20:46:00,1770756419999,XRP,1m,1.3982,1.3989,1.3989,1.3971,5184.0,16
2026-02-10 20:47:00,1770756479999,XRP,1m,1.3988,1.3985,1.3994,1.3983,18579.0,25
2026-02-10 20:48:00,1770756539999,XRP,1m,1.3987,1.3996,1.3999,1.3987,1044.0,8
2026-02-10 20:49:00,1770756599999,XRP,1m,1.3988,1.3973,1.3988,1.3969,5168.0,30
2026-02-10 20:50:00,1770756659999,XRP,1m,1.3971,1.397,1.3978,1.396,16261.0,28
2026-02-10 20:51:00,1770756719999,XRP,1m,1.3969,1.3966,1.3969,1.3963,33219.0,40
2026-02-10 20:52:00,1770756779999,XRP,1m,1.3964,1.3972,1.3976,1.3964,6527.0,11
2026-02-10 20:53:00,1770756839999,XRP,1m,1.3964,1.3984,1.3984,1.3958,815.0,5
2026-02-10 20:54:00,1770756899999,XRP,1m,1.3984,1.3984,1.3986,1.3978,2982.0,21
2026-02-10 20:55:00,1770756959999,XRP,1m,1.3981,1.3973,1.3981,1.3973,3550.0,5
2026-02-10 20:56:00,1770757019999,XRP,1m,1.3984,1.3979,1.3984,1.3975,13187.0,20
2026-02-10 20:57:00,1770757079999,XRP,1m,1.398,1.3981,1.3981,1.398,6845.0,11
2026-02-10 20:58:00,1770757139999,XRP,1m,1.3986,1.4005,1.4005,1.3986,7835.0,12
2026-02-10 20:59:00,1770757199999,XRP,1m,1.4003,1.3956,1.4003,1.3956,96426.0,81
2026-02-10 21:00:00,1770757259999,XRP,1m,1.3956,1.397,1.3977,1.3953,16217.0,33
2026-02-10 21:01:00,1770757319999,XRP,1m,1.3989,1.3994,1.3997,1.3989,28019.0,24
2026-02-10 21:02:00,1770757379999,XRP,1m,1.3997,1.3999,1.4001,1.3993,2832.0,7
2026-02-10 21:03:00,1770757439999,XRP,1m,1.3999,1.3999,1.3999,1.3999,0.0,0
2026-02-10 21:04:00,1770757499999,XRP,1m,1.3993,1.3994,1.3996,1.3993,4284.0,6
2026-02-10 21:05:00,1770757559999,XRP,1m,1.3995,1.4007,1.4009,1.399,34203.0,30
2026-02-10 21:06:00,1770757619999,XRP,1m,1.4005,1.4001,1.4007,1.4,15454.0,15
2026-02-10 21:07:00,1770757679999,XRP,1m,1.3995,1.3995,1.3995,1.3995,56.0,2
2026-02-10 21:08:00,1770757739999,XRP,1m,1.3998,1.401,1.401,1.3998,4785.0,6
2026-02-10 21:09:00,1770757799999,XRP,1m,1.4001,1.3981,1.4001,1.3981,23145.0,14
2026-02-10 21:10:00,1770757859999,XRP,1m,1.3983,1.3987,1.3987,1.3981,7848.0,11
2026-02-10 21:11:00,1770757919999,XRP,1m,1.398,1.3977,1.398,1.3977,489.0,4
2026-02-10 21:12:00,1770757979999,XRP,1m,1.398,1.3981,1.3981,1.3979,596.0,4
2026-02-10 21:13:00,1770758039999,XRP,1m,1.3979,1.3983,1.3984,1.3978,15472.0,24
2026-02-10 21:14:00,1770758099999,XRP,1m,1.3978,1.397,1.3978,1.3969,17345.0,26
2026-02-10 21:15:00,1770758159999,XRP,1m,1.3969,1.3978,1.3978,1.3969,2203.0,10
2026-02-10 21:16:00,1770758219999,XRP,1m,1.3994,1.3988,1.3994,1.3988,253.0,3
2026-02-10 21:17:00,1770758279999,XRP,1m,1.3991,1.3988,1.3991,1.3988,6417.0,7
2026-02-10 21:18:00,1770758339999,XRP,1m,1.3992,1.3992,1.3997,1.399,2701.0,9
2026-02-10 21:19:00,1770758399999,XRP,1m,1.3993,1.3993,1.3993,1.3993,530.0,1
2026-02-10 21:20:00,1770758459999,XRP,1m,1.3994,1.4006,1.4006,1.3994,1464.0,13
2026-02-10 21:21:00,1770758519999,XRP,1m,1.3994,1.3994,1.3994,1.3994,30.0,2
2026-02-10 21:22:00,1770758579999,XRP,1m,1.3996,1.4001,1.4001,1.3996,401.0,3
2026-02-10 21:23:00,1770758639999,XRP,1m,1.3996,1.398,1.3996,1.3978,13345.0,16
2026-02-10 21:24:00,1770758699999,XRP,1m,1.3978,1.398,1.398,1.3978,15009.0,12
2026-02-10 21:25:00,1770758759999,XRP,1m,1.3983,1.3996,1.3996,1.3979,13778.0,18
2026-02-10 21:26:00,1770758819999,XRP,1m,1.3993,1.3982,1.3993,1.3982,707.0,8
2026-02-10 21:27:00,1770758879999,XRP,1m,1.3977,1.3983,1.3984,1.3977,500.0,7
2026-02-10 21:28:00,1770758939999,XRP,1m,1.3986,1.3976,1.3986,1.3976,4177.0,5
2026-02-10 21:29:00,1770758999999,XRP,1m,1.3968,1.3955,1.3968,1.3955,40179.0,27
2026-02-10 21:30:00,1770759059999,XRP,1m,1.3952,1.3956,1.3956,1.3934,8247.0,17
2026-02-10 21:31:00,1770759119999,XRP,1m,1.3956,1.3922,1.3956,1.3906,34696.0,33
2026-02-10 21:32:00,1770759179999,XRP,1m,1.3921,1.3928,1.3932,1.3921,25567.0,20
2026-02-10 21:33:00,1770759239999,XRP,1m,1.3927,1.3925,1.3927,1.3924,2176.0,5
2026-02-10 21:34:00,1770759299999,XRP,1m,1.3928,1.3935,1.3943,1.3928,9432.0,19
2026-02-10 21:35:00,1770759359999,XRP,1m,1.3935,1.3921,1.3946,1.3916,15124.0,26
2026-02-10 21:36:00,1770759419999,XRP,1m,1.3924,1.3919,1.3932,1.3919,20348.0,29
2026-02-10 21:37:00,1770759479999,XRP,1m,1.3919,1.3943,1.3943,1.3919,13912.0,19
2026-02-10 21:38:00,1770759539999,XRP,1m,1.3941,1.3944,1.3945,1.3941,3563.0,8
2026-02-10 21:39:00,1770759599999,XRP,1m,1.3946,1.3949,1.3949,1.3946,415.0,5
2026-02-10 21:40:00,1770759659999,XRP,1m,1.3942,1.3934,1.3944,1.3934,2760.0,7
2026-02-10 21:41:00,1770759719999,XRP,1m,1.3944,1.3939,1.3944,1.3939,2452.0,2
2026-02-10 21:42:00,1770759779999,XRP,1m,1.3937,1.3936,1.3937,1.3935,2052.0,4
2026-02-10 21:43:00,1770759839999,XRP,1m,1.3936,1.3937,1.3937,1.3936,40.0,3
2026-02-10 21:44:00,1770759899999,XRP,1m,1.3948,1.3935,1.3948,1.3935,16141.0,9
2026-02-10 21:45:00,1770759959999,XRP,1m,1.3938,1.3937,1.3944,1.3936,17677.0,14
2026-02-10 21:46:00,1770760019999,XRP,1m,1.394,1.394,1.394,1.394,13.0,1
2026-02-10 21:47:00,1770760079999,XRP,1m,1.3941,1.3951,1.3951,1.3941,28586.0,12
2026-02-10 21:48:00,1770760139999,XRP,1m,1.3952,1.396,1.3966,1.3952,39894.0,21
2026-02-10 21:49:00,1770760199999,XRP,1m,1.3955,1.3959,1.3959,1.3955,1095.0,2
2026-02-10 21:50:00,1770760259999,XRP,1m,1.396,1.3958,1.396,1.3958,113.0,2
2026-02-10 21:51:00,1770760319999,XRP,1m,1.3965,1.3969,1.3977,1.3964,11561.0,11
2026-02-10 21:52:00,1770760379999,XRP,1m,1.3968,1.3968,1.3969,1.3963,2674.0,14
2026-02-10 21:53:00,1770760439999,XRP,1m,1.3965,1.3967,1.3967,1.3965,1257.0,5
2026-02-10 21:54:00,1770760499999,XRP,1m,1.3969,1.3976,1.3977,1.3969,2384.0,4
2026-02-10 21:55:00,1770760559999,XRP,1m,1.3976,1.3963,1.3976,1.3963,9321.0,7
2026-02-10 21:56:00,1770760619999,XRP,1m,1.3964,1.3953,1.3964,1.3953,10846.0,9
2026-02-10 21:57:00,1770760679999,XRP,1m,1.3943,1.3934,1.3943,1.3934,1709.0,7
2026-02-10 21:58:00,1770760739999,XRP,1m,1.3933,1.3933,1.3933,1.3933,3200.0,3
2026-02-10 21:59:00,1770760799999,XRP,1m,1.3939,1.3945,1.3952,1.3939,7024.0,10
2026-02-10 22:00:00,1770760859999,XRP,1m,1.3959,1.3964,1.3968,1.3959,2317.0,11
2026-02-10 22:01:00,1770760919999,XRP,1m,1.3963,1.3961,1.3963,1.3955,22108.0,17
2026-02-10 22:02:00,1770760979999,XRP,1m,1.396,1.3957,1.3963,1.3957,2289.0,4
2026-02-10 22:03:00,1770761039999,XRP,1m,1.396,1.3961,1.3961,1.3949,7733.0,9
2026-02-10 22:04:00,1770761099999,XRP,1m,1.3963,1.3963,1.3963,1.3963,206.0,1
2026-02-10 22:05:00,1770761159999,XRP,1m,1.3969,1.3968,1.397,1.3965,4359.0,6
2026-02-10 22:06:00,1770761219999,XRP,1m,1.3966,1.3959,1.3966,1.3959,9938.0,12
2026-02-10 22:07:00,1770761279999,XRP,1m,1.3959,1.3952,1.3959,1.3952,2562.0,5
2026-02-10 22:08:00,1770761339999,XRP,1m,1.3953,1.3948,1.3955,1.3948,1601.0,14
2026-02-10 22:09:00,1770761399999,XRP,1m,1.3942,1.3939,1.3944,1.3938,2878.0,13
2026-02-10 22:10:00,1770761459999,XRP,1m,1.3938,1.3942,1.3942,1.3936,378.0,9
2026-02-10 22:11:00,1770761519999,XRP,1m,1.3933,1.3926,1.3933,1.3923,15505.0,16
2026-02-10 22:12:00,1770761579999,XRP,1m,1.3928,1.3935,1.3935,1.3928,1576.0,3
2026-02-10 22:13:00,1770761639999,XRP,1m,1.3924,1.3949,1.3949,1.3924,5850.0,11
2026-02-10 22:14:00,1770761699999,XRP,1m,1.3949,1.3949,1.3949,1.3949,0.0,0
2026-02-10 22:15:00,1770761759999,XRP,1m,1.3943,1.3941,1.3944,1.3941,526.0,5
2026-02-10 22:16:00,1770761819999,XRP,1m,1.3951,1.3959,1.396,1.3951,8937.0,11
2026-02-10 22:17:00,1770761879999,XRP,1m,1.3961,1.3957,1.3961,1.3951,4158.0,5
2026-02-10 22:18:00,1770761939999,XRP,1m,1.3953,1.3956,1.3959,1.3951,39117.0,21
2026-02-10 22:19:00,1770761999999,XRP,1m,1.3956,1.3952,1.3956,1.3952,6721.0,7
2026-02-10 22:20:00,1770762059999,XRP,1m,1.395,1.395,1.395,1.3947,1700.0,7
2026-02-10 22:21:00,1770762119999,XRP,1m,1.3951,1.3956,1.3956,1.3951,319.0,2
2026-02-10 22:22:00,1770762179999,XRP,1m,1.3963,1.396,1.3963,1.396,1285.0,3
2026-02-10 22:23:00,1770762239999,XRP,1m,1.396,1.3968,1.3968,1.396,5013.0,6
2026-02-10 22:24:00,1770762299999,XRP,1m,1.3962,1.3968,1.3969,1.3962,35858.0,17
2026-02-10 22:25:00,1770762359999,XRP,1m,1.3968,1.3977,1.3977,1.3968,26848.0,13
2026-02-10 22:26:00,1770762419999,XRP,1m,1.3971,1.397,1.3971,1.3962,33653.0,24
2026-02-10 22:27:00,1770762479999,XRP,1m,1.3975,1.3976,1.3978,1.3975,12998.0,9
2026-02-10 22:28:00,1770762539999,XRP,1m,1.3974,1.3972,1.3974,1.3972,52.0,4
2026-02-10 22:29:00,1770762599999,XRP,1m,1.3972,1.3975,1.3975,1.3972,1648.0,2
2026-02-10 22:30:00,1770762659999,XRP,1m,1.3973,1.3977,1.3977,1.3967,1388.0,10
2026-02-10 22:31:00,1770762719999,XRP,1m,1.3977,1.3989,1.3991,1.3971,26944.0,35
2026-02-10 22:32:00,1770762779999,XRP,1m,1.3992,1.3994,1.3995,1.3988,2809.0,12
2026-02-10 22:33:00,1770762839999,XRP,1m,1.3996,1.4001,1.4002,1.3996,2936.0,10
2026-02-10 22:34:00,1770762899999,XRP,1m,1.4002,1.4001,1.4003,1.4,35860.0,22
2026-02-10 22:35:00,1770762959999,XRP,1m,1.4003,1.4011,1.4012,1.4003,1675.0,11
2026-02-10 22:36:00,1770763019999,XRP,1m,1.401,1.4014,1.4017,1.401,8773.0,17
2026-02-10 22:37:00,1770763079999,XRP,1m,1.4013,1.4006,1.4013,1.4002,2117.0,13
2026-02-10 22:38:00,1770763139999,XRP,1m,1.4009,1.4024,1.4024,1.4009,8182.0,15
2026-02-10 22:39:00,1770763199999,XRP,1m,1.402,1.4032,1.4032,1.4019,4846.0,21
2026-02-10 22:40:00,1770763259999,XRP,1m,1.4036,1.4027,1.4038,1.4026,17870.0,16
2026-02-10 22:41:00,1770763319999,XRP,1m,1.4026,1.4021,1.4026,1.4021,3245.0,5
2026-02-10 22:42:00,1770763379999,XRP,1m,1.4021,1.4021,1.4021,1.4021,31.0,2
2026-02-10 22:43:00,1770763439999,XRP,1m,1.4012,1.4009,1.4012,1.4009,2453.0,7
2026-02-10 22:44:00,1770763499999,XRP,1m,1.4012,1.4012,1.4012,1.4012,1917.0,1
2026-02-10 22:45:00,1770763559999,XRP,1m,1.4016,1.4015,1.4016,1.4014,3263.0,7
2026-02-10 22:46:00,1770763619999,XRP,1m,1.4014,1.3995,1.4015,1.3995,18839.0,25
2026-02-10 22:47:00,1770763679999,XRP,1m,1.3995,1.3999,1.3999,1.3993,7152.0,5
2026-02-10 22:48:00,1770763739999,XRP,1m,1.3998,1.399,1.3998,1.3985,6720.0,11
2026-02-10 22:49:00,1770763799999,XRP,1m,1.3987,1.3986,1.3987,1.3986,150.0,3
2026-02-10 22:50:00,1770763859999,XRP,1m,1.3984,1.3984,1.3984,1.3981,3116.0,7
2026-02-10 22:51:00,1770763919999,XRP,1m,1.3984,1.3984,1.3984,1.3984,0.0,0
2026-02-10 22:52:00,1770763979999,XRP,1m,1.3983,1.3981,1.3983,1.3977,579.0,5
2026-02-10 22:53:00,1770764039999,XRP,1m,1.3986,1.3986,1.3986,1.3986,28.0,1
2026-02-10 22:54:00,1770764099999,XRP,1m,1.3978,1.3978,1.3979,1.3978,15900.0,12
2026-02-10 22:55:00,1770764159999,XRP,1m,1.3985,1.3987,1.3987,1.3985,5699.0,4
2026-02-10 22:56:00,1770764219999,XRP,1m,1.4,1.4003,1.4003,1.4,13023.0,11
2026-02-10 22:57:00,1770764279999,XRP,1m,1.3996,1.3996,1.3996,1.3996,53.0,1
2026-02-10 22:58:00,1770764339999,XRP,1m,1.399,1.3995,1.3995,1.399,313.0,2
2026-02-10 22:59:00,1770764399999,XRP,1m,1.4001,1.3984,1.4002,1.3984,4090.0,9
2026-02-10 23:00:00,1770764459999,XRP,1m,1.3986,1.3989,1.3991,1.3983,3911.0,6
2026-02-10 23:01:00,1770764519999,XRP,1m,1.3988,1.3984,1.3988,1.3984,51.0,2
2026-02-10 23:02:00,1770764579999,XRP,1m,1.3984,1.3995,1.3999,1.3984,5198.0,8
2026-02-10 23:03:00,1770764639999,XRP,1m,1.3988,1.3995,1.3995,1.3988,1609.0,2
2026-02-10 23:04:00,1770764699999,XRP,1m,1.3993,1.3984,1.3993,1.3984,246.0,4
2026-02-10 23:05:00,1770764759999,XRP,1m,1.3983,1.3973,1.3983,1.3966,28133.0,22
2026-02-10 23:06:00,1770764819999,XRP,1m,1.3974,1.3974,1.3974,1.397,5917.0,8
2026-02-10 23:07:00,1770764879999,XRP,1m,1.3973,1.3948,1.3973,1.3948,3436.0,11
2026-02-10 23:08:00,1770764939999,XRP,1m,1.3957,1.3953,1.396,1.3953,7294.0,8
2026-02-10 23:09:00,1770764999999,XRP,1m,1.3958,1.3961,1.3964,1.3955,13447.0,11
2026-02-10 23:10:00,1770765059999,XRP,1m,1.3959,1.3965,1.3968,1.3959,2045.0,6
2026-02-10 23:11:00,1770765119999,XRP,1m,1.3964,1.3964,1.3964,1.3964,28.0,1
2026-02-10 23:12:00,1770765179999,XRP,1m,1.3961,1.3961,1.3961,1.3961,12.0,1
2026-02-10 23:13:00,1770765239999,XRP,1m,1.3962,1.3951,1.3962,1.3951,6518.0,5
2026-02-10 23:14:00,1770765299999,XRP,1m,1.3957,1.3956,1.3957,1.3956,3356.0,2
2026-02-10 23:15:00,1770765359999,XRP,1m,1.3951,1.3952,1.3952,1.3951,172.0,3
2026-02-10 23:16:00,1770765419999,XRP,1m,1.3948,1.3954,1.3958,1.3948,17705.0,20
2026-02-10 23:17:00,1770765479999,XRP,1m,1.3952,1.3952,1.3952,1.3952,28.0,1
2026-02-10 23:18:00,1770765539999,XRP,1m,1.3949,1.3959,1.3959,1.3948,22719.0,17
2026-02-10 23:19:00,1770765599999,XRP,1m,1.3961,1.3961,1.3961,1.3961,1456.0,3
2026-02-10 23:20:00,1770765659999,XRP,1m,1.3962,1.3971,1.3977,1.3962,19769.0,23
2026-02-10 23:21:00,1770765719999,XRP,1m,1.3965,1.3957,1.3965,1.3957,27501.0,17
2026-02-10 23:22:00,1770765779999,XRP,1m,1.396,1.3959,1.3964,1.3959,136.0,5
2026-02-10 23:23:00,1770765839999,XRP,1m,1.3963,1.397,1.397,1.3961,1011.0,7
2026-02-10 23:24:00,1770765899999,XRP,1m,1.3964,1.396,1.3964,1.396,293.0,5
2026-02-10 23:25:00,1770765959999,XRP,1m,1.3965,1.3965,1.3966,1.3964,22324.0,19
2026-02-10 23:26:00,1770766019999,XRP,1m,1.3964,1.3957,1.3964,1.3957,117.0,4
2026-02-10 23:27:00,1770766079999,XRP,1m,1.3958,1.3964,1.3967,1.3958,14209.0,18
2026-02-10 23:28:00,1770766139999,XRP,1m,1.3963,1.3967,1.3971,1.3963,124.0,5
2026-02-10 23:29:00,1770766199999,XRP,1m,1.3967,1.3962,1.3972,1.3962,9002.0,13
2026-02-10 23:30:00,1770766259999,XRP,1m,1.3952,1.3949,1.3953,1.3949,2156.0,10
2026-02-10 23:31:00,1770766319999,XRP,1m,1.395,1.3965,1.3965,1.395,718.0,6
2026-02-10 23:32:00,1770766379999,XRP,1m,1.3969,1.3984,1.3984,1.3969,343.0,11
2026-02-10 23:33:00,1770766439999,XRP,1m,1.3988,1.3988,1.3988,1.3984,4128.0,9
2026-02-10 23:34:00,1770766499999,XRP,1m,1.3982,1.3983,1.3984,1.3978,4896.0,13
2026-02-10 23:35:00,1770766559999,XRP,1m,1.3989,1.3989,1.399,1.3989,115.0,5
2026-02-10 23:36:00,1770766619999,XRP,1m,1.399,1.3983,1.399,1.3983,16084.0,14
2026-02-10 23:37:00,1770766679999,XRP,1m,1.3991,1.399,1.3991,1.399,3369.0,3
2026-02-10 23:38:00,1770766739999,XRP,1m,1.3991,1.4,1.4,1.3991,172655.0,71
2026-02-10 23:39:00,1770766799999,XRP,1m,1.4001,1.3994,1.4001,1.3994,7653.0,5
2026-02-10 23:40:00,1770766859999,XRP,1m,1.3994,1.3988,1.3994,1.3988,33116.0,15
2026-02-10 23:41:00,1770766919999,XRP,1m,1.399,1.3988,1.399,1.3988,7375.0,4
2026-02-10 23:42:00,1770766979999,XRP,1m,1.3991,1.3994,1.3995,1.3991,11148.0,11
2026-02-10 23:43:00,1770767039999,XRP,1m,1.3996,1.3999,1.4002,1.3996,11056.0,11
2026-02-10 23:44:00,1770767099999,XRP,1m,1.4,1.3999,1.4002,1.3999,2498.0,6
2026-02-10 23:45:00,1770767159999,XRP,1m,1.3998,1.3987,1.3998,1.3985,1856.0,10
2026-02-10 23:46:00,1770767219999,XRP,1m,1.3991,1.3991,1.3991,1.3991,301.0,2
2026-02-10 23:47:00,1770767279999,XRP,1m,1.3991,1.3993,1.3993,1.3991,4281.0,6
2026-02-10 23:48:00,1770767339999,XRP,1m,1.3994,1.3998,1.3998,1.3994,84.0,3
2026-02-10 23:49:00,1770767399999,XRP,1m,1.3999,1.3998,1.4003,1.3998,2622.0,5
2026-02-10 23:50:00,1770767459999,XRP,1m,1.4,1.4004,1.4004,1.4,1295.0,4
2026-02-10 23:51:00,1770767519999,XRP,1m,1.3999,1.3999,1.3999,1.3999,15.0,1
2026-02-10 23:52:00,1770767579999,XRP,1m,1.3998,1.4001,1.4001,1.3998,4432.0,12
2026-02-10 23:53:00,1770767639999,XRP,1m,1.4001,1.4,1.4001,1.4,43.0,3
2026-02-10 23:54:00,1770767699999,XRP,1m,1.3997,1.3998,1.3998,1.3997,26.0,2
2026-02-10 23:55:00,1770767759999,XRP,1m,1.3988,1.3989,1.3989,1.3987,43.0,3
2026-02-10 23:56:00,1770767819999,XRP,1m,1.399,1.3986,1.399,1.3986,153.0,8
2026-02-10 23:57:00,1770767879999,XRP,1m,1.3986,1.3985,1.3986,1.3985,1130.0,2
2026-02-10 23:58:00,1770767939999,XRP,1m,1.3984,1.3987,1.3987,1.3984,4724.0,8
2026-02-10 23:59:00,1770767999999,XRP,1m,1.3982,1.3989,1.3989,1.3979,3733.0,10
2026-02-11 00:00:00,1770768059999,XRP,1m,1.3987,1.3989,1.3989,1.3986,25822.0,31
2026-02-11 00:01:00,1770768119999,XRP,1m,1.3989,1.3982,1.3989,1.3982,18034.0,20
2026-02-11 00:02:00,1770768179999,XRP,1m,1.3986,1.3991,1.3992,1.3985,6772.0,13
2026-02-11 00:03:00,1770768239999,XRP,1m,1.3989,1.3993,1.3994,1.3989,57981.0,28
2026-02-11 00:04:00,1770768299999,XRP,1m,1.3996,1.3993,1.3997,1.3993,5775.0,13
2026-02-11 00:05:00,1770768359999,XRP,1m,1.4007,1.4016,1.4017,1.4006,6056.0,32
2026-02-11 00:06:00,1770768419999,XRP,1m,1.4016,1.4005,1.4017,1.4003,16258.0,19
2026-02-11 00:07:00,1770768479999,XRP,1m,1.4001,1.4003,1.4003,1.3998,2327.0,10
2026-02-11 00:08:00,1770768539999,XRP,1m,1.4002,1.401,1.4011,1.4002,2037.0,8
2026-02-11 00:09:00,1770768599999,XRP,1m,1.4014,1.402,1.402,1.4013,9758.0,13
2026-02-11 00:10:00,1770768659999,XRP,1m,1.4005,1.4016,1.402,1.4005,27315.0,21
2026-02-11 00:11:00,1770768719999,XRP,1m,1.4009,1.4005,1.4009,1.4005,993.0,4
2026-02-11 00:12:00,1770768779999,XRP,1m,1.4007,1.4007,1.4007,1.4007,43.0,1
2026-02-11 00:13:00,1770768839999,XRP,1m,1.4006,1.3999,1.4006,1.3999,3002.0,14
2026-02-11 00:14:00,1770768899999,XRP,1m,1.3999,1.3996,1.3999,1.3996,837.0,8
2026-02-11 00:15:00,1770768959999,XRP,1m,1.3993,1.4004,1.4004,1.3993,2782.0,9
2026-02-11 00:16:00,1770769019999,XRP,1m,1.4012,1.4011,1.4012,1.4011,211.0,6
2026-02-11 00:17:00,1770769079999,XRP,1m,1.4011,1.4014,1.4015,1.4005,203.0,7
2026-02-11 00:18:00,1770769139999,XRP,1m,1.4022,1.4022,1.4029,1.4022,5286.0,14
2026-02-11 00:19:00,1770769199999,XRP,1m,1.4025,1.4025,1.4026,1.4025,5619.0,10
2026-02-11 00:20:00,1770769259999,XRP,1m,1.403,1.403,1.4033,1.4029,34353.0,29
2026-02-11 00:21:00,1770769319999,XRP,1m,1.4031,1.4033,1.4033,1.4028,1678.0,10
2026-02-11 00:22:00,1770769379999,XRP,1m,1.4032,1.4033,1.4047,1.4032,37605.0,34
2026-02-11 00:23:00,1770769439999,XRP,1m,1.4035,1.4039,1.4042,1.4035,1850.0,8
2026-02-11 00:24:00,1770769499999,XRP,1m,1.4043,1.4046,1.4046,1.4036,6048.0,11
2026-02-11 00:25:00,1770769559999,XRP,1m,1.4042,1.4043,1.4045,1.4042,2139.0,11
2026-02-11 00:26:00,1770769619999,XRP,1m,1.4042,1.4055,1.4059,1.4041,10543.0,20
2026-02-11 00:27:00,1770769679999,XRP,1m,1.4052,1.4051,1.4055,1.4051,372.0,8
2026-02-11 00:28:00,1770769739999,XRP,1m,1.4049,1.4041,1.4049,1.404,6652.0,12
2026-02-11 00:29:00,1770769799999,XRP,1m,1.4041,1.4042,1.4043,1.4041,4234.0,7
2026-02-11 00:30:00,1770769859999,XRP,1m,1.4043,1.403,1.4043,1.403,7713.0,21
2026-02-11 00:31:00,1770769919999,XRP,1m,1.4031,1.4035,1.4039,1.4031,43402.0,34
2026-02-11 00:32:00,1770769979999,XRP,1m,1.4042,1.4047,1.4047,1.4042,2070.0,8
2026-02-11 00:33:00,1770770039999,XRP,1m,1.4046,1.4037,1.4046,1.4035,19859.0,19
2026-02-11 00:34:00,1770770099999,XRP,1m,1.4032,1.4037,1.4037,1.4032,158.0,4
2026-02-11 00:35:00,1770770159999,XRP,1m,1.4048,1.4068,1.4068,1.4048,1236.0,14
2026-02-11 00:36:00,1770770219999,XRP,1m,1.4067,1.4078,1.4078,1.4064,32308.0,25
2026-02-11 00:37:00,1770770279999,XRP,1m,1.4079,1.4078,1.4079,1.4075,4185.0,9
2026-02-11 00:38:00,1770770339999,XRP,1m,1.4077,1.4064,1.4077,1.4064,159.0,4
2026-02-11 00:39:00,1770770399999,XRP,1m,1.4054,1.4055,1.4058,1.4054,385.0,7
2026-02-11 00:40:00,1770770459999,XRP,1m,1.4059,1.4055,1.4059,1.4055,4199.0,10
2026-02-11 00:41:00,1770770519999,XRP,1m,1.4053,1.4045,1.4053,1.4045,950.0,7
2026-02-11 00:42:00,1770770579999,XRP,1m,1.4048,1.4039,1.4048,1.4039,9332.0,16
2026-02-11 00:43:00,1770770639999,XRP,1m,1.4049,1.4057,1.4058,1.4049,5869.0,13
2026-02-11 00:44:00,1770770699999,XRP,1m,1.4057,1.406,1.406,1.4057,2799.0,4
2026-02-11 00:45:00,1770770759999,XRP,1m,1.4064,1.4054,1.4064,1.4054,10220.0,13
2026-02-11 00:46:00,1770770819999,XRP,1m,1.4059,1.4072,1.4073,1.4059,2271.0,7
2026-02-11 00:47:00,1770770879999,XRP,1m,1.4072,1.4072,1.4072,1.4069,249.0,4
2026-02-11 00:48:00,1770770939999,XRP,1m,1.4067,1.4065,1.4067,1.4054,3376.0,11
2026-02-11 00:49:00,1770770999999,XRP,1m,1.4062,1.4074,1.4074,1.4062,5097.0,7
2026-02-11 00:50:00,1770771059999,XRP,1m,1.4076,1.4074,1.4077,1.4074,4581.0,8
2026-02-11 00:51:00,1770771119999,XRP,1m,1.4074,1.4077,1.4078,1.4074,20085.0,16
2026-02-11 00:52:00,1770771179999,XRP,1m,1.408,1.41,1.41,1.408,28573.0,24
2026-02-11 00:53:00,1770771239999,XRP,1m,1.41,1.4106,1.4112,1.41,129595.0,51
2026-02-11 00:54:00,1770771299999,XRP,1m,1.4108,1.4119,1.4119,1.4106,5340.0,17
2026-02-11 00:55:00,1770771359999,XRP,1m,1.4119,1.4117,1.4121,1.4115,6571.0,23
2026-02-11 00:56:00,1770771419999,XRP,1m,1.4118,1.41,1.4118,1.4099,26772.0,30
2026-02-11 00:57:00,1770771479999,XRP,1m,1.4098,1.4105,1.4105,1.4098,48907.0,29
2026-02-11 00:58:00,1770771539999,XRP,1m,1.4105,1.4102,1.4114,1.4102,1873.0,14
2026-02-11 00:59:00,1770771599999,XRP,1m,1.4094,1.4095,1.4095,1.4089,56134.0,33
2026-02-11 01:00:00,1770771659999,XRP,1m,1.4092,1.4089,1.4092,1.4081,12574.0,24
2026-02-11 01:01:00,1770771719999,XRP,1m,1.4082,1.4095,1.4095,1.4082,50139.0,38
2026-02-11 01:02:00,1770771779999,XRP,1m,1.4095,1.4099,1.4102,1.409,140668.0,63
2026-02-11 01:03:00,1770771839999,XRP,1m,1.4103,1.4104,1.4109,1.4102,26400.0,23
2026-02-11 01:04:00,1770771899999,XRP,1m,1.4109,1.4111,1.4113,1.4109,15213.0,14
2026-02-11 01:05:00,1770771959999,XRP,1m,1.4105,1.408,1.4105,1.408,27174.0,31
2026-02-11 01:06:00,1770772019999,XRP,1m,1.4075,1.407,1.4075,1.4068,86120.0,55
2026-02-11 01:07:00,1770772079999,XRP,1m,1.4064,1.4084,1.4084,1.4064,71857.0,41
2026-02-11 01:08:00,1770772139999,XRP,1m,1.4074,1.4058,1.4074,1.4058,13433.0,13
2026-02-11 01:09:00,1770772199999,XRP,1m,1.4059,1.4066,1.4067,1.4059,28121.0,23
2026-02-11 01:10:00,1770772259999,XRP,1m,1.4066,1.4063,1.4072,1.4063,113669.0,55
2026-02-11 01:11:00,1770772319999,XRP,1m,1.4067,1.4071,1.4073,1.4066,10501.0,15
2026-02-11 01:12:00,1770772379999,XRP,1m,1.407,1.4074,1.4074,1.407,7318.0,8
2026-02-11 01:13:00,1770772439999,XRP,1m,1.4075,1.4087,1.4087,1.4075,17850.0,25
2026-02-11 01:14:00,1770772499999,XRP,1m,1.4086,1.4087,1.409,1.4086,13449.0,11
2026-02-11 01:15:00,1770772559999,XRP,1m,1.4096,1.4107,1.4107,1.4096,14047.0,18
2026-02-11 01:16:00,1770772619999,XRP,1m,1.4108,1.4108,1.411,1.4102,49495.0,29
2026-02-11 01:17:00,1770772679999,XRP,1m,1.4099,1.4095,1.4099,1.4094,3586.0,7
2026-02-11 01:18:00,1770772739999,XRP,1m,1.4099,1.4106,1.4106,1.4099,8653.0,13
2026-02-11 01:19:00,1770772799999,XRP,1m,1.4101,1.4104,1.4104,1.4097,35404.0,16
2026-02-11 01:20:00,1770772859999,XRP,1m,1.4104,1.4099,1.4104,1.4098,7956.0,11
2026-02-11 01:21:00,1770772919999,XRP,1m,1.4089,1.4078,1.4089,1.4078,16201.0,20
2026-02-11 01:22:00,1770772979999,XRP,1m,1.4079,1.4091,1.4092,1.4079,216.0,6
2026-02-11 01:23:00,1770773039999,XRP,1m,1.409,1.4092,1.4095,1.409,1811.0,6
2026-02-11 01:24:00,1770773099999,XRP,1m,1.409,1.407,1.409,1.4068,60431.0,42
2026-02-11 01:25:00,1770773159999,XRP,1m,1.4078,1.4079,1.4079,1.4077,8606.0,8
2026-02-11 01:26:00,1770773219999,XRP,1m,1.4081,1.4078,1.4082,1.4078,244.0,5
2026-02-11 01:27:00,1770773279999,XRP,1m,1.4078,1.4079,1.4079,1.4074,241.0,5
2026-02-11 01:28:00,1770773339999,XRP,1m,1.4082,1.4082,1.4082,1.4082,96.0,2
2026-02-11 01:29:00,1770773399999,XRP,1m,1.4084,1.4082,1.4102,1.4082,417.0,10
2026-02-11 01:30:00,1770773459999,XRP,1m,1.4097,1.4105,1.4106,1.4096,2524.0,11
2026-02-11 01:31:00,1770773519999,XRP,1m,1.41,1.4099,1.4101,1.4093,1238.0,9
2026-02-11 01:32:00,1770773579999,XRP,1m,1.4097,1.4101,1.4102,1.4096,3988.0,18
2026-02-11 01:33:00,1770773639999,XRP,1m,1.4097,1.4086,1.4097,1.4084,1229.0,9
2026-02-11 01:34:00,1770773699999,XRP,1m,1.4098,1.4099,1.4102,1.4095,5603.0,11
2026-02-11 01:35:00,1770773759999,XRP,1m,1.411,1.4127,1.4133,1.411,4198.0,26
2026-02-11 01:36:00,1770773819999,XRP,1m,1.4131,1.4121,1.4131,1.4121,152.0,3
2026-02-11 01:37:00,1770773879999,XRP,1m,1.412,1.4115,1.4125,1.4115,727.0,5
2026-02-11 01:38:00,1770773939999,XRP,1m,1.4115,1.4121,1.4121,1.4111,8016.0,18
2026-02-11 01:39:00,1770773999999,XRP,1m,1.411,1.4096,1.411,1.4096,335.0,7
2026-02-11 01:40:00,1770774059999,XRP,1m,1.4101,1.41,1.4102,1.41,5150.0,11
2026-02-11 01:41:00,1770774119999,XRP,1m,1.4103,1.4096,1.4103,1.4096,18512.0,21
2026-02-11 01:42:00,1770774179999,XRP,1m,1.4099,1.4123,1.4123,1.4098,10079.0,12
2026-02-11 01:43:00,1770774239999,XRP,1m,1.4124,1.4127,1.4134,1.4124,126272.0,58
2026-02-11 01:44:00,1770774299999,XRP,1m,1.4126,1.4122,1.4126,1.4121,6989.0,25
2026-02-11 01:45:00,1770774359999,XRP,1m,1.4121,1.4114,1.4128,1.4114,46933.0,30
2026-02-11 01:46:00,1770774419999,XRP,1m,1.4108,1.4108,1.4111,1.4108,7662.0,8
2026-02-11 01:47:00,1770774479999,XRP,1m,1.4108,1.4117,1.4117,1.4108,748.0,11
2026-02-11 01:48:00,1770774539999,XRP,1m,1.4116,1.4118,1.4118,1.4113,538.0,9
2026-02-11 01:49:00,1770774599999,XRP,1m,1.4118,1.411,1.4118,1.411,7437.0,9
2026-02-11 01:50:00,1770774659999,XRP,1m,1.4108,1.4114,1.4115,1.4108,3662.0,8
2026-02-11 01:51:00,1770774719999,XRP,1m,1.4113,1.4115,1.4116,1.411,1220.0,13
2026-02-11 01:52:00,1770774779999,XRP,1m,1.4117,1.412,1.412,1.4115,223.0,5
2026-02-11 01:53:00,1770774839999,XRP,1m,1.4121,1.4124,1.4131,1.4121,633.0,8
2026-02-11 01:54:00,1770774899999,XRP,1m,1.4121,1.411,1.4129,1.411,20381.0,28
2026-02-11 01:55:00,1770774959999,XRP,1m,1.4111,1.4102,1.4111,1.4099,1412.0,9
2026-02-11 01:56:00,1770775019999,XRP,1m,1.4108,1.4106,1.4108,1.4105,164.0,5
2026-02-11 01:57:00,1770775079999,XRP,1m,1.4107,1.4104,1.4107,1.4098,399.0,8
2026-02-11 01:58:00,1770775139999,XRP,1m,1.4104,1.4096,1.4104,1.4096,7985.0,9
2026-02-11 01:59:00,1770775199999,XRP,1m,1.4096,1.4089,1.4096,1.4089,7211.0,12
2026-02-11 02:00:00,1770775259999,XRP,1m,1.4092,1.4112,1.4112,1.4092,4428.0,8
2026-02-11 02:01:00,1770775319999,XRP,1m,1.4119,1.4129,1.4132,1.4119,625.0,9
2026-02-11 02:02:00,1770775379999,XRP,1m,1.4125,1.416,1.416,1.4125,34713.0,44
2026-02-11 02:03:00,1770775439999,XRP,1m,1.4157,1.4168,1.4169,1.4157,6878.0,28
2026-02-11 02:04:00,1770775499999,XRP,1m,1.4169,1.4165,1.4169,1.4163,4488.0,12
2026-02-11 02:05:00,1770775559999,XRP,1m,1.4168,1.4175,1.4175,1.4167,153036.0,71
2026-02-11 02:06:00,1770775619999,XRP,1m,1.4176,1.4166,1.4182,1.4166,13752.0,24
2026-02-11 02:07:00,1770775679999,XRP,1m,1.4174,1.4172,1.4174,1.4169,2386.0,8
2026-02-11 02:08:00,1770775739999,XRP,1m,1.4173,1.4169,1.4173,1.4164,481.0,7
2026-02-11 02:09:00,1770775799999,XRP,1m,1.4169,1.4173,1.4175,1.4164,15365.0,15
2026-02-11 02:10:00,1770775859999,XRP,1m,1.4175,1.4155,1.4175,1.4144,3106.0,10
2026-02-11 02:11:00,1770775919999,XRP,1m,1.4157,1.4153,1.4157,1.4152,5706.0,7
2026-02-11 02:12:00,1770775979999,XRP,1m,1.4157,1.415,1.4157,1.4144,212.0,5
2026-02-11 02:13:00,1770776039999,XRP,1m,1.4149,1.415,1.4151,1.4147,934.0,11
2026-02-11 02:14:00,1770776099999,XRP,1m,1.4146,1.414,1.4149,1.414,187.0,7
2026-02-11 02:15:00,1770776159999,XRP,1m,1.4138,1.415,1.415,1.4138,57342.0,35
2026-02-11 02:16:00,1770776219999,XRP,1m,1.415,1.4167,1.4169,1.415,13594.0,15
2026-02-11 02:17:00,1770776279999,XRP,1m,1.4165,1.4163,1.4165,1.4158,5156.0,9
2026-02-11 02:18:00,1770776339999,XRP,1m,1.4166,1.4171,1.4177,1.4166,647.0,7
2026-02-11 02:19:00,1770776399999,XRP,1m,1.4165,1.4165,1.4166,1.4159,22178.0,19
2026-02-11 02:20:00,1770776459999,XRP,1m,1.4167,1.4159,1.4167,1.4159,14403.0,15
2026-02-11 02:21:00,1770776519999,XRP,1m,1.4161,1.4155,1.4163,1.4152,32528.0,25
2026-02-11 02:22:00,1770776579999,XRP,1m,1.4155,1.4162,1.4163,1.4152,9043.0,14
2026-02-11 02:23:00,1770776639999,XRP,1m,1.4167,1.4176,1.4189,1.4167,5986.0,23
2026-02-11 02:24:00,1770776699999,XRP,1m,1.4168,1.4163,1.4169,1.4161,1437.0,9
2026-02-11 02:25:00,1770776759999,XRP,1m,1.4159,1.4161,1.4162,1.4154,1556.0,12
2026-02-11 02:26:00,1770776819999,XRP,1m,1.4161,1.4181,1.4184,1.4161,6674.0,13
2026-02-11 02:27:00,1770776879999,XRP,1m,1.4188,1.4177,1.4189,1.4175,2223.0,9
2026-02-11 02:28:00,1770776939999,XRP,1m,1.4177,1.4181,1.4186,1.4172,75101.0,42
2026-02-11 02:29:00,1770776999999,XRP,1m,1.4181,1.4186,1.4186,1.4175,26294.0,28
2026-02-11 02:30:00,1770777059999,XRP,1m,1.4187,1.4178,1.4189,1.4178,11163.0,27
2026-02-11 02:31:00,1770777119999,XRP,1m,1.4179,1.4188,1.4192,1.4179,3183.0,16
2026-02-11 02:32:00,1770777179999,XRP,1m,1.4187,1.4182,1.419,1.4178,4322.0,21
2026-02-11 02:33:00,1770777239999,XRP,1m,1.4184,1.4186,1.419,1.4184,5617.0,25
2026-02-11 02:34:00,1770777299999,XRP,1m,1.4188,1.4179,1.4193,1.4179,21335.0,30
2026-02-11 02:35:00,1770777359999,XRP,1m,1.4176,1.4173,1.4182,1.4173,4175.0,17
2026-02-11 02:36:00,1770777419999,XRP,1m,1.4173,1.4158,1.4173,1.4157,1158.0,7
2026-02-11 02:37:00,1770777479999,XRP,1m,1.4161,1.4161,1.4161,1.4155,4451.0,13
2026-02-11 02:38:00,1770777539999,XRP,1m,1.416,1.4155,1.4167,1.4155,3970.0,13
2026-02-11 02:39:00,1770777599999,XRP,1m,1.4155,1.415,1.416,1.415,37866.0,40
2026-02-11 02:40:00,1770777659999,XRP,1m,1.4151,1.416,1.416,1.415,6201.0,15
2026-02-11 02:41:00,1770777719999,XRP,1m,1.4154,1.4156,1.416,1.4148,7111.0,17
2026-02-11 02:42:00,1770777779999,XRP,1m,1.4161,1.4162,1.4181,1.4161,49962.0,40
2026-02-11 02:43:00,1770777839999,XRP,1m,1.4162,1.4155,1.4163,1.4155,5415.0,10
2026-02-11 02:44:00,1770777899999,XRP,1m,1.4158,1.4144,1.4159,1.4144,3326.0,13
2026-02-11 02:45:00,1770777959999,XRP,1m,1.4138,1.4114,1.4138,1.4114,170580.0,90
2026-02-11 02:46:00,1770778019999,XRP,1m,1.4113,1.411,1.4113,1.4103,19396.0,28
2026-02-11 02:47:00,1770778079999,XRP,1m,1.4109,1.4119,1.4121,1.4105,56250.0,36
2026-02-11 02:48:00,1770778139999,XRP,1m,1.4117,1.4093,1.4121,1.4092,11519.0,26
2026-02-11 02:49:00,1770778199999,XRP,1m,1.4089,1.4088,1.4096,1.4088,33045.0,25
2026-02-11 02:50:00,1770778259999,XRP,1m,1.4088,1.4105,1.4113,1.4088,1500.0,13
2026-02-11 02:51:00,1770778319999,XRP,1m,1.4106,1.4102,1.4106,1.4099,4286.0,17
2026-02-11 02:52:00,1770778379999,XRP,1m,1.4097,1.4104,1.4104,1.4096,1487.0,11
2026-02-11 02:53:00,1770778439999,XRP,1m,1.4104,1.409,1.4104,1.409,8667.0,21
2026-02-11 02:54:00,1770778499999,XRP,1m,1.4091,1.4092,1.4093,1.4088,1627.0,15
2026-02-11 02:55:00,1770778559999,XRP,1m,1.4095,1.4092,1.4103,1.4092,2070.0,18
2026-02-11 02:56:00,1770778619999,XRP,1m,1.409,1.4097,1.4097,1.409,1018.0,14
2026-02-11 02:57:00,1770778679999,XRP,1m,1.4096,1.4096,1.41,1.4095,36781.0,26
2026-02-11 02:58:00,1770778739999,XRP,1m,1.4093,1.4095,1.4098,1.4093,96630.0,27
2026-02-11 02:59:00,1770778799999,XRP,1m,1.4094,1.4088,1.4094,1.4088,4242.0,17
2026-02-11 03:00:00,1770778859999,XRP,1m,1.4094,1.4094,1.4099,1.4092,768.0,19
2026-02-11 03:01:00,1770778919999,XRP,1m,1.4085,1.4101,1.4102,1.4077,18610.0,31
2026-02-11 03:02:00,1770778979999,XRP,1m,1.4096,1.4103,1.4104,1.4096,531.0,16
2026-02-11 03:03:00,1770779039999,XRP,1m,1.4101,1.4091,1.4101,1.4084,529.0,13
2026-02-11 03:04:00,1770779099999,XRP,1m,1.408,1.4087,1.41,1.4074,11569.0,29
2026-02-11 03:05:00,1770779159999,XRP,1m,1.4085,1.4087,1.4087,1.4074,578.0,10
2026-02-11 03:06:00,1770779219999,XRP,1m,1.4083,1.4079,1.4087,1.4077,8510.0,19
2026-02-11 03:07:00,1770779279999,XRP,1m,1.4081,1.4082,1.4083,1.4077,449.0,10
2026-02-11 03:08:00,1770779339999,XRP,1m,1.4087,1.4078,1.4091,1.4075,3125.0,17
2026-02-11 03:09:00,1770779399999,XRP,1m,1.4077,1.4081,1.4085,1.4077,2790.0,13
2026-02-11 03:10:00,1770779459999,XRP,1m,1.4087,1.4092,1.4092,1.4087,3863.0,9
2026-02-11 03:11:00,1770779519999,XRP,1m,1.4091,1.4091,1.4095,1.4089,3993.0,14
2026-02-11 03:12:00,1770779579999,XRP,1m,1.4087,1.408,1.4087,1.408,361.0,8
2026-02-11 03:13:00,1770779639999,XRP,1m,1.4078,1.4078,1.4079,1.4072,4696.0,23
2026-02-11 03:14:00,1770779699999,XRP,1m,1.4075,1.4045,1.4075,1.4043,100836.0,62
2026-02-11 03:15:00,1770779759999,XRP,1m,1.4046,1.4044,1.4051,1.404,9619.0,18
2026-02-11 03:16:00,1770779819999,XRP,1m,1.4044,1.4041,1.4044,1.4038,2798.0,12
2026-02-11 03:17:00,1770779879999,XRP,1m,1.4041,1.4025,1.4041,1.4022,4295.0,15
2026-02-11 03:18:00,1770779939999,XRP,1m,1.4026,1.4004,1.4031,1.4003,11309.0,39
2026-02-11 03:19:00,1770779999999,XRP,1m,1.4007,1.3981,1.4007,1.398,67886.0,67
2026-02-11 03:20:00,1770780059999,XRP,1m,1.3981,1.3939,1.3981,1.3939,67130.0,94
2026-02-11 03:21:00,1770780119999,XRP,1m,1.3937,1.3938,1.3948,1.3933,7869.0,24
2026-02-11 03:22:00,1770780179999,XRP,1m,1.394,1.3961,1.3961,1.394,3464.0,18
2026-02-11 03:23:00,1770780239999,XRP,1m,1.3957,1.398,1.3986,1.3957,109469.0,58
2026-02-11 03:24:00,1770780299999,XRP,1m,1.3985,1.4004,1.4004,1.3984,23057.0,27
2026-02-11 03:25:00,1770780359999,XRP,1m,1.4002,1.4019,1.4023,1.4002,686.0,10
2026-02-11 03:26:00,1770780419999,XRP,1m,1.4015,1.4029,1.4054,1.4003,8300.0,30
2026-02-11 03:27:00,1770780479999,XRP,1m,1.4027,1.4024,1.4034,1.4022,3975.0,16
2026-02-11 03:28:00,1770780539999,XRP,1m,1.4016,1.4029,1.4029,1.4014,1046.0,8
2026-02-11 03:29:00,1770780599999,XRP,1m,1.4037,1.4026,1.4039,1.4026,2335.0,11
2026-02-11 03:30:00,1770780659999,XRP,1m,1.4018,1.4022,1.4023,1.4013,556.0,13
2026-02-11 03:31:00,1770780719999,XRP,1m,1.4023,1.403,1.4039,1.4022,7405.0,17
2026-02-11 03:32:00,1770780779999,XRP,1m,1.4031,1.4029,1.4032,1.4022,10836.0,22
2026-02-11 03:33:00,1770780839999,XRP,1m,1.4027,1.4018,1.4029,1.4018,3784.0,5
2026-02-11 03:34:00,1770780899999,XRP,1m,1.4012,1.4003,1.4012,1.4003,4429.0,8
2026-02-11 03:35:00,1770780959999,XRP,1m,1.4005,1.4017,1.402,1.4005,304.0,7
2026-02-11 03:36:00,1770781019999,XRP,1m,1.4013,1.4019,1.402,1.4013,6222.0,6
2026-02-11 03:37:00,1770781079999,XRP,1m,1.402,1.4026,1.4027,1.402,536.0,12
2026-02-11 03:38:00,1770781139999,XRP,1m,1.4028,1.4041,1.4041,1.4028,1458.0,8
2026-02-11 03:39:00,1770781199999,XRP,1m,1.4034,1.404,1.4041,1.4034,5531.0,11
2026-02-11 03:40:00,1770781259999,XRP,1m,1.4045,1.4062,1.4063,1.4045,6125.0,16
2026-02-11 03:41:00,1770781319999,XRP,1m,1.4065,1.409,1.4096,1.4065,23414.0,30
2026-02-11 03:42:00,1770781379999,XRP,1m,1.4093,1.408,1.4093,1.408,2522.0,11
2026-02-11 03:43:00,1770781439999,XRP,1m,1.4082,1.4068,1.4082,1.4068,3877.0,8
2026-02-11 03:44:00,1770781499999,XRP,1m,1.4065,1.4081,1.4084,1.4065,5116.0,10
2026-02-11 03:45:00,1770781559999,XRP,1m,1.408,1.4063,1.408,1.4056,716.0,10
2026-02-11 03:46:00,1770781619999,XRP,1m,1.4054,1.4056,1.4062,1.4054,571.0,7
2026-02-11 03:47:00,1770781679999,XRP,1m,1.4059,1.4083,1.4083,1.4059,247.0,10
2026-02-11 03:48:00,1770781739999,XRP,1m,1.4079,1.4075,1.4079,1.4075,423.0,5
2026-02-11 03:49:00,1770781799999,XRP,1m,1.407,1.4062,1.407,1.4062,6223.0,6
2026-02-11 03:50:00,1770781859999,XRP,1m,1.4065,1.408,1.408,1.4064,8510.0,17
2026-02-11 03:51:00,1770781919999,XRP,1m,1.4078,1.4059,1.4078,1.4059,814.0,8
2026-02-11 03:52:00,1770781979999,XRP,1m,1.4054,1.405,1.4056,1.405,3312.0,6
2026-02-11 03:53:00,1770782039999,XRP,1m,1.405,1.4051,1.4055,1.405,955.0,4
2026-02-11 03:54:00,1770782099999,XRP,1m,1.4055,1.4048,1.4055,1.4048,27594.0,38
2026-02-11 03:55:00,1770782159999,XRP,1m,1.4051,1.4054,1.4055,1.4051,70109.0,49
2026-02-11 03:56:00,1770782219999,XRP,1m,1.4055,1.4042,1.4062,1.404,6238.0,32
2026-02-11 03:57:00,1770782279999,XRP,1m,1.404,1.4037,1.404,1.4033,3977.0,11
2026-02-11 03:58:00,1770782339999,XRP,1m,1.4037,1.4025,1.4037,1.4025,1443.0,9
2026-02-11 03:59:00,1770782399999,XRP,1m,1.4027,1.403,1.403,1.4027,198.0,3
2026-02-11 04:00:00,1770782459999,XRP,1m,1.4033,1.4043,1.4044,1.4033,3866.0,8
2026-02-11 04:01:00,1770782519999,XRP,1m,1.4047,1.406,1.4062,1.4047,49249.0,32
2026-02-11 04:02:00,1770782579999,XRP,1m,1.4058,1.4056,1.4058,1.4056,573.0,6
2026-02-11 04:03:00,1770782639999,XRP,1m,1.4059,1.4057,1.4062,1.4057,236.0,5
2026-02-11 04:04:00,1770782699999,XRP,1m,1.4058,1.4063,1.4063,1.4058,368.0,5
2026-02-11 04:05:00,1770782759999,XRP,1m,1.4064,1.4077,1.4079,1.4064,79975.0,31
2026-02-11 04:06:00,1770782819999,XRP,1m,1.4076,1.4059,1.4076,1.4059,121.0,7
2026-02-11 04:07:00,1770782879999,XRP,1m,1.4065,1.4066,1.4068,1.4059,3947.0,13
2026-02-11 04:08:00,1770782939999,XRP,1m,1.4071,1.4072,1.4072,1.407,2060.0,8
2026-02-11 04:09:00,1770782999999,XRP,1m,1.4062,1.406,1.4063,1.4043,20150.0,22
2026-02-11 04:10:00,1770783059999,XRP,1m,1.4061,1.4052,1.4061,1.4052,12876.0,23
2026-02-11 04:11:00,1770783119999,XRP,1m,1.4054,1.4026,1.4054,1.4026,4777.0,13
2026-02-11 04:12:00,1770783179999,XRP,1m,1.4028,1.4033,1.4034,1.4028,6109.0,10
2026-02-11 04:13:00,1770783239999,XRP,1m,1.4026,1.4008,1.4032,1.4002,899931.0,129
2026-02-11 04:14:00,1770783299999,XRP,1m,1.4012,1.4009,1.4012,1.4006,8880.0,22
2026-02-11 04:15:00,1770783359999,XRP,1m,1.4012,1.4016,1.4016,1.4012,27614.0,17
2026-02-11 04:16:00,1770783419999,XRP,1m,1.4016,1.4019,1.4035,1.4016,588.0,8
2026-02-11 04:17:00,1770783479999,XRP,1m,1.4011,1.4025,1.4027,1.4003,5324.0,10
2026-02-11 04:18:00,1770783539999,XRP,1m,1.4029,1.4022,1.4031,1.4022,395.0,4
2026-02-11 04:19:00,1770783599999,XRP,1m,1.4032,1.4028,1.4032,1.4028,905.0,9
2026-02-11 04:20:00,1770783659999,XRP,1m,1.4027,1.4019,1.4027,1.4019,10961.0,11
2026-02-11 04:21:00,1770783719999,XRP,1m,1.4019,1.4018,1.4019,1.4018,4238.0,6
2026-02-11 04:22:00,1770783779999,XRP,1m,1.4008,1.4009,1.4012,1.4,11836.0,15
2026-02-11 04:23:00,1770783839999,XRP,1m,1.4008,1.394,1.4008,1.3927,317952.0,158
2026-02-11 04:24:00,1770783899999,XRP,1m,1.3938,1.3949,1.3951,1.3935,40659.0,52
2026-02-11 04:25:00,1770783959999,XRP,1m,1.3946,1.3972,1.3972,1.3946,155966.0,60
2026-02-11 04:26:00,1770784019999,XRP,1m,1.3969,1.3974,1.3986,1.3969,15418.0,30
2026-02-11 04:27:00,1770784079999,XRP,1m,1.3969,1.3961,1.3977,1.3961,10069.0,15
2026-02-11 04:28:00,1770784139999,XRP,1m,1.3958,1.3954,1.3969,1.3953,18563.0,28
2026-02-11 04:29:00,1770784199999,XRP,1m,1.395,1.3944,1.3958,1.3937,47696.0,41
2026-02-11 04:30:00,1770784259999,XRP,1m,1.3943,1.3923,1.3949,1.3923,12630.0,31
2026-02-11 04:31:00,1770784319999,XRP,1m,1.3932,1.3941,1.3948,1.3932,189347.0,93
2026-02-11 04:32:00,1770784379999,XRP,1m,1.394,1.3924,1.394,1.3912,44434.0,58
2026-02-11 04:33:00,1770784439999,XRP,1m,1.394,1.3937,1.3944,1.3925,15007.0,25
2026-02-11 04:34:00,1770784499999,XRP,1m,1.394,1.3925,1.3947,1.3925,11271.0,37
2026-02-11 04:35:00,1770784559999,XRP,1m,1.3926,1.3939,1.394,1.3921,59756.0,56
2026-02-11 04:36:00,1770784619999,XRP,1m,1.393,1.3936,1.394,1.3929,31494.0,23
2026-02-11 04:37:00,1770784679999,XRP,1m,1.3933,1.3921,1.3936,1.3919,23263.0,36
2026-02-11 04:38:00,1770784739999,XRP,1m,1.3921,1.3881,1.3921,1.3833,344294.0,235
2026-02-11 04:39:00,1770784799999,XRP,1m,1.389,1.3858,1.389,1.3853,109174.0,32
2026-02-11 04:40:00,1770784859999,XRP,1m,1.3851,1.3856,1.387,1.3845,31459.0,31
2026-02-11 04:41:00,1770784919999,XRP,1m,1.3856,1.3829,1.3856,1.3826,46763.0,54
2026-02-11 04:42:00,1770784979999,XRP,1m,1.3829,1.3814,1.3834,1.3809,32025.0,43
2026-02-11 04:43:00,1770785039999,XRP,1m,1.3811,1.3812,1.3814,1.3805,16807.0,21
2026-02-11 04:44:00,1770785099999,XRP,1m,1.3818,1.3845,1.386,1.3818,178707.0,95
2026-02-11 04:45:00,1770785159999,XRP,1m,1.3842,1.3855,1.3867,1.3841,96106.0,98
2026-02-11 04:46:00,1770785219999,XRP,1m,1.3862,1.3865,1.3868,1.3852,25938.0,23
2026-02-11 04:47:00,1770785279999,XRP,1m,1.3861,1.3863,1.3863,1.3849,7540.0,12
2026-02-11 04:48:00,1770785339999,XRP,1m,1.3856,1.3858,1.3872,1.3856,24544.0,23
2026-02-11 04:49:00,1770785399999,XRP,1m,1.3869,1.3873,1.3873,1.3856,7350.0,14
2026-02-11 04:50:00,1770785459999,XRP,1m,1.3867,1.3859,1.3868,1.3859,8333.0,10
2026-02-11 04:51:00,1770785519999,XRP,1m,1.3868,1.3853,1.387,1.3852,10267.0,12
2026-02-11 04:52:00,1770785579999,XRP,1m,1.385,1.3838,1.3857,1.3838,29236.0,21
2026-02-11 04:53:00,1770785639999,XRP,1m,1.3841,1.3825,1.3842,1.3825,7811.0,15
2026-02-11 04:54:00,1770785699999,XRP,1m,1.3826,1.3806,1.3826,1.3804,58679.0,52
2026-02-11 04:55:00,1770785759999,XRP,1m,1.3811,1.381,1.3811,1.3789,173938.0,109
2026-02-11 04:56:00,1770785819999,XRP,1m,1.381,1.3825,1.3828,1.3809,15435.0,16
2026-02-11 04:57:00,1770785879999,XRP,1m,1.383,1.3834,1.3837,1.383,23252.0,36
2026-02-11 04:58:00,1770785939999,XRP,1m,1.3833,1.3848,1.3848,1.3833,9942.0,20
2026-02-11 04:59:00,1770785999999,XRP,1m,1.3833,1.3832,1.3836,1.383,116675.0,41
2026-02-11 05:00:00,1770786059999,XRP,1m,1.3832,1.384,1.3847,1.3831,8154.0,18
2026-02-11 05:01:00,1770786119999,XRP,1m,1.3839,1.3851,1.3851,1.3836,9541.0,19
2026-02-11 05:02:00,1770786179999,XRP,1m,1.3847,1.3867,1.3873,1.3846,91347.0,62
2026-02-11 05:03:00,1770786239999,XRP,1m,1.3861,1.3854,1.3867,1.3854,438.0,10
2026-02-11 05:04:00,1770786299999,XRP,1m,1.3857,1.3885,1.3885,1.3855,137562.0,59
2026-02-11 05:05:00,1770786359999,XRP,1m,1.3873,1.389,1.3895,1.3873,53636.0,41
2026-02-11 05:06:00,1770786419999,XRP,1m,1.3889,1.3895,1.39,1.3889,5989.0,11
2026-02-11 05:07:00,1770786479999,XRP,1m,1.3896,1.3899,1.3899,1.3889,855.0,10
2026-02-11 05:08:00,1770786539999,XRP,1m,1.3893,1.3892,1.3893,1.3882,34418.0,16
2026-02-11 05:09:00,1770786599999,XRP,1m,1.3894,1.3902,1.3902,1.3889,17383.0,20
2026-02-11 05:10:00,1770786659999,XRP,1m,1.3897,1.3912,1.3912,1.3897,27718.0,16
2026-02-11 05:11:00,1770786719999,XRP,1m,1.391,1.3896,1.391,1.3894,4436.0,9
2026-02-11 05:12:00,1770786779999,XRP,1m,1.3893,1.3878,1.3903,1.3878,1327.0,6
2026-02-11 05:13:00,1770786839999,XRP,1m,1.3877,1.3878,1.3886,1.3877,9365.0,11
2026-02-11 05:14:00,1770786899999,XRP,1m,1.3878,1.3878,1.3881,1.3873,9337.0,15
2026-02-11 05:15:00,1770786959999,XRP,1m,1.3879,1.3889,1.3891,1.3879,25244.0,24
2026-02-11 05:16:00,1770787019999,XRP,1m,1.39,1.3892,1.3902,1.3892,403.0,4
2026-02-11 05:17:00,1770787079999,XRP,1m,1.3882,1.3894,1.3894,1.3882,4148.0,9
2026-02-11 05:18:00,1770787139999,XRP,1m,1.3891,1.3864,1.3891,1.3864,1321.0,9
2026-02-11 05:19:00,1770787199999,XRP,1m,1.3858,1.3863,1.3863,1.3851,829.0,10
2026-02-11 05:20:00,1770787259999,XRP,1m,1.3858,1.3861,1.3861,1.3844,177.0,8
2026-02-11 05:21:00,1770787319999,XRP,1m,1.3865,1.3871,1.3871,1.3862,35687.0,15
2026-02-11 05:22:00,1770787379999,XRP,1m,1.3879,1.3878,1.3885,1.3878,2957.0,7
2026-02-11 05:23:00,1770787439999,XRP,1m,1.3877,1.3855,1.3877,1.3855,2528.0,14
2026-02-11 05:24:00,1770787499999,XRP,1m,1.3855,1.3856,1.3859,1.3851,1470.0,11
2026-02-11 05:25:00,1770787559999,XRP,1m,1.3857,1.3854,1.3857,1.3849,424.0,6
2026-02-11 05:26:00,1770787619999,XRP,1m,1.3853,1.3846,1.3853,1.3846,37.0,2
2026-02-11 05:27:00,1770787679999,XRP,1m,1.3844,1.3846,1.3848,1.3837,3481.0,15
2026-02-11 05:28:00,1770787739999,XRP,1m,1.3841,1.3843,1.3844,1.3836,4789.0,5
2026-02-11 05:29:00,1770787799999,XRP,1m,1.3842,1.3847,1.3847,1.3839,20345.0,16
2026-02-11 05:30:00,1770787859999,XRP,1m,1.3847,1.3852,1.3852,1.3847,3029.0,5
2026-02-11 05:31:00,1770787919999,XRP,1m,1.3854,1.3853,1.3855,1.3849,45350.0,28
2026-02-11 05:32:00,1770787979999,XRP,1m,1.3851,1.3849,1.3851,1.3849,3753.0,7
2026-02-11 05:33:00,1770788039999,XRP,1m,1.3842,1.3831,1.3842,1.3831,9387.0,15
2026-02-11 05:34:00,1770788099999,XRP,1m,1.3836,1.3823,1.3836,1.3823,11388.0,24
2026-02-11 05:35:00,1770788159999,XRP,1m,1.3823,1.3809,1.3832,1.3806,99435.0,63
2026-02-11 05:36:00,1770788219999,XRP,1m,1.3816,1.38,1.3816,1.379,49074.0,22
2026-02-11 05:37:00,1770788279999,XRP,1m,1.3802,1.3826,1.3831,1.3801,56323.0,36
2026-02-11 05:38:00,1770788339999,XRP,1m,1.3815,1.3804,1.3815,1.38,80890.0,44
2026-02-11 05:39:00,1770788399999,XRP,1m,1.3802,1.3814,1.3814,1.3802,217.0,5
2026-02-11 05:40:00,1770788459999,XRP,1m,1.3806,1.3801,1.3809,1.3801,1008.0,5
2026-02-11 05:41:00,1770788519999,XRP,1m,1.3806,1.3808,1.3809,1.3806,316.0,5
2026-02-11 05:42:00,1770788579999,XRP,1m,1.3813,1.379,1.3814,1.379,22378.0,21
2026-02-11 05:43:00,1770788639999,XRP,1m,1.3791,1.376,1.3791,1.3759,99102.0,84
2026-02-11 05:44:00,1770788699999,XRP,1m,1.3759,1.3758,1.3769,1.3758,95244.0,38
2026-02-11 05:45:00,1770788759999,XRP,1m,1.3759,1.3756,1.3759,1.3751,13328.0,31
2026-02-11 05:46:00,1770788819999,XRP,1m,1.3756,1.377,1.3777,1.3756,8268.0,13
2026-02-11 05:47:00,1770788879999,XRP,1m,1.3772,1.3755,1.3772,1.3755,5282.0,8
2026-02-11 05:48:00,1770788939999,XRP,1m,1.3752,1.3755,1.3755,1.374,32157.0,46
2026-02-11 05:49:00,1770788999999,XRP,1m,1.3756,1.3763,1.3763,1.3754,3731.0,6
2026-02-11 05:50:00,1770789059999,XRP,1m,1.3767,1.377,1.3786,1.3766,26812.0,41
2026-02-11 05:51:00,1770789119999,XRP,1m,1.377,1.3766,1.3774,1.3763,5117.0,10
2026-02-11 05:52:00,1770789179999,XRP,1m,1.3771,1.3756,1.3771,1.3755,1025.0,4
2026-02-11 05:53:00,1770789239999,XRP,1m,1.3761,1.3774,1.3774,1.3761,106.0,3
2026-02-11 05:54:00,1770789299999,XRP,1m,1.3771,1.3767,1.3771,1.3767,1943.0,5
2026-02-11 05:55:00,1770789359999,XRP,1m,1.3763,1.3767,1.377,1.3763,393.0,7
2026-02-11 05:56:00,1770789419999,XRP,1m,1.3767,1.3757,1.3767,1.3756,968.0,9
2026-02-11 05:57:00,1770789479999,XRP,1m,1.3756,1.375,1.3759,1.375,7528.0,10
2026-02-11 05:58:00,1770789539999,XRP,1m,1.375,1.3736,1.375,1.3736,8668.0,17
2026-02-11 05:59:00,1770789599999,XRP,1m,1.3737,1.3751,1.3751,1.3737,11200.0,11
2026-02-11 06:00:00,1770789659999,XRP,1m,1.3751,1.3753,1.3758,1.3745,12754.0,23
2026-02-11 06:01:00,1770789719999,XRP,1m,1.3753,1.375,1.376,1.3748,296205.0,112
2026-02-11 06:02:00,1770789779999,XRP,1m,1.375,1.3749,1.3756,1.3749,13061.0,21
2026-02-11 06:03:00,1770789839999,XRP,1m,1.3748,1.3764,1.3764,1.3748,684.0,13
2026-02-11 06:04:00,1770789899999,XRP,1m,1.3755,1.3764,1.377,1.3755,29596.0,18
2026-02-11 06:05:00,1770789959999,XRP,1m,1.3766,1.3752,1.3766,1.3749,30754.0,17
2026-02-11 06:06:00,1770790019999,XRP,1m,1.3754,1.3752,1.3757,1.3749,26065.0,24
2026-02-11 06:07:00,1770790079999,XRP,1m,1.3757,1.3728,1.3766,1.3726,29634.0,40
2026-02-11 06:08:00,1770790139999,XRP,1m,1.3724,1.3683,1.3724,1.3683,74073.0,103
2026-02-11 06:09:00,1770790199999,XRP,1m,1.3685,1.368,1.3703,1.368,23658.0,52
2026-02-11 06:10:00,1770790259999,XRP,1m,1.3677,1.3698,1.3701,1.3658,25157.0,45
2026-02-11 06:11:00,1770790319999,XRP,1m,1.37,1.368,1.37,1.3669,10455.0,19
2026-02-11 06:12:00,1770790379999,XRP,1m,1.3679,1.364,1.3679,1.3638,53637.0,78
2026-02-11 06:13:00,1770790439999,XRP,1m,1.3637,1.3617,1.364,1.3616,174064.0,82
2026-02-11 06:14:00,1770790499999,XRP,1m,1.3617,1.3622,1.3632,1.3595,285275.0,214
2026-02-11 06:15:00,1770790559999,XRP,1m,1.3613,1.3593,1.3617,1.3572,22131.0,42
2026-02-11 06:16:00,1770790619999,XRP,1m,1.3596,1.3612,1.3612,1.3596,16680.0,22
2026-02-11 06:17:00,1770790679999,XRP,1m,1.3619,1.3616,1.3644,1.3616,26414.0,40
2026-02-11 06:18:00,1770790739999,XRP,1m,1.3612,1.361,1.3631,1.358,72926.0,62
2026-02-11 06:19:00,1770790799999,XRP,1m,1.3611,1.3593,1.3619,1.3587,12510.0,18
2026-02-11 06:20:00,1770790859999,XRP,1m,1.36,1.3629,1.3629,1.359,79701.0,74
2026-02-11 06:21:00,1770790919999,XRP,1m,1.3623,1.3621,1.3632,1.3613,59379.0,55
2026-02-11 06:22:00,1770790979999,XRP,1m,1.3622,1.3631,1.3639,1.3618,75413.0,65
2026-02-11 06:23:00,1770791039999,XRP,1m,1.3642,1.3662,1.3663,1.3638,27719.0,43
2026-02-11 06:24:00,1770791099999,XRP,1m,1.3663,1.3711,1.3711,1.3663,130508.0,113
2026-02-11 06:25:00,1770791159999,XRP,1m,1.3708,1.3706,1.3723,1.3706,84698.0,69
2026-02-11 06:26:00,1770791219999,XRP,1m,1.3708,1.3717,1.3722,1.3708,7299.0,14
2026-02-11 06:27:00,1770791279999,XRP,1m,1.3723,1.3718,1.3735,1.3718,15444.0,19
2026-02-11 06:28:00,1770791339999,XRP,1m,1.3722,1.3724,1.3724,1.3718,24722.0,21
2026-02-11 06:29:00,1770791399999,XRP,1m,1.3723,1.3724,1.3726,1.3718,7145.0,12
2026-02-11 06:30:00,1770791459999,XRP,1m,1.3729,1.3719,1.3729,1.3712,69883.0,40
2026-02-11 06:31:00,1770791519999,XRP,1m,1.371,1.3703,1.3711,1.3699,25568.0,24
2026-02-11 06:32:00,1770791579999,XRP,1m,1.37,1.3695,1.3729,1.3695,104429.0,64
2026-02-11 06:33:00,1770791639999,XRP,1m,1.3697,1.3687,1.3703,1.3687,17659.0,27
2026-02-11 06:34:00,1770791699999,XRP,1m,1.369,1.368,1.3694,1.368,1104.0,11
2026-02-11 06:35:00,1770791759999,XRP,1m,1.3681,1.3697,1.3702,1.3681,5332.0,14
2026-02-11 06:36:00,1770791819999,XRP,1m,1.3702,1.371,1.3712,1.3702,12120.0,18
2026-02-11 06:37:00,1770791879999,XRP,1m,1.371,1.3717,1.3724,1.371,2344.0,15
2026-02-11 06:38:00,1770791939999,XRP,1m,1.3712,1.3714,1.3732,1.3712,8293.0,18
2026-02-11 06:39:00,1770791999999,XRP,1m,1.3706,1.3704,1.3712,1.3701,9917.0,21
2026-02-11 06:40:00,1770792059999,XRP,1m,1.3703,1.3683,1.3704,1.3683,5600.0,17
2026-02-11 06:41:00,1770792119999,XRP,1m,1.3685,1.3674,1.3688,1.3671,49082.0,44
2026-02-11 06:42:00,1770792179999,XRP,1m,1.3682,1.3686,1.3691,1.3681,11330.0,17
2026-02-11 06:43:00,1770792239999,XRP,1m,1.3686,1.3679,1.3689,1.3679,24190.0,23
2026-02-11 06:44:00,1770792299999,XRP,1m,1.3668,1.3649,1.367,1.3649,37103.0,37
2026-02-11 06:45:00,1770792359999,XRP,1m,1.3648,1.3636,1.3648,1.3632,12342.0,26
2026-02-11 06:46:00,1770792419999,XRP,1m,1.3633,1.3627,1.365,1.3626,4223.0,14
2026-02-11 06:47:00,1770792479999,XRP,1m,1.3633,1.3631,1.3637,1.3628,4401.0,21
2026-02-11 06:48:00,1770792539999,XRP,1m,1.3631,1.3615,1.3631,1.3614,53237.0,51
2026-02-11 06:49:00,1770792599999,XRP,1m,1.3612,1.3605,1.3621,1.3601,25908.0,32
2026-02-11 06:50:00,1770792659999,XRP,1m,1.3608,1.3614,1.3621,1.3607,14182.0,25
2026-02-11 06:51:00,1770792719999,XRP,1m,1.3613,1.3616,1.3619,1.3612,6216.0,19
2026-02-11 06:52:00,1770792779999,XRP,1m,1.3616,1.3597,1.3617,1.3597,10566.0,17
2026-02-11 06:53:00,1770792839999,XRP,1m,1.3593,1.358,1.3595,1.358,2149.0,18
2026-02-11 06:54:00,1770792899999,XRP,1m,1.3579,1.3604,1.3619,1.3579,9060.0,19
2026-02-11 06:55:00,1770792959999,XRP,1m,1.3604,1.3594,1.3612,1.359,4780.0,13
2026-02-11 06:56:00,1770793019999,XRP,1m,1.3595,1.3599,1.36,1.359,13473.0,19
2026-02-11 06:57:00,1770793079999,XRP,1m,1.3609,1.3589,1.3609,1.3588,27823.0,29
2026-02-11 06:58:00,1770793139999,XRP,1m,1.3589,1.3586,1.3591,1.3585,10785.0,24
2026-02-11 06:59:00,1770793199999,XRP,1m,1.3586,1.3589,1.3597,1.3583,9831.0,17
2026-02-11 07:00:00,1770793259999,XRP,1m,1.3588,1.3584,1.3592,1.3582,54307.0,52
2026-02-11 07:01:00,1770793319999,XRP,1m,1.3585,1.3589,1.3589,1.3573,14533.0,26
2026-02-11 07:02:00,1770793379999,XRP,1m,1.3595,1.3577,1.3595,1.3575,3960.0,13
2026-02-11 07:03:00,1770793439999,XRP,1m,1.3578,1.3582,1.3586,1.3577,19000.0,33
2026-02-11 07:04:00,1770793499999,XRP,1m,1.3584,1.3611,1.3612,1.3583,34979.0,47
2026-02-11 07:05:00,1770793559999,XRP,1m,1.3618,1.3625,1.3628,1.3613,9181.0,24
2026-02-11 07:06:00,1770793619999,XRP,1m,1.3628,1.3626,1.3645,1.3626,167524.0,98
2026-02-11 07:07:00,1770793679999,XRP,1m,1.3623,1.3623,1.364,1.3616,20646.0,18
2026-02-11 07:08:00,1770793739999,XRP,1m,1.3619,1.3621,1.3624,1.3615,31227.0,17
2026-02-11 07:09:00,1770793799999,XRP,1m,1.362,1.3612,1.362,1.36,199886.0,80
2026-02-11 07:10:00,1770793859999,XRP,1m,1.3612,1.3611,1.3624,1.3611,8941.0,16
2026-02-11 07:11:00,1770793919999,XRP,1m,1.3605,1.3578,1.3605,1.3578,5401.0,18
2026-02-11 07:12:00,1770793979999,XRP,1m,1.3579,1.3596,1.3597,1.3579,39123.0,29
2026-02-11 07:13:00,1770794039999,XRP,1m,1.3597,1.3593,1.3602,1.359,8835.0,18
2026-02-11 07:14:00,1770794099999,XRP,1m,1.359,1.3606,1.3606,1.3589,11484.0,15
2026-02-11 07:15:00,1770794159999,XRP,1m,1.3609,1.3606,1.361,1.3591,9824.0,23
2026-02-11 07:16:00,1770794219999,XRP,1m,1.3603,1.3605,1.3612,1.3602,2156.0,11
2026-02-11 07:17:00,1770794279999,XRP,1m,1.3602,1.3602,1.3604,1.3597,3180.0,10
2026-02-11 07:18:00,1770794339999,XRP,1m,1.3613,1.3603,1.3619,1.3603,18704.0,20
2026-02-11 07:19:00,1770794399999,XRP,1m,1.3608,1.3622,1.3625,1.3608,10222.0,15
2026-02-11 07:20:00,1770794459999,XRP,1m,1.3615,1.3606,1.3615,1.3606,1675.0,7
2026-02-11 07:21:00,1770794519999,XRP,1m,1.361,1.3615,1.3615,1.3607,9131.0,11
2026-02-11 07:22:00,1770794579999,XRP,1m,1.3615,1.3619,1.3624,1.3615,1316.0,7
2026-02-11 07:23:00,1770794639999,XRP,1m,1.362,1.3599,1.362,1.3592,7694.0,16
2026-02-11 07:24:00,1770794699999,XRP,1m,1.3604,1.3625,1.3629,1.3604,74933.0,37
2026-02-11 07:25:00,1770794759999,XRP,1m,1.3623,1.3616,1.3623,1.3614,444.0,9
2026-02-11 07:26:00,1770794819999,XRP,1m,1.3622,1.3641,1.3655,1.3618,45241.0,32
2026-02-11 07:27:00,1770794879999,XRP,1m,1.3645,1.3656,1.3657,1.3645,5295.0,11
2026-02-11 07:28:00,1770794939999,XRP,1m,1.3655,1.365,1.3655,1.365,2330.0,4
2026-02-11 07:29:00,1770794999999,XRP,1m,1.365,1.3641,1.365,1.3636,133.0,6
2026-02-11 07:30:00,1770795059999,XRP,1m,1.3639,1.3647,1.3648,1.3639,18203.0,35
2026-02-11 07:31:00,1770795119999,XRP,1m,1.3642,1.3653,1.3653,1.3635,1243.0,11
2026-02-11 07:32:00,1770795179999,XRP,1m,1.3649,1.3638,1.365,1.3638,1073.0,8
2026-02-11 07:33:00,1770795239999,XRP,1m,1.3637,1.3651,1.3659,1.3637,12422.0,17
2026-02-11 07:34:00,1770795299999,XRP,1m,1.3652,1.367,1.3673,1.3652,18371.0,14
2026-02-11 07:35:00,1770795359999,XRP,1m,1.3667,1.3687,1.3698,1.3667,101963.0,53
2026-02-11 07:36:00,1770795419999,XRP,1m,1.3686,1.3694,1.3696,1.3686,6058.0,10
2026-02-11 07:37:00,1770795479999,XRP,1m,1.37,1.3683,1.37,1.3676,234653.0,71
2026-02-11 07:38:00,1770795539999,XRP,1m,1.368,1.3677,1.368,1.3677,3546.0,6
2026-02-11 07:39:00,1770795599999,XRP,1m,1.3679,1.3679,1.368,1.3677,2432.0,6
2026-02-11 07:40:00,1770795659999,XRP,1m,1.3675,1.3662,1.3675,1.3662,3220.0,10
2026-02-11 07:41:00,1770795719999,XRP,1m,1.366,1.3655,1.366,1.3655,108.0,3
2026-02-11 07:42:00,1770795779999,XRP,1m,1.3654,1.366,1.366,1.3654,4127.0,11
2026-02-11 07:43:00,1770795839999,XRP,1m,1.3663,1.3659,1.3679,1.3659,17030.0,16
2026-02-11 07:44:00,1770795899999,XRP,1m,1.366,1.3668,1.3668,1.366,5192.0,7
2026-02-11 07:45:00,1770795959999,XRP,1m,1.3681,1.3687,1.3687,1.3677,7465.0,8
2026-02-11 07:46:00,1770796019999,XRP,1m,1.3681,1.3686,1.3687,1.3681,5257.0,5
2026-02-11 07:47:00,1770796079999,XRP,1m,1.3689,1.3705,1.3707,1.3689,22375.0,33
2026-02-11 07:48:00,1770796139999,XRP,1m,1.3697,1.3684,1.3697,1.3684,183.0,4
2026-02-11 07:49:00,1770796199999,XRP,1m,1.3682,1.3683,1.3689,1.3682,7433.0,11
2026-02-11 07:50:00,1770796259999,XRP,1m,1.368,1.3691,1.3691,1.368,159.0,6
2026-02-11 07:51:00,1770796319999,XRP,1m,1.3688,1.3689,1.3689,1.3684,6833.0,7
2026-02-11 07:52:00,1770796379999,XRP,1m,1.3706,1.3718,1.3718,1.3706,4873.0,12
2026-02-11 07:53:00,1770796439999,XRP,1m,1.372,1.3712,1.372,1.3704,9693.0,10
2026-02-11 07:54:00,1770796499999,XRP,1m,1.3711,1.3714,1.3714,1.3709,6432.0,14
2026-02-11 07:55:00,1770796559999,XRP,1m,1.371,1.3696,1.371,1.3696,130.0,4
2026-02-11 07:56:00,1770796619999,XRP,1m,1.3696,1.3685,1.3696,1.3685,1627.0,8
2026-02-11 07:57:00,1770796679999,XRP,1m,1.3687,1.3679,1.3687,1.3671,29288.0,31
2026-02-11 07:58:00,1770796739999,XRP,1m,1.3678,1.3675,1.3679,1.3673,7629.0,10
2026-02-11 07:59:00,1770796799999,XRP,1m,1.3673,1.3667,1.3673,1.3667,4402.0,7
2026-02-11 08:00:00,1770796859999,XRP,1m,1.3662,1.3669,1.3672,1.366,10149.0,22
2026-02-11 08:01:00,1770796919999,XRP,1m,1.3665,1.3667,1.3667,1.3656,74801.0,43
2026-02-11 08:02:00,1770796979999,XRP,1m,1.3667,1.3667,1.3667,1.366,6258.0,14
2026-02-11 08:03:00,1770797039999,XRP,1m,1.3672,1.3667,1.3672,1.3667,742.0,4
2026-02-11 08:04:00,1770797099999,XRP,1m,1.3664,1.3661,1.3664,1.3659,637.0,4
2026-02-11 08:05:00,1770797159999,XRP,1m,1.3659,1.3667,1.3667,1.3658,1312.0,12
2026-02-11 08:06:00,1770797219999,XRP,1m,1.367,1.367,1.3679,1.3661,5094.0,12
2026-02-11 08:07:00,1770797279999,XRP,1m,1.3669,1.3632,1.3669,1.3632,4987.0,19
2026-02-11 08:08:00,1770797339999,XRP,1m,1.3628,1.3627,1.3629,1.3616,68427.0,63
2026-02-11 08:09:00,1770797399999,XRP,1m,1.3633,1.3612,1.3648,1.3608,23618.0,51
2026-02-11 08:10:00,1770797459999,XRP,1m,1.3607,1.3611,1.362,1.3602,6331.0,12
2026-02-11 08:11:00,1770797519999,XRP,1m,1.3613,1.3651,1.3661,1.3613,9723.0,25
2026-02-11 08:12:00,1770797579999,XRP,1m,1.3648,1.3642,1.3657,1.3642,632.0,8
2026-02-11 08:13:00,1770797639999,XRP,1m,1.3636,1.3645,1.365,1.3636,860.0,9
2026-02-11 08:14:00,1770797699999,XRP,1m,1.3643,1.3628,1.3645,1.3628,6110.0,15
2026-02-11 08:15:00,1770797759999,XRP,1m,1.3626,1.3624,1.3629,1.3613,4586.0,16
2026-02-11 08:16:00,1770797819999,XRP,1m,1.3624,1.3631,1.3631,1.3617,8603.0,16
2026-02-11 08:17:00,1770797879999,XRP,1m,1.3628,1.3637,1.3644,1.3618,597.0,12
2026-02-11 08:18:00,1770797939999,XRP,1m,1.3634,1.3644,1.365,1.3632,1383.0,15
2026-02-11 08:19:00,1770797999999,XRP,1m,1.3647,1.365,1.365,1.3636,4158.0,14
2026-02-11 08:20:00,1770798059999,XRP,1m,1.3646,1.3652,1.3652,1.3645,7263.0,17
2026-02-11 08:21:00,1770798119999,XRP,1m,1.3654,1.3649,1.3657,1.3648,3726.0,14
2026-02-11 08:22:00,1770798179999,XRP,1m,1.3647,1.3661,1.3666,1.3647,4092.0,10
2026-02-11 08:23:00,1770798239999,XRP,1m,1.3666,1.3667,1.3685,1.3666,8430.0,22
2026-02-11 08:24:00,1770798299999,XRP,1m,1.3662,1.3671,1.3677,1.3662,5399.0,10
2026-02-11 08:25:00,1770798359999,XRP,1m,1.3668,1.367,1.3679,1.3666,2219.0,13
2026-02-11 08:26:00,1770798419999,XRP,1m,1.3673,1.3654,1.3673,1.3652,725.0,7
2026-02-11 08:27:00,1770798479999,XRP,1m,1.3651,1.3656,1.3664,1.3651,5118.0,13
2026-02-11 08:28:00,1770798539999,XRP,1m,1.3653,1.3656,1.3659,1.3651,7796.0,16
2026-02-11 08:29:00,1770798599999,XRP,1m,1.3656,1.3661,1.3661,1.3651,2851.0,10
2026-02-11 08:30:00,1770798659999,XRP,1m,1.3668,1.3667,1.3675,1.3659,7441.0,22
2026-02-11 08:31:00,1770798719999,XRP,1m,1.3666,1.3665,1.3674,1.3665,2108.0,11
2026-02-11 08:32:00,1770798779999,XRP,1m,1.3664,1.3664,1.3675,1.3663,8271.0,17
2026-02-11 08:33:00,1770798839999,XRP,1m,1.3666,1.367,1.367,1.3662,567.0,10
2026-02-11 08:34:00,1770798899999,XRP,1m,1.3666,1.3679,1.368,1.3666,788.0,10
2026-02-11 08:35:00,1770798959999,XRP,1m,1.3679,1.3709,1.3712,1.3679,2777.0,20
2026-02-11 08:36:00,1770799019999,XRP,1m,1.3707,1.3685,1.371,1.3683,3515.0,13
2026-02-11 08:37:00,1770799079999,XRP,1m,1.368,1.3661,1.368,1.366,5595.0,18
2026-02-11 08:38:00,1770799139999,XRP,1m,1.3663,1.3672,1.3672,1.3655,5467.0,14
2026-02-11 08:39:00,1770799199999,XRP,1m,1.3668,1.3673,1.3674,1.3661,780.0,8
2026-02-11 08:40:00,1770799259999,XRP,1m,1.3673,1.3674,1.3674,1.3664,304.0,10
2026-02-11 08:41:00,1770799319999,XRP,1m,1.3677,1.367,1.3677,1.3669,440.0,11
2026-02-11 08:42:00,1770799379999,XRP,1m,1.3668,1.3678,1.3688,1.3668,4208.0,14
2026-02-11 08:43:00,1770799439999,XRP,1m,1.3682,1.369,1.369,1.3682,4951.0,15
2026-02-11 08:44:00,1770799499999,XRP,1m,1.3688,1.3702,1.3702,1.3688,375.0,12
2026-02-11 08:45:00,1770799559999,XRP,1m,1.37,1.3697,1.3706,1.3697,4515.0,18
2026-02-11 08:46:00,1770799619999,XRP,1m,1.37,1.3698,1.37,1.3695,803.0,9
2026-02-11 08:47:00,1770799679999,XRP,1m,1.3697,1.3699,1.3699,1.3692,2742.0,13
2026-02-11 08:48:00,1770799739999,XRP,1m,1.3696,1.3701,1.3701,1.3693,869.0,11
2026-02-11 08:49:00,1770799799999,XRP,1m,1.3695,1.3685,1.3695,1.3685,863.0,13
2026-02-11 08:50:00,1770799859999,XRP,1m,1.368,1.3693,1.3694,1.368,6574.0,14
2026-02-11 08:51:00,1770799919999,XRP,1m,1.3693,1.3685,1.3693,1.3684,5124.0,16
2026-02-11 08:52:00,1770799979999,XRP,1m,1.3684,1.3673,1.3684,1.3672,22214.0,27
2026-02-11 08:53:00,1770800039999,XRP,1m,1.3676,1.3676,1.3681,1.3676,356.0,10
2026-02-11 08:54:00,1770800099999,XRP,1m,1.3667,1.3657,1.3667,1.3654,5602.0,14
2026-02-11 08:55:00,1770800159999,XRP,1m,1.3657,1.3656,1.3657,1.3644,4480.0,17
2026-02-11 08:56:00,1770800219999,XRP,1m,1.3654,1.3661,1.3661,1.3652,49794.0,24
2026-02-11 08:57:00,1770800279999,XRP,1m,1.3658,1.3663,1.3669,1.3658,40781.0,26
2026-02-11 08:58:00,1770800339999,XRP,1m,1.3659,1.3656,1.3662,1.3656,1525.0,16
2026-02-11 08:59:00,1770800399999,XRP,1m,1.3656,1.3665,1.3665,1.3656,2659.0,14
2026-02-11 09:00:00,1770800459999,XRP,1m,1.3664,1.3659,1.367,1.3659,3828.0,22
2026-02-11 09:01:00,1770800519999,XRP,1m,1.3663,1.3667,1.3673,1.3661,11398.0,19
2026-02-11 09:02:00,1770800579999,XRP,1m,1.367,1.3675,1.3685,1.367,7783.0,16
2026-02-11 09:03:00,1770800639999,XRP,1m,1.3668,1.3679,1.3684,1.3668,197.0,12
2026-02-11 09:04:00,1770800699999,XRP,1m,1.3679,1.3666,1.3679,1.3664,971.0,10
2026-02-11 09:05:00,1770800759999,XRP,1m,1.366,1.367,1.3672,1.366,9056.0,21
2026-02-11 09:06:00,1770800819999,XRP,1m,1.3665,1.3629,1.3665,1.3629,4249.0,20
2026-02-11 09:07:00,1770800879999,XRP,1m,1.3636,1.3642,1.3643,1.363,3625.0,14
2026-02-11 09:08:00,1770800939999,XRP,1m,1.3635,1.3647,1.3647,1.3629,5402.0,19
2026-02-11 09:09:00,1770800999999,XRP,1m,1.3644,1.3624,1.3644,1.3624,2507.0,18
2026-02-11 09:10:00,1770801059999,XRP,1m,1.364,1.3631,1.3641,1.3629,1332.0,12
2026-02-11 09:11:00,1770801119999,XRP,1m,1.3631,1.3639,1.3641,1.3631,4249.0,19
2026-02-11 09:12:00,1770801179999,XRP,1m,1.3638,1.3635,1.3638,1.3632,1706.0,12
2026-02-11 09:13:00,1770801239999,XRP,1m,1.3633,1.3636,1.3638,1.3633,360.0,12
2026-02-11 09:14:00,1770801299999,XRP,1m,1.3636,1.364,1.364,1.363,6689.0,22
2026-02-11 09:15:00,1770801359999,XRP,1m,1.3641,1.3643,1.365,1.3639,5528.0,17
2026-02-11 09:16:00,1770801419999,XRP,1m,1.3647,1.3649,1.3654,1.3646,5953.0,14
2026-02-11 09:17:00,1770801479999,XRP,1m,1.3643,1.3629,1.3643,1.3625,1283.0,12
2026-02-11 09:18:00,1770801539999,XRP,1m,1.3622,1.3621,1.3625,1.3612,25894.0,27
2026-02-11 09:19:00,1770801599999,XRP,1m,1.3625,1.3628,1.3632,1.3619,453.0,11
2026-02-11 09:20:00,1770801659999,XRP,1m,1.3626,1.3624,1.3634,1.3624,24773.0,22
2026-02-11 09:21:00,1770801719999,XRP,1m,1.3625,1.3631,1.3634,1.3625,601.0,14
2026-02-11 09:22:00,1770801779999,XRP,1m,1.3632,1.3637,1.3637,1.363,2673.0,16
2026-02-11 09:23:00,1770801839999,XRP,1m,1.3638,1.3625,1.3638,1.3625,257.0,12
2026-02-11 09:24:00,1770801899999,XRP,1m,1.361,1.3619,1.3622,1.3609,49475.0,35
2026-02-11 09:25:00,1770801959999,XRP,1m,1.3624,1.3628,1.3636,1.3624,3310.0,14
2026-02-11 09:26:00,1770802019999,XRP,1m,1.3633,1.3636,1.3639,1.3631,7900.0,18
2026-02-11 09:27:00,1770802079999,XRP,1m,1.3638,1.3633,1.364,1.363,4193.0,22
2026-02-11 09:28:00,1770802139999,XRP,1m,1.3628,1.3626,1.3628,1.3625,106.0,8
2026-02-11 09:29:00,1770802199999,XRP,1m,1.3628,1.3648,1.3648,1.3626,360.0,13
2026-02-11 09:30:00,1770802259999,XRP,1m,1.3647,1.3652,1.3652,1.3645,9826.0,28
2026-02-11 09:31:00,1770802319999,XRP,1m,1.3654,1.3649,1.3664,1.3647,4345.0,35
2026-02-11 09:32:00,1770802379999,XRP,1m,1.3658,1.367,1.3671,1.3658,3981.0,29
2026-02-11 09:33:00,1770802439999,XRP,1m,1.3666,1.3662,1.3671,1.3651,17200.0,35
2026-02-11 09:34:00,1770802499999,XRP,1m,1.3661,1.3654,1.3661,1.3654,4749.0,19
2026-02-11 09:35:00,1770802559999,XRP,1m,1.3652,1.3665,1.3665,1.3652,4503.0,20
2026-02-11 09:36:00,1770802619999,XRP,1m,1.3664,1.3658,1.3667,1.3655,15749.0,32
2026-02-11 09:37:00,1770802679999,XRP,1m,1.3659,1.3651,1.3659,1.3643,3162.0,19
2026-02-11 09:38:00,1770802739999,XRP,1m,1.3644,1.3641,1.3649,1.3641,103.0,10
2026-02-11 09:39:00,1770802799999,XRP,1m,1.364,1.3623,1.364,1.3622,224.0,12
2026-02-11 09:40:00,1770802859999,XRP,1m,1.362,1.3623,1.3623,1.3616,4591.0,17
2026-02-11 09:41:00,1770802919999,XRP,1m,1.3623,1.3622,1.3623,1.3617,6048.0,21
2026-02-11 09:42:00,1770802979999,XRP,1m,1.3618,1.3603,1.3622,1.3601,4143.0,23
2026-02-11 09:43:00,1770803039999,XRP,1m,1.3603,1.3591,1.3608,1.359,12599.0,30
2026-02-11 09:44:00,1770803099999,XRP,1m,1.3587,1.359,1.3591,1.3581,8425.0,39
2026-02-11 09:45:00,1770803159999,XRP,1m,1.3588,1.3581,1.359,1.358,559.0,16
2026-02-11 09:46:00,1770803219999,XRP,1m,1.3581,1.3561,1.3581,1.3558,10229.0,48
2026-02-11 09:47:00,1770803279999,XRP,1m,1.3568,1.3569,1.3578,1.3567,7305.0,28
2026-02-11 09:48:00,1770803339999,XRP,1m,1.3572,1.357,1.3576,1.3566,109122.0,49
2026-02-11 09:49:00,1770803399999,XRP,1m,1.3567,1.3573,1.3575,1.3567,13906.0,26
2026-02-11 09:50:00,1770803459999,XRP,1m,1.3577,1.3588,1.3601,1.3576,22921.0,47
2026-02-11 09:51:00,1770803519999,XRP,1m,1.3584,1.3603,1.3603,1.3584,2183.0,17
2026-02-11 09:52:00,1770803579999,XRP,1m,1.3599,1.3591,1.3606,1.3591,3184.0,15
2026-02-11 09:53:00,1770803639999,XRP,1m,1.36,1.3589,1.3601,1.3586,184.0,9
2026-02-11 09:54:00,1770803699999,XRP,1m,1.3593,1.3592,1.3601,1.3586,5775.0,18
2026-02-11 09:55:00,1770803759999,XRP,1m,1.3591,1.3595,1.36,1.3585,8946.0,21
2026-02-11 09:56:00,1770803819999,XRP,1m,1.3597,1.3594,1.3598,1.3594,424.0,10
2026-02-11 09:57:00,1770803879999,XRP,1m,1.3594,1.3593,1.3601,1.3588,498.0,15
2026-02-11 09:58:00,1770803939999,XRP,1m,1.3592,1.3595,1.3595,1.3592,318.0,10
2026-02-11 09:59:00,1770803999999,XRP,1m,1.3594,1.3605,1.3606,1.3594,12563.0,24
2026-02-11 10:00:00,1770804059999,XRP,1m,1.3605,1.3608,1.3614,1.3601,11490.0,28
2026-02-11 10:01:00,1770804119999,XRP,1m,1.3609,1.3584,1.3609,1.3584,2251.0,15
2026-02-11 10:02:00,1770804179999,XRP,1m,1.3578,1.3588,1.3604,1.3569,3685.0,23
2026-02-11 10:03:00,1770804239999,XRP,1m,1.3585,1.3583,1.3585,1.3581,1702.0,14
2026-02-11 10:04:00,1770804299999,XRP,1m,1.3581,1.3584,1.3586,1.3574,7011.0,22
2026-02-11 10:05:00,1770804359999,XRP,1m,1.3584,1.3589,1.3589,1.3572,3004.0,17
2026-02-11 10:06:00,1770804419999,XRP,1m,1.3594,1.3589,1.3601,1.3589,25096.0,46
2026-02-11 10:07:00,1770804479999,XRP,1m,1.3597,1.3588,1.3604,1.3588,17599.0,24
2026-02-11 10:08:00,1770804539999,XRP,1m,1.359,1.357,1.359,1.357,46165.0,36
2026-02-11 10:09:00,1770804599999,XRP,1m,1.3571,1.357,1.3575,1.357,1126.0,15
2026-02-11 10:10:00,1770804659999,XRP,1m,1.357,1.3587,1.3599,1.357,6146.0,20
2026-02-11 10:11:00,1770804719999,XRP,1m,1.3592,1.3602,1.3603,1.3586,7581.0,16
2026-02-11 10:12:00,1770804779999,XRP,1m,1.3603,1.3615,1.3617,1.3601,3325.0,22
2026-02-11 10:13:00,1770804839999,XRP,1m,1.3613,1.359,1.3613,1.3589,22596.0,32
2026-02-11 10:14:00,1770804899999,XRP,1m,1.3582,1.3578,1.3584,1.3578,4110.0,18
2026-02-11 10:15:00,1770804959999,XRP,1m,1.3586,1.3586,1.3589,1.3583,851.0,10
2026-02-11 10:16:00,1770805019999,XRP,1m,1.3588,1.3585,1.3588,1.3582,1216.0,8
2026-02-11 10:17:00,1770805079999,XRP,1m,1.3584,1.3586,1.3587,1.3577,6167.0,14
2026-02-11 10:18:00,1770805139999,XRP,1m,1.3591,1.3595,1.36,1.3591,6910.0,10
2026-02-11 10:19:00,1770805199999,XRP,1m,1.3589,1.3582,1.3589,1.3581,228.0,10
2026-02-11 10:20:00,1770805259999,XRP,1m,1.3586,1.3605,1.3605,1.3582,1051.0,11
2026-02-11 10:21:00,1770805319999,XRP,1m,1.3605,1.3611,1.3612,1.3605,811.0,15
2026-02-11 10:22:00,1770805379999,XRP,1m,1.3608,1.3612,1.3613,1.3608,710.0,9
2026-02-11 10:23:00,1770805439999,XRP,1m,1.3612,1.3613,1.362,1.3612,5484.0,20
2026-02-11 10:24:00,1770805499999,XRP,1m,1.3619,1.3613,1.363,1.3613,46675.0,36
2026-02-11 10:25:00,1770805559999,XRP,1m,1.3611,1.3618,1.3619,1.3609,5513.0,13
2026-02-11 10:26:00,1770805619999,XRP,1m,1.3611,1.3622,1.3625,1.3611,35057.0,26
2026-02-11 10:27:00,1770805679999,XRP,1m,1.3618,1.3624,1.3636,1.3618,6068.0,14
2026-02-11 10:28:00,1770805739999,XRP,1m,1.3624,1.3625,1.3637,1.3621,2070.0,12
2026-02-11 10:29:00,1770805799999,XRP,1m,1.3622,1.3624,1.3624,1.3616,1470.0,15
2026-02-11 10:30:00,1770805859999,XRP,1m,1.3621,1.3623,1.3625,1.362,681.0,11
2026-02-11 10:31:00,1770805919999,XRP,1m,1.3622,1.3613,1.3622,1.3613,3242.0,20
2026-02-11 10:32:00,1770805979999,XRP,1m,1.3614,1.3611,1.3614,1.3605,57861.0,36
2026-02-11 10:33:00,1770806039999,XRP,1m,1.3611,1.3594,1.3612,1.3594,3738.0,18
2026-02-11 10:34:00,1770806099999,XRP,1m,1.3593,1.3579,1.3593,1.3573,2825.0,15
2026-02-11 10:35:00,1770806159999,XRP,1m,1.3576,1.3559,1.3576,1.3552,16685.0,33
2026-02-11 10:36:00,1770806219999,XRP,1m,1.3557,1.3551,1.3573,1.3545,21090.0,35
2026-02-11 10:37:00,1770806279999,XRP,1m,1.3552,1.3555,1.3559,1.3549,20551.0,23
2026-02-11 10:38:00,1770806339999,XRP,1m,1.3551,1.3564,1.3572,1.355,13752.0,21
2026-02-11 10:39:00,1770806399999,XRP,1m,1.3564,1.3573,1.3576,1.3562,20344.0,19
2026-02-11 10:40:00,1770806459999,XRP,1m,1.3576,1.3577,1.3584,1.3575,3279.0,17
2026-02-11 10:41:00,1770806519999,XRP,1m,1.3578,1.3584,1.3586,1.3578,2219.0,17
2026-02-11 10:42:00,1770806579999,XRP,1m,1.3582,1.3589,1.3597,1.3582,47738.0,33
2026-02-11 10:43:00,1770806639999,XRP,1m,1.359,1.3592,1.3592,1.3589,6590.0,18
2026-02-11 10:44:00,1770806699999,XRP,1m,1.3591,1.3597,1.36,1.3589,60317.0,41
2026-02-11 10:45:00,1770806759999,XRP,1m,1.359,1.3599,1.3599,1.359,2803.0,16
2026-02-11 10:46:00,1770806819999,XRP,1m,1.3595,1.3595,1.3603,1.3589,14314.0,33
2026-02-11 10:47:00,1770806879999,XRP,1m,1.3594,1.3586,1.3594,1.3583,2055.0,16
2026-02-11 10:48:00,1770806939999,XRP,1m,1.3589,1.3592,1.3594,1.3588,451.0,9
2026-02-11 10:49:00,1770806999999,XRP,1m,1.3594,1.3591,1.3596,1.3585,291.0,10
2026-02-11 10:50:00,1770807059999,XRP,1m,1.3586,1.3586,1.3589,1.3578,2730.0,17
2026-02-11 10:51:00,1770807119999,XRP,1m,1.3598,1.3577,1.3606,1.3576,9610.0,21
2026-02-11 10:52:00,1770807179999,XRP,1m,1.3576,1.3571,1.3576,1.3571,363.0,12
2026-02-11 10:53:00,1770807239999,XRP,1m,1.3573,1.3573,1.3583,1.3567,11927.0,29
2026-02-11 10:54:00,1770807299999,XRP,1m,1.3573,1.3571,1.3577,1.357,882.0,13
2026-02-11 10:55:00,1770807359999,XRP,1m,1.3572,1.3556,1.358,1.3556,4483.0,17
2026-02-11 10:56:00,1770807419999,XRP,1m,1.3563,1.3575,1.3582,1.3562,8399.0,18
2026-02-11 10:57:00,1770807479999,XRP,1m,1.3576,1.3611,1.3611,1.3575,43932.0,40
2026-02-11 10:58:00,1770807539999,XRP,1m,1.3617,1.3611,1.362,1.3608,1385.0,16
2026-02-11 10:59:00,1770807599999,XRP,1m,1.3606,1.3599,1.3606,1.3599,1341.0,13
2026-02-11 11:00:00,1770807659999,XRP,1m,1.3605,1.3637,1.3641,1.3604,4628.0,29
2026-02-11 11:01:00,1770807719999,XRP,1m,1.3637,1.3633,1.3647,1.3633,5431.0,20
2026-02-11 11:02:00,1770807779999,XRP,1m,1.3638,1.3646,1.3646,1.3638,1765.0,11
2026-02-11 11:03:00,1770807839999,XRP,1m,1.3643,1.3633,1.3645,1.3624,15301.0,19
2026-02-11 11:04:00,1770807899999,XRP,1m,1.3634,1.3638,1.3638,1.3627,1515.0,9
2026-02-11 11:05:00,1770807959999,XRP,1m,1.3639,1.3631,1.364,1.3629,6490.0,15
2026-02-11 11:06:00,1770808019999,XRP,1m,1.3632,1.3631,1.3638,1.3624,15264.0,21
2026-02-11 11:07:00,1770808079999,XRP,1m,1.3631,1.3647,1.3647,1.3631,12389.0,15
2026-02-11 11:08:00,1770808139999,XRP,1m,1.3641,1.363,1.3642,1.3629,9294.0,14
2026-02-11 11:09:00,1770808199999,XRP,1m,1.3629,1.3636,1.3636,1.3621,7886.0,19
2026-02-11 11:10:00,1770808259999,XRP,1m,1.3636,1.3644,1.3644,1.3636,954.0,6
2026-02-11 11:11:00,1770808319999,XRP,1m,1.3647,1.3647,1.3652,1.3646,399.0,9
2026-02-11 11:12:00,1770808379999,XRP,1m,1.3644,1.3644,1.3646,1.3641,814.0,6
2026-02-11 11:13:00,1770808439999,XRP,1m,1.3645,1.3638,1.3645,1.3635,8202.0,16
2026-02-11 11:14:00,1770808499999,XRP,1m,1.3638,1.3629,1.3638,1.3629,899.0,8
2026-02-11 11:15:00,1770808559999,XRP,1m,1.3629,1.3634,1.3634,1.3626,1798.0,6
2026-02-11 11:16:00,1770808619999,XRP,1m,1.3631,1.3624,1.3632,1.3624,6476.0,14
2026-02-11 11:17:00,1770808679999,XRP,1m,1.3624,1.3638,1.3638,1.3624,582.0,8
2026-02-11 11:18:00,1770808739999,XRP,1m,1.3645,1.3662,1.3663,1.3645,35739.0,31
2026-02-11 11:19:00,1770808799999,XRP,1m,1.3676,1.3681,1.3682,1.367,8677.0,16
2026-02-11 11:20:00,1770808859999,XRP,1m,1.3682,1.3733,1.3733,1.3682,47118.0,46
2026-02-11 11:21:00,1770808919999,XRP,1m,1.3732,1.3723,1.3735,1.3719,68007.0,60
2026-02-11 11:22:00,1770808979999,XRP,1m,1.3729,1.3762,1.377,1.3726,19809.0,49
2026-02-11 11:23:00,1770809039999,XRP,1m,1.3758,1.374,1.3759,1.3739,19914.0,41
2026-02-11 11:24:00,1770809099999,XRP,1m,1.3733,1.3753,1.3755,1.3733,18698.0,23
2026-02-11 11:25:00,1770809159999,XRP,1m,1.3753,1.3735,1.3764,1.3735,22983.0,44
2026-02-11 11:26:00,1770809219999,XRP,1m,1.3738,1.3748,1.3751,1.3732,10730.0,21
2026-02-11 11:27:00,1770809279999,XRP,1m,1.3745,1.3749,1.3752,1.3743,16735.0,26
2026-02-11 11:28:00,1770809339999,XRP,1m,1.3747,1.3769,1.3769,1.3747,11571.0,22
2026-02-11 11:29:00,1770809399999,XRP,1m,1.3766,1.3765,1.3771,1.3765,16909.0,23
2026-02-11 11:30:00,1770809459999,XRP,1m,1.3751,1.3746,1.3754,1.3746,3657.0,16
2026-02-11 11:31:00,1770809519999,XRP,1m,1.3746,1.3748,1.3748,1.3737,6269.0,21
2026-02-11 11:32:00,1770809579999,XRP,1m,1.3748,1.3747,1.3748,1.3737,8030.0,19
2026-02-11 11:33:00,1770809639999,XRP,1m,1.3735,1.374,1.3741,1.3735,6412.0,16
2026-02-11 11:34:00,1770809699999,XRP,1m,1.3736,1.3742,1.3742,1.3736,4756.0,8
2026-02-11 11:35:00,1770809759999,XRP,1m,1.3741,1.3749,1.3752,1.3741,1899.0,16
2026-02-11 11:36:00,1770809819999,XRP,1m,1.3743,1.3744,1.3744,1.3742,499.0,5
2026-02-11 11:37:00,1770809879999,XRP,1m,1.3741,1.3751,1.3751,1.3741,36219.0,23
2026-02-11 11:38:00,1770809939999,XRP,1m,1.3747,1.3738,1.3747,1.3731,2526.0,11
2026-02-11 11:39:00,1770809999999,XRP,1m,1.3738,1.3727,1.3738,1.3727,12206.0,18
2026-02-11 11:40:00,1770810059999,XRP,1m,1.3727,1.3733,1.3733,1.3727,11884.0,9
2026-02-11 11:41:00,1770810119999,XRP,1m,1.3728,1.3721,1.3728,1.3721,837.0,9
2026-02-11 11:42:00,1770810179999,XRP,1m,1.3721,1.3721,1.3725,1.371,36211.0,32
2026-02-11 11:43:00,1770810239999,XRP,1m,1.3722,1.3717,1.3725,1.3717,5758.0,22
2026-02-11 11:44:00,1770810299999,XRP,1m,1.3717,1.3716,1.3717,1.371,3402.0,12
2026-02-11 11:45:00,1770810359999,XRP,1m,1.3711,1.3712,1.3714,1.3711,1882.0,13
2026-02-11 11:46:00,1770810419999,XRP,1m,1.3712,1.3723,1.3723,1.3711,1430.0,9
2026-02-11 11:47:00,1770810479999,XRP,1m,1.3724,1.3714,1.3724,1.3714,187.0,6
2026-02-11 11:48:00,1770810539999,XRP,1m,1.3715,1.3713,1.3717,1.3713,563.0,7
2026-02-11 11:49:00,1770810599999,XRP,1m,1.3715,1.3728,1.3728,1.3715,15761.0,18
2026-02-11 11:50:00,1770810659999,XRP,1m,1.3729,1.3724,1.3729,1.3724,3608.0,10
2026-02-11 11:51:00,1770810719999,XRP,1m,1.3722,1.3742,1.3746,1.3722,21327.0,22
2026-02-11 11:52:00,1770810779999,XRP,1m,1.3742,1.3762,1.3762,1.3742,25769.0,40
2026-02-11 11:53:00,1770810839999,XRP,1m,1.3765,1.3768,1.3793,1.3765,31524.0,61
2026-02-11 11:54:00,1770810899999,XRP,1m,1.377,1.3774,1.3777,1.3764,178133.0,96
2026-02-11 11:55:00,1770810959999,XRP,1m,1.3773,1.3784,1.3784,1.3772,14762.0,38
2026-02-11 11:56:00,1770811019999,XRP,1m,1.3787,1.3774,1.3787,1.3774,14283.0,26
2026-02-11 11:57:00,1770811079999,XRP,1m,1.3771,1.377,1.3772,1.3769,3234.0,12
2026-02-11 11:58:00,1770811139999,XRP,1m,1.3769,1.3775,1.3784,1.3769,2508.0,15
2026-02-11 11:59:00,1770811199999,XRP,1m,1.3776,1.3778,1.3778,1.3775,2101.0,5
2026-02-11 12:00:00,1770811259999,XRP,1m,1.378,1.3762,1.3781,1.3757,24924.0,54
2026-02-11 12:01:00,1770811319999,XRP,1m,1.3761,1.3759,1.3761,1.3745,20997.0,32
2026-02-11 12:02:00,1770811379999,XRP,1m,1.3753,1.375,1.3753,1.374,19829.0,24
2026-02-11 12:03:00,1770811439999,XRP,1m,1.3741,1.3745,1.3745,1.3725,9125.0,20
2026-02-11 12:04:00,1770811499999,XRP,1m,1.3746,1.374,1.3749,1.3737,24921.0,20
2026-02-11 12:05:00,1770811559999,XRP,1m,1.3741,1.3744,1.3751,1.3738,2079.0,19
2026-02-11 12:06:00,1770811619999,XRP,1m,1.3743,1.3743,1.3748,1.3738,3321.0,13
2026-02-11 12:07:00,1770811679999,XRP,1m,1.3736,1.3769,1.3769,1.3731,168355.0,108
2026-02-11 12:08:00,1770811739999,XRP,1m,1.3773,1.3767,1.3778,1.376,117503.0,74
2026-02-11 12:09:00,1770811799999,XRP,1m,1.3758,1.3746,1.3768,1.3745,62148.0,47
2026-02-11 12:10:00,1770811859999,XRP,1m,1.3748,1.3743,1.3748,1.3727,5956.0,15
2026-02-11 12:11:00,1770811919999,XRP,1m,1.374,1.3737,1.3744,1.3736,4628.0,9
2026-02-11 12:12:00,1770811979999,XRP,1m,1.3735,1.3739,1.3743,1.373,4323.0,8
2026-02-11 12:13:00,1770812039999,XRP,1m,1.3737,1.3737,1.3738,1.3736,867.0,9
2026-02-11 12:14:00,1770812099999,XRP,1m,1.3733,1.3729,1.3733,1.3723,6184.0,14
2026-02-11 12:15:00,1770812159999,XRP,1m,1.3733,1.3735,1.374,1.3733,1555.0,10
2026-02-11 12:16:00,1770812219999,XRP,1m,1.3732,1.3718,1.3733,1.3718,32837.0,25
2026-02-11 12:17:00,1770812279999,XRP,1m,1.372,1.3724,1.3729,1.3717,9501.0,18
2026-02-11 12:18:00,1770812339999,XRP,1m,1.3723,1.3716,1.3723,1.3716,2552.0,7
2026-02-11 12:19:00,1770812399999,XRP,1m,1.3709,1.3718,1.3721,1.3709,3224.0,11
2026-02-11 12:20:00,1770812459999,XRP,1m,1.3718,1.3743,1.3743,1.3718,20801.0,21
2026-02-11 12:21:00,1770812519999,XRP,1m,1.3742,1.3751,1.3762,1.3742,31481.0,57
2026-02-11 12:22:00,1770812579999,XRP,1m,1.3754,1.3751,1.3761,1.3746,35764.0,56
2026-02-11 12:23:00,1770812639999,XRP,1m,1.3752,1.3769,1.3776,1.3752,15251.0,17
2026-02-11 12:24:00,1770812699999,XRP,1m,1.3766,1.3781,1.3781,1.3766,5646.0,13
2026-02-11 12:25:00,1770812759999,XRP,1m,1.3777,1.3776,1.378,1.3772,11165.0,22
2026-02-11 12:26:00,1770812819999,XRP,1m,1.3775,1.3771,1.3781,1.3771,3474.0,10
2026-02-11 12:27:00,1770812879999,XRP,1m,1.3762,1.3762,1.3762,1.3755,6488.0,16
2026-02-11 12:28:00,1770812939999,XRP,1m,1.3765,1.3759,1.377,1.3759,16200.0,18
2026-02-11 12:29:00,1770812999999,XRP,1m,1.3759,1.3756,1.3759,1.3756,545.0,8
2026-02-11 12:30:00,1770813059999,XRP,1m,1.3754,1.375,1.3756,1.3749,2007.0,11
2026-02-11 12:31:00,1770813119999,XRP,1m,1.375,1.3724,1.375,1.3724,2003.0,16
2026-02-11 12:32:00,1770813179999,XRP,1m,1.3724,1.3739,1.3743,1.3724,393.0,8
2026-02-11 12:33:00,1770813239999,XRP,1m,1.3747,1.3737,1.3747,1.3736,3070.0,12
2026-02-11 12:34:00,1770813299999,XRP,1m,1.3738,1.3741,1.3744,1.3738,1474.0,10
2026-02-11 12:35:00,1770813359999,XRP,1m,1.3738,1.3731,1.3739,1.3731,2496.0,12
2026-02-11 12:36:00,1770813419999,XRP,1m,1.3724,1.3738,1.374,1.3724,26180.0,22
2026-02-11 12:37:00,1770813479999,XRP,1m,1.3737,1.3743,1.3748,1.3736,12495.0,23
2026-02-11 12:38:00,1770813539999,XRP,1m,1.3742,1.3737,1.3742,1.3734,195.0,5
2026-02-11 12:39:00,1770813599999,XRP,1m,1.3735,1.3721,1.3735,1.3721,3383.0,6
2026-02-11 12:40:00,1770813659999,XRP,1m,1.3719,1.3712,1.3719,1.3712,2276.0,12
2026-02-11 12:41:00,1770813719999,XRP,1m,1.3711,1.3718,1.3718,1.3709,757.0,9
2026-02-11 12:42:00,1770813779999,XRP,1m,1.3717,1.3722,1.3725,1.3716,6769.0,14
2026-02-11 12:43:00,1770813839999,XRP,1m,1.3719,1.3714,1.3719,1.3713,215.0,5
2026-02-11 12:44:00,1770813899999,XRP,1m,1.3715,1.3717,1.3717,1.3715,3957.0,4
2026-02-11 12:45:00,1770813959999,XRP,1m,1.3714,1.3718,1.3718,1.371,4764.0,9
2026-02-11 12:46:00,1770814019999,XRP,1m,1.3716,1.3715,1.3716,1.371,673.0,3
2026-02-11 12:47:00,1770814079999,XRP,1m,1.371,1.3711,1.3712,1.37,786.0,11
2026-02-11 12:48:00,1770814139999,XRP,1m,1.3706,1.3716,1.3717,1.3706,2511.0,5
2026-02-11 12:49:00,1770814199999,XRP,1m,1.3716,1.3714,1.3719,1.3714,2965.0,11
2026-02-11 12:50:00,1770814259999,XRP,1m,1.3718,1.3727,1.3727,1.3711,3141.0,15
2026-02-11 12:51:00,1770814319999,XRP,1m,1.3727,1.3726,1.3727,1.3726,175.0,8
2026-02-11 12:52:00,1770814379999,XRP,1m,1.3726,1.372,1.3726,1.3715,890.0,7
2026-02-11 12:53:00,1770814439999,XRP,1m,1.372,1.372,1.372,1.3712,5057.0,13
2026-02-11 12:54:00,1770814499999,XRP,1m,1.3718,1.3721,1.3723,1.3716,1009.0,6
2026-02-11 12:55:00,1770814559999,XRP,1m,1.3727,1.3729,1.3732,1.3727,4744.0,10
2026-02-11 12:56:00,1770814619999,XRP,1m,1.372,1.3721,1.3722,1.372,1063.0,7
2026-02-11 12:57:00,1770814679999,XRP,1m,1.3717,1.3732,1.3732,1.3717,1100.0,11
2026-02-11 12:58:00,1770814739999,XRP,1m,1.3726,1.3718,1.3727,1.3718,249.0,9
2026-02-11 12:59:00,1770814799999,XRP,1m,1.3718,1.3716,1.3718,1.3716,3052.0,7
2026-02-11 13:00:00,1770814859999,XRP,1m,1.3718,1.3724,1.3729,1.3717,11162.0,20
2026-02-11 13:01:00,1770814919999,XRP,1m,1.3726,1.3723,1.3729,1.3723,4505.0,11
2026-02-11 13:02:00,1770814979999,XRP,1m,1.3715,1.3715,1.372,1.3715,2420.0,5
2026-02-11 13:03:00,1770815039999,XRP,1m,1.3715,1.3716,1.3716,1.3715,2282.0,5
2026-02-11 13:04:00,1770815099999,XRP,1m,1.371,1.3691,1.371,1.3691,7740.0,16
2026-02-11 13:05:00,1770815159999,XRP,1m,1.369,1.3685,1.369,1.3674,22759.0,38
2026-02-11 13:06:00,1770815219999,XRP,1m,1.3685,1.3685,1.37,1.3685,11925.0,29
2026-02-11 13:07:00,1770815279999,XRP,1m,1.3682,1.3682,1.369,1.3681,4928.0,14
2026-02-11 13:08:00,1770815339999,XRP,1m,1.3677,1.3648,1.3677,1.3648,8814.0,18
2026-02-11 13:09:00,1770815399999,XRP,1m,1.3645,1.3659,1.366,1.3645,6385.0,18
2026-02-11 13:10:00,1770815459999,XRP,1m,1.3658,1.3658,1.3659,1.3651,26619.0,20
2026-02-11 13:11:00,1770815519999,XRP,1m,1.3655,1.365,1.3655,1.3646,33756.0,29
2026-02-11 13:12:00,1770815579999,XRP,1m,1.365,1.3645,1.3654,1.3645,4661.0,5
2026-02-11 13:13:00,1770815639999,XRP,1m,1.3647,1.3659,1.3659,1.3646,6122.0,14
2026-02-11 13:14:00,1770815699999,XRP,1m,1.3663,1.3663,1.3663,1.3662,4410.0,5
2026-02-11 13:15:00,1770815759999,XRP,1m,1.3663,1.365,1.3664,1.365,4248.0,10
2026-02-11 13:16:00,1770815819999,XRP,1m,1.3651,1.3627,1.3651,1.3627,9055.0,15
2026-02-11 13:17:00,1770815879999,XRP,1m,1.363,1.3633,1.3633,1.363,7259.0,12
2026-02-11 13:18:00,1770815939999,XRP,1m,1.3633,1.363,1.3636,1.3629,4813.0,30
2026-02-11 13:19:00,1770815999999,XRP,1m,1.3626,1.3641,1.3641,1.3624,2311.0,11
2026-02-11 13:20:00,1770816059999,XRP,1m,1.3638,1.3661,1.3661,1.3638,3162.0,13
2026-02-11 13:21:00,1770816119999,XRP,1m,1.3661,1.3668,1.3668,1.3656,12288.0,18
2026-02-11 13:22:00,1770816179999,XRP,1m,1.3661,1.3664,1.3667,1.3652,1845.0,15
2026-02-11 13:23:00,1770816239999,XRP,1m,1.366,1.3662,1.3664,1.3658,396.0,9
2026-02-11 13:24:00,1770816299999,XRP,1m,1.3663,1.3662,1.3663,1.3656,658.0,22
2026-02-11 13:25:00,1770816359999,XRP,1m,1.3654,1.3646,1.3654,1.3642,439.0,20
2026-02-11 13:26:00,1770816419999,XRP,1m,1.3645,1.3649,1.3649,1.3645,77.0,3
2026-02-11 13:27:00,1770816479999,XRP,1m,1.3648,1.3645,1.3648,1.3643,273.0,6
2026-02-11 13:28:00,1770816539999,XRP,1m,1.3654,1.3627,1.3654,1.3626,7631.0,12
2026-02-11 13:29:00,1770816599999,XRP,1m,1.3626,1.3596,1.3626,1.3596,50554.0,51
2026-02-11 13:30:00,1770816659999,XRP,1m,1.3633,1.3649,1.3698,1.3622,822976.0,571
2026-02-11 13:31:00,1770816719999,XRP,1m,1.3642,1.3692,1.3701,1.3634,117598.0,169
2026-02-11 13:32:00,1770816779999,XRP,1m,1.3688,1.3748,1.3748,1.3688,354379.0,138
2026-02-11 13:33:00,1770816839999,XRP,1m,1.3747,1.3755,1.38,1.3747,220726.0,158
2026-02-11 13:34:00,1770816899999,XRP,1m,1.3758,1.3772,1.3782,1.3758,37614.0,85
2026-02-11 13:35:00,1770816959999,XRP,1m,1.3764,1.373,1.3776,1.3711,84212.0,78
2026-02-11 13:36:00,1770817019999,XRP,1m,1.3733,1.3728,1.374,1.3725,33242.0,43
2026-02-11 13:37:00,1770817079999,XRP,1m,1.3734,1.3695,1.3734,1.3686,49014.0,45
2026-02-11 13:38:00,1770817139999,XRP,1m,1.37,1.3737,1.3737,1.37,40584.0,45
2026-02-11 13:39:00,1770817199999,XRP,1m,1.3746,1.3742,1.3746,1.3727,50628.0,39
2026-02-11 13:40:00,1770817259999,XRP,1m,1.3742,1.3694,1.3742,1.3694,28610.0,36
2026-02-11 13:41:00,1770817319999,XRP,1m,1.3692,1.3693,1.3693,1.3684,9336.0,13
2026-02-11 13:42:00,1770817379999,XRP,1m,1.3695,1.3678,1.3695,1.3674,3674.0,11
2026-02-11 13:43:00,1770817439999,XRP,1m,1.3673,1.3676,1.3681,1.3669,141132.0,90
2026-02-11 13:44:00,1770817499999,XRP,1m,1.3681,1.3686,1.3687,1.3681,2659.0,8
2026-02-11 13:45:00,1770817559999,XRP,1m,1.3694,1.3705,1.3712,1.369,60371.0,47
2026-02-11 13:46:00,1770817619999,XRP,1m,1.3718,1.3716,1.3736,1.3708,26746.0,48
2026-02-11 13:47:00,1770817679999,XRP,1m,1.3719,1.3713,1.3719,1.3694,2602.0,13
2026-02-11 13:48:00,1770817739999,XRP,1m,1.3711,1.3698,1.3723,1.3698,2239.0,12
2026-02-11 13:49:00,1770817799999,XRP,1m,1.3697,1.3699,1.3699,1.3681,12128.0,34
2026-02-11 13:50:00,1770817859999,XRP,1m,1.3696,1.369,1.3699,1.3689,77980.0,39
2026-02-11 13:51:00,1770817919999,XRP,1m,1.3676,1.3648,1.3677,1.3648,241238.0,92
2026-02-11 13:52:00,1770817979999,XRP,1m,1.3641,1.3617,1.3642,1.3617,18929.0,49
2026-02-11 13:53:00,1770818039999,XRP,1m,1.3623,1.3645,1.3645,1.3623,23211.0,30
2026-02-11 13:54:00,1770818099999,XRP,1m,1.3648,1.3659,1.3667,1.3648,195026.0,104
2026-02-11 13:55:00,1770818159999,XRP,1m,1.3668,1.3694,1.3708,1.3668,31642.0,44
2026-02-11 13:56:00,1770818219999,XRP,1m,1.3703,1.3712,1.3712,1.3703,22777.0,24
2026-02-11 13:57:00,1770818279999,XRP,1m,1.3714,1.3735,1.3735,1.3714,12628.0,23
2026-02-11 13:58:00,1770818339999,XRP,1m,1.3735,1.3766,1.3769,1.3735,94616.0,41
2026-02-11 13:59:00,1770818399999,XRP,1m,1.3771,1.3751,1.3771,1.3742,112090.0,45
2026-02-11 14:00:00,1770818459999,XRP,1m,1.3756,1.3773,1.3785,1.3754,56077.0,74
2026-02-11 14:01:00,1770818519999,XRP,1m,1.3772,1.3787,1.3798,1.3772,17914.0,33
2026-02-11 14:02:00,1770818579999,XRP,1m,1.3801,1.3806,1.3816,1.3786,239810.0,137
2026-02-11 14:03:00,1770818639999,XRP,1m,1.3806,1.3849,1.3852,1.3801,229406.0,157
2026-02-11 14:04:00,1770818699999,XRP,1m,1.3837,1.3843,1.3846,1.3816,116247.0,127
2026-02-11 14:05:00,1770818759999,XRP,1m,1.3838,1.3854,1.3855,1.3824,65913.0,77
2026-02-11 14:06:00,1770818819999,XRP,1m,1.3855,1.3834,1.3857,1.3802,85904.0,68
2026-02-11 14:07:00,1770818879999,XRP,1m,1.3838,1.3858,1.3891,1.3838,118925.0,134
2026-02-11 14:08:00,1770818939999,XRP,1m,1.3859,1.3872,1.388,1.3852,79779.0,51
2026-02-11 14:09:00,1770818999999,XRP,1m,1.3869,1.3875,1.3875,1.3853,82663.0,49
2026-02-11 14:10:00,1770819059999,XRP,1m,1.3877,1.4016,1.4073,1.3857,1277428.0,657
2026-02-11 14:11:00,1770819119999,XRP,1m,1.4015,1.3994,1.4015,1.3978,420738.0,175
2026-02-11 14:12:00,1770819179999,XRP,1m,1.3993,1.3973,1.4019,1.3963,185018.0,147
2026-02-11 14:13:00,1770819239999,XRP,1m,1.3971,1.3983,1.3993,1.3965,108226.0,53
2026-02-11 14:14:00,1770819299999,XRP,1m,1.3969,1.3998,1.3998,1.3964,50011.0,33
2026-02-11 14:15:00,1770819359999,XRP,1m,1.4012,1.4024,1.4048,1.4012,269171.0,181
2026-02-11 14:16:00,1770819419999,XRP,1m,1.4024,1.3999,1.4024,1.3978,43190.0,44
2026-02-11 14:17:00,1770819479999,XRP,1m,1.3989,1.4014,1.4014,1.3979,41297.0,33
2026-02-11 14:18:00,1770819539999,XRP,1m,1.4014,1.4002,1.4014,1.3982,184594.0,88
2026-02-11 14:19:00,1770819599999,XRP,1m,1.4012,1.3984,1.4013,1.3984,13422.0,15
2026-02-11 14:20:00,1770819659999,XRP,1m,1.3982,1.3968,1.3986,1.3968,21151.0,30
2026-02-11 14:21:00,1770819719999,XRP,1m,1.3956,1.3942,1.3956,1.3932,47061.0,50
2026-02-11 14:22:00,1770819779999,XRP,1m,1.3944,1.3906,1.3944,1.3903,73861.0,68
2026-02-11 14:23:00,1770819839999,XRP,1m,1.3906,1.3883,1.3906,1.3883,83121.0,49
2026-02-11 14:24:00,1770819899999,XRP,1m,1.3887,1.3889,1.3891,1.3874,159023.0,59
2026-02-11 14:25:00,1770819959999,XRP,1m,1.389,1.3901,1.3911,1.389,46422.0,27
2026-02-11 14:26:00,1770820019999,XRP,1m,1.391,1.3901,1.3911,1.3874,20219.0,30
2026-02-11 14:27:00,1770820079999,XRP,1m,1.3893,1.3901,1.3906,1.3887,4712.0,11
2026-02-11 14:28:00,1770820139999,XRP,1m,1.3902,1.3893,1.3905,1.3893,3711.0,15
2026-02-11 14:29:00,1770820199999,XRP,1m,1.3892,1.3892,1.3916,1.3892,4163.0,10
2026-02-11 14:30:00,1770820259999,XRP,1m,1.3893,1.3931,1.3944,1.3869,173244.0,160
2026-02-11 14:31:00,1770820319999,XRP,1m,1.3927,1.3948,1.3948,1.3901,108704.0,120
2026-02-11 14:32:00,1770820379999,XRP,1m,1.3941,1.3889,1.3941,1.3868,78782.0,84
2026-02-11 14:33:00,1770820439999,XRP,1m,1.3879,1.3861,1.3879,1.3844,129480.0,109
2026-02-11 14:34:00,1770820499999,XRP,1m,1.386,1.3801,1.386,1.3776,165430.0,157
2026-02-11 14:35:00,1770820559999,XRP,1m,1.3774,1.3779,1.3779,1.3748,277426.0,194
2026-02-11 14:36:00,1770820619999,XRP,1m,1.3779,1.372,1.3784,1.372,153312.0,111
2026-02-11 14:37:00,1770820679999,XRP,1m,1.3718,1.3759,1.3788,1.3711,64580.0,73
2026-02-11 14:38:00,1770820739999,XRP,1m,1.377,1.3743,1.3774,1.372,69382.0,62
2026-02-11 14:39:00,1770820799999,XRP,1m,1.3739,1.372,1.3743,1.3718,36424.0,66
2026-02-11 14:40:00,1770820859999,XRP,1m,1.3712,1.3728,1.3748,1.3712,120530.0,113
2026-02-11 14:41:00,1770820919999,XRP,1m,1.3727,1.3707,1.3752,1.3699,150231.0,116
2026-02-11 14:42:00,1770820979999,XRP,1m,1.3709,1.3702,1.3732,1.3693,67849.0,58
2026-02-11 14:43:00,1770821039999,XRP,1m,1.3718,1.3739,1.3751,1.3715,48358.0,73
2026-02-11 14:44:00,1770821099999,XRP,1m,1.3742,1.3746,1.3771,1.3738,97271.0,95
2026-02-11 14:45:00,1770821159999,XRP,1m,1.3742,1.3737,1.3772,1.3722,87029.0,73
2026-02-11 14:46:00,1770821219999,XRP,1m,1.3752,1.3691,1.376,1.3687,80159.0,59
2026-02-11 14:47:00,1770821279999,XRP,1m,1.3695,1.3684,1.3697,1.3681,8940.0,19
2026-02-11 14:48:00,1770821339999,XRP,1m,1.3686,1.3692,1.3692,1.3666,20213.0,29
2026-02-11 14:49:00,1770821399999,XRP,1m,1.3683,1.3674,1.3691,1.3646,36456.0,53
2026-02-11 14:50:00,1770821459999,XRP,1m,1.367,1.3642,1.369,1.3638,209509.0,142
2026-02-11 14:51:00,1770821519999,XRP,1m,1.3643,1.3673,1.3698,1.363,56857.0,74
2026-02-11 14:52:00,1770821579999,XRP,1m,1.368,1.3711,1.3716,1.3671,113757.0,83
2026-02-11 14:53:00,1770821639999,XRP,1m,1.3706,1.3721,1.373,1.3706,21371.0,35
2026-02-11 14:54:00,1770821699999,XRP,1m,1.3706,1.3707,1.3731,1.3702,25784.0,27
2026-02-11 14:55:00,1770821759999,XRP,1m,1.3696,1.3663,1.371,1.3663,39151.0,57
2026-02-11 14:56:00,1770821819999,XRP,1m,1.3662,1.3624,1.367,1.3624,36792.0,28
2026-02-11 14:57:00,1770821879999,XRP,1m,1.3624,1.3593,1.3626,1.3579,193955.0,139
2026-02-11 14:58:00,1770821939999,XRP,1m,1.3595,1.3586,1.3612,1.3573,48967.0,51
2026-02-11 14:59:00,1770821999999,XRP,1m,1.3589,1.3608,1.3608,1.3581,44751.0,39
2026-02-11 15:00:00,1770822059999,XRP,1m,1.3607,1.3557,1.3617,1.3554,70283.0,77
2026-02-11 15:01:00,1770822119999,XRP,1m,1.356,1.3648,1.3688,1.356,180345.0,158
2026-02-11 15:02:00,1770822179999,XRP,1m,1.3661,1.3656,1.3678,1.3654,60593.0,54
2026-02-11 15:03:00,1770822239999,XRP,1m,1.3653,1.3625,1.3653,1.3618,158179.0,99
2026-02-11 15:04:00,1770822299999,XRP,1m,1.3621,1.3611,1.3621,1.3592,29279.0,58
2026-02-11 15:05:00,1770822359999,XRP,1m,1.3609,1.3627,1.3627,1.3602,42412.0,59
2026-02-11 15:06:00,1770822419999,XRP,1m,1.3633,1.3585,1.3641,1.3581,63600.0,89
2026-02-11 15:07:00,1770822479999,XRP,1m,1.3594,1.3511,1.3594,1.3505,141265.0,170
2026-02-11 15:08:00,1770822539999,XRP,1m,1.3511,1.3464,1.3512,1.3464,219734.0,180
2026-02-11 15:09:00,1770822599999,XRP,1m,1.3463,1.3486,1.3488,1.3457,89738.0,90
2026-02-11 15:10:00,1770822659999,XRP,1m,1.3477,1.3514,1.3541,1.3469,271710.0,167
2026-02-11 15:11:00,1770822719999,XRP,1m,1.3514,1.3517,1.3529,1.3499,94628.0,102
2026-02-11 15:12:00,1770822779999,XRP,1m,1.353,1.3479,1.353,1.3477,100301.0,89
2026-02-11 15:13:00,1770822839999,XRP,1m,1.3479,1.3465,1.3492,1.3462,399562.0,121
2026-02-11 15:14:00,1770822899999,XRP,1m,1.3465,1.352,1.352,1.3458,2693104.0,529
2026-02-11 15:15:00,1770822959999,XRP,1m,1.3519,1.3505,1.3553,1.35,399823.0,237
2026-02-11 15:16:00,1770823019999,XRP,1m,1.3503,1.3463,1.3517,1.3456,449826.0,184
2026-02-11 15:17:00,1770823079999,XRP,1m,1.3473,1.3508,1.3519,1.3473,339323.0,198
2026-02-11 15:18:00,1770823139999,XRP,1m,1.3517,1.3534,1.3539,1.348,399591.0,240
2026-02-11 15:19:00,1770823199999,XRP,1m,1.3534,1.3509,1.3546,1.3507,137148.0,117
2026-02-11 15:20:00,1770823259999,XRP,1m,1.35,1.3488,1.3509,1.3481,616613.0,308
2026-02-11 15:21:00,1770823319999,XRP,1m,1.3488,1.3548,1.3554,1.347,736737.0,377
2026-02-11 15:22:00,1770823379999,XRP,1m,1.3544,1.3519,1.358,1.3511,187738.0,184
2026-02-11 15:23:00,1770823439999,XRP,1m,1.3522,1.3525,1.3542,1.351,69492.0,73
2026-02-11 15:24:00,1770823499999,XRP,1m,1.352,1.3507,1.3525,1.3502,121964.0,99
2026-02-11 15:25:00,1770823559999,XRP,1m,1.3512,1.3534,1.3544,1.3504,78753.0,82
2026-02-11 15:26:00,1770823619999,XRP,1m,1.3524,1.3472,1.3526,1.3467,52338.0,81
2026-02-11 15:27:00,1770823679999,XRP,1m,1.3472,1.3465,1.3491,1.344,168546.0,116
2026-02-11 15:28:00,1770823739999,XRP,1m,1.3472,1.3517,1.3529,1.3468,134240.0,101
2026-02-11 15:29:00,1770823799999,XRP,1m,1.3514,1.3497,1.354,1.3497,44422.0,64
2026-02-11 15:30:00,1770823859999,XRP,1m,1.3495,1.3517,1.3517,1.3491,41146.0,36
2026-02-11 15:31:00,1770823919999,XRP,1m,1.352,1.353,1.353,1.3507,114198.0,116
2026-02-11 15:32:00,1770823979999,XRP,1m,1.3523,1.3492,1.3523,1.3475,22594.0,36
2026-02-11 15:33:00,1770824039999,XRP,1m,1.3507,1.349,1.3517,1.349,58423.0,56
2026-02-11 15:34:00,1770824099999,XRP,1m,1.3492,1.3506,1.3513,1.3492,32698.0,45
2026-02-11 15:35:00,1770824159999,XRP,1m,1.3506,1.3556,1.3557,1.3506,32364.0,56
2026-02-11 15:36:00,1770824219999,XRP,1m,1.3554,1.3533,1.3569,1.3533,31690.0,74
2026-02-11 15:37:00,1770824279999,XRP,1m,1.3535,1.3544,1.355,1.3522,15294.0,23
2026-02-11 15:38:00,1770824339999,XRP,1m,1.3531,1.3526,1.3531,1.3517,17445.0,28
2026-02-11 15:39:00,1770824399999,XRP,1m,1.3526,1.3538,1.3539,1.3524,17365.0,32
2026-02-11 15:40:00,1770824459999,XRP,1m,1.3531,1.3559,1.3559,1.3531,38861.0,58
2026-02-11 15:41:00,1770824519999,XRP,1m,1.3564,1.3545,1.3589,1.3545,51621.0,57
2026-02-11 15:42:00,1770824579999,XRP,1m,1.3546,1.3578,1.3588,1.3523,35218.0,47
2026-02-11 15:43:00,1770824639999,XRP,1m,1.3575,1.3592,1.3592,1.3563,16039.0,31
2026-02-11 15:44:00,1770824699999,XRP,1m,1.3588,1.3598,1.3606,1.3581,40904.0,47
2026-02-11 15:45:00,1770824759999,XRP,1m,1.3593,1.3605,1.361,1.3591,29238.0,50
2026-02-11 15:46:00,1770824819999,XRP,1m,1.3604,1.3529,1.3604,1.3529,236737.0,98
2026-02-11 15:47:00,1770824879999,XRP,1m,1.3541,1.354,1.3566,1.3531,270169.0,115
2026-02-11 15:48:00,1770824939999,XRP,1m,1.3557,1.3496,1.3557,1.3491,422310.0,188
2026-02-11 15:49:00,1770824999999,XRP,1m,1.3503,1.3488,1.3512,1.3486,178767.0,112
2026-02-11 15:50:00,1770825059999,XRP,1m,1.3489,1.3483,1.349,1.3461,66195.0,102
2026-02-11 15:51:00,1770825119999,XRP,1m,1.3488,1.3511,1.3512,1.3483,23056.0,41
2026-02-11 15:52:00,1770825179999,XRP,1m,1.3516,1.3529,1.3538,1.3512,48472.0,53
2026-02-11 15:53:00,1770825239999,XRP,1m,1.353,1.3527,1.3541,1.3519,47890.0,53
2026-02-11 15:54:00,1770825299999,XRP,1m,1.3537,1.3558,1.3563,1.3535,26280.0,31
2026-02-11 15:55:00,1770825359999,XRP,1m,1.3548,1.3554,1.3568,1.3533,47493.0,39
2026-02-11 15:56:00,1770825419999,XRP,1m,1.3565,1.3536,1.3578,1.3536,61582.0,57
2026-02-11 15:57:00,1770825479999,XRP,1m,1.3539,1.3542,1.3561,1.3534,34929.0,31
2026-02-11 15:58:00,1770825539999,XRP,1m,1.3535,1.3537,1.3542,1.3527,155430.0,82
2026-02-11 15:59:00,1770825599999,XRP,1m,1.3544,1.3526,1.3549,1.352,409166.0,229
2026-02-11 16:00:00,1770825659999,XRP,1m,1.3531,1.3514,1.3531,1.3499,408514.0,205
2026-02-11 16:01:00,1770825719999,XRP,1m,1.3517,1.3507,1.3524,1.3505,199816.0,131
2026-02-11 16:02:00,1770825779999,XRP,1m,1.3516,1.3529,1.3529,1.3508,48801.0,46
2026-02-11 16:03:00,1770825839999,XRP,1m,1.3507,1.3499,1.3511,1.3499,30433.0,47
2026-02-11 16:04:00,1770825899999,XRP,1m,1.35,1.3528,1.3544,1.3499,21436.0,32
2026-02-11 16:05:00,1770825959999,XRP,1m,1.3527,1.3534,1.3539,1.3514,49294.0,54
2026-02-11 16:06:00,1770826019999,XRP,1m,1.3535,1.3543,1.3543,1.3523,28236.0,47
2026-02-11 16:07:00,1770826079999,XRP,1m,1.3542,1.3536,1.3543,1.3536,1281.0,8
2026-02-11 16:08:00,1770826139999,XRP,1m,1.3532,1.3543,1.3549,1.3526,5608.0,19
2026-02-11 16:09:00,1770826199999,XRP,1m,1.3546,1.3539,1.3549,1.3536,18876.0,29
2026-02-11 16:10:00,1770826259999,XRP,1m,1.3538,1.3596,1.3598,1.3532,132533.0,104
2026-02-11 16:11:00,1770826319999,XRP,1m,1.3586,1.3641,1.3644,1.3586,145187.0,118
2026-02-11 16:12:00,1770826379999,XRP,1m,1.3645,1.3646,1.3666,1.3621,119651.0,97
2026-02-11 16:13:00,1770826439999,XRP,1m,1.3666,1.3682,1.3683,1.3658,49120.0,69
2026-02-11 16:14:00,1770826499999,XRP,1m,1.3683,1.3665,1.3684,1.365,32428.0,30
2026-02-11 16:15:00,1770826559999,XRP,1m,1.3671,1.3635,1.3677,1.3631,27199.0,39
2026-02-11 16:16:00,1770826619999,XRP,1m,1.3631,1.3639,1.3648,1.363,19553.0,31
2026-02-11 16:17:00,1770826679999,XRP,1m,1.3632,1.3617,1.3634,1.361,81430.0,51
2026-02-11 16:18:00,1770826739999,XRP,1m,1.3616,1.3613,1.3625,1.3613,2036.0,14
2026-02-11 16:19:00,1770826799999,XRP,1m,1.3608,1.3617,1.3617,1.3603,12165.0,21
2026-02-11 16:20:00,1770826859999,XRP,1m,1.362,1.3661,1.3662,1.362,39695.0,36
2026-02-11 16:21:00,1770826919999,XRP,1m,1.3661,1.3626,1.3677,1.3624,133991.0,92
2026-02-11 16:22:00,1770826979999,XRP,1m,1.3627,1.3638,1.3642,1.3625,15346.0,26
2026-02-11 16:23:00,1770827039999,XRP,1m,1.3654,1.3629,1.3661,1.3629,1669.0,13
2026-02-11 16:24:00,1770827099999,XRP,1m,1.3649,1.3635,1.3655,1.3635,2856.0,12
2026-02-11 16:25:00,1770827159999,XRP,1m,1.3641,1.3644,1.3654,1.3639,9589.0,12
2026-02-11 16:26:00,1770827219999,XRP,1m,1.3629,1.3595,1.3629,1.3587,156586.0,74
2026-02-11 16:27:00,1770827279999,XRP,1m,1.3584,1.3586,1.3598,1.3575,223320.0,95
2026-02-11 16:28:00,1770827339999,XRP,1m,1.3586,1.3564,1.3587,1.3543,474350.0,178
2026-02-11 16:29:00,1770827399999,XRP,1m,1.3563,1.3551,1.3564,1.3544,233759.0,107
2026-02-11 16:30:00,1770827459999,XRP,1m,1.3552,1.3563,1.3569,1.3539,158225.0,97
2026-02-11 16:31:00,1770827519999,XRP,1m,1.3567,1.3567,1.3573,1.3555,21151.0,43
2026-02-11 16:32:00,1770827579999,XRP,1m,1.356,1.3553,1.356,1.3552,17408.0,33
2026-02-11 16:33:00,1770827639999,XRP,1m,1.3551,1.354,1.3551,1.3525,54665.0,76
2026-02-11 16:34:00,1770827699999,XRP,1m,1.3542,1.3553,1.3564,1.3542,8628.0,24
2026-02-11 16:35:00,1770827759999,XRP,1m,1.356,1.3503,1.356,1.3499,22916.0,65
2026-02-11 16:36:00,1770827819999,XRP,1m,1.3508,1.3512,1.3526,1.3503,100553.0,67
2026-02-11 16:37:00,1770827879999,XRP,1m,1.3506,1.3488,1.3511,1.3487,63735.0,108
2026-02-11 16:38:00,1770827939999,XRP,1m,1.3489,1.3522,1.3523,1.3484,179938.0,139
2026-02-11 16:39:00,1770827999999,XRP,1m,1.3523,1.3529,1.3529,1.3514,16052.0,20
2026-02-11 16:40:00,1770828059999,XRP,1m,1.3539,1.3551,1.3556,1.3535,55914.0,52
2026-02-11 16:41:00,1770828119999,XRP,1m,1.355,1.3538,1.355,1.3533,18426.0,24
2026-02-11 16:42:00,1770828179999,XRP,1m,1.354,1.3547,1.3551,1.354,4507.0,16
2026-02-11 16:43:00,1770828239999,XRP,1m,1.3543,1.3539,1.3545,1.3537,18492.0,26
2026-02-11 16:44:00,1770828299999,XRP,1m,1.3532,1.3515,1.3538,1.3515,13179.0,17
2026-02-11 16:45:00,1770828359999,XRP,1m,1.3518,1.3527,1.3527,1.3511,44283.0,40
2026-02-11 16:46:00,1770828419999,XRP,1m,1.3525,1.3525,1.3539,1.3523,961.0,8
2026-02-11 16:47:00,1770828479999,XRP,1m,1.3523,1.3536,1.3543,1.3522,6330.0,16
2026-02-11 16:48:00,1770828539999,XRP,1m,1.352,1.3495,1.3527,1.3494,17481.0,24
2026-02-11 16:49:00,1770828599999,XRP,1m,1.3494,1.3473,1.3494,1.3462,69446.0,102
2026-02-11 16:50:00,1770828659999,XRP,1m,1.3461,1.3453,1.3462,1.3422,82132.0,65
2026-02-11 16:51:00,1770828719999,XRP,1m,1.3452,1.3452,1.3475,1.3452,13177.0,26
2026-02-11 16:52:00,1770828779999,XRP,1m,1.344,1.3471,1.3473,1.3434,292061.0,118
2026-02-11 16:53:00,1770828839999,XRP,1m,1.3468,1.346,1.347,1.345,121778.0,84
2026-02-11 16:54:00,1770828899999,XRP,1m,1.3462,1.3472,1.3472,1.3455,25996.0,25
2026-02-11 16:55:00,1770828959999,XRP,1m,1.3466,1.347,1.3475,1.3465,28067.0,26
2026-02-11 16:56:00,1770829019999,XRP,1m,1.347,1.3459,1.3475,1.3453,12520.0,10
2026-02-11 16:57:00,1770829079999,XRP,1m,1.3457,1.3461,1.347,1.3456,18954.0,14
2026-02-11 16:58:00,1770829139999,XRP,1m,1.3461,1.3445,1.3464,1.3445,20584.0,31
2026-02-11 16:59:00,1770829199999,XRP,1m,1.344,1.3443,1.3449,1.3438,102606.0,42
2026-02-11 17:00:00,1770829259999,XRP,1m,1.3438,1.3464,1.3464,1.3434,32682.0,60
2026-02-11 17:01:00,1770829319999,XRP,1m,1.3463,1.3438,1.3463,1.3429,45954.0,40
2026-02-11 17:02:00,1770829379999,XRP,1m,1.3434,1.342,1.344,1.3413,16455.0,44
2026-02-11 17:03:00,1770829439999,XRP,1m,1.343,1.3445,1.3464,1.3429,17530.0,23
2026-02-11 17:04:00,1770829499999,XRP,1m,1.3458,1.3434,1.3473,1.3434,169374.0,109
2026-02-11 17:05:00,1770829559999,XRP,1m,1.3437,1.3448,1.3453,1.3433,6499.0,12
2026-02-11 17:06:00,1770829619999,XRP,1m,1.345,1.3463,1.347,1.3443,4035.0,14
2026-02-11 17:07:00,1770829679999,XRP,1m,1.3464,1.3489,1.3489,1.3464,27524.0,34
2026-02-11 17:08:00,1770829739999,XRP,1m,1.349,1.347,1.3497,1.347,9641.0,23
2026-02-11 17:09:00,1770829799999,XRP,1m,1.3477,1.3501,1.3501,1.3477,37235.0,45
2026-02-11 17:10:00,1770829859999,XRP,1m,1.3502,1.3506,1.351,1.35,18233.0,23
2026-02-11 17:11:00,1770829919999,XRP,1m,1.3506,1.3492,1.3531,1.3492,25889.0,36
2026-02-11 17:12:00,1770829979999,XRP,1m,1.3491,1.3514,1.352,1.3491,78177.0,37
2026-02-11 17:13:00,1770830039999,XRP,1m,1.3517,1.3505,1.3517,1.3499,92713.0,76
2026-02-11 17:14:00,1770830099999,XRP,1m,1.3504,1.3513,1.3533,1.3504,13536.0,23
2026-02-11 17:15:00,1770830159999,XRP,1m,1.3525,1.3532,1.3532,1.3519,10504.0,18
2026-02-11 17:16:00,1770830219999,XRP,1m,1.3532,1.3563,1.3572,1.3526,25347.0,36
2026-02-11 17:17:00,1770830279999,XRP,1m,1.3556,1.3557,1.3566,1.3549,8613.0,11
2026-02-11 17:18:00,1770830339999,XRP,1m,1.356,1.3555,1.356,1.3551,1817.0,13
2026-02-11 17:19:00,1770830399999,XRP,1m,1.3553,1.3576,1.3581,1.3552,117530.0,56
2026-02-11 17:20:00,1770830459999,XRP,1m,1.3584,1.3633,1.3633,1.3584,71740.0,81
2026-02-11 17:21:00,1770830519999,XRP,1m,1.3626,1.3616,1.3637,1.3605,10562.0,20
2026-02-11 17:22:00,1770830579999,XRP,1m,1.3618,1.3634,1.3635,1.3613,55980.0,43
2026-02-11 17:23:00,1770830639999,XRP,1m,1.3639,1.3677,1.3691,1.3639,77487.0,70
2026-02-11 17:24:00,1770830699999,XRP,1m,1.3673,1.3654,1.3676,1.3653,235376.0,86
2026-02-11 17:25:00,1770830759999,XRP,1m,1.3657,1.3728,1.373,1.3657,143496.0,78
2026-02-11 17:26:00,1770830819999,XRP,1m,1.3728,1.3705,1.374,1.3697,21478.0,26
2026-02-11 17:27:00,1770830879999,XRP,1m,1.3706,1.3714,1.372,1.3701,16378.0,28
2026-02-11 17:28:00,1770830939999,XRP,1m,1.3712,1.3748,1.3751,1.3712,26360.0,50
2026-02-11 17:29:00,1770830999999,XRP,1m,1.375,1.3756,1.3756,1.3737,16597.0,26
2026-02-11 17:30:00,1770831059999,XRP,1m,1.3759,1.3753,1.3759,1.3735,69710.0,64
2026-02-11 17:31:00,1770831119999,XRP,1m,1.3758,1.3775,1.3781,1.3739,46994.0,68
2026-02-11 17:32:00,1770831179999,XRP,1m,1.3769,1.3724,1.3769,1.3723,44456.0,56
2026-02-11 17:33:00,1770831239999,XRP,1m,1.3728,1.3787,1.3788,1.3728,18482.0,47
2026-02-11 17:34:00,1770831299999,XRP,1m,1.3777,1.3774,1.3785,1.3769,9308.0,24
2026-02-11 17:35:00,1770831359999,XRP,1m,1.3771,1.3775,1.3787,1.3764,31197.0,39
2026-02-11 17:36:00,1770831419999,XRP,1m,1.3771,1.3766,1.3771,1.3756,8564.0,26
2026-02-11 17:37:00,1770831479999,XRP,1m,1.3758,1.3779,1.3779,1.3741,35525.0,55
2026-02-11 17:38:00,1770831539999,XRP,1m,1.3779,1.3763,1.3779,1.3743,5518.0,16
2026-02-11 17:39:00,1770831599999,XRP,1m,1.3771,1.3755,1.3771,1.3745,243506.0,70
2026-02-11 17:40:00,1770831659999,XRP,1m,1.374,1.3727,1.3748,1.3727,45197.0,44
2026-02-11 17:41:00,1770831719999,XRP,1m,1.3729,1.3726,1.373,1.3705,47827.0,34
2026-02-11 17:42:00,1770831779999,XRP,1m,1.3723,1.3722,1.3723,1.3716,6545.0,7
2026-02-11 17:43:00,1770831839999,XRP,1m,1.3734,1.373,1.3734,1.3718,7600.0,12
2026-02-11 17:44:00,1770831899999,XRP,1m,1.3721,1.3726,1.3726,1.3717,2488.0,11
2026-02-11 17:45:00,1770831959999,XRP,1m,1.3719,1.3692,1.3722,1.3692,9173.0,22
2026-02-11 17:46:00,1770832019999,XRP,1m,1.3692,1.3699,1.3701,1.3687,7485.0,13
2026-02-11 17:47:00,1770832079999,XRP,1m,1.3702,1.3725,1.3726,1.3692,3061.0,12
2026-02-11 17:48:00,1770832139999,XRP,1m,1.3726,1.3719,1.3732,1.3719,20703.0,22
2026-02-11 17:49:00,1770832199999,XRP,1m,1.3715,1.3724,1.3725,1.3709,895.0,9
2026-02-11 17:50:00,1770832259999,XRP,1m,1.3728,1.3714,1.3743,1.3714,325339.0,140
2026-02-11 17:51:00,1770832319999,XRP,1m,1.3726,1.3732,1.3732,1.371,5132.0,15
2026-02-11 17:52:00,1770832379999,XRP,1m,1.3722,1.3755,1.3758,1.3722,23992.0,28
2026-02-11 17:53:00,1770832439999,XRP,1m,1.3748,1.3741,1.3748,1.3733,16427.0,16
2026-02-11 17:54:00,1770832499999,XRP,1m,1.3742,1.3711,1.3742,1.3698,3085.0,10
2026-02-11 17:55:00,1770832559999,XRP,1m,1.3714,1.3709,1.3714,1.3701,323.0,10
2026-02-11 17:56:00,1770832619999,XRP,1m,1.3706,1.3709,1.3712,1.3702,266.0,9
2026-02-11 17:57:00,1770832679999,XRP,1m,1.3709,1.3713,1.3716,1.3707,7507.0,13
2026-02-11 17:58:00,1770832739999,XRP,1m,1.371,1.3701,1.371,1.3692,45873.0,24
2026-02-11 17:59:00,1770832799999,XRP,1m,1.3693,1.3693,1.3696,1.369,17745.0,21
2026-02-11 18:00:00,1770832859999,XRP,1m,1.37,1.3697,1.3701,1.3696,8376.0,14
2026-02-11 18:01:00,1770832919999,XRP,1m,1.3707,1.3697,1.3712,1.3697,3078.0,17
2026-02-11 18:02:00,1770832979999,XRP,1m,1.3698,1.3703,1.3703,1.3686,19174.0,22
2026-02-11 18:03:00,1770833039999,XRP,1m,1.3705,1.3679,1.3709,1.3679,15341.0,22
2026-02-11 18:04:00,1770833099999,XRP,1m,1.3688,1.3669,1.3698,1.3667,34751.0,25
2026-02-11 18:05:00,1770833159999,XRP,1m,1.3669,1.3639,1.3669,1.3637,15230.0,29
2026-02-11 18:06:00,1770833219999,XRP,1m,1.364,1.3627,1.3645,1.3627,9624.0,20
2026-02-11 18:07:00,1770833279999,XRP,1m,1.3624,1.3638,1.3638,1.3612,15006.0,36
2026-02-11 18:08:00,1770833339999,XRP,1m,1.3638,1.3634,1.3641,1.3629,18302.0,18
2026-02-11 18:09:00,1770833399999,XRP,1m,1.3637,1.3641,1.3641,1.3631,4375.0,10
2026-02-11 18:10:00,1770833459999,XRP,1m,1.3638,1.3636,1.3639,1.3621,4610.0,16
2026-02-11 18:11:00,1770833519999,XRP,1m,1.364,1.3652,1.3652,1.3631,24167.0,24
2026-02-11 18:12:00,1770833579999,XRP,1m,1.3659,1.3662,1.3666,1.3652,30717.0,20
2026-02-11 18:13:00,1770833639999,XRP,1m,1.3662,1.3684,1.3688,1.3662,34065.0,36
2026-02-11 18:14:00,1770833699999,XRP,1m,1.3681,1.369,1.369,1.3677,1603.0,14
2026-02-11 18:15:00,1770833759999,XRP,1m,1.369,1.3707,1.3714,1.369,11082.0,31
2026-02-11 18:16:00,1770833819999,XRP,1m,1.3707,1.3765,1.3778,1.3707,133228.0,114
2026-02-11 18:17:00,1770833879999,XRP,1m,1.3768,1.3785,1.3808,1.3768,63332.0,61
2026-02-11 18:18:00,1770833939999,XRP,1m,1.3785,1.3817,1.3817,1.3773,26866.0,50
2026-02-11 18:19:00,1770833999999,XRP,1m,1.3821,1.379,1.3821,1.3784,21455.0,34
2026-02-11 18:20:00,1770834059999,XRP,1m,1.3797,1.3756,1.3804,1.3756,9475.0,31
2026-02-11 18:21:00,1770834119999,XRP,1m,1.376,1.3782,1.3797,1.376,19051.0,31
2026-02-11 18:22:00,1770834179999,XRP,1m,1.3781,1.3789,1.3791,1.3773,12149.0,18
2026-02-11 18:23:00,1770834239999,XRP,1m,1.3782,1.3763,1.3783,1.3763,3703.0,19
2026-02-11 18:24:00,1770834299999,XRP,1m,1.3766,1.3806,1.3812,1.3766,23068.0,40
2026-02-11 18:25:00,1770834359999,XRP,1m,1.3801,1.3804,1.3822,1.3793,13759.0,26
2026-02-11 18:26:00,1770834419999,XRP,1m,1.3788,1.3794,1.3801,1.3788,5283.0,20
2026-02-11 18:27:00,1770834479999,XRP,1m,1.3787,1.3786,1.3798,1.3781,12007.0,22
2026-02-11 18:28:00,1770834539999,XRP,1m,1.3793,1.3798,1.3835,1.3793,61512.0,59
2026-02-11 18:29:00,1770834599999,XRP,1m,1.3802,1.3803,1.3808,1.3802,4792.0,8
2026-02-11 18:30:00,1770834659999,XRP,1m,1.3804,1.3789,1.3804,1.3784,34496.0,33
2026-02-11 18:31:00,1770834719999,XRP,1m,1.3789,1.3804,1.3808,1.3789,4875.0,14
2026-02-11 18:32:00,1770834779999,XRP,1m,1.3807,1.3792,1.3807,1.3774,38536.0,25
2026-02-11 18:33:00,1770834839999,XRP,1m,1.3793,1.3788,1.3797,1.3786,71950.0,45
2026-02-11 18:34:00,1770834899999,XRP,1m,1.3793,1.3791,1.3795,1.3791,413.0,6
2026-02-11 18:35:00,1770834959999,XRP,1m,1.3773,1.3759,1.3784,1.3757,13626.0,23
2026-02-11 18:36:00,1770835019999,XRP,1m,1.3767,1.3761,1.3767,1.3755,7282.0,10
2026-02-11 18:37:00,1770835079999,XRP,1m,1.3762,1.377,1.3786,1.3762,11719.0,25
2026-02-11 18:38:00,1770835139999,XRP,1m,1.3778,1.3791,1.3801,1.3778,40156.0,48
2026-02-11 18:39:00,1770835199999,XRP,1m,1.3799,1.3783,1.3799,1.3779,87822.0,57
2026-02-11 18:40:00,1770835259999,XRP,1m,1.379,1.3774,1.3801,1.3774,24085.0,27
2026-02-11 18:41:00,1770835319999,XRP,1m,1.3773,1.377,1.3778,1.3766,294.0,9
2026-02-11 18:42:00,1770835379999,XRP,1m,1.3766,1.3772,1.3773,1.3766,6352.0,8
2026-02-11 18:43:00,1770835439999,XRP,1m,1.3778,1.3767,1.3779,1.3767,2177.0,11
2026-02-11 18:44:00,1770835499999,XRP,1m,1.3772,1.3772,1.3776,1.3767,55576.0,32
2026-02-11 18:45:00,1770835559999,XRP,1m,1.3774,1.3777,1.3784,1.3774,7225.0,18
2026-02-11 18:46:00,1770835619999,XRP,1m,1.3774,1.3794,1.3803,1.3773,63176.0,46
2026-02-11 18:47:00,1770835679999,XRP,1m,1.3799,1.3788,1.3799,1.3788,17748.0,20
2026-02-11 18:48:00,1770835739999,XRP,1m,1.3787,1.3784,1.3792,1.3775,16940.0,20
2026-02-11 18:49:00,1770835799999,XRP,1m,1.3791,1.3798,1.3798,1.3786,7964.0,15
2026-02-11 18:50:00,1770835859999,XRP,1m,1.3803,1.3781,1.3803,1.3759,51636.0,62
2026-02-11 18:51:00,1770835919999,XRP,1m,1.378,1.3764,1.378,1.3764,18426.0,24
2026-02-11 18:52:00,1770835979999,XRP,1m,1.3761,1.3765,1.3765,1.3746,25609.0,32
2026-02-11 18:53:00,1770836039999,XRP,1m,1.3768,1.3768,1.3776,1.3762,5899.0,15
2026-02-11 18:54:00,1770836099999,XRP,1m,1.3766,1.377,1.377,1.3766,9786.0,16
2026-02-11 18:55:00,1770836159999,XRP,1m,1.3773,1.3775,1.3785,1.377,5234.0,24
2026-02-11 18:56:00,1770836219999,XRP,1m,1.3781,1.3787,1.3788,1.378,12047.0,20
2026-02-11 18:57:00,1770836279999,XRP,1m,1.3782,1.3772,1.3782,1.3772,7112.0,21
2026-02-11 18:58:00,1770836339999,XRP,1m,1.3764,1.3765,1.3766,1.3754,696.0,17
2026-02-11 18:59:00,1770836399999,XRP,1m,1.3773,1.3774,1.3776,1.377,805.0,16
2026-02-11 19:00:00,1770836459999,XRP,1m,1.3773,1.3772,1.379,1.3772,7508.0,32
2026-02-11 19:01:00,1770836519999,XRP,1m,1.3777,1.3776,1.3778,1.3774,3552.0,18
2026-02-11 19:02:00,1770836579999,XRP,1m,1.3767,1.3759,1.3778,1.3758,9800.0,28
2026-02-11 19:03:00,1770836639999,XRP,1m,1.3756,1.3766,1.3767,1.3754,10816.0,27
2026-02-11 19:04:00,1770836699999,XRP,1m,1.3764,1.3795,1.3795,1.3764,11812.0,27
2026-02-11 19:05:00,1770836759999,XRP,1m,1.3802,1.3812,1.3812,1.3789,43224.0,52
2026-02-11 19:06:00,1770836819999,XRP,1m,1.3806,1.378,1.3806,1.377,10414.0,28
2026-02-11 19:07:00,1770836879999,XRP,1m,1.3782,1.3832,1.3832,1.3773,49796.0,72
2026-02-11 19:08:00,1770836939999,XRP,1m,1.3831,1.3822,1.3848,1.3822,34932.0,50
2026-02-11 19:09:00,1770836999999,XRP,1m,1.3841,1.3811,1.3856,1.3804,169015.0,134
2026-02-11 19:10:00,1770837059999,XRP,1m,1.3815,1.3802,1.382,1.3802,34957.0,39
2026-02-11 19:11:00,1770837119999,XRP,1m,1.3802,1.3804,1.3817,1.3796,17151.0,35
2026-02-11 19:12:00,1770837179999,XRP,1m,1.3808,1.3808,1.3816,1.3805,14355.0,22
2026-02-11 19:13:00,1770837239999,XRP,1m,1.381,1.3834,1.3837,1.3808,9614.0,37
2026-02-11 19:14:00,1770837299999,XRP,1m,1.3833,1.382,1.3839,1.3819,9330.0,19
2026-02-11 19:15:00,1770837359999,XRP,1m,1.3822,1.3805,1.3824,1.3805,2904.0,17
2026-02-11 19:16:00,1770837419999,XRP,1m,1.3813,1.3804,1.3821,1.3801,13111.0,19
2026-02-11 19:17:00,1770837479999,XRP,1m,1.3811,1.3795,1.3826,1.3795,2683.0,17
2026-02-11 19:18:00,1770837539999,XRP,1m,1.3798,1.3787,1.3801,1.3779,50410.0,31
2026-02-11 19:19:00,1770837599999,XRP,1m,1.3777,1.3769,1.3777,1.3764,52003.0,57
2026-02-11 19:20:00,1770837659999,XRP,1m,1.3769,1.3761,1.377,1.3755,16798.0,27
2026-02-11 19:21:00,1770837719999,XRP,1m,1.3769,1.3775,1.3776,1.3766,81532.0,50
2026-02-11 19:22:00,1770837779999,XRP,1m,1.3774,1.3776,1.3783,1.377,11294.0,15
2026-02-11 19:23:00,1770837839999,XRP,1m,1.3776,1.3797,1.3797,1.3773,1503.0,13
2026-02-11 19:24:00,1770837899999,XRP,1m,1.3783,1.3791,1.3795,1.3783,2670.0,14
2026-02-11 19:25:00,1770837959999,XRP,1m,1.3789,1.3798,1.3798,1.3785,5824.0,21
2026-02-11 19:26:00,1770838019999,XRP,1m,1.3798,1.3783,1.3799,1.3778,2749.0,16
2026-02-11 19:27:00,1770838079999,XRP,1m,1.3781,1.3785,1.3786,1.3779,516.0,11
2026-02-11 19:28:00,1770838139999,XRP,1m,1.3774,1.376,1.378,1.376,2141.0,16
2026-02-11 19:29:00,1770838199999,XRP,1m,1.3751,1.3744,1.3752,1.3743,852.0,13
2026-02-11 19:30:00,1770838259999,XRP,1m,1.3744,1.3719,1.3745,1.3707,14927.0,50
2026-02-11 19:31:00,1770838319999,XRP,1m,1.372,1.3733,1.3746,1.372,1600.0,28
2026-02-11 19:32:00,1770838379999,XRP,1m,1.3728,1.374,1.3745,1.3728,8361.0,20
2026-02-11 19:33:00,1770838439999,XRP,1m,1.374,1.3735,1.3746,1.3734,3724.0,21
2026-02-11 19:34:00,1770838499999,XRP,1m,1.3738,1.3748,1.3749,1.3738,41349.0,39
2026-02-11 19:35:00,1770838559999,XRP,1m,1.3746,1.3748,1.3749,1.374,10330.0,20
2026-02-11 19:36:00,1770838619999,XRP,1m,1.3752,1.3782,1.379,1.3751,35002.0,47
2026-02-11 19:37:00,1770838679999,XRP,1m,1.3781,1.3789,1.3797,1.3781,7538.0,33
2026-02-11 19:38:00,1770838739999,XRP,1m,1.3792,1.379,1.3797,1.3785,737.0,16
2026-02-11 19:39:00,1770838799999,XRP,1m,1.3789,1.3786,1.3798,1.3786,8895.0,26
2026-02-11 19:40:00,1770838859999,XRP,1m,1.3786,1.3802,1.3806,1.3782,14797.0,26
2026-02-11 19:41:00,1770838919999,XRP,1m,1.3801,1.3791,1.3806,1.3791,208.0,14
2026-02-11 19:42:00,1770838979999,XRP,1m,1.3798,1.3808,1.3808,1.3791,3014.0,17
2026-02-11 19:43:00,1770839039999,XRP,1m,1.3812,1.3831,1.3832,1.3812,14427.0,41
2026-02-11 19:44:00,1770839099999,XRP,1m,1.383,1.3832,1.3832,1.3826,35961.0,46
2026-02-11 19:45:00,1770839159999,XRP,1m,1.3831,1.3788,1.3836,1.3788,40721.0,75
2026-02-11 19:46:00,1770839219999,XRP,1m,1.3784,1.382,1.3825,1.3783,13711.0,25
2026-02-11 19:47:00,1770839279999,XRP,1m,1.382,1.3797,1.382,1.3796,6190.0,16
2026-02-11 19:48:00,1770839339999,XRP,1m,1.3797,1.3787,1.3798,1.3787,163.0,12
2026-02-11 19:49:00,1770839399999,XRP,1m,1.3787,1.3794,1.3798,1.3787,183.0,8
2026-02-11 19:50:00,1770839459999,XRP,1m,1.3794,1.3789,1.3799,1.3789,5058.0,11
2026-02-11 19:51:00,1770839519999,XRP,1m,1.38,1.3796,1.3805,1.3783,663.0,10
2026-02-11 19:52:00,1770839579999,XRP,1m,1.3793,1.3791,1.38,1.3791,6534.0,12
2026-02-11 19:53:00,1770839639999,XRP,1m,1.3796,1.3782,1.3796,1.3782,2661.0,7
2026-02-11 19:54:00,1770839699999,XRP,1m,1.3791,1.3783,1.3791,1.3771,2647.0,15
2026-02-11 19:55:00,1770839759999,XRP,1m,1.378,1.3772,1.378,1.3767,2071.0,16
2026-02-11 19:56:00,1770839819999,XRP,1m,1.3772,1.3782,1.3782,1.3772,1613.0,8
2026-02-11 19:57:00,1770839879999,XRP,1m,1.3777,1.3786,1.379,1.3774,25541.0,27
2026-02-11 19:58:00,1770839939999,XRP,1m,1.3792,1.3781,1.3792,1.3781,3874.0,15
2026-02-11 19:59:00,1770839999999,XRP,1m,1.378,1.3779,1.3781,1.3771,20193.0,24
2026-02-11 20:00:00,1770840059999,XRP,1m,1.378,1.3762,1.378,1.3762,17011.0,28
2026-02-11 20:01:00,1770840119999,XRP,1m,1.3762,1.3785,1.379,1.3762,30383.0,28
2026-02-11 20:02:00,1770840179999,XRP,1m,1.3779,1.3789,1.3797,1.3769,12368.0,22
2026-02-11 20:03:00,1770840239999,XRP,1m,1.3794,1.3798,1.381,1.3794,4494.0,16
2026-02-11 20:04:00,1770840299999,XRP,1m,1.3795,1.3799,1.3806,1.3792,7880.0,19
2026-02-11 20:05:00,1770840359999,XRP,1m,1.3801,1.3793,1.3801,1.378,18580.0,25
2026-02-11 20:06:00,1770840419999,XRP,1m,1.3792,1.3761,1.3792,1.3759,18762.0,30
2026-02-11 20:07:00,1770840479999,XRP,1m,1.3768,1.3767,1.377,1.3751,17553.0,28
2026-02-11 20:08:00,1770840539999,XRP,1m,1.3766,1.3768,1.3773,1.3766,14256.0,14
2026-02-11 20:09:00,1770840599999,XRP,1m,1.3767,1.3777,1.3779,1.3766,1450.0,16
2026-02-11 20:10:00,1770840659999,XRP,1m,1.3774,1.3776,1.3786,1.3771,4042.0,14
2026-02-11 20:11:00,1770840719999,XRP,1m,1.3775,1.3783,1.3784,1.3774,7394.0,22
2026-02-11 20:12:00,1770840779999,XRP,1m,1.3781,1.3789,1.379,1.3781,1323.0,11
2026-02-11 20:13:00,1770840839999,XRP,1m,1.3791,1.3803,1.3805,1.3791,19259.0,20
2026-02-11 20:14:00,1770840899999,XRP,1m,1.3807,1.3821,1.3821,1.3806,7739.0,19
2026-02-11 20:15:00,1770840959999,XRP,1m,1.382,1.3835,1.3842,1.3816,22258.0,41
2026-02-11 20:16:00,1770841019999,XRP,1m,1.3836,1.383,1.3844,1.3825,5233.0,20
2026-02-11 20:17:00,1770841079999,XRP,1m,1.3825,1.3836,1.3836,1.381,2293.0,14
2026-02-11 20:18:00,1770841139999,XRP,1m,1.3836,1.3827,1.3836,1.3816,8084.0,20
2026-02-11 20:19:00,1770841199999,XRP,1m,1.3825,1.3821,1.3834,1.3821,16383.0,31
2026-02-11 20:20:00,1770841259999,XRP,1m,1.3812,1.3795,1.3812,1.3795,20445.0,27
2026-02-11 20:21:00,1770841319999,XRP,1m,1.3801,1.3814,1.3822,1.3801,14017.0,17
2026-02-11 20:22:00,1770841379999,XRP,1m,1.3811,1.3791,1.3811,1.3786,21210.0,23
2026-02-11 20:23:00,1770841439999,XRP,1m,1.379,1.3792,1.3792,1.3784,831.0,18
2026-02-11 20:24:00,1770841499999,XRP,1m,1.3792,1.3783,1.3799,1.3783,1146.0,13
2026-02-11 20:25:00,1770841559999,XRP,1m,1.379,1.3767,1.3791,1.3764,5541.0,22
2026-02-11 20:26:00,1770841619999,XRP,1m,1.3764,1.3751,1.3772,1.3751,52955.0,50
2026-02-11 20:27:00,1770841679999,XRP,1m,1.3752,1.3752,1.3755,1.3741,6568.0,46
2026-02-11 20:28:00,1770841739999,XRP,1m,1.3753,1.376,1.376,1.3752,1386.0,23
2026-02-11 20:29:00,1770841799999,XRP,1m,1.3764,1.3752,1.3765,1.3751,23972.0,25
2026-02-11 20:30:00,1770841859999,XRP,1m,1.3752,1.3755,1.3755,1.3742,2657.0,18
2026-02-11 20:31:00,1770841919999,XRP,1m,1.3757,1.3765,1.3769,1.3757,12835.0,20
2026-02-11 20:32:00,1770841979999,XRP,1m,1.3767,1.3774,1.3776,1.3767,6120.0,19
2026-02-11 20:33:00,1770842039999,XRP,1m,1.3772,1.3774,1.3775,1.3772,732.0,7
2026-02-11 20:34:00,1770842099999,XRP,1m,1.3774,1.3804,1.3804,1.3774,6172.0,13
2026-02-11 20:35:00,1770842159999,XRP,1m,1.3803,1.3809,1.3813,1.3801,425.0,10
2026-02-11 20:36:00,1770842219999,XRP,1m,1.3804,1.3804,1.3819,1.3798,20220.0,42
2026-02-11 20:37:00,1770842279999,XRP,1m,1.3788,1.3785,1.3803,1.3785,1953.0,23
2026-02-11 20:38:00,1770842339999,XRP,1m,1.3782,1.3787,1.3788,1.3782,6367.0,23
2026-02-11 20:39:00,1770842399999,XRP,1m,1.3787,1.3787,1.3798,1.3787,12976.0,19
2026-02-11 20:40:00,1770842459999,XRP,1m,1.3784,1.3794,1.3794,1.378,2952.0,16
2026-02-11 20:41:00,1770842519999,XRP,1m,1.3787,1.3771,1.3788,1.3771,1752.0,17
2026-02-11 20:42:00,1770842579999,XRP,1m,1.3771,1.3785,1.3785,1.3771,5315.0,14
2026-02-11 20:43:00,1770842639999,XRP,1m,1.3787,1.3792,1.3796,1.3785,701.0,9
2026-02-11 20:44:00,1770842699999,XRP,1m,1.3794,1.3787,1.3794,1.3787,513.0,13
2026-02-11 20:45:00,1770842759999,XRP,1m,1.3787,1.3782,1.3794,1.3782,1106.0,16
2026-02-11 20:46:00,1770842819999,XRP,1m,1.3775,1.3784,1.3789,1.3775,4371.0,15
2026-02-11 20:47:00,1770842879999,XRP,1m,1.3786,1.3802,1.3802,1.3786,13981.0,18
2026-02-11 20:48:00,1770842939999,XRP,1m,1.3805,1.385,1.3854,1.3805,2851.0,27
2026-02-11 20:49:00,1770842999999,XRP,1m,1.3846,1.3833,1.3848,1.3832,20777.0,28
2026-02-11 20:50:00,1770843059999,XRP,1m,1.3831,1.3811,1.3831,1.381,11342.0,26
2026-02-11 20:51:00,1770843119999,XRP,1m,1.3814,1.3803,1.3814,1.3799,7982.0,20
2026-02-11 20:52:00,1770843179999,XRP,1m,1.3802,1.3805,1.3805,1.3795,2870.0,21
2026-02-11 20:53:00,1770843239999,XRP,1m,1.3803,1.3808,1.3816,1.3803,697.0,15
2026-02-11 20:54:00,1770843299999,XRP,1m,1.3811,1.3807,1.3815,1.3806,3352.0,25
2026-02-11 20:55:00,1770843359999,XRP,1m,1.3806,1.3809,1.3817,1.3806,2167.0,19
2026-02-11 20:56:00,1770843419999,XRP,1m,1.3811,1.3816,1.382,1.3811,52295.0,38
2026-02-11 20:57:00,1770843479999,XRP,1m,1.3817,1.3826,1.3826,1.3814,8316.0,22
2026-02-11 20:58:00,1770843539999,XRP,1m,1.3824,1.3834,1.3839,1.3824,721.0,17
2026-02-11 20:59:00,1770843599999,XRP,1m,1.3833,1.3804,1.3833,1.3802,2830.0,27
2026-02-11 21:00:00,1770843659999,XRP,1m,1.3808,1.3808,1.3823,1.3805,14542.0,45
2026-02-11 21:01:00,1770843719999,XRP,1m,1.3805,1.3787,1.3813,1.3787,7005.0,32
2026-02-11 21:02:00,1770843779999,XRP,1m,1.379,1.3798,1.3805,1.379,12263.0,24
2026-02-11 21:03:00,1770843839999,XRP,1m,1.3794,1.3799,1.3802,1.3794,8244.0,12
2026-02-11 21:04:00,1770843899999,XRP,1m,1.3793,1.3793,1.3799,1.3793,14378.0,14
2026-02-11 21:05:00,1770843959999,XRP,1m,1.3793,1.3808,1.3809,1.3793,23004.0,23
2026-02-11 21:06:00,1770844019999,XRP,1m,1.3806,1.3819,1.3819,1.3804,12146.0,23
2026-02-11 21:07:00,1770844079999,XRP,1m,1.3816,1.3804,1.3817,1.3804,1018.0,12
2026-02-11 21:08:00,1770844139999,XRP,1m,1.3806,1.3803,1.3807,1.3803,22274.0,14
2026-02-11 21:09:00,1770844199999,XRP,1m,1.3815,1.3814,1.3822,1.3814,22989.0,25
2026-02-11 21:10:00,1770844259999,XRP,1m,1.3813,1.381,1.3819,1.3807,801.0,10
2026-02-11 21:11:00,1770844319999,XRP,1m,1.3809,1.3805,1.3812,1.3803,9394.0,14
2026-02-11 21:12:00,1770844379999,XRP,1m,1.3806,1.3803,1.3807,1.3802,1048.0,7
2026-02-11 21:13:00,1770844439999,XRP,1m,1.3807,1.3809,1.3809,1.3805,909.0,9
2026-02-11 21:14:00,1770844499999,XRP,1m,1.381,1.3804,1.3815,1.3804,605.0,11
2026-02-11 21:15:00,1770844559999,XRP,1m,1.3803,1.3804,1.3815,1.3803,3178.0,17
2026-02-11 21:16:00,1770844619999,XRP,1m,1.3805,1.3805,1.3807,1.3796,1974.0,10
2026-02-11 21:17:00,1770844679999,XRP,1m,1.3811,1.38,1.3811,1.38,172.0,6
2026-02-11 21:18:00,1770844739999,XRP,1m,1.3802,1.3815,1.3817,1.3802,11667.0,15
2026-02-11 21:19:00,1770844799999,XRP,1m,1.3817,1.3824,1.3827,1.3817,429.0,7
2026-02-11 21:20:00,1770844859999,XRP,1m,1.3824,1.3806,1.3824,1.3806,160.0,8
2026-02-11 21:21:00,1770844919999,XRP,1m,1.3808,1.3814,1.3814,1.3803,178.0,8
2026-02-11 21:22:00,1770844979999,XRP,1m,1.3819,1.3819,1.3819,1.3809,2719.0,10
2026-02-11 21:23:00,1770845039999,XRP,1m,1.3818,1.3828,1.3828,1.3804,521.0,6
2026-02-11 21:24:00,1770845099999,XRP,1m,1.3829,1.3866,1.3866,1.3829,67943.0,53
2026-02-11 21:25:00,1770845159999,XRP,1m,1.3863,1.3878,1.3878,1.3858,62933.0,50
2026-02-11 21:26:00,1770845219999,XRP,1m,1.3879,1.3882,1.3904,1.3874,146928.0,86
2026-02-11 21:27:00,1770845279999,XRP,1m,1.3884,1.3883,1.3886,1.3865,5549.0,21
2026-02-11 21:28:00,1770845339999,XRP,1m,1.3884,1.3909,1.3911,1.3883,15222.0,27
2026-02-11 21:29:00,1770845399999,XRP,1m,1.3906,1.3904,1.3913,1.3897,66997.0,54
2026-02-11 21:30:00,1770845459999,XRP,1m,1.3907,1.3898,1.3925,1.3898,17777.0,34
2026-02-11 21:31:00,1770845519999,XRP,1m,1.3894,1.3887,1.3907,1.3883,12816.0,27
2026-02-11 21:32:00,1770845579999,XRP,1m,1.3889,1.3892,1.3892,1.3878,15626.0,36
2026-02-11 21:33:00,1770845639999,XRP,1m,1.3894,1.3897,1.3926,1.3893,74639.0,77
2026-02-11 21:34:00,1770845699999,XRP,1m,1.3896,1.3909,1.3909,1.3891,20403.0,23
2026-02-11 21:35:00,1770845759999,XRP,1m,1.3909,1.3922,1.3928,1.3908,24141.0,33
2026-02-11 21:36:00,1770845819999,XRP,1m,1.3915,1.3929,1.3932,1.3915,7368.0,25
2026-02-11 21:37:00,1770845879999,XRP,1m,1.393,1.3956,1.3961,1.3928,27838.0,49
2026-02-11 21:38:00,1770845939999,XRP,1m,1.3952,1.3952,1.3955,1.3944,19926.0,38
2026-02-11 21:39:00,1770845999999,XRP,1m,1.3952,1.3937,1.3953,1.3931,72823.0,60
2026-02-11 21:40:00,1770846059999,XRP,1m,1.3931,1.3916,1.3938,1.3916,29220.0,25
2026-02-11 21:41:00,1770846119999,XRP,1m,1.3916,1.3895,1.3916,1.3894,4589.0,22
2026-02-11 21:42:00,1770846179999,XRP,1m,1.3894,1.3891,1.3894,1.3886,5284.0,15
2026-02-11 21:43:00,1770846239999,XRP,1m,1.389,1.3882,1.3891,1.388,19443.0,28
2026-02-11 21:44:00,1770846299999,XRP,1m,1.3879,1.388,1.388,1.3877,3951.0,17
2026-02-11 21:45:00,1770846359999,XRP,1m,1.3883,1.3871,1.3883,1.387,10435.0,23
2026-02-11 21:46:00,1770846419999,XRP,1m,1.3871,1.3861,1.3872,1.3857,927.0,15
2026-02-11 21:47:00,1770846479999,XRP,1m,1.3865,1.3879,1.3882,1.3865,2595.0,12
2026-02-11 21:48:00,1770846539999,XRP,1m,1.3883,1.3889,1.3894,1.3883,8628.0,27
2026-02-11 21:49:00,1770846599999,XRP,1m,1.3884,1.3883,1.3886,1.388,13377.0,18
2026-02-11 21:50:00,1770846659999,XRP,1m,1.3883,1.3872,1.3889,1.3872,2849.0,7
2026-02-11 21:51:00,1770846719999,XRP,1m,1.3874,1.3877,1.3884,1.3874,5219.0,9
2026-02-11 21:52:00,1770846779999,XRP,1m,1.3868,1.3876,1.3876,1.3868,268.0,5
2026-02-11 21:53:00,1770846839999,XRP,1m,1.3858,1.3854,1.3859,1.3851,16500.0,28
2026-02-11 21:54:00,1770846899999,XRP,1m,1.3854,1.3832,1.3861,1.3832,60993.0,39
2026-02-11 21:55:00,1770846959999,XRP,1m,1.384,1.3834,1.3843,1.3834,6778.0,17
2026-02-11 21:56:00,1770847019999,XRP,1m,1.383,1.3833,1.3833,1.382,17124.0,29
2026-02-11 21:57:00,1770847079999,XRP,1m,1.3833,1.3828,1.3842,1.3828,8361.0,20
2026-02-11 21:58:00,1770847139999,XRP,1m,1.3835,1.3835,1.3836,1.3835,256.0,6
2026-02-11 21:59:00,1770847199999,XRP,1m,1.3832,1.3822,1.3833,1.3822,4270.0,10
2026-02-11 22:00:00,1770847259999,XRP,1m,1.3825,1.3826,1.3827,1.3822,585.0,10
2026-02-11 22:01:00,1770847319999,XRP,1m,1.3826,1.3829,1.3831,1.3826,1631.0,7
2026-02-11 22:02:00,1770847379999,XRP,1m,1.3829,1.3821,1.3833,1.3821,15669.0,15
2026-02-11 22:03:00,1770847439999,XRP,1m,1.3821,1.3804,1.3821,1.3804,7446.0,24
2026-02-11 22:04:00,1770847499999,XRP,1m,1.381,1.3821,1.3821,1.3807,12846.0,11
2026-02-11 22:05:00,1770847559999,XRP,1m,1.3828,1.3806,1.3839,1.3805,63957.0,40
2026-02-11 22:06:00,1770847619999,XRP,1m,1.3805,1.3806,1.381,1.38,2812.0,14
2026-02-11 22:07:00,1770847679999,XRP,1m,1.3804,1.3804,1.3807,1.3802,322.0,8
2026-02-11 22:08:00,1770847739999,XRP,1m,1.3801,1.3804,1.3804,1.38,1711.0,7
2026-02-11 22:09:00,1770847799999,XRP,1m,1.3798,1.3777,1.3798,1.3775,1366.0,23
2026-02-11 22:10:00,1770847859999,XRP,1m,1.3777,1.3757,1.3779,1.3757,12612.0,32
2026-02-11 22:11:00,1770847919999,XRP,1m,1.3758,1.376,1.3775,1.3758,4520.0,20
2026-02-11 22:12:00,1770847979999,XRP,1m,1.3768,1.3776,1.3776,1.3768,1321.0,7
2026-02-11 22:13:00,1770848039999,XRP,1m,1.3775,1.3764,1.3775,1.3758,281.0,11
2026-02-11 22:14:00,1770848099999,XRP,1m,1.3769,1.3776,1.3776,1.3769,4472.0,8
2026-02-11 22:15:00,1770848159999,XRP,1m,1.3777,1.3766,1.3778,1.3763,7467.0,13
2026-02-11 22:16:00,1770848219999,XRP,1m,1.3769,1.3781,1.3787,1.3769,40266.0,48
2026-02-11 22:17:00,1770848279999,XRP,1m,1.378,1.3783,1.3784,1.378,7389.0,14
2026-02-11 22:18:00,1770848339999,XRP,1m,1.3785,1.3778,1.3786,1.3778,1020.0,8
2026-02-11 22:19:00,1770848399999,XRP,1m,1.3783,1.3784,1.3787,1.3783,885.0,10
2026-02-11 22:20:00,1770848459999,XRP,1m,1.3779,1.3769,1.3779,1.3764,2693.0,8
2026-02-11 22:21:00,1770848519999,XRP,1m,1.3772,1.3764,1.3775,1.3759,20158.0,6
2026-02-11 22:22:00,1770848579999,XRP,1m,1.3771,1.3761,1.3775,1.3761,971.0,8
2026-02-11 22:23:00,1770848639999,XRP,1m,1.3766,1.3755,1.3766,1.3755,131.0,5
2026-02-11 22:24:00,1770848699999,XRP,1m,1.376,1.3764,1.377,1.376,48207.0,14
2026-02-11 22:25:00,1770848759999,XRP,1m,1.3765,1.3775,1.3775,1.3765,11912.0,15
2026-02-11 22:26:00,1770848819999,XRP,1m,1.3773,1.3773,1.3775,1.3767,12559.0,17
2026-02-11 22:27:00,1770848879999,XRP,1m,1.3768,1.3736,1.3769,1.3732,37950.0,62
2026-02-11 22:28:00,1770848939999,XRP,1m,1.3735,1.3754,1.3755,1.3734,7581.0,33
2026-02-11 22:29:00,1770848999999,XRP,1m,1.3757,1.3776,1.3777,1.3757,3456.0,32
2026-02-11 22:30:00,1770849059999,XRP,1m,1.3777,1.3774,1.3777,1.3758,5578.0,13
2026-02-11 22:31:00,1770849119999,XRP,1m,1.3775,1.3785,1.3786,1.3775,13533.0,25
2026-02-11 22:32:00,1770849179999,XRP,1m,1.3785,1.378,1.3787,1.3775,3331.0,21
2026-02-11 22:33:00,1770849239999,XRP,1m,1.3781,1.3777,1.3786,1.3777,4721.0,20
2026-02-11 22:34:00,1770849299999,XRP,1m,1.3767,1.3779,1.3779,1.3767,507.0,5
2026-02-11 22:35:00,1770849359999,XRP,1m,1.3783,1.3759,1.3783,1.3755,866.0,13
2026-02-11 22:36:00,1770849419999,XRP,1m,1.3758,1.3753,1.3759,1.3741,1517.0,26
2026-02-11 22:37:00,1770849479999,XRP,1m,1.3753,1.3762,1.3762,1.3753,17109.0,14
2026-02-11 22:38:00,1770849539999,XRP,1m,1.3761,1.3763,1.3768,1.3752,418.0,8
2026-02-11 22:39:00,1770849599999,XRP,1m,1.3757,1.3748,1.3757,1.3727,19706.0,48
2026-02-11 22:40:00,1770849659999,XRP,1m,1.3745,1.3742,1.3754,1.3742,16083.0,33
2026-02-11 22:41:00,1770849719999,XRP,1m,1.3745,1.3755,1.3757,1.3745,4423.0,17
2026-02-11 22:42:00,1770849779999,XRP,1m,1.3755,1.3756,1.3766,1.3754,4255.0,21
2026-02-11 22:43:00,1770849839999,XRP,1m,1.3762,1.3765,1.377,1.3762,193814.0,58
2026-02-11 22:44:00,1770849899999,XRP,1m,1.3765,1.3762,1.3767,1.3762,1654.0,11
2026-02-11 22:45:00,1770849959999,XRP,1m,1.3759,1.3751,1.3759,1.375,4604.0,15
2026-02-11 22:46:00,1770850019999,XRP,1m,1.3753,1.3751,1.3753,1.3751,904.0,7
2026-02-11 22:47:00,1770850079999,XRP,1m,1.3752,1.3753,1.3757,1.3751,975.0,12
2026-02-11 22:48:00,1770850139999,XRP,1m,1.3752,1.3752,1.3755,1.3752,589.0,10
2026-02-11 22:49:00,1770850199999,XRP,1m,1.3753,1.375,1.3759,1.375,683.0,12
2026-02-11 22:50:00,1770850259999,XRP,1m,1.375,1.3719,1.375,1.3712,8277.0,50
2026-02-11 22:51:00,1770850319999,XRP,1m,1.3718,1.3705,1.3719,1.3704,15028.0,34
2026-02-11 22:52:00,1770850379999,XRP,1m,1.3712,1.3713,1.3715,1.371,1764.0,22
2026-02-11 22:53:00,1770850439999,XRP,1m,1.3713,1.3712,1.3714,1.369,22131.0,48
2026-02-11 22:54:00,1770850499999,XRP,1m,1.3711,1.3709,1.3713,1.3709,794.0,11
2026-02-11 22:55:00,1770850559999,XRP,1m,1.3711,1.3715,1.3716,1.3711,20693.0,18
2026-02-11 22:56:00,1770850619999,XRP,1m,1.3714,1.3714,1.3716,1.3714,720.0,9
2026-02-11 22:57:00,1770850679999,XRP,1m,1.3711,1.3713,1.3715,1.3711,2814.0,18
2026-02-11 22:58:00,1770850739999,XRP,1m,1.3714,1.372,1.372,1.3714,825.0,16
2026-02-11 22:59:00,1770850799999,XRP,1m,1.372,1.3712,1.3723,1.3712,1057.0,18
2026-02-11 23:00:00,1770850859999,XRP,1m,1.371,1.3692,1.3711,1.3687,3189.0,42
2026-02-11 23:01:00,1770850919999,XRP,1m,1.3689,1.3681,1.3689,1.3669,16122.0,47
2026-02-11 23:02:00,1770850979999,XRP,1m,1.3682,1.3695,1.3695,1.3677,43795.0,41
2026-02-11 23:03:00,1770851039999,XRP,1m,1.3696,1.3698,1.3701,1.3694,4934.0,30
2026-02-11 23:04:00,1770851099999,XRP,1m,1.3699,1.3711,1.3711,1.3699,38025.0,35
2026-02-11 23:05:00,1770851159999,XRP,1m,1.371,1.3704,1.3715,1.3704,1234.0,11
2026-02-11 23:06:00,1770851219999,XRP,1m,1.3699,1.3718,1.3718,1.3697,34570.0,35
2026-02-11 23:07:00,1770851279999,XRP,1m,1.3713,1.3688,1.3713,1.3688,58664.0,32
2026-02-11 23:08:00,1770851339999,XRP,1m,1.3687,1.3696,1.3696,1.3676,2172.0,10
2026-02-11 23:09:00,1770851399999,XRP,1m,1.3679,1.3683,1.3685,1.3677,10074.0,17
2026-02-11 23:10:00,1770851459999,XRP,1m,1.3683,1.3659,1.3683,1.3658,8850.0,27
2026-02-11 23:11:00,1770851519999,XRP,1m,1.3662,1.3667,1.367,1.366,2083.0,13
2026-02-11 23:12:00,1770851579999,XRP,1m,1.3664,1.3655,1.3664,1.365,205459.0,73
2026-02-11 23:13:00,1770851639999,XRP,1m,1.3659,1.367,1.367,1.3659,55957.0,49
2026-02-11 23:14:00,1770851699999,XRP,1m,1.3672,1.3673,1.3673,1.3669,11505.0,15
2026-02-11 23:15:00,1770851759999,XRP,1m,1.3669,1.3667,1.3669,1.3664,3533.0,12
2026-02-11 23:16:00,1770851819999,XRP,1m,1.3675,1.3681,1.3686,1.3675,51641.0,25
2026-02-11 23:17:00,1770851879999,XRP,1m,1.368,1.3675,1.369,1.3675,24170.0,14
2026-02-11 23:18:00,1770851939999,XRP,1m,1.3677,1.368,1.3688,1.3677,8847.0,12
2026-02-11 23:19:00,1770851999999,XRP,1m,1.3677,1.3678,1.3681,1.3676,20439.0,12
2026-02-11 23:20:00,1770852059999,XRP,1m,1.368,1.3632,1.3682,1.3631,59623.0,48
2026-02-11 23:21:00,1770852119999,XRP,1m,1.3633,1.361,1.3636,1.3609,53424.0,67
2026-02-11 23:22:00,1770852179999,XRP,1m,1.361,1.3618,1.3618,1.3598,21480.0,37
2026-02-11 23:23:00,1770852239999,XRP,1m,1.3607,1.362,1.3623,1.3607,18209.0,22
2026-02-11 23:24:00,1770852299999,XRP,1m,1.3621,1.3616,1.3627,1.3616,100714.0,36
2026-02-11 23:25:00,1770852359999,XRP,1m,1.3611,1.362,1.362,1.3599,58612.0,57
2026-02-11 23:26:00,1770852419999,XRP,1m,1.3628,1.3643,1.3643,1.3628,9163.0,23
2026-02-11 23:27:00,1770852479999,XRP,1m,1.3642,1.3638,1.3642,1.363,1758.0,10
2026-02-11 23:28:00,1770852539999,XRP,1m,1.3631,1.3629,1.3632,1.3629,3947.0,7
2026-02-11 23:29:00,1770852599999,XRP,1m,1.3631,1.3628,1.3638,1.3628,5568.0,8
2026-02-11 23:30:00,1770852659999,XRP,1m,1.3629,1.3628,1.3634,1.3627,3551.0,11
2026-02-11 23:31:00,1770852719999,XRP,1m,1.3627,1.3624,1.3634,1.3624,10054.0,24
2026-02-11 23:32:00,1770852779999,XRP,1m,1.3624,1.3622,1.3624,1.3622,20018.0,11
2026-02-11 23:33:00,1770852839999,XRP,1m,1.3622,1.3619,1.3622,1.3612,13923.0,16
2026-02-11 23:34:00,1770852899999,XRP,1m,1.3619,1.3618,1.3619,1.3617,380.0,3
2026-02-11 23:35:00,1770852959999,XRP,1m,1.3606,1.3593,1.3606,1.3588,5368.0,10
2026-02-11 23:36:00,1770853019999,XRP,1m,1.3593,1.3586,1.3593,1.3586,7760.0,12
2026-02-11 23:37:00,1770853079999,XRP,1m,1.3597,1.3613,1.3614,1.3593,9821.0,20
2026-02-11 23:38:00,1770853139999,XRP,1m,1.3611,1.3643,1.3643,1.3611,5692.0,12
2026-02-11 23:39:00,1770853199999,XRP,1m,1.3642,1.3669,1.3669,1.3642,10133.0,18
2026-02-11 23:40:00,1770853259999,XRP,1m,1.3672,1.3666,1.3673,1.3663,12555.0,26
2026-02-11 23:41:00,1770853319999,XRP,1m,1.3667,1.3673,1.3675,1.3667,8454.0,18
2026-02-11 23:42:00,1770853379999,XRP,1m,1.3675,1.3665,1.3678,1.3663,5589.0,23
2026-02-11 23:43:00,1770853439999,XRP,1m,1.3672,1.3675,1.3675,1.3672,10936.0,7
2026-02-11 23:44:00,1770853499999,XRP,1m,1.367,1.3675,1.3675,1.3666,23131.0,51
2026-02-11 23:45:00,1770853559999,XRP,1m,1.3677,1.3675,1.3681,1.3674,19842.0,13
2026-02-11 23:46:00,1770853619999,XRP,1m,1.3674,1.3677,1.368,1.3672,4767.0,8
2026-02-11 23:47:00,1770853679999,XRP,1m,1.3683,1.3692,1.3694,1.3683,1409.0,19
2026-02-11 23:48:00,1770853739999,XRP,1m,1.3693,1.368,1.3693,1.3675,4828.0,12
2026-02-11 23:49:00,1770853799999,XRP,1m,1.3676,1.3666,1.368,1.3662,32642.0,29
2026-02-11 23:50:00,1770853859999,XRP,1m,1.3666,1.3671,1.3671,1.3659,106563.0,68
2026-02-11 23:51:00,1770853919999,XRP,1m,1.3675,1.3667,1.3676,1.3657,22898.0,46
2026-02-11 23:52:00,1770853979999,XRP,1m,1.3669,1.3676,1.3682,1.3669,36463.0,27
2026-02-11 23:53:00,1770854039999,XRP,1m,1.3668,1.367,1.367,1.3668,15259.0,15
2026-02-11 23:54:00,1770854099999,XRP,1m,1.3669,1.3678,1.3682,1.3669,2228.0,9
2026-02-11 23:55:00,1770854159999,XRP,1m,1.3677,1.3676,1.3677,1.3671,3668.0,10
2026-02-11 23:56:00,1770854219999,XRP,1m,1.3677,1.3682,1.3684,1.3677,25255.0,20
2026-02-11 23:57:00,1770854279999,XRP,1m,1.3682,1.3682,1.3683,1.3678,7879.0,10
2026-02-11 23:58:00,1770854339999,XRP,1m,1.3684,1.3678,1.3684,1.3678,5394.0,7
2026-02-11 23:59:00,1770854399999,XRP,1m,1.3678,1.3687,1.3687,1.3678,1253.0,6
2026-02-12 00:00:00,1770854459999,XRP,1m,1.3687,1.3681,1.3689,1.3681,6029.0,25
2026-02-12 00:01:00,1770854519999,XRP,1m,1.3677,1.3722,1.3722,1.3677,70432.0,66
2026-02-12 00:02:00,1770854579999,XRP,1m,1.3718,1.3706,1.3718,1.3706,45490.0,45
2026-02-12 00:03:00,1770854639999,XRP,1m,1.3706,1.3714,1.3722,1.3706,208341.0,73
2026-02-12 00:04:00,1770854699999,XRP,1m,1.3705,1.3719,1.3719,1.37,17934.0,19
2026-02-12 00:05:00,1770854759999,XRP,1m,1.3725,1.3759,1.3764,1.3725,21344.0,29
2026-02-12 00:06:00,1770854819999,XRP,1m,1.3757,1.3752,1.3763,1.3751,67099.0,58
2026-02-12 00:07:00,1770854879999,XRP,1m,1.375,1.3757,1.3765,1.3748,3143.0,13
2026-02-12 00:08:00,1770854939999,XRP,1m,1.3758,1.378,1.378,1.3755,4874.0,17
2026-02-12 00:09:00,1770854999999,XRP,1m,1.3782,1.377,1.3782,1.377,7705.0,18
2026-02-12 00:10:00,1770855059999,XRP,1m,1.3772,1.3763,1.3772,1.3754,8003.0,16
2026-02-12 00:11:00,1770855119999,XRP,1m,1.3763,1.3763,1.3767,1.376,5086.0,12
2026-02-12 00:12:00,1770855179999,XRP,1m,1.376,1.3767,1.3767,1.376,30231.0,18
2026-02-12 00:13:00,1770855239999,XRP,1m,1.3767,1.3767,1.3771,1.3767,23104.0,18
2026-02-12 00:14:00,1770855299999,XRP,1m,1.3767,1.377,1.3771,1.3767,148.0,5
2026-02-12 00:15:00,1770855359999,XRP,1m,1.3768,1.3763,1.3771,1.3763,124435.0,48
2026-02-12 00:16:00,1770855419999,XRP,1m,1.3763,1.3777,1.3787,1.3763,7408.0,9
2026-02-12 00:17:00,1770855479999,XRP,1m,1.3773,1.3785,1.3789,1.3772,22869.0,31
2026-02-12 00:18:00,1770855539999,XRP,1m,1.3783,1.3802,1.3807,1.3761,35072.0,47
2026-02-12 00:19:00,1770855599999,XRP,1m,1.3801,1.3795,1.381,1.3792,13900.0,15
2026-02-12 00:20:00,1770855659999,XRP,1m,1.3795,1.3788,1.3796,1.3788,4267.0,13
2026-02-12 00:21:00,1770855719999,XRP,1m,1.3786,1.3793,1.3796,1.3786,7801.0,15
2026-02-12 00:22:00,1770855779999,XRP,1m,1.3793,1.3766,1.3793,1.3766,14069.0,24
2026-02-12 00:23:00,1770855839999,XRP,1m,1.3764,1.3757,1.3764,1.3757,770.0,8
2026-02-12 00:24:00,1770855899999,XRP,1m,1.3763,1.3764,1.3766,1.3759,21762.0,16
2026-02-12 00:25:00,1770855959999,XRP,1m,1.3771,1.3762,1.3771,1.3754,62439.0,32
2026-02-12 00:26:00,1770856019999,XRP,1m,1.3762,1.3768,1.3775,1.3761,49938.0,37
2026-02-12 00:27:00,1770856079999,XRP,1m,1.3768,1.3742,1.3768,1.3736,12386.0,22
2026-02-12 00:28:00,1770856139999,XRP,1m,1.3746,1.3745,1.375,1.3745,12833.0,16
2026-02-12 00:29:00,1770856199999,XRP,1m,1.3746,1.3755,1.3755,1.3746,40.0,5
2026-02-12 00:30:00,1770856259999,XRP,1m,1.376,1.3759,1.376,1.3751,4469.0,11
2026-02-12 00:31:00,1770856319999,XRP,1m,1.3757,1.3757,1.3763,1.3749,3019.0,13
2026-02-12 00:32:00,1770856379999,XRP,1m,1.3756,1.3772,1.3772,1.3756,8179.0,12
2026-02-12 00:33:00,1770856439999,XRP,1m,1.377,1.3774,1.378,1.377,12803.0,16
2026-02-12 00:34:00,1770856499999,XRP,1m,1.3774,1.3774,1.3774,1.3767,6491.0,14
2026-02-12 00:35:00,1770856559999,XRP,1m,1.3773,1.3835,1.3835,1.3773,14739.0,36
2026-02-12 00:36:00,1770856619999,XRP,1m,1.3834,1.3818,1.3834,1.3811,92163.0,98
2026-02-12 00:37:00,1770856679999,XRP,1m,1.3818,1.3839,1.384,1.3818,15324.0,22
2026-02-12 00:38:00,1770856739999,XRP,1m,1.3839,1.3811,1.3842,1.3811,10770.0,17
2026-02-12 00:39:00,1770856799999,XRP,1m,1.381,1.3795,1.381,1.3795,4477.0,15
2026-02-12 00:40:00,1770856859999,XRP,1m,1.3797,1.3796,1.3802,1.3795,2743.0,10
2026-02-12 00:41:00,1770856919999,XRP,1m,1.3797,1.3799,1.38,1.3796,6990.0,17
2026-02-12 00:42:00,1770856979999,XRP,1m,1.3799,1.3801,1.3808,1.3799,511.0,8
2026-02-12 00:43:00,1770857039999,XRP,1m,1.3797,1.3804,1.3807,1.3797,7201.0,11
2026-02-12 00:44:00,1770857099999,XRP,1m,1.3804,1.3802,1.3805,1.3802,573.0,7
2026-02-12 00:45:00,1770857159999,XRP,1m,1.3802,1.3813,1.3818,1.3802,17131.0,17
2026-02-12 00:46:00,1770857219999,XRP,1m,1.3814,1.3814,1.3817,1.3812,1872.0,8
2026-02-12 00:47:00,1770857279999,XRP,1m,1.3807,1.3801,1.3807,1.3801,282.0,6
2026-02-12 00:48:00,1770857339999,XRP,1m,1.3801,1.3786,1.3801,1.3786,22966.0,14
2026-02-12 00:49:00,1770857399999,XRP,1m,1.379,1.3787,1.3795,1.3784,17698.0,21
2026-02-12 00:50:00,1770857459999,XRP,1m,1.3787,1.377,1.3788,1.376,15559.0,18
2026-02-12 00:51:00,1770857519999,XRP,1m,1.3774,1.3771,1.3784,1.3771,3711.0,9
2026-02-12 00:52:00,1770857579999,XRP,1m,1.3775,1.3762,1.3775,1.3762,32290.0,31
2026-02-12 00:53:00,1770857639999,XRP,1m,1.3764,1.3772,1.3777,1.3764,26043.0,26
2026-02-12 00:54:00,1770857699999,XRP,1m,1.3773,1.3769,1.3773,1.3766,31180.0,19
2026-02-12 00:55:00,1770857759999,XRP,1m,1.3771,1.3772,1.3772,1.3771,9861.0,11
2026-02-12 00:56:00,1770857819999,XRP,1m,1.377,1.3773,1.3773,1.3769,1408.0,9
2026-02-12 00:57:00,1770857879999,XRP,1m,1.3774,1.3765,1.3777,1.3765,15635.0,17
2026-02-12 00:58:00,1770857939999,XRP,1m,1.3777,1.377,1.3781,1.377,6705.0,10
2026-02-12 00:59:00,1770857999999,XRP,1m,1.3768,1.3773,1.3776,1.3766,3062.0,10
2026-02-12 01:00:00,1770858059999,XRP,1m,1.3768,1.3784,1.3784,1.3768,7014.0,16
2026-02-12 01:01:00,1770858119999,XRP,1m,1.3787,1.3796,1.3796,1.3785,17198.0,19
2026-02-12 01:02:00,1770858179999,XRP,1m,1.3794,1.3809,1.381,1.3794,1755.0,14
2026-02-12 01:03:00,1770858239999,XRP,1m,1.3808,1.3805,1.3808,1.3792,4214.0,14
2026-02-12 01:04:00,1770858299999,XRP,1m,1.3799,1.3798,1.3799,1.3792,8178.0,13
2026-02-12 01:05:00,1770858359999,XRP,1m,1.3798,1.3796,1.3803,1.3792,2271.0,12
2026-02-12 01:06:00,1770858419999,XRP,1m,1.3799,1.3807,1.3807,1.379,3999.0,10
2026-02-12 01:07:00,1770858479999,XRP,1m,1.3806,1.3807,1.3823,1.3806,100987.0,43
2026-02-12 01:08:00,1770858539999,XRP,1m,1.3807,1.3812,1.3818,1.3807,7055.0,9
2026-02-12 01:09:00,1770858599999,XRP,1m,1.3811,1.3815,1.3815,1.3809,1570.0,11
2026-02-12 01:10:00,1770858659999,XRP,1m,1.3813,1.3823,1.3823,1.3813,8211.0,13
2026-02-12 01:11:00,1770858719999,XRP,1m,1.3824,1.3828,1.3829,1.3824,2701.0,12
2026-02-12 01:12:00,1770858779999,XRP,1m,1.3827,1.3839,1.3839,1.3827,10280.0,20
2026-02-12 01:13:00,1770858839999,XRP,1m,1.3841,1.3838,1.3847,1.3838,21336.0,24
2026-02-12 01:14:00,1770858899999,XRP,1m,1.3838,1.3839,1.3841,1.3838,1943.0,7
2026-02-12 01:15:00,1770858959999,XRP,1m,1.3833,1.3831,1.3847,1.383,14062.0,24
2026-02-12 01:16:00,1770859019999,XRP,1m,1.384,1.3827,1.3849,1.3827,8586.0,17
2026-02-12 01:17:00,1770859079999,XRP,1m,1.3826,1.3825,1.3829,1.3817,28023.0,26
2026-02-12 01:18:00,1770859139999,XRP,1m,1.3826,1.3809,1.3833,1.3809,150614.0,65
2026-02-12 01:19:00,1770859199999,XRP,1m,1.3803,1.3817,1.3821,1.3803,5031.0,10
2026-02-12 01:20:00,1770859259999,XRP,1m,1.3809,1.38,1.381,1.38,21613.0,23
2026-02-12 01:21:00,1770859319999,XRP,1m,1.3797,1.3809,1.3809,1.3796,2271.0,9
2026-02-12 01:22:00,1770859379999,XRP,1m,1.3804,1.3809,1.381,1.3801,9276.0,12
2026-02-12 01:23:00,1770859439999,XRP,1m,1.3805,1.3806,1.3809,1.3804,3260.0,9
2026-02-12 01:24:00,1770859499999,XRP,1m,1.3806,1.3801,1.3808,1.3801,8010.0,15
2026-02-12 01:25:00,1770859559999,XRP,1m,1.3803,1.3821,1.3821,1.38,1652.0,11
2026-02-12 01:26:00,1770859619999,XRP,1m,1.382,1.3839,1.3842,1.3819,6942.0,18
2026-02-12 01:27:00,1770859679999,XRP,1m,1.3842,1.3845,1.3852,1.3842,4292.0,14
2026-02-12 01:28:00,1770859739999,XRP,1m,1.3841,1.3835,1.3844,1.3835,1260.0,13
2026-02-12 01:29:00,1770859799999,XRP,1m,1.3832,1.3822,1.3833,1.3822,27354.0,34
2026-02-12 01:30:00,1770859859999,XRP,1m,1.3826,1.3826,1.3826,1.3819,2710.0,10
2026-02-12 01:31:00,1770859919999,XRP,1m,1.3824,1.3818,1.3829,1.3818,2519.0,10
2026-02-12 01:32:00,1770859979999,XRP,1m,1.3818,1.3812,1.3819,1.381,11548.0,16
2026-02-12 01:33:00,1770860039999,XRP,1m,1.3816,1.3822,1.3822,1.3816,1592.0,5
2026-02-12 01:34:00,1770860099999,XRP,1m,1.3822,1.3815,1.3822,1.3815,562.0,8
2026-02-12 01:35:00,1770860159999,XRP,1m,1.3815,1.3813,1.3815,1.3813,676.0,4
2026-02-12 01:36:00,1770860219999,XRP,1m,1.3815,1.3834,1.3836,1.3815,3123.0,11
2026-02-12 01:37:00,1770860279999,XRP,1m,1.3839,1.3856,1.3856,1.3833,13240.0,18
2026-02-12 01:38:00,1770860339999,XRP,1m,1.3848,1.3844,1.3852,1.3844,43317.0,36
2026-02-12 01:39:00,1770860399999,XRP,1m,1.3845,1.3838,1.3845,1.3838,4464.0,15
2026-02-12 01:40:00,1770860459999,XRP,1m,1.3834,1.3836,1.3836,1.3831,2524.0,9
2026-02-12 01:41:00,1770860519999,XRP,1m,1.3838,1.3829,1.3838,1.3826,32.0,4
2026-02-12 01:42:00,1770860579999,XRP,1m,1.3831,1.3849,1.3852,1.3831,56334.0,37
2026-02-12 01:43:00,1770860639999,XRP,1m,1.3852,1.3835,1.3852,1.3835,89.0,5
2026-02-12 01:44:00,1770860699999,XRP,1m,1.384,1.3832,1.384,1.3832,32.0,4
2026-02-12 01:45:00,1770860759999,XRP,1m,1.3832,1.383,1.3837,1.3829,3406.0,12
2026-02-12 01:46:00,1770860819999,XRP,1m,1.383,1.3833,1.3835,1.3827,7301.0,10
2026-02-12 01:47:00,1770860879999,XRP,1m,1.3827,1.3826,1.3835,1.3826,50.0,5
2026-02-12 01:48:00,1770860939999,XRP,1m,1.3823,1.3819,1.3825,1.3813,6546.0,11
2026-02-12 01:49:00,1770860999999,XRP,1m,1.3819,1.3813,1.3821,1.3813,8062.0,10
2026-02-12 01:50:00,1770861059999,XRP,1m,1.381,1.3815,1.382,1.381,45926.0,42
2026-02-12 01:51:00,1770861119999,XRP,1m,1.3817,1.3801,1.3817,1.3799,14024.0,15
2026-02-12 01:52:00,1770861179999,XRP,1m,1.3802,1.3799,1.3804,1.3795,711.0,7
2026-02-12 01:53:00,1770861239999,XRP,1m,1.38,1.3799,1.3803,1.3799,1497.0,9
2026-02-12 01:54:00,1770861299999,XRP,1m,1.3802,1.3801,1.3803,1.3796,62158.0,27
2026-02-12 01:55:00,1770861359999,XRP,1m,1.3805,1.3801,1.3805,1.3797,3220.0,8
2026-02-12 01:56:00,1770861419999,XRP,1m,1.3801,1.3808,1.3811,1.3801,283.0,5
2026-02-12 01:57:00,1770861479999,XRP,1m,1.3806,1.3801,1.3812,1.3801,15057.0,21
2026-02-12 01:58:00,1770861539999,XRP,1m,1.3799,1.3806,1.3807,1.3798,5754.0,14
2026-02-12 01:59:00,1770861599999,XRP,1m,1.3805,1.3803,1.3805,1.3803,1600.0,4
2026-02-12 02:00:00,1770861659999,XRP,1m,1.3804,1.3798,1.3805,1.3794,2333.0,14
2026-02-12 02:01:00,1770861719999,XRP,1m,1.3795,1.3788,1.3797,1.3784,76706.0,86
2026-02-12 02:02:00,1770861779999,XRP,1m,1.3787,1.3778,1.3787,1.3777,1452.0,10
2026-02-12 02:03:00,1770861839999,XRP,1m,1.3779,1.3768,1.378,1.3765,32101.0,29
2026-02-12 02:04:00,1770861899999,XRP,1m,1.3772,1.3775,1.3775,1.3766,701.0,8
2026-02-12 02:05:00,1770861959999,XRP,1m,1.3775,1.3761,1.3775,1.3761,9170.0,15
2026-02-12 02:06:00,1770862019999,XRP,1m,1.3764,1.3774,1.3774,1.3764,1773.0,9
2026-02-12 02:07:00,1770862079999,XRP,1m,1.3774,1.3792,1.3795,1.3774,471.0,6
2026-02-12 02:08:00,1770862139999,XRP,1m,1.3801,1.3786,1.3802,1.3784,2294.0,14
2026-02-12 02:09:00,1770862199999,XRP,1m,1.3783,1.3785,1.3789,1.3783,4928.0,10
2026-02-12 02:10:00,1770862259999,XRP,1m,1.3776,1.3774,1.3776,1.3774,41.0,4
2026-02-12 02:11:00,1770862319999,XRP,1m,1.3776,1.3751,1.3776,1.3751,3093.0,13
2026-02-12 02:12:00,1770862379999,XRP,1m,1.375,1.376,1.3761,1.375,10361.0,18
2026-02-12 02:13:00,1770862439999,XRP,1m,1.3761,1.3752,1.3763,1.3752,32.0,4
2026-02-12 02:14:00,1770862499999,XRP,1m,1.3751,1.3751,1.3752,1.3744,834.0,9
2026-02-12 02:15:00,1770862559999,XRP,1m,1.3752,1.3754,1.3754,1.3748,3755.0,9
2026-02-12 02:16:00,1770862619999,XRP,1m,1.3744,1.3755,1.3758,1.3744,380.0,5
2026-02-12 02:17:00,1770862679999,XRP,1m,1.3755,1.3752,1.3756,1.375,9392.0,9
2026-02-12 02:18:00,1770862739999,XRP,1m,1.3749,1.3743,1.3749,1.3741,2499.0,9
2026-02-12 02:19:00,1770862799999,XRP,1m,1.3743,1.3737,1.3743,1.3737,9835.0,9
2026-02-12 02:20:00,1770862859999,XRP,1m,1.3735,1.3751,1.3752,1.3735,6712.0,13
2026-02-12 02:21:00,1770862919999,XRP,1m,1.3756,1.375,1.3756,1.375,24.0,3
2026-02-12 02:22:00,1770862979999,XRP,1m,1.375,1.3754,1.3759,1.375,6193.0,8
2026-02-12 02:23:00,1770863039999,XRP,1m,1.376,1.376,1.376,1.376,16.0,2
2026-02-12 02:24:00,1770863099999,XRP,1m,1.376,1.3761,1.3766,1.3758,42213.0,25
2026-02-12 02:25:00,1770863159999,XRP,1m,1.3763,1.3765,1.3767,1.3763,7090.0,12
2026-02-12 02:26:00,1770863219999,XRP,1m,1.3768,1.3763,1.3768,1.3763,2955.0,9
2026-02-12 02:27:00,1770863279999,XRP,1m,1.3762,1.3764,1.3764,1.3762,791.0,12
2026-02-12 02:28:00,1770863339999,XRP,1m,1.3763,1.3754,1.3763,1.3754,517.0,7
2026-02-12 02:29:00,1770863399999,XRP,1m,1.3761,1.3763,1.3765,1.376,117.0,6
2026-02-12 02:30:00,1770863459999,XRP,1m,1.3764,1.3762,1.3766,1.376,22473.0,19
2026-02-12 02:31:00,1770863519999,XRP,1m,1.3767,1.3773,1.3782,1.3767,3286.0,14
2026-02-12 02:32:00,1770863579999,XRP,1m,1.3776,1.3811,1.3811,1.3775,12642.0,16
2026-02-12 02:33:00,1770863639999,XRP,1m,1.3816,1.384,1.384,1.3816,7039.0,24
2026-02-12 02:34:00,1770863699999,XRP,1m,1.3829,1.3829,1.3829,1.3822,133.0,8
2026-02-12 02:35:00,1770863759999,XRP,1m,1.3828,1.3828,1.3831,1.3823,6245.0,16
2026-02-12 02:36:00,1770863819999,XRP,1m,1.3821,1.3826,1.3828,1.3821,4230.0,9
2026-02-12 02:37:00,1770863879999,XRP,1m,1.3826,1.3836,1.3841,1.3826,4732.0,13
2026-02-12 02:38:00,1770863939999,XRP,1m,1.3836,1.3828,1.3836,1.3828,27.0,3
2026-02-12 02:39:00,1770863999999,XRP,1m,1.3824,1.3819,1.3825,1.3819,815.0,10
2026-02-12 02:40:00,1770864059999,XRP,1m,1.3815,1.3818,1.3818,1.3813,5768.0,7
2026-02-12 02:41:00,1770864119999,XRP,1m,1.3816,1.3812,1.3816,1.3812,6010.0,8
2026-02-12 02:42:00,1770864179999,XRP,1m,1.3806,1.3807,1.3812,1.3806,1549.0,6
2026-02-12 02:43:00,1770864239999,XRP,1m,1.3805,1.3799,1.3805,1.3798,4065.0,8
2026-02-12 02:44:00,1770864299999,XRP,1m,1.3803,1.3802,1.3806,1.3802,12643.0,13
2026-02-12 02:45:00,1770864359999,XRP,1m,1.3807,1.3801,1.3807,1.3799,92.0,5
2026-02-12 02:46:00,1770864419999,XRP,1m,1.3799,1.3794,1.3799,1.3792,4523.0,14
2026-02-12 02:47:00,1770864479999,XRP,1m,1.3795,1.3787,1.3795,1.3787,1049.0,8
2026-02-12 02:48:00,1770864539999,XRP,1m,1.3787,1.3792,1.3792,1.3787,496.0,7
2026-02-12 02:49:00,1770864599999,XRP,1m,1.3796,1.3795,1.3796,1.3789,19663.0,12
2026-02-12 02:50:00,1770864659999,XRP,1m,1.3792,1.3788,1.3796,1.3788,36807.0,27
2026-02-12 02:51:00,1770864719999,XRP,1m,1.3794,1.3786,1.3795,1.3786,7520.0,15
2026-02-12 02:52:00,1770864779999,XRP,1m,1.378,1.3774,1.3784,1.3774,7668.0,11
2026-02-12 02:53:00,1770864839999,XRP,1m,1.3773,1.3776,1.3776,1.3766,5135.0,11
2026-02-12 02:54:00,1770864899999,XRP,1m,1.3775,1.3776,1.3777,1.3775,154.0,19
2026-02-12 02:55:00,1770864959999,XRP,1m,1.3773,1.3772,1.3773,1.3768,8216.0,26
2026-02-12 02:56:00,1770865019999,XRP,1m,1.3773,1.3765,1.3773,1.3765,64.0,5
2026-02-12 02:57:00,1770865079999,XRP,1m,1.3763,1.3769,1.3769,1.3763,81.0,6
2026-02-12 02:58:00,1770865139999,XRP,1m,1.3771,1.3767,1.3771,1.3766,2522.0,7
2026-02-12 02:59:00,1770865199999,XRP,1m,1.3768,1.3762,1.3768,1.376,79.0,7
2026-02-12 03:00:00,1770865259999,XRP,1m,1.3766,1.3759,1.3766,1.3759,1540.0,9
2026-02-12 03:01:00,1770865319999,XRP,1m,1.3759,1.3769,1.3772,1.3755,442.0,23
2026-02-12 03:02:00,1770865379999,XRP,1m,1.3775,1.3775,1.3779,1.3775,372.0,7
2026-02-12 03:03:00,1770865439999,XRP,1m,1.3785,1.378,1.3787,1.3778,7910.0,10
2026-02-12 03:04:00,1770865499999,XRP,1m,1.3778,1.3781,1.3783,1.3776,7890.0,10
2026-02-12 03:05:00,1770865559999,XRP,1m,1.3781,1.377,1.3781,1.377,4070.0,10
2026-02-12 03:06:00,1770865619999,XRP,1m,1.3774,1.3775,1.3775,1.3771,35.0,4
2026-02-12 03:07:00,1770865679999,XRP,1m,1.3776,1.3772,1.3778,1.3772,5927.0,10
2026-02-12 03:08:00,1770865739999,XRP,1m,1.377,1.377,1.3771,1.3769,2276.0,13
2026-02-12 03:09:00,1770865799999,XRP,1m,1.377,1.3765,1.377,1.3761,1731.0,8
2026-02-12 03:10:00,1770865859999,XRP,1m,1.3763,1.3766,1.3766,1.3763,86.0,7
2026-02-12 03:11:00,1770865919999,XRP,1m,1.3768,1.3775,1.3776,1.3768,4994.0,10
2026-02-12 03:12:00,1770865979999,XRP,1m,1.3775,1.377,1.3775,1.3763,2030.0,13
2026-02-12 03:13:00,1770866039999,XRP,1m,1.3771,1.3766,1.3773,1.3766,777.0,7
2026-02-12 03:14:00,1770866099999,XRP,1m,1.3766,1.3764,1.3766,1.3761,9574.0,16
2026-02-12 03:15:00,1770866159999,XRP,1m,1.3773,1.3766,1.3773,1.3766,603.0,7
2026-02-12 03:16:00,1770866219999,XRP,1m,1.3767,1.3767,1.3769,1.3765,1336.0,6
2026-02-12 03:17:00,1770866279999,XRP,1m,1.3767,1.3764,1.3767,1.3763,50.0,6
2026-02-12 03:18:00,1770866339999,XRP,1m,1.3761,1.3753,1.3761,1.375,15103.0,22
2026-02-12 03:19:00,1770866399999,XRP,1m,1.3747,1.3737,1.3747,1.3737,200982.0,87
2026-02-12 03:20:00,1770866459999,XRP,1m,1.3734,1.374,1.374,1.3734,2219.0,16
2026-02-12 03:21:00,1770866519999,XRP,1m,1.3733,1.3731,1.3733,1.3729,370.0,14
2026-02-12 03:22:00,1770866579999,XRP,1m,1.3728,1.3727,1.3728,1.3719,32168.0,26
2026-02-12 03:23:00,1770866639999,XRP,1m,1.3727,1.3718,1.3727,1.3712,18191.0,23
2026-02-12 03:24:00,1770866699999,XRP,1m,1.3717,1.3717,1.3718,1.3713,4409.0,8
2026-02-12 03:25:00,1770866759999,XRP,1m,1.3707,1.3701,1.3707,1.3701,8145.0,14
2026-02-12 03:26:00,1770866819999,XRP,1m,1.3706,1.3715,1.3716,1.3706,17675.0,19
2026-02-12 03:27:00,1770866879999,XRP,1m,1.3715,1.3725,1.3725,1.3715,31536.0,26
2026-02-12 03:28:00,1770866939999,XRP,1m,1.3723,1.3727,1.3727,1.3723,4019.0,15
2026-02-12 03:29:00,1770866999999,XRP,1m,1.3726,1.3729,1.3731,1.3726,1073.0,19
2026-02-12 03:30:00,1770867059999,XRP,1m,1.3728,1.372,1.3728,1.372,51349.0,23
2026-02-12 03:31:00,1770867119999,XRP,1m,1.372,1.3732,1.3732,1.3719,8914.0,20
2026-02-12 03:32:00,1770867179999,XRP,1m,1.3733,1.3736,1.3736,1.373,2406.0,13
2026-02-12 03:33:00,1770867239999,XRP,1m,1.373,1.3741,1.3741,1.3728,12707.0,16
2026-02-12 03:34:00,1770867299999,XRP,1m,1.3741,1.3752,1.3754,1.3741,495.0,16
2026-02-12 03:35:00,1770867359999,XRP,1m,1.3759,1.3755,1.3763,1.3751,1931.0,12
2026-02-12 03:36:00,1770867419999,XRP,1m,1.3754,1.375,1.3754,1.3749,1048.0,10
2026-02-12 03:37:00,1770867479999,XRP,1m,1.3745,1.3744,1.3746,1.3743,189.0,9
2026-02-12 03:38:00,1770867539999,XRP,1m,1.3742,1.3742,1.3747,1.3739,18539.0,24
2026-02-12 03:39:00,1770867599999,XRP,1m,1.3742,1.376,1.376,1.3742,9684.0,17
2026-02-12 03:40:00,1770867659999,XRP,1m,1.3759,1.3755,1.3759,1.375,372.0,11
2026-02-12 03:41:00,1770867719999,XRP,1m,1.3755,1.3755,1.3755,1.375,4718.0,14
2026-02-12 03:42:00,1770867779999,XRP,1m,1.3754,1.3754,1.3758,1.3753,622.0,11
2026-02-12 03:43:00,1770867839999,XRP,1m,1.3754,1.3763,1.3764,1.3754,546.0,9
2026-02-12 03:44:00,1770867899999,XRP,1m,1.3763,1.3757,1.3763,1.3753,1969.0,9
2026-02-12 03:45:00,1770867959999,XRP,1m,1.3757,1.3754,1.3758,1.3752,7480.0,16
2026-02-12 03:46:00,1770868019999,XRP,1m,1.3769,1.377,1.3772,1.3768,530.0,11
2026-02-12 03:47:00,1770868079999,XRP,1m,1.3765,1.3767,1.3774,1.3765,153.0,9
2026-02-12 03:48:00,1770868139999,XRP,1m,1.3768,1.3771,1.3771,1.3768,152.0,8
2026-02-12 03:49:00,1770868199999,XRP,1m,1.3766,1.376,1.3766,1.3753,51277.0,37
2026-02-12 03:50:00,1770868259999,XRP,1m,1.3753,1.3743,1.3753,1.3743,7738.0,14
2026-02-12 03:51:00,1770868319999,XRP,1m,1.3743,1.3745,1.3748,1.3741,22196.0,17
2026-02-12 03:52:00,1770868379999,XRP,1m,1.3745,1.3743,1.3745,1.3738,38453.0,30
2026-02-12 03:53:00,1770868439999,XRP,1m,1.3743,1.3744,1.3745,1.3742,1813.0,13
2026-02-12 03:54:00,1770868499999,XRP,1m,1.3744,1.3749,1.3749,1.3744,34743.0,29
2026-02-12 03:55:00,1770868559999,XRP,1m,1.375,1.3749,1.3751,1.3747,2138.0,15
2026-02-12 03:56:00,1770868619999,XRP,1m,1.3749,1.3757,1.3759,1.3749,563.0,11
2026-02-12 03:57:00,1770868679999,XRP,1m,1.3757,1.3754,1.3763,1.3753,374.0,10
2026-02-12 03:58:00,1770868739999,XRP,1m,1.3755,1.3759,1.3761,1.3755,19164.0,22
2026-02-12 03:59:00,1770868799999,XRP,1m,1.3759,1.3753,1.3759,1.3753,3447.0,15
2026-02-12 04:00:00,1770868859999,XRP,1m,1.3751,1.3752,1.3752,1.3747,2812.0,21
2026-02-12 04:01:00,1770868919999,XRP,1m,1.3752,1.3749,1.3754,1.3745,24532.0,26
2026-02-12 04:02:00,1770868979999,XRP,1m,1.3749,1.3749,1.3749,1.3735,816.0,15
2026-02-12 04:03:00,1770869039999,XRP,1m,1.3754,1.3782,1.3782,1.3753,803.0,19
2026-02-12 04:04:00,1770869099999,XRP,1m,1.3784,1.3768,1.3784,1.3763,1702.0,15
2026-02-12 04:05:00,1770869159999,XRP,1m,1.3764,1.3758,1.3769,1.3758,4637.0,20
2026-02-12 04:06:00,1770869219999,XRP,1m,1.3758,1.3754,1.3758,1.3751,273.0,10
2026-02-12 04:07:00,1770869279999,XRP,1m,1.3755,1.3757,1.3757,1.3751,1390.0,9
2026-02-12 04:08:00,1770869339999,XRP,1m,1.3764,1.376,1.3764,1.376,151.0,8
2026-02-12 04:09:00,1770869399999,XRP,1m,1.3764,1.3772,1.3772,1.3764,24855.0,16
2026-02-12 04:10:00,1770869459999,XRP,1m,1.3772,1.3767,1.3772,1.3767,202.0,9
2026-02-12 04:11:00,1770869519999,XRP,1m,1.3765,1.3773,1.3773,1.3758,7111.0,14
2026-02-12 04:12:00,1770869579999,XRP,1m,1.3783,1.3786,1.3786,1.378,3514.0,14
2026-02-12 04:13:00,1770869639999,XRP,1m,1.3785,1.3781,1.3792,1.378,4241.0,16
2026-02-12 04:14:00,1770869699999,XRP,1m,1.3775,1.3782,1.3782,1.3775,152.0,8
2026-02-12 04:15:00,1770869759999,XRP,1m,1.3783,1.378,1.3783,1.3778,2988.0,11
2026-02-12 04:16:00,1770869819999,XRP,1m,1.3781,1.3774,1.3781,1.377,1240.0,10
2026-02-12 04:17:00,1770869879999,XRP,1m,1.3772,1.3754,1.3773,1.375,3009.0,17
2026-02-12 04:18:00,1770869939999,XRP,1m,1.3751,1.3741,1.3751,1.3737,912.0,11
2026-02-12 04:19:00,1770869999999,XRP,1m,1.3736,1.3761,1.3761,1.3736,2211.0,13
2026-02-12 04:20:00,1770870059999,XRP,1m,1.3771,1.3763,1.3774,1.376,8977.0,15
2026-02-12 04:21:00,1770870119999,XRP,1m,1.3757,1.3762,1.3762,1.3757,50.0,6
2026-02-12 04:22:00,1770870179999,XRP,1m,1.3761,1.375,1.3761,1.3749,109.0,8
2026-02-12 04:23:00,1770870239999,XRP,1m,1.3747,1.3739,1.3747,1.3737,17704.0,15
2026-02-12 04:24:00,1770870299999,XRP,1m,1.3739,1.3745,1.3745,1.3739,3907.0,9
2026-02-12 04:25:00,1770870359999,XRP,1m,1.3753,1.3744,1.3753,1.3743,517.0,10
2026-02-12 04:26:00,1770870419999,XRP,1m,1.3749,1.3747,1.3758,1.3744,2281.0,11
2026-02-12 04:27:00,1770870479999,XRP,1m,1.3746,1.3738,1.3748,1.3734,1081.0,8
2026-02-12 04:28:00,1770870539999,XRP,1m,1.3735,1.373,1.3736,1.3729,25319.0,22
2026-02-12 04:29:00,1770870599999,XRP,1m,1.373,1.3731,1.3731,1.3719,15639.0,15
2026-02-12 04:30:00,1770870659999,XRP,1m,1.3724,1.3733,1.3733,1.3724,13080.0,20
2026-02-12 04:31:00,1770870719999,XRP,1m,1.3734,1.3735,1.3738,1.3734,1980.0,12
2026-02-12 04:32:00,1770870779999,XRP,1m,1.3737,1.3718,1.3738,1.3718,499.0,10
2026-02-12 04:33:00,1770870839999,XRP,1m,1.3717,1.3718,1.3719,1.3716,2397.0,7
2026-02-12 04:34:00,1770870899999,XRP,1m,1.3725,1.3747,1.3749,1.3725,129972.0,51
2026-02-12 04:35:00,1770870959999,XRP,1m,1.375,1.3747,1.3751,1.3742,2246.0,13
2026-02-12 04:36:00,1770871019999,XRP,1m,1.375,1.376,1.376,1.375,1731.0,8
2026-02-12 04:37:00,1770871079999,XRP,1m,1.3772,1.3778,1.3786,1.3772,16454.0,24
2026-02-12 04:38:00,1770871139999,XRP,1m,1.3778,1.3768,1.3778,1.3768,43.0,5
2026-02-12 04:39:00,1770871199999,XRP,1m,1.3773,1.3775,1.378,1.3773,42830.0,28
2026-02-12 04:40:00,1770871259999,XRP,1m,1.3773,1.3775,1.3775,1.3769,1890.0,8
2026-02-12 04:41:00,1770871319999,XRP,1m,1.3781,1.3785,1.3785,1.3776,45373.0,36
2026-02-12 04:42:00,1770871379999,XRP,1m,1.3783,1.378,1.3785,1.3779,23897.0,24
2026-02-12 04:43:00,1770871439999,XRP,1m,1.3784,1.3785,1.3791,1.3784,44602.0,18
2026-02-12 04:44:00,1770871499999,XRP,1m,1.3787,1.3788,1.3789,1.3787,774.0,9
2026-02-12 04:45:00,1770871559999,XRP,1m,1.3785,1.3795,1.3795,1.3784,29735.0,22
2026-02-12 04:46:00,1770871619999,XRP,1m,1.3795,1.3792,1.3798,1.3791,40765.0,46
2026-02-12 04:47:00,1770871679999,XRP,1m,1.379,1.379,1.3792,1.3788,30042.0,30
2026-02-12 04:48:00,1770871739999,XRP,1m,1.3792,1.3793,1.3793,1.379,50.0,6
2026-02-12 04:49:00,1770871799999,XRP,1m,1.3797,1.3787,1.3797,1.3786,351.0,7
2026-02-12 04:50:00,1770871859999,XRP,1m,1.3787,1.3792,1.3793,1.3787,774.0,8
2026-02-12 04:51:00,1770871919999,XRP,1m,1.3786,1.3784,1.3786,1.3782,80.0,7
2026-02-12 04:52:00,1770871979999,XRP,1m,1.3783,1.3774,1.3783,1.3774,50.0,6
2026-02-12 04:53:00,1770872039999,XRP,1m,1.3765,1.3757,1.3767,1.3755,2453.0,8
2026-02-12 04:54:00,1770872099999,XRP,1m,1.3758,1.3761,1.3761,1.3752,14484.0,17
2026-02-12 04:55:00,1770872159999,XRP,1m,1.3762,1.3765,1.3769,1.3762,1202.0,8
2026-02-12 04:56:00,1770872219999,XRP,1m,1.376,1.376,1.3765,1.376,42.0,5
2026-02-12 04:57:00,1770872279999,XRP,1m,1.376,1.3762,1.3762,1.3759,57295.0,22
2026-02-12 04:58:00,1770872339999,XRP,1m,1.3767,1.3753,1.3767,1.3753,1219.0,7
2026-02-12 04:59:00,1770872399999,XRP,1m,1.3752,1.3746,1.3753,1.3745,11164.0,17
2026-02-12 05:00:00,1770872459999,XRP,1m,1.3746,1.3752,1.3769,1.3742,893307.0,173
2026-02-12 05:01:00,1770872519999,XRP,1m,1.3753,1.3774,1.3774,1.3752,6772.0,17
2026-02-12 05:02:00,1770872579999,XRP,1m,1.3775,1.378,1.3785,1.3775,10703.0,23
2026-02-12 05:03:00,1770872639999,XRP,1m,1.3772,1.3781,1.3781,1.3772,4997.0,12
2026-02-12 05:04:00,1770872699999,XRP,1m,1.3782,1.3783,1.3784,1.378,115.0,7
2026-02-12 05:05:00,1770872759999,XRP,1m,1.3778,1.3783,1.3783,1.3775,3833.0,10
2026-02-12 05:06:00,1770872819999,XRP,1m,1.3781,1.3788,1.3788,1.3781,12451.0,13
2026-02-12 05:07:00,1770872879999,XRP,1m,1.3796,1.3802,1.3806,1.3796,11152.0,13
2026-02-12 05:08:00,1770872939999,XRP,1m,1.3802,1.3793,1.3802,1.3789,1891.0,9
2026-02-12 05:09:00,1770872999999,XRP,1m,1.3797,1.3788,1.3805,1.3788,4831.0,12
2026-02-12 05:10:00,1770873059999,XRP,1m,1.3788,1.3791,1.3793,1.3788,2286.0,10
2026-02-12 05:11:00,1770873119999,XRP,1m,1.379,1.3783,1.379,1.3776,2940.0,16
2026-02-12 05:12:00,1770873179999,XRP,1m,1.3788,1.3781,1.379,1.3774,5086.0,13
2026-02-12 05:13:00,1770873239999,XRP,1m,1.3782,1.3753,1.3782,1.3753,16890.0,29
2026-02-12 05:14:00,1770873299999,XRP,1m,1.3753,1.3747,1.3753,1.3733,23071.0,26
2026-02-12 05:15:00,1770873359999,XRP,1m,1.3738,1.375,1.375,1.3734,7511.0,15
2026-02-12 05:16:00,1770873419999,XRP,1m,1.3746,1.3747,1.3757,1.3746,50.0,6
2026-02-12 05:17:00,1770873479999,XRP,1m,1.3747,1.3726,1.3747,1.3723,412.0,10
2026-02-12 05:18:00,1770873539999,XRP,1m,1.372,1.3727,1.3728,1.372,44.0,5
2026-02-12 05:19:00,1770873599999,XRP,1m,1.3727,1.3726,1.3728,1.3724,3505.0,9
2026-02-12 05:20:00,1770873659999,XRP,1m,1.3728,1.3755,1.3755,1.3728,3159.0,18
2026-02-12 05:21:00,1770873719999,XRP,1m,1.376,1.3783,1.3783,1.376,4235.0,20
2026-02-12 05:22:00,1770873779999,XRP,1m,1.3782,1.3771,1.3782,1.377,4767.0,10
2026-02-12 05:23:00,1770873839999,XRP,1m,1.3766,1.376,1.3773,1.3757,785.0,13
2026-02-12 05:24:00,1770873899999,XRP,1m,1.376,1.3761,1.3765,1.3757,7369.0,15
2026-02-12 05:25:00,1770873959999,XRP,1m,1.3758,1.3773,1.3773,1.3758,4050.0,9
2026-02-12 05:26:00,1770874019999,XRP,1m,1.3764,1.3762,1.3775,1.3761,480.0,7
2026-02-12 05:27:00,1770874079999,XRP,1m,1.3767,1.376,1.3769,1.3754,2944.0,20
2026-02-12 05:28:00,1770874139999,XRP,1m,1.375,1.3749,1.3761,1.3741,4984.0,15
2026-02-12 05:29:00,1770874199999,XRP,1m,1.3748,1.3751,1.3752,1.3743,2840.0,8
2026-02-12 05:30:00,1770874259999,XRP,1m,1.3749,1.3746,1.375,1.3742,38329.0,36
2026-02-12 05:31:00,1770874319999,XRP,1m,1.3743,1.3744,1.3762,1.3739,181200.0,63
2026-02-12 05:32:00,1770874379999,XRP,1m,1.3754,1.3779,1.3784,1.3754,24959.0,33
2026-02-12 05:33:00,1770874439999,XRP,1m,1.3788,1.3788,1.3791,1.3777,16138.0,15
2026-02-12 05:34:00,1770874499999,XRP,1m,1.3789,1.3781,1.3789,1.3779,566.0,7
2026-02-12 05:35:00,1770874559999,XRP,1m,1.3775,1.3784,1.3784,1.3775,66.0,7
2026-02-12 05:36:00,1770874619999,XRP,1m,1.3785,1.3774,1.3787,1.3774,1960.0,9
2026-02-12 05:37:00,1770874679999,XRP,1m,1.3761,1.3773,1.3773,1.3754,1223.0,9
2026-02-12 05:38:00,1770874739999,XRP,1m,1.3775,1.3763,1.3775,1.3763,51.0,6
2026-02-12 05:39:00,1770874799999,XRP,1m,1.3759,1.3764,1.3765,1.3759,50.0,6
2026-02-12 05:40:00,1770874859999,XRP,1m,1.3769,1.3775,1.3775,1.3769,787.0,9
2026-02-12 05:41:00,1770874919999,XRP,1m,1.3776,1.3774,1.3777,1.3773,14825.0,20
2026-02-12 05:42:00,1770874979999,XRP,1m,1.3777,1.3792,1.3795,1.3777,409.0,16
2026-02-12 05:43:00,1770875039999,XRP,1m,1.379,1.3802,1.3802,1.379,7434.0,16
2026-02-12 05:44:00,1770875099999,XRP,1m,1.3798,1.3791,1.3798,1.3791,3427.0,13
2026-02-12 05:45:00,1770875159999,XRP,1m,1.3789,1.3795,1.3801,1.3788,3257.0,18
2026-02-12 05:46:00,1770875219999,XRP,1m,1.38,1.38,1.3804,1.38,145.0,10
2026-02-12 05:47:00,1770875279999,XRP,1m,1.3792,1.3781,1.3793,1.378,83.0,8
2026-02-12 05:48:00,1770875339999,XRP,1m,1.3781,1.3787,1.3793,1.3781,1783.0,16
2026-02-12 05:49:00,1770875399999,XRP,1m,1.3781,1.3777,1.3781,1.3777,1822.0,11
2026-02-12 05:50:00,1770875459999,XRP,1m,1.3782,1.378,1.3785,1.3777,84.0,8
2026-02-12 05:51:00,1770875519999,XRP,1m,1.3779,1.3781,1.3781,1.3778,81.0,8
2026-02-12 05:52:00,1770875579999,XRP,1m,1.3781,1.3786,1.3787,1.378,13184.0,23
2026-02-12 05:53:00,1770875639999,XRP,1m,1.3785,1.379,1.379,1.378,113.0,9
2026-02-12 05:54:00,1770875699999,XRP,1m,1.379,1.3785,1.379,1.3784,1988.0,11
2026-02-12 05:55:00,1770875759999,XRP,1m,1.3787,1.3796,1.3802,1.3787,103.0,9
2026-02-12 05:56:00,1770875819999,XRP,1m,1.3796,1.3797,1.38,1.3796,657.0,16
2026-02-12 05:57:00,1770875879999,XRP,1m,1.3798,1.3792,1.3798,1.3791,2145.0,14
2026-02-12 05:58:00,1770875939999,XRP,1m,1.3792,1.3791,1.3796,1.3791,142.0,9
2026-02-12 05:59:00,1770875999999,XRP,1m,1.3792,1.3796,1.3796,1.3791,144.0,12
2026-02-12 06:00:00,1770876059999,XRP,1m,1.3798,1.3803,1.3803,1.3795,2212.0,15
2026-02-12 06:01:00,1770876119999,XRP,1m,1.3798,1.3794,1.3799,1.3792,5427.0,16
2026-02-12 06:02:00,1770876179999,XRP,1m,1.3796,1.3798,1.38,1.3795,86.0,8
2026-02-12 06:03:00,1770876239999,XRP,1m,1.3805,1.3807,1.3808,1.3802,8953.0,13
2026-02-12 06:04:00,1770876299999,XRP,1m,1.3807,1.378,1.3807,1.378,3298.0,16
2026-02-12 06:05:00,1770876359999,XRP,1m,1.3785,1.3791,1.3794,1.3785,1346.0,10
2026-02-12 06:06:00,1770876419999,XRP,1m,1.3787,1.3779,1.3787,1.3778,3130.0,12
2026-02-12 06:07:00,1770876479999,XRP,1m,1.378,1.3778,1.3782,1.3775,4135.0,12
2026-02-12 06:08:00,1770876539999,XRP,1m,1.3779,1.3781,1.3783,1.3778,27747.0,21
2026-02-12 06:09:00,1770876599999,XRP,1m,1.378,1.3778,1.3783,1.3778,426.0,10
2026-02-12 06:10:00,1770876659999,XRP,1m,1.3777,1.378,1.3783,1.3777,83.0,8
2026-02-12 06:11:00,1770876719999,XRP,1m,1.3779,1.3777,1.3779,1.3775,401.0,8
2026-02-12 06:12:00,1770876779999,XRP,1m,1.378,1.3807,1.3807,1.378,81.0,8
2026-02-12 06:13:00,1770876839999,XRP,1m,1.3816,1.3813,1.3818,1.3812,144.0,11
2026-02-12 06:14:00,1770876899999,XRP,1m,1.3812,1.381,1.3816,1.3806,1523.0,13
2026-02-12 06:15:00,1770876959999,XRP,1m,1.3804,1.3811,1.3818,1.3804,752.0,10
2026-02-12 06:16:00,1770877019999,XRP,1m,1.3813,1.3824,1.3824,1.3808,5857.0,17
2026-02-12 06:17:00,1770877079999,XRP,1m,1.3824,1.3819,1.3833,1.3816,4103.0,14
2026-02-12 06:18:00,1770877139999,XRP,1m,1.3822,1.3815,1.3822,1.3811,63.0,7
2026-02-12 06:19:00,1770877199999,XRP,1m,1.3805,1.3798,1.3805,1.3788,68.0,9
2026-02-12 06:20:00,1770877259999,XRP,1m,1.3793,1.3797,1.3801,1.3793,51.0,6
2026-02-12 06:21:00,1770877319999,XRP,1m,1.3794,1.3791,1.3796,1.3791,10146.0,11
2026-02-12 06:22:00,1770877379999,XRP,1m,1.3797,1.3808,1.3808,1.379,1055.0,11
2026-02-12 06:23:00,1770877439999,XRP,1m,1.3806,1.3816,1.3818,1.3806,68.0,7
2026-02-12 06:24:00,1770877499999,XRP,1m,1.3818,1.3819,1.3819,1.3814,1061.0,10
2026-02-12 06:25:00,1770877559999,XRP,1m,1.3824,1.3871,1.3881,1.3824,190555.0,82
2026-02-12 06:26:00,1770877619999,XRP,1m,1.3857,1.3869,1.3879,1.3857,3244.0,13
2026-02-12 06:27:00,1770877679999,XRP,1m,1.387,1.3854,1.387,1.3854,21101.0,14
2026-02-12 06:28:00,1770877739999,XRP,1m,1.3848,1.3858,1.3858,1.3845,1730.0,16
2026-02-12 06:29:00,1770877799999,XRP,1m,1.3861,1.3856,1.3864,1.3855,13447.0,12
2026-02-12 06:30:00,1770877859999,XRP,1m,1.3852,1.3849,1.3852,1.3849,3346.0,21
2026-02-12 06:31:00,1770877919999,XRP,1m,1.3848,1.384,1.3848,1.3838,11194.0,20
2026-02-12 06:32:00,1770877979999,XRP,1m,1.3841,1.385,1.3854,1.3841,1557.0,9
2026-02-12 06:33:00,1770878039999,XRP,1m,1.3848,1.3834,1.3848,1.3834,3709.0,9
2026-02-12 06:34:00,1770878099999,XRP,1m,1.3835,1.3832,1.3835,1.3823,53534.0,39
2026-02-12 06:35:00,1770878159999,XRP,1m,1.3835,1.3809,1.3835,1.3809,233.0,12
2026-02-12 06:36:00,1770878219999,XRP,1m,1.3814,1.3812,1.3814,1.3803,1640.0,9
2026-02-12 06:37:00,1770878279999,XRP,1m,1.3816,1.3815,1.3818,1.3811,87.0,7
2026-02-12 06:38:00,1770878339999,XRP,1m,1.3808,1.3809,1.3809,1.3804,1393.0,12
2026-02-12 06:39:00,1770878399999,XRP,1m,1.3813,1.382,1.382,1.3812,6603.0,14
2026-02-12 06:40:00,1770878459999,XRP,1m,1.3816,1.3818,1.3824,1.3815,5244.0,13
2026-02-12 06:41:00,1770878519999,XRP,1m,1.383,1.3821,1.3832,1.3814,231.0,9
2026-02-12 06:42:00,1770878579999,XRP,1m,1.3824,1.3825,1.3825,1.3816,307.0,11
2026-02-12 06:43:00,1770878639999,XRP,1m,1.3825,1.3816,1.3825,1.3816,50.0,6
2026-02-12 06:44:00,1770878699999,XRP,1m,1.3817,1.3825,1.383,1.3816,125.0,9
2026-02-12 06:45:00,1770878759999,XRP,1m,1.3826,1.3825,1.3826,1.3818,3954.0,18
2026-02-12 06:46:00,1770878819999,XRP,1m,1.3829,1.3825,1.3831,1.3824,293.0,9
2026-02-12 06:47:00,1770878879999,XRP,1m,1.3816,1.3808,1.3816,1.3806,246.0,7
2026-02-12 06:48:00,1770878939999,XRP,1m,1.3804,1.3819,1.3819,1.3804,17011.0,13
2026-02-12 06:49:00,1770878999999,XRP,1m,1.3825,1.3818,1.3825,1.3811,124.0,7
2026-02-12 06:50:00,1770879059999,XRP,1m,1.3817,1.3807,1.3817,1.3807,1495.0,9
2026-02-12 06:51:00,1770879119999,XRP,1m,1.3804,1.3815,1.3815,1.3802,1905.0,11
2026-02-12 06:52:00,1770879179999,XRP,1m,1.3818,1.3816,1.3818,1.3815,108.0,7
2026-02-12 06:53:00,1770879239999,XRP,1m,1.3811,1.3815,1.3816,1.3811,51.0,6
2026-02-12 06:54:00,1770879299999,XRP,1m,1.3813,1.3814,1.3814,1.381,50.0,6
2026-02-12 06:55:00,1770879359999,XRP,1m,1.3813,1.3819,1.3819,1.3813,51.0,6
2026-02-12 06:56:00,1770879419999,XRP,1m,1.3821,1.3815,1.3821,1.3814,415.0,7
2026-02-12 06:57:00,1770879479999,XRP,1m,1.382,1.3817,1.382,1.3816,52.0,6
2026-02-12 06:58:00,1770879539999,XRP,1m,1.3817,1.3815,1.3817,1.3814,50.0,6
2026-02-12 06:59:00,1770879599999,XRP,1m,1.3814,1.3814,1.3816,1.3811,312.0,8
2026-02-12 07:00:00,1770879659999,XRP,1m,1.3821,1.3829,1.3831,1.382,1200.0,13
2026-02-12 07:01:00,1770879719999,XRP,1m,1.3826,1.3813,1.3827,1.3812,2086.0,10
2026-02-12 07:02:00,1770879779999,XRP,1m,1.3815,1.3818,1.3818,1.3804,10743.0,20
2026-02-12 07:03:00,1770879839999,XRP,1m,1.3814,1.3805,1.3814,1.3804,7604.0,15
2026-02-12 07:04:00,1770879899999,XRP,1m,1.3812,1.3822,1.3822,1.3811,828.0,7
2026-02-12 07:05:00,1770879959999,XRP,1m,1.3821,1.3806,1.3821,1.3806,50.0,6
2026-02-12 07:06:00,1770880019999,XRP,1m,1.3809,1.3805,1.3809,1.38,5581.0,14
2026-02-12 07:07:00,1770880079999,XRP,1m,1.3805,1.379,1.3805,1.379,218.0,10
2026-02-12 07:08:00,1770880139999,XRP,1m,1.379,1.3794,1.3794,1.379,4203.0,11
2026-02-12 07:09:00,1770880199999,XRP,1m,1.3795,1.3785,1.3795,1.3784,1463.0,12
2026-02-12 07:10:00,1770880259999,XRP,1m,1.3781,1.378,1.3782,1.3777,475.0,11
2026-02-12 07:11:00,1770880319999,XRP,1m,1.378,1.3757,1.378,1.3757,2353.0,18
2026-02-12 07:12:00,1770880379999,XRP,1m,1.3763,1.3772,1.3773,1.3763,50.0,6
2026-02-12 07:13:00,1770880439999,XRP,1m,1.3772,1.377,1.3773,1.3769,2396.0,11
2026-02-12 07:14:00,1770880499999,XRP,1m,1.3771,1.3775,1.3775,1.377,81.0,9
2026-02-12 07:15:00,1770880559999,XRP,1m,1.3776,1.3762,1.3776,1.3762,2873.0,9
2026-02-12 07:16:00,1770880619999,XRP,1m,1.3769,1.3777,1.3777,1.3769,5919.0,10
2026-02-12 07:17:00,1770880679999,XRP,1m,1.378,1.3796,1.3796,1.378,4025.0,14
2026-02-12 07:18:00,1770880739999,XRP,1m,1.3795,1.3785,1.3795,1.3781,14507.0,15
2026-02-12 07:19:00,1770880799999,XRP,1m,1.3785,1.3787,1.3787,1.378,160.0,9
2026-02-12 07:20:00,1770880859999,XRP,1m,1.3783,1.3791,1.3798,1.3783,1538.0,11
2026-02-12 07:21:00,1770880919999,XRP,1m,1.3789,1.3793,1.3796,1.3789,327.0,8
2026-02-12 07:22:00,1770880979999,XRP,1m,1.3793,1.3795,1.3796,1.3793,799.0,7
2026-02-12 07:23:00,1770881039999,XRP,1m,1.3796,1.3803,1.3808,1.3796,5076.0,10
2026-02-12 07:24:00,1770881099999,XRP,1m,1.3802,1.3826,1.3826,1.3801,11172.0,10
2026-02-12 07:25:00,1770881159999,XRP,1m,1.383,1.3832,1.3849,1.383,8789.0,27
2026-02-12 07:26:00,1770881219999,XRP,1m,1.3831,1.3836,1.3841,1.383,7672.0,13
2026-02-12 07:27:00,1770881279999,XRP,1m,1.3843,1.3833,1.3843,1.3832,440.0,8
2026-02-12 07:28:00,1770881339999,XRP,1m,1.3832,1.3818,1.3832,1.3813,34840.0,41
2026-02-12 07:29:00,1770881399999,XRP,1m,1.3819,1.382,1.3824,1.3816,1490.0,15
2026-02-12 07:30:00,1770881459999,XRP,1m,1.3816,1.3812,1.3816,1.3806,1504.0,11
2026-02-12 07:31:00,1770881519999,XRP,1m,1.3812,1.3822,1.3822,1.3805,62.0,7
2026-02-12 07:32:00,1770881579999,XRP,1m,1.3819,1.3819,1.3819,1.3814,1208.0,12
2026-02-12 07:33:00,1770881639999,XRP,1m,1.3817,1.3812,1.3817,1.3808,72.0,8
2026-02-12 07:34:00,1770881699999,XRP,1m,1.3809,1.3798,1.3811,1.3798,153.0,10
2026-02-12 07:35:00,1770881759999,XRP,1m,1.3799,1.3795,1.3799,1.3791,89.0,8
2026-02-12 07:36:00,1770881819999,XRP,1m,1.3795,1.3793,1.3796,1.3792,50.0,6
2026-02-12 07:37:00,1770881879999,XRP,1m,1.3789,1.3797,1.3797,1.3789,187.0,8
2026-02-12 07:38:00,1770881939999,XRP,1m,1.3799,1.3804,1.3807,1.3799,67.0,6
2026-02-12 07:39:00,1770881999999,XRP,1m,1.3814,1.3813,1.3814,1.3805,1833.0,10
2026-02-12 07:40:00,1770882059999,XRP,1m,1.3813,1.3813,1.3814,1.3811,6722.0,17
2026-02-12 07:41:00,1770882119999,XRP,1m,1.3813,1.3812,1.3822,1.3811,161.0,9
2026-02-12 07:42:00,1770882179999,XRP,1m,1.3812,1.3803,1.3814,1.3803,2375.0,11
2026-02-12 07:43:00,1770882239999,XRP,1m,1.38,1.3799,1.3801,1.3798,818.0,8
2026-02-12 07:44:00,1770882299999,XRP,1m,1.3791,1.3793,1.3795,1.3791,61.0,7
2026-02-12 07:45:00,1770882359999,XRP,1m,1.3788,1.3783,1.379,1.3782,62514.0,29
2026-02-12 07:46:00,1770882419999,XRP,1m,1.3785,1.3789,1.3795,1.3785,291.0,9
2026-02-12 07:47:00,1770882479999,XRP,1m,1.3793,1.3797,1.3797,1.3792,79.0,7
2026-02-12 07:48:00,1770882539999,XRP,1m,1.3793,1.3791,1.3794,1.3789,74.0,7
2026-02-12 07:49:00,1770882599999,XRP,1m,1.379,1.3783,1.379,1.3782,17211.0,17
2026-02-12 07:50:00,1770882659999,XRP,1m,1.3789,1.3787,1.379,1.3778,64219.0,30
2026-02-12 07:51:00,1770882719999,XRP,1m,1.3788,1.3785,1.3789,1.3785,43.0,5
2026-02-12 07:52:00,1770882779999,XRP,1m,1.3786,1.3784,1.3786,1.3783,100.0,6
2026-02-12 07:53:00,1770882839999,XRP,1m,1.3783,1.3786,1.3786,1.3782,51.0,6
2026-02-12 07:54:00,1770882899999,XRP,1m,1.379,1.3792,1.3792,1.3785,3890.0,10
2026-02-12 07:55:00,1770882959999,XRP,1m,1.3792,1.3799,1.3799,1.3792,3513.0,17
2026-02-12 07:56:00,1770883019999,XRP,1m,1.3806,1.3812,1.3818,1.3806,77654.0,37
2026-02-12 07:57:00,1770883079999,XRP,1m,1.3808,1.3807,1.3811,1.3806,763.0,13
2026-02-12 07:58:00,1770883139999,XRP,1m,1.3809,1.3815,1.3815,1.3808,100.0,7
2026-02-12 07:59:00,1770883199999,XRP,1m,1.3816,1.3816,1.3818,1.3816,43.0,5
2026-02-12 08:00:00,1770883259999,XRP,1m,1.3813,1.3817,1.3819,1.3813,5856.0,24
2026-02-12 08:01:00,1770883319999,XRP,1m,1.3823,1.3829,1.3829,1.3821,15276.0,25
2026-02-12 08:02:00,1770883379999,XRP,1m,1.3825,1.3823,1.3828,1.382,7166.0,19
2026-02-12 08:03:00,1770883439999,XRP,1m,1.3823,1.3822,1.383,1.3818,27155.0,33
2026-02-12 08:04:00,1770883499999,XRP,1m,1.3824,1.3806,1.3826,1.3805,1003.0,11
2026-02-12 08:05:00,1770883559999,XRP,1m,1.3804,1.3794,1.3806,1.3794,1103.0,14
2026-02-12 08:06:00,1770883619999,XRP,1m,1.379,1.3819,1.3824,1.3783,53213.0,39
2026-02-12 08:07:00,1770883679999,XRP,1m,1.3823,1.3826,1.3826,1.3812,2049.0,16
2026-02-12 08:08:00,1770883739999,XRP,1m,1.383,1.3834,1.3837,1.3824,4849.0,18
2026-02-12 08:09:00,1770883799999,XRP,1m,1.383,1.3827,1.3831,1.3827,1961.0,13
2026-02-12 08:10:00,1770883859999,XRP,1m,1.3826,1.3824,1.3828,1.3821,92.0,9
2026-02-12 08:11:00,1770883919999,XRP,1m,1.3823,1.3816,1.3823,1.3812,913.0,12
2026-02-12 08:12:00,1770883979999,XRP,1m,1.3819,1.382,1.382,1.3818,840.0,10
2026-02-12 08:13:00,1770884039999,XRP,1m,1.3822,1.3816,1.3823,1.3815,5150.0,14
2026-02-12 08:14:00,1770884099999,XRP,1m,1.3816,1.3816,1.3816,1.3814,3229.0,10
2026-02-12 08:15:00,1770884159999,XRP,1m,1.3816,1.3811,1.3816,1.381,100.0,9
2026-02-12 08:16:00,1770884219999,XRP,1m,1.3813,1.3807,1.3813,1.3807,221.0,9
2026-02-12 08:17:00,1770884279999,XRP,1m,1.3805,1.3796,1.3806,1.3796,3398.0,14
2026-02-12 08:18:00,1770884339999,XRP,1m,1.3797,1.3786,1.3797,1.3786,14947.0,26
2026-02-12 08:19:00,1770884399999,XRP,1m,1.3791,1.3782,1.3792,1.3782,5185.0,14
2026-02-12 08:20:00,1770884459999,XRP,1m,1.3783,1.3785,1.3794,1.3783,5626.0,21
2026-02-12 08:21:00,1770884519999,XRP,1m,1.3782,1.3783,1.3783,1.3774,15056.0,25
2026-02-12 08:22:00,1770884579999,XRP,1m,1.3789,1.3782,1.3789,1.3781,151.0,9
2026-02-12 08:23:00,1770884639999,XRP,1m,1.3782,1.3786,1.3786,1.3778,197.0,10
2026-02-12 08:24:00,1770884699999,XRP,1m,1.3786,1.3796,1.3796,1.3786,22396.0,30
2026-02-12 08:25:00,1770884759999,XRP,1m,1.3792,1.3786,1.3792,1.3786,14565.0,24
2026-02-12 08:26:00,1770884819999,XRP,1m,1.3792,1.3788,1.3792,1.3784,15933.0,24
2026-02-12 08:27:00,1770884879999,XRP,1m,1.3789,1.3782,1.3793,1.3782,98.0,8
2026-02-12 08:28:00,1770884939999,XRP,1m,1.3781,1.3787,1.3787,1.377,997.0,11
2026-02-12 08:29:00,1770884999999,XRP,1m,1.3787,1.3774,1.3787,1.3774,24922.0,38
2026-02-12 08:30:00,1770885059999,XRP,1m,1.3774,1.3769,1.3778,1.3762,17650.0,31
2026-02-12 08:31:00,1770885119999,XRP,1m,1.377,1.3763,1.3774,1.3763,7510.0,13
2026-02-12 08:32:00,1770885179999,XRP,1m,1.3766,1.378,1.378,1.3766,1528.0,12
2026-02-12 08:33:00,1770885239999,XRP,1m,1.378,1.378,1.3786,1.378,32191.0,36
2026-02-12 08:34:00,1770885299999,XRP,1m,1.3781,1.3779,1.3781,1.3776,9640.0,18
2026-02-12 08:35:00,1770885359999,XRP,1m,1.3777,1.3801,1.3801,1.3777,586.0,10
2026-02-12 08:36:00,1770885419999,XRP,1m,1.3802,1.381,1.3811,1.3799,518.0,11
2026-02-12 08:37:00,1770885479999,XRP,1m,1.3816,1.3796,1.3818,1.3796,16278.0,19
2026-02-12 08:38:00,1770885539999,XRP,1m,1.3793,1.3798,1.3803,1.3789,8460.0,15
2026-02-12 08:39:00,1770885599999,XRP,1m,1.3799,1.3797,1.3799,1.3792,8929.0,15
2026-02-12 08:40:00,1770885659999,XRP,1m,1.3798,1.3803,1.3811,1.3798,2847.0,11
2026-02-12 08:41:00,1770885719999,XRP,1m,1.3802,1.3804,1.3805,1.38,2361.0,10
2026-02-12 08:42:00,1770885779999,XRP,1m,1.3809,1.3803,1.3812,1.3802,1195.0,9
2026-02-12 08:43:00,1770885839999,XRP,1m,1.3804,1.3789,1.3804,1.3789,2846.0,10
2026-02-12 08:44:00,1770885899999,XRP,1m,1.3798,1.379,1.3798,1.379,22131.0,24
2026-02-12 08:45:00,1770885959999,XRP,1m,1.3789,1.3792,1.3792,1.3783,9535.0,16
2026-02-12 08:46:00,1770886019999,XRP,1m,1.3797,1.3785,1.3797,1.3782,76.0,7
2026-02-12 08:47:00,1770886079999,XRP,1m,1.3789,1.3793,1.3793,1.3787,81.0,9
2026-02-12 08:48:00,1770886139999,XRP,1m,1.3793,1.3787,1.3793,1.3784,16044.0,22
2026-02-12 08:49:00,1770886199999,XRP,1m,1.379,1.3788,1.379,1.3788,213.0,12
2026-02-12 08:50:00,1770886259999,XRP,1m,1.3789,1.3804,1.3804,1.3789,2308.0,15
2026-02-12 08:51:00,1770886319999,XRP,1m,1.3805,1.3804,1.3812,1.3803,624.0,21
2026-02-12 08:52:00,1770886379999,XRP,1m,1.3801,1.38,1.3806,1.38,826.0,10
2026-02-12 08:53:00,1770886439999,XRP,1m,1.3799,1.3792,1.3799,1.3791,434.0,9
2026-02-12 08:54:00,1770886499999,XRP,1m,1.3799,1.3811,1.3811,1.3799,23461.0,27
2026-02-12 08:55:00,1770886559999,XRP,1m,1.3813,1.3822,1.3822,1.3808,6826.0,14
2026-02-12 08:56:00,1770886619999,XRP,1m,1.3819,1.3816,1.382,1.3816,12256.0,20
2026-02-12 08:57:00,1770886679999,XRP,1m,1.3816,1.3809,1.3819,1.3809,80.0,7
2026-02-12 08:58:00,1770886739999,XRP,1m,1.381,1.3812,1.3814,1.381,1239.0,10
2026-02-12 08:59:00,1770886799999,XRP,1m,1.3813,1.381,1.3814,1.381,259.0,9
2026-02-12 09:00:00,1770886859999,XRP,1m,1.3812,1.381,1.3812,1.3805,3026.0,9
2026-02-12 09:01:00,1770886919999,XRP,1m,1.381,1.3802,1.3811,1.3802,7605.0,22
2026-02-12 09:02:00,1770886979999,XRP,1m,1.3808,1.3812,1.3814,1.3806,10537.0,18
2026-02-12 09:03:00,1770887039999,XRP,1m,1.3811,1.3803,1.3815,1.3803,202.0,7
2026-02-12 09:04:00,1770887099999,XRP,1m,1.3803,1.3809,1.3809,1.3803,122.0,7
2026-02-12 09:05:00,1770887159999,XRP,1m,1.3813,1.3805,1.3813,1.3804,1979.0,11
2026-02-12 09:06:00,1770887219999,XRP,1m,1.3805,1.3797,1.3805,1.3791,13526.0,21
2026-02-12 09:07:00,1770887279999,XRP,1m,1.3798,1.3798,1.38,1.3794,1157.0,11
2026-02-12 09:08:00,1770887339999,XRP,1m,1.3799,1.3798,1.3799,1.3797,76.0,7
2026-02-12 09:09:00,1770887399999,XRP,1m,1.3799,1.3802,1.3802,1.3797,15858.0,18
2026-02-12 09:10:00,1770887459999,XRP,1m,1.38,1.3811,1.3811,1.3793,8243.0,21
2026-02-12 09:11:00,1770887519999,XRP,1m,1.3819,1.3832,1.3841,1.3816,12370.0,26
2026-02-12 09:12:00,1770887579999,XRP,1m,1.3838,1.384,1.3845,1.3837,1654.0,14
2026-02-12 09:13:00,1770887639999,XRP,1m,1.3836,1.3836,1.3836,1.3829,1011.0,13
2026-02-12 09:14:00,1770887699999,XRP,1m,1.384,1.3829,1.3841,1.3829,148.0,9
2026-02-12 09:15:00,1770887759999,XRP,1m,1.3833,1.3835,1.3839,1.3833,8200.0,18
2026-02-12 09:16:00,1770887819999,XRP,1m,1.3836,1.3842,1.3842,1.3835,7764.0,17
2026-02-12 09:17:00,1770887879999,XRP,1m,1.384,1.3863,1.3864,1.384,19355.0,29
2026-02-12 09:18:00,1770887939999,XRP,1m,1.3856,1.3853,1.3858,1.3851,15131.0,22
2026-02-12 09:19:00,1770887999999,XRP,1m,1.3854,1.3853,1.3855,1.3845,11178.0,17
2026-02-12 09:20:00,1770888059999,XRP,1m,1.3849,1.3851,1.3857,1.3849,5138.0,11
2026-02-12 09:21:00,1770888119999,XRP,1m,1.3851,1.3856,1.3857,1.3851,21744.0,18
2026-02-12 09:22:00,1770888179999,XRP,1m,1.3853,1.3848,1.3853,1.3848,7230.0,14
2026-02-12 09:23:00,1770888239999,XRP,1m,1.3852,1.3856,1.3858,1.3852,47.0,5
2026-02-12 09:24:00,1770888299999,XRP,1m,1.3867,1.3862,1.3867,1.3862,1160.0,12
2026-02-12 09:25:00,1770888359999,XRP,1m,1.3861,1.3854,1.3862,1.3853,9001.0,20
2026-02-12 09:26:00,1770888419999,XRP,1m,1.3853,1.3855,1.3861,1.3852,10467.0,20
2026-02-12 09:27:00,1770888479999,XRP,1m,1.3852,1.3872,1.3872,1.3852,2699.0,16
2026-02-12 09:28:00,1770888539999,XRP,1m,1.3876,1.3888,1.3897,1.3876,246122.0,79
2026-02-12 09:29:00,1770888599999,XRP,1m,1.3889,1.3886,1.389,1.3882,21173.0,20
2026-02-12 09:30:00,1770888659999,XRP,1m,1.3883,1.3878,1.3884,1.3874,1164.0,8
2026-02-12 09:31:00,1770888719999,XRP,1m,1.3879,1.3872,1.3879,1.3872,226.0,7
2026-02-12 09:32:00,1770888779999,XRP,1m,1.3869,1.3887,1.3887,1.3868,228.0,9
2026-02-12 09:33:00,1770888839999,XRP,1m,1.3892,1.3906,1.3907,1.389,33341.0,41
2026-02-12 09:34:00,1770888899999,XRP,1m,1.3912,1.3904,1.3913,1.3904,12774.0,23
2026-02-12 09:35:00,1770888959999,XRP,1m,1.3902,1.3903,1.3904,1.3898,15344.0,21
2026-02-12 09:36:00,1770889019999,XRP,1m,1.3906,1.3904,1.3928,1.3902,29798.0,31
2026-02-12 09:37:00,1770889079999,XRP,1m,1.3907,1.3902,1.3907,1.3899,695.0,11
2026-02-12 09:38:00,1770889139999,XRP,1m,1.3903,1.3896,1.3904,1.3896,549.0,10
2026-02-12 09:39:00,1770889199999,XRP,1m,1.3897,1.3895,1.3898,1.3895,8568.0,17
2026-02-12 09:40:00,1770889259999,XRP,1m,1.3895,1.389,1.3895,1.3887,10754.0,22
2026-02-12 09:41:00,1770889319999,XRP,1m,1.3891,1.3892,1.3899,1.3891,54823.0,43
2026-02-12 09:42:00,1770889379999,XRP,1m,1.3893,1.3897,1.3898,1.3893,7793.0,12
2026-02-12 09:43:00,1770889439999,XRP,1m,1.3897,1.3903,1.3906,1.3896,12034.0,18
2026-02-12 09:44:00,1770889499999,XRP,1m,1.3902,1.39,1.3902,1.3899,23185.0,21
2026-02-12 09:45:00,1770889559999,XRP,1m,1.3901,1.3905,1.3905,1.3895,14738.0,25
2026-02-12 09:46:00,1770889619999,XRP,1m,1.3907,1.3909,1.3912,1.3907,777.0,13
2026-02-12 09:47:00,1770889679999,XRP,1m,1.3912,1.3899,1.3912,1.3899,4924.0,15
2026-02-12 09:48:00,1770889739999,XRP,1m,1.3899,1.3903,1.3903,1.3893,19985.0,19
2026-02-12 09:49:00,1770889799999,XRP,1m,1.3901,1.3892,1.3901,1.3892,14458.0,15
2026-02-12 09:50:00,1770889859999,XRP,1m,1.3893,1.3892,1.3893,1.3892,30780.0,29
2026-02-12 09:51:00,1770889919999,XRP,1m,1.3893,1.3901,1.3901,1.3892,88692.0,67
2026-02-12 09:52:00,1770889979999,XRP,1m,1.3902,1.3894,1.3903,1.3893,2469.0,13
2026-02-12 09:53:00,1770890039999,XRP,1m,1.3902,1.3924,1.3924,1.3902,13087.0,20
2026-02-12 09:54:00,1770890099999,XRP,1m,1.3924,1.3921,1.3938,1.3918,64491.0,63
2026-02-12 09:55:00,1770890159999,XRP,1m,1.3922,1.3925,1.393,1.3919,19626.0,23
2026-02-12 09:56:00,1770890219999,XRP,1m,1.3925,1.3947,1.3954,1.3923,64130.0,76
2026-02-12 09:57:00,1770890279999,XRP,1m,1.3949,1.3937,1.3955,1.3926,364482.0,99
2026-02-12 09:58:00,1770890339999,XRP,1m,1.394,1.3954,1.3954,1.3939,17414.0,23
2026-02-12 09:59:00,1770890399999,XRP,1m,1.3955,1.3951,1.3955,1.3944,22373.0,20
2026-02-12 10:00:00,1770890459999,XRP,1m,1.3952,1.3955,1.3955,1.3943,41881.0,38
2026-02-12 10:01:00,1770890519999,XRP,1m,1.3954,1.3952,1.3954,1.3947,24340.0,16
2026-02-12 10:02:00,1770890579999,XRP,1m,1.3953,1.3956,1.3956,1.3949,355.0,14
2026-02-12 10:03:00,1770890639999,XRP,1m,1.396,1.3969,1.3985,1.3956,88004.0,78
2026-02-12 10:04:00,1770890699999,XRP,1m,1.3969,1.3965,1.397,1.3965,14900.0,24
2026-02-12 10:05:00,1770890759999,XRP,1m,1.3966,1.3958,1.3973,1.3958,14013.0,20
2026-02-12 10:06:00,1770890819999,XRP,1m,1.396,1.3956,1.3961,1.3947,25927.0,49
2026-02-12 10:07:00,1770890879999,XRP,1m,1.3959,1.3964,1.3964,1.3958,12577.0,16
2026-02-12 10:08:00,1770890939999,XRP,1m,1.3964,1.3956,1.3964,1.395,18271.0,22
2026-02-12 10:09:00,1770890999999,XRP,1m,1.3954,1.3951,1.3956,1.3948,10153.0,14
2026-02-12 10:10:00,1770891059999,XRP,1m,1.3952,1.3947,1.3952,1.3947,2271.0,8
2026-02-12 10:11:00,1770891119999,XRP,1m,1.3947,1.3931,1.3947,1.3931,10952.0,25
2026-02-12 10:12:00,1770891179999,XRP,1m,1.3938,1.3929,1.394,1.3929,14289.0,14
2026-02-12 10:13:00,1770891239999,XRP,1m,1.3929,1.3935,1.3935,1.3928,8977.0,18
2026-02-12 10:14:00,1770891299999,XRP,1m,1.3931,1.3923,1.3931,1.3922,11982.0,15
2026-02-12 10:15:00,1770891359999,XRP,1m,1.393,1.3919,1.393,1.3917,23459.0,30
2026-02-12 10:16:00,1770891419999,XRP,1m,1.392,1.3916,1.392,1.3913,26398.0,32
2026-02-12 10:17:00,1770891479999,XRP,1m,1.3919,1.3912,1.3919,1.3911,7160.0,12
2026-02-12 10:18:00,1770891539999,XRP,1m,1.3914,1.3913,1.3922,1.3913,7678.0,8
2026-02-12 10:19:00,1770891599999,XRP,1m,1.3911,1.3903,1.3912,1.3903,724.0,12
2026-02-12 10:20:00,1770891659999,XRP,1m,1.3904,1.3901,1.3906,1.3901,15073.0,17
2026-02-12 10:21:00,1770891719999,XRP,1m,1.3903,1.3906,1.3907,1.3903,2975.0,7
2026-02-12 10:22:00,1770891779999,XRP,1m,1.3908,1.3893,1.3908,1.3893,174.0,8
2026-02-12 10:23:00,1770891839999,XRP,1m,1.3893,1.3886,1.3893,1.3886,15778.0,18
2026-02-12 10:24:00,1770891899999,XRP,1m,1.3884,1.3887,1.3888,1.3884,19558.0,21
2026-02-12 10:25:00,1770891959999,XRP,1m,1.3889,1.3899,1.3899,1.3889,186.0,5
2026-02-12 10:26:00,1770892019999,XRP,1m,1.3905,1.3909,1.392,1.3905,9778.0,14
2026-02-12 10:27:00,1770892079999,XRP,1m,1.3913,1.391,1.3914,1.3909,25903.0,28
2026-02-12 10:28:00,1770892139999,XRP,1m,1.391,1.3912,1.3914,1.3906,16094.0,13
2026-02-12 10:29:00,1770892199999,XRP,1m,1.3913,1.3923,1.3923,1.3913,12987.0,17
2026-02-12 10:30:00,1770892259999,XRP,1m,1.3926,1.3939,1.394,1.3926,1334.0,19
2026-02-12 10:31:00,1770892319999,XRP,1m,1.3942,1.3965,1.3965,1.3941,15507.0,26
2026-02-12 10:32:00,1770892379999,XRP,1m,1.3968,1.3979,1.3979,1.396,42602.0,59
2026-02-12 10:33:00,1770892439999,XRP,1m,1.3984,1.3981,1.3996,1.3978,180968.0,109
2026-02-12 10:34:00,1770892499999,XRP,1m,1.3976,1.3973,1.3976,1.3968,10374.0,15
2026-02-12 10:35:00,1770892559999,XRP,1m,1.3979,1.3972,1.398,1.3967,9080.0,14
2026-02-12 10:36:00,1770892619999,XRP,1m,1.397,1.3978,1.3978,1.3968,10371.0,20
2026-02-12 10:37:00,1770892679999,XRP,1m,1.3978,1.3969,1.3979,1.3969,12875.0,18
2026-02-12 10:38:00,1770892739999,XRP,1m,1.3969,1.3972,1.3976,1.3968,27014.0,35
2026-02-12 10:39:00,1770892799999,XRP,1m,1.3973,1.397,1.3973,1.3968,41914.0,23
2026-02-12 10:40:00,1770892859999,XRP,1m,1.3968,1.3952,1.3968,1.3951,21732.0,27
2026-02-12 10:41:00,1770892919999,XRP,1m,1.3952,1.3949,1.3952,1.3946,37334.0,25
2026-02-12 10:42:00,1770892979999,XRP,1m,1.395,1.3942,1.3952,1.3942,15980.0,22
2026-02-12 10:43:00,1770893039999,XRP,1m,1.3943,1.3937,1.3943,1.3935,14118.0,18
2026-02-12 10:44:00,1770893099999,XRP,1m,1.3939,1.3938,1.3939,1.3935,7191.0,12
2026-02-12 10:45:00,1770893159999,XRP,1m,1.394,1.3935,1.394,1.3933,5643.0,14
2026-02-12 10:46:00,1770893219999,XRP,1m,1.3933,1.3941,1.3941,1.393,1189.0,10
2026-02-12 10:47:00,1770893279999,XRP,1m,1.3948,1.3955,1.3958,1.3947,5943.0,19
2026-02-12 10:48:00,1770893339999,XRP,1m,1.3959,1.3963,1.3964,1.3959,610.0,13
2026-02-12 10:49:00,1770893399999,XRP,1m,1.3963,1.3975,1.3988,1.3963,53321.0,68
2026-02-12 10:50:00,1770893459999,XRP,1m,1.3975,1.3968,1.3976,1.3967,21392.0,28
2026-02-12 10:51:00,1770893519999,XRP,1m,1.3964,1.3992,1.3995,1.3964,123252.0,47
2026-02-12 10:52:00,1770893579999,XRP,1m,1.3986,1.3994,1.3996,1.398,608836.0,189
2026-02-12 10:53:00,1770893639999,XRP,1m,1.3995,1.4,1.4007,1.3992,202464.0,71
2026-02-12 10:54:00,1770893699999,XRP,1m,1.3998,1.4001,1.4008,1.3998,86341.0,60
2026-02-12 10:55:00,1770893759999,XRP,1m,1.4006,1.3998,1.4008,1.3986,129375.0,68
2026-02-12 10:56:00,1770893819999,XRP,1m,1.3993,1.3998,1.3998,1.3991,4801.0,15
2026-02-12 10:57:00,1770893879999,XRP,1m,1.4,1.4,1.4006,1.3992,43449.0,20
2026-02-12 10:58:00,1770893939999,XRP,1m,1.4,1.4,1.4006,1.4,18669.0,11
2026-02-12 10:59:00,1770893999999,XRP,1m,1.4006,1.4031,1.4031,1.4002,32017.0,38
2026-02-12 11:00:00,1770894059999,XRP,1m,1.4031,1.4029,1.4031,1.4024,21317.0,37
2026-02-12 11:01:00,1770894119999,XRP,1m,1.4035,1.4038,1.4047,1.4034,40762.0,53
2026-02-12 11:02:00,1770894179999,XRP,1m,1.4036,1.4048,1.4054,1.4036,21207.0,41
2026-02-12 11:03:00,1770894239999,XRP,1m,1.4047,1.404,1.4047,1.4025,24454.0,41
2026-02-12 11:04:00,1770894299999,XRP,1m,1.4034,1.4024,1.4034,1.4019,44937.0,51
2026-02-12 11:05:00,1770894359999,XRP,1m,1.4026,1.4013,1.4026,1.4013,68553.0,53
2026-02-12 11:06:00,1770894419999,XRP,1m,1.4013,1.3998,1.4013,1.3989,195708.0,101
2026-02-12 11:07:00,1770894479999,XRP,1m,1.3997,1.3996,1.3998,1.3989,183135.0,99
2026-02-12 11:08:00,1770894539999,XRP,1m,1.3995,1.3994,1.3998,1.399,4721.0,14
2026-02-12 11:09:00,1770894599999,XRP,1m,1.3999,1.3995,1.3999,1.3993,32400.0,24
2026-02-12 11:10:00,1770894659999,XRP,1m,1.3996,1.3968,1.3996,1.3966,42760.0,38
2026-02-12 11:11:00,1770894719999,XRP,1m,1.3971,1.3962,1.3973,1.3961,361683.0,116
2026-02-12 11:12:00,1770894779999,XRP,1m,1.3964,1.3941,1.3965,1.3938,729511.0,237
2026-02-12 11:13:00,1770894839999,XRP,1m,1.3945,1.3926,1.395,1.3922,1748847.0,704
2026-02-12 11:14:00,1770894899999,XRP,1m,1.3927,1.395,1.395,1.3915,719406.0,394
2026-02-12 11:15:00,1770894959999,XRP,1m,1.3951,1.3957,1.396,1.3946,28193.0,40
2026-02-12 11:16:00,1770895019999,XRP,1m,1.396,1.396,1.3963,1.3953,9386.0,15
2026-02-12 11:17:00,1770895079999,XRP,1m,1.3959,1.398,1.3986,1.3959,228013.0,84
2026-02-12 11:18:00,1770895139999,XRP,1m,1.3978,1.3981,1.3981,1.3972,15809.0,27
2026-02-12 11:19:00,1770895199999,XRP,1m,1.3984,1.396,1.3984,1.3952,21304.0,30
2026-02-12 11:20:00,1770895259999,XRP,1m,1.396,1.397,1.3976,1.3957,167174.0,54
2026-02-12 11:21:00,1770895319999,XRP,1m,1.3974,1.3968,1.3974,1.3961,8028.0,21
2026-02-12 11:22:00,1770895379999,XRP,1m,1.3968,1.3989,1.3989,1.3968,31456.0,35
2026-02-12 11:23:00,1770895439999,XRP,1m,1.3986,1.3991,1.3991,1.3974,15431.0,26
2026-02-12 11:24:00,1770895499999,XRP,1m,1.3994,1.4009,1.4009,1.3994,15526.0,17
2026-02-12 11:25:00,1770895559999,XRP,1m,1.4008,1.3998,1.4008,1.3995,37487.0,41
2026-02-12 11:26:00,1770895619999,XRP,1m,1.3999,1.4007,1.4008,1.3998,1851.0,10
2026-02-12 11:27:00,1770895679999,XRP,1m,1.4005,1.4011,1.4012,1.4003,23078.0,15
2026-02-12 11:28:00,1770895739999,XRP,1m,1.4015,1.4022,1.4032,1.4015,207020.0,65
2026-02-12 11:29:00,1770895799999,XRP,1m,1.4025,1.4041,1.4043,1.4025,240863.0,116
2026-02-12 11:30:00,1770895859999,XRP,1m,1.404,1.4065,1.4071,1.404,55997.0,59
2026-02-12 11:31:00,1770895919999,XRP,1m,1.4058,1.4057,1.4064,1.4049,15008.0,27
2026-02-12 11:32:00,1770895979999,XRP,1m,1.406,1.404,1.4062,1.404,33793.0,44
2026-02-12 11:33:00,1770896039999,XRP,1m,1.4033,1.4038,1.4044,1.4029,24614.0,32
2026-02-12 11:34:00,1770896099999,XRP,1m,1.4039,1.4034,1.4039,1.4029,16132.0,15
2026-02-12 11:35:00,1770896159999,XRP,1m,1.4033,1.4022,1.4033,1.4022,21478.0,42
2026-02-12 11:36:00,1770896219999,XRP,1m,1.4026,1.4021,1.4026,1.4019,9157.0,22
2026-02-12 11:37:00,1770896279999,XRP,1m,1.4021,1.4019,1.4031,1.4017,2538.0,16
2026-02-12 11:38:00,1770896339999,XRP,1m,1.4019,1.402,1.402,1.4013,12316.0,35
2026-02-12 11:39:00,1770896399999,XRP,1m,1.4019,1.402,1.402,1.4012,2338.0,13
2026-02-12 11:40:00,1770896459999,XRP,1m,1.4018,1.4003,1.4018,1.4003,24389.0,37
2026-02-12 11:41:00,1770896519999,XRP,1m,1.4005,1.3986,1.4005,1.3983,160379.0,105
2026-02-12 11:42:00,1770896579999,XRP,1m,1.3991,1.3993,1.3998,1.3986,72633.0,35
2026-02-12 11:43:00,1770896639999,XRP,1m,1.3995,1.3999,1.4005,1.3992,6378.0,17
2026-02-12 11:44:00,1770896699999,XRP,1m,1.3999,1.4004,1.4004,1.3998,44246.0,25
2026-02-12 11:45:00,1770896759999,XRP,1m,1.4005,1.4007,1.4011,1.4001,390.0,11
2026-02-12 11:46:00,1770896819999,XRP,1m,1.4007,1.3995,1.4007,1.3993,2910.0,14
2026-02-12 11:47:00,1770896879999,XRP,1m,1.3999,1.3997,1.4003,1.3988,323189.0,99
2026-02-12 11:48:00,1770896939999,XRP,1m,1.4007,1.4009,1.4011,1.4004,3455.0,13
2026-02-12 11:49:00,1770896999999,XRP,1m,1.4009,1.4022,1.4022,1.4007,14893.0,25
2026-02-12 11:50:00,1770897059999,XRP,1m,1.4024,1.4013,1.4027,1.4013,14638.0,23
2026-02-12 11:51:00,1770897119999,XRP,1m,1.4012,1.4013,1.4016,1.4008,20446.0,22
2026-02-12 11:52:00,1770897179999,XRP,1m,1.4015,1.4011,1.4024,1.4011,8754.0,18
2026-02-12 11:53:00,1770897239999,XRP,1m,1.4017,1.4032,1.4032,1.4017,19600.0,25
2026-02-12 11:54:00,1770897299999,XRP,1m,1.4033,1.4026,1.4038,1.4023,12938.0,30
2026-02-12 11:55:00,1770897359999,XRP,1m,1.4026,1.4029,1.4034,1.4024,6469.0,22
2026-02-12 11:56:00,1770897419999,XRP,1m,1.4032,1.4012,1.4032,1.4012,7620.0,24
2026-02-12 11:57:00,1770897479999,XRP,1m,1.4008,1.4004,1.4008,1.3992,7866.0,17
2026-02-12 11:58:00,1770897539999,XRP,1m,1.4008,1.4007,1.4008,1.4003,17585.0,19
2026-02-12 11:59:00,1770897599999,XRP,1m,1.4014,1.4009,1.4018,1.4009,791.0,14
2026-02-12 12:00:00,1770897659999,XRP,1m,1.4008,1.4011,1.4019,1.4006,9981.0,33
2026-02-12 12:01:00,1770897719999,XRP,1m,1.4008,1.3999,1.4008,1.3999,12027.0,26
2026-02-12 12:02:00,1770897779999,XRP,1m,1.3998,1.3992,1.3998,1.3985,30558.0,43
2026-02-12 12:03:00,1770897839999,XRP,1m,1.3991,1.3974,1.3991,1.3972,20271.0,42
2026-02-12 12:04:00,1770897899999,XRP,1m,1.3975,1.3968,1.3993,1.3967,19015.0,29
2026-02-12 12:05:00,1770897959999,XRP,1m,1.3966,1.3963,1.3978,1.3962,226034.0,76
2026-02-12 12:06:00,1770898019999,XRP,1m,1.3967,1.3964,1.3967,1.396,10560.0,17
2026-02-12 12:07:00,1770898079999,XRP,1m,1.3963,1.3968,1.3968,1.3956,8574.0,21
2026-02-12 12:08:00,1770898139999,XRP,1m,1.3965,1.3977,1.3977,1.3965,8793.0,15
2026-02-12 12:09:00,1770898199999,XRP,1m,1.3972,1.3979,1.3979,1.3971,16048.0,29
2026-02-12 12:10:00,1770898259999,XRP,1m,1.3976,1.398,1.3982,1.3976,7502.0,21
2026-02-12 12:11:00,1770898319999,XRP,1m,1.3983,1.3966,1.3983,1.3965,1615.0,17
2026-02-12 12:12:00,1770898379999,XRP,1m,1.397,1.3957,1.397,1.3955,4329.0,12
2026-02-12 12:13:00,1770898439999,XRP,1m,1.3961,1.3965,1.3966,1.3958,13546.0,23
2026-02-12 12:14:00,1770898499999,XRP,1m,1.3966,1.3982,1.399,1.3966,23486.0,26
2026-02-12 12:15:00,1770898559999,XRP,1m,1.3984,1.3972,1.3986,1.397,49586.0,26
2026-02-12 12:16:00,1770898619999,XRP,1m,1.3972,1.3975,1.3976,1.3971,8654.0,44
2026-02-12 12:17:00,1770898679999,XRP,1m,1.3971,1.396,1.3971,1.396,666.0,16
2026-02-12 12:18:00,1770898739999,XRP,1m,1.3958,1.3957,1.3962,1.3956,64174.0,39
2026-02-12 12:19:00,1770898799999,XRP,1m,1.3957,1.3954,1.3958,1.3954,7917.0,19
2026-02-12 12:20:00,1770898859999,XRP,1m,1.3958,1.3956,1.3958,1.3953,10165.0,17
2026-02-12 12:21:00,1770898919999,XRP,1m,1.3954,1.3962,1.3962,1.3953,3799.0,11
2026-02-12 12:22:00,1770898979999,XRP,1m,1.3957,1.3938,1.3957,1.3936,22957.0,47
2026-02-12 12:23:00,1770899039999,XRP,1m,1.3937,1.3931,1.3942,1.3929,7397.0,19
2026-02-12 12:24:00,1770899099999,XRP,1m,1.3929,1.3932,1.3932,1.3929,13653.0,20
2026-02-12 12:25:00,1770899159999,XRP,1m,1.3929,1.3929,1.3929,1.3926,48154.0,48
2026-02-12 12:26:00,1770899219999,XRP,1m,1.3929,1.3929,1.3929,1.3928,290046.0,76
2026-02-12 12:27:00,1770899279999,XRP,1m,1.3932,1.3935,1.3938,1.3932,8860.0,15
2026-02-12 12:28:00,1770899339999,XRP,1m,1.3935,1.3954,1.3955,1.3935,8952.0,22
2026-02-12 12:29:00,1770899399999,XRP,1m,1.3958,1.3947,1.3959,1.3946,33870.0,36
2026-02-12 12:30:00,1770899459999,XRP,1m,1.3946,1.3959,1.396,1.3946,9692.0,23
2026-02-12 12:31:00,1770899519999,XRP,1m,1.3959,1.3952,1.3959,1.395,24550.0,28
2026-02-12 12:32:00,1770899579999,XRP,1m,1.3953,1.3933,1.3953,1.3933,23070.0,34
2026-02-12 12:33:00,1770899639999,XRP,1m,1.3933,1.3921,1.3933,1.392,6069.0,27
2026-02-12 12:34:00,1770899699999,XRP,1m,1.3927,1.3921,1.3927,1.3915,17886.0,45
2026-02-12 12:35:00,1770899759999,XRP,1m,1.3921,1.3927,1.3928,1.3921,7889.0,14
2026-02-12 12:36:00,1770899819999,XRP,1m,1.3928,1.3925,1.3936,1.3925,8746.0,23
2026-02-12 12:37:00,1770899879999,XRP,1m,1.3925,1.3928,1.393,1.3919,77098.0,49
2026-02-12 12:38:00,1770899939999,XRP,1m,1.3932,1.3927,1.3937,1.3927,16675.0,26
2026-02-12 12:39:00,1770899999999,XRP,1m,1.3928,1.393,1.393,1.3925,13667.0,21
2026-02-12 12:40:00,1770900059999,XRP,1m,1.3932,1.3938,1.3938,1.3927,6935.0,14
2026-02-12 12:41:00,1770900119999,XRP,1m,1.3939,1.3939,1.394,1.3935,14714.0,24
2026-02-12 12:42:00,1770900179999,XRP,1m,1.3941,1.3934,1.3946,1.3933,17647.0,34
2026-02-12 12:43:00,1770900239999,XRP,1m,1.3929,1.3935,1.3936,1.3928,18678.0,24
2026-02-12 12:44:00,1770900299999,XRP,1m,1.3938,1.393,1.3938,1.393,11892.0,30
2026-02-12 12:45:00,1770900359999,XRP,1m,1.3927,1.3925,1.3933,1.3921,17418.0,29
2026-02-12 12:46:00,1770900419999,XRP,1m,1.3924,1.3917,1.3924,1.3905,24904.0,39
2026-02-12 12:47:00,1770900479999,XRP,1m,1.3921,1.3927,1.3931,1.3921,1451.0,21
2026-02-12 12:48:00,1770900539999,XRP,1m,1.3929,1.3939,1.3939,1.3929,2959.0,15
2026-02-12 12:49:00,1770900599999,XRP,1m,1.3939,1.3943,1.3944,1.3937,21575.0,24
2026-02-12 12:50:00,1770900659999,XRP,1m,1.3944,1.3947,1.3948,1.3944,479.0,13
2026-02-12 12:51:00,1770900719999,XRP,1m,1.3944,1.3942,1.3949,1.3942,8970.0,18
2026-02-12 12:52:00,1770900779999,XRP,1m,1.3944,1.3936,1.3944,1.3935,2894.0,13
2026-02-12 12:53:00,1770900839999,XRP,1m,1.3936,1.3908,1.3936,1.3904,23138.0,34
2026-02-12 12:54:00,1770900899999,XRP,1m,1.391,1.389,1.391,1.3881,220742.0,103
2026-02-12 12:55:00,1770900959999,XRP,1m,1.3891,1.389,1.3899,1.3888,14217.0,20
2026-02-12 12:56:00,1770901019999,XRP,1m,1.3894,1.3892,1.3897,1.3888,15378.0,28
2026-02-12 12:57:00,1770901079999,XRP,1m,1.3893,1.3899,1.3899,1.3892,8925.0,21
2026-02-12 12:58:00,1770901139999,XRP,1m,1.3907,1.3911,1.3916,1.3905,58488.0,57
2026-02-12 12:59:00,1770901199999,XRP,1m,1.3911,1.3913,1.3919,1.3911,24069.0,32
2026-02-12 13:00:00,1770901259999,XRP,1m,1.3914,1.3912,1.3914,1.3907,10771.0,31
2026-02-12 13:01:00,1770901319999,XRP,1m,1.3917,1.3896,1.3917,1.3896,13124.0,36
2026-02-12 13:02:00,1770901379999,XRP,1m,1.3896,1.3879,1.3897,1.3875,11695.0,44
2026-02-12 13:03:00,1770901439999,XRP,1m,1.3881,1.388,1.3885,1.3879,12638.0,23
2026-02-12 13:04:00,1770901499999,XRP,1m,1.388,1.3884,1.3884,1.388,8766.0,24
2026-02-12 13:05:00,1770901559999,XRP,1m,1.3887,1.3879,1.3898,1.3879,13682.0,22
2026-02-12 13:06:00,1770901619999,XRP,1m,1.3876,1.387,1.3876,1.3861,50582.0,75
2026-02-12 13:07:00,1770901679999,XRP,1m,1.3874,1.3874,1.3878,1.3873,207.0,8
2026-02-12 13:08:00,1770901739999,XRP,1m,1.3875,1.3884,1.3884,1.3875,13467.0,20
2026-02-12 13:09:00,1770901799999,XRP,1m,1.3881,1.3907,1.3907,1.3879,19563.0,43
2026-02-12 13:10:00,1770901859999,XRP,1m,1.3907,1.3908,1.3914,1.3907,13877.0,24
2026-02-12 13:11:00,1770901919999,XRP,1m,1.3902,1.3906,1.3908,1.3896,178212.0,67
2026-02-12 13:12:00,1770901979999,XRP,1m,1.3905,1.3899,1.3909,1.3899,12316.0,19
2026-02-12 13:13:00,1770902039999,XRP,1m,1.3906,1.3911,1.3911,1.3904,6981.0,16
2026-02-12 13:14:00,1770902099999,XRP,1m,1.3911,1.3909,1.3911,1.3908,15058.0,16
2026-02-12 13:15:00,1770902159999,XRP,1m,1.3904,1.3922,1.3922,1.3904,11829.0,27
2026-02-12 13:16:00,1770902219999,XRP,1m,1.392,1.3913,1.3921,1.3905,11494.0,19
2026-02-12 13:17:00,1770902279999,XRP,1m,1.3912,1.3914,1.3914,1.3907,95919.0,51
2026-02-12 13:18:00,1770902339999,XRP,1m,1.3915,1.3907,1.3915,1.3907,101577.0,41
2026-02-12 13:19:00,1770902399999,XRP,1m,1.3901,1.3895,1.3904,1.3891,8331.0,12
2026-02-12 13:20:00,1770902459999,XRP,1m,1.39,1.3901,1.3905,1.3897,2283.0,10
2026-02-12 13:21:00,1770902519999,XRP,1m,1.3898,1.3896,1.3898,1.3893,769.0,10
2026-02-12 13:22:00,1770902579999,XRP,1m,1.3906,1.3908,1.3909,1.3901,7327.0,12
2026-02-12 13:23:00,1770902639999,XRP,1m,1.3905,1.3896,1.3907,1.3896,1422.0,10
2026-02-12 13:24:00,1770902699999,XRP,1m,1.3907,1.3908,1.3909,1.3905,2085.0,8
2026-02-12 13:25:00,1770902759999,XRP,1m,1.39,1.3865,1.39,1.3861,213599.0,115
2026-02-12 13:26:00,1770902819999,XRP,1m,1.3858,1.3856,1.387,1.3855,5180.0,14
2026-02-12 13:27:00,1770902879999,XRP,1m,1.3852,1.3859,1.3861,1.3846,28949.0,26
2026-02-12 13:28:00,1770902939999,XRP,1m,1.3855,1.3854,1.3861,1.3854,12924.0,14
2026-02-12 13:29:00,1770902999999,XRP,1m,1.386,1.3868,1.3868,1.3857,21035.0,16
2026-02-12 13:30:00,1770903059999,XRP,1m,1.3871,1.3944,1.3947,1.3867,42952.0,57
2026-02-12 13:31:00,1770903119999,XRP,1m,1.3936,1.3911,1.3936,1.39,35647.0,40
2026-02-12 13:32:00,1770903179999,XRP,1m,1.3913,1.3922,1.3925,1.3909,26280.0,39
2026-02-12 13:33:00,1770903239999,XRP,1m,1.3921,1.3926,1.3932,1.3916,30400.0,57
2026-02-12 13:34:00,1770903299999,XRP,1m,1.3927,1.3941,1.3952,1.3927,16109.0,36
2026-02-12 13:35:00,1770903359999,XRP,1m,1.3936,1.3943,1.3946,1.3936,7634.0,14
2026-02-12 13:36:00,1770903419999,XRP,1m,1.3947,1.396,1.396,1.394,18910.0,24
2026-02-12 13:37:00,1770903479999,XRP,1m,1.3959,1.3964,1.397,1.3959,38544.0,37
2026-02-12 13:38:00,1770903539999,XRP,1m,1.3963,1.395,1.3965,1.395,9368.0,17
2026-02-12 13:39:00,1770903599999,XRP,1m,1.3954,1.395,1.3959,1.395,8439.0,20
2026-02-12 13:40:00,1770903659999,XRP,1m,1.3957,1.396,1.3967,1.3957,15260.0,35
2026-02-12 13:41:00,1770903719999,XRP,1m,1.3962,1.3971,1.3974,1.3962,13455.0,26
2026-02-12 13:42:00,1770903779999,XRP,1m,1.3968,1.3952,1.3968,1.3949,21032.0,28
2026-02-12 13:43:00,1770903839999,XRP,1m,1.3948,1.3971,1.3973,1.3948,18296.0,33
2026-02-12 13:44:00,1770903899999,XRP,1m,1.3972,1.3969,1.3975,1.3966,8197.0,18
2026-02-12 13:45:00,1770903959999,XRP,1m,1.3971,1.3974,1.398,1.3971,22572.0,37
2026-02-12 13:46:00,1770904019999,XRP,1m,1.3971,1.3965,1.3977,1.3964,224822.0,113
2026-02-12 13:47:00,1770904079999,XRP,1m,1.397,1.3956,1.397,1.3955,73042.0,59
2026-02-12 13:48:00,1770904139999,XRP,1m,1.3955,1.396,1.397,1.3952,5817.0,20
2026-02-12 13:49:00,1770904199999,XRP,1m,1.3959,1.3952,1.3959,1.3948,20093.0,23
2026-02-12 13:50:00,1770904259999,XRP,1m,1.3958,1.3957,1.3961,1.3956,58955.0,42
2026-02-12 13:51:00,1770904319999,XRP,1m,1.3958,1.3965,1.3966,1.3954,10161.0,22
2026-02-12 13:52:00,1770904379999,XRP,1m,1.3961,1.398,1.3981,1.3961,44458.0,46
2026-02-12 13:53:00,1770904439999,XRP,1m,1.3978,1.3971,1.3979,1.3965,22780.0,24
2026-02-12 13:54:00,1770904499999,XRP,1m,1.3975,1.396,1.3975,1.3959,14247.0,23
2026-02-12 13:55:00,1770904559999,XRP,1m,1.3958,1.3969,1.3972,1.3958,10176.0,21
2026-02-12 13:56:00,1770904619999,XRP,1m,1.3967,1.3968,1.397,1.3963,4332.0,15
2026-02-12 13:57:00,1770904679999,XRP,1m,1.3976,1.3989,1.3997,1.3976,18689.0,47
2026-02-12 13:58:00,1770904739999,XRP,1m,1.3991,1.4005,1.4014,1.3991,32290.0,60
2026-02-12 13:59:00,1770904799999,XRP,1m,1.4006,1.4004,1.4006,1.3997,13886.0,26
2026-02-12 14:00:00,1770904859999,XRP,1m,1.4006,1.3974,1.4012,1.3971,32170.0,53
2026-02-12 14:01:00,1770904919999,XRP,1m,1.3974,1.3952,1.3974,1.3952,17700.0,36
2026-02-12 14:02:00,1770904979999,XRP,1m,1.3943,1.3938,1.3943,1.3932,12178.0,20
2026-02-12 14:03:00,1770905039999,XRP,1m,1.3937,1.3925,1.3937,1.3925,3099.0,23
2026-02-12 14:04:00,1770905099999,XRP,1m,1.3925,1.3931,1.3931,1.3918,1774.0,15
2026-02-12 14:05:00,1770905159999,XRP,1m,1.3928,1.3934,1.3934,1.3922,1649.0,9
2026-02-12 14:06:00,1770905219999,XRP,1m,1.3941,1.3915,1.3941,1.3915,11172.0,15
2026-02-12 14:07:00,1770905279999,XRP,1m,1.3917,1.3913,1.3917,1.3911,32891.0,30
2026-02-12 14:08:00,1770905339999,XRP,1m,1.3914,1.392,1.3925,1.3914,3834.0,14
2026-02-12 14:09:00,1770905399999,XRP,1m,1.3923,1.3935,1.3935,1.3923,8783.0,11
2026-02-12 14:10:00,1770905459999,XRP,1m,1.3933,1.3955,1.3959,1.3933,13110.0,21
2026-02-12 14:11:00,1770905519999,XRP,1m,1.3954,1.3947,1.3954,1.3947,7605.0,11
2026-02-12 14:12:00,1770905579999,XRP,1m,1.3943,1.3948,1.3953,1.3943,8862.0,10
2026-02-12 14:13:00,1770905639999,XRP,1m,1.3954,1.3948,1.3954,1.3947,523.0,6
2026-02-12 14:14:00,1770905699999,XRP,1m,1.3945,1.394,1.3945,1.394,590.0,8
2026-02-12 14:15:00,1770905759999,XRP,1m,1.394,1.3922,1.3941,1.3919,2214.0,16
2026-02-12 14:16:00,1770905819999,XRP,1m,1.3926,1.3933,1.3938,1.3924,12604.0,20
2026-02-12 14:17:00,1770905879999,XRP,1m,1.3932,1.393,1.3937,1.393,18146.0,32
2026-02-12 14:18:00,1770905939999,XRP,1m,1.3922,1.3912,1.3922,1.3912,9557.0,21
2026-02-12 14:19:00,1770905999999,XRP,1m,1.3912,1.3923,1.3926,1.3912,8865.0,16
2026-02-12 14:20:00,1770906059999,XRP,1m,1.3921,1.3931,1.3933,1.3921,12849.0,16
2026-02-12 14:21:00,1770906119999,XRP,1m,1.3942,1.3936,1.3951,1.3936,72500.0,53
2026-02-12 14:22:00,1770906179999,XRP,1m,1.3949,1.3932,1.395,1.3932,12518.0,18
2026-02-12 14:23:00,1770906239999,XRP,1m,1.3929,1.391,1.3933,1.391,7493.0,16
2026-02-12 14:24:00,1770906299999,XRP,1m,1.3906,1.3915,1.3919,1.3906,7540.0,16
2026-02-12 14:25:00,1770906359999,XRP,1m,1.3915,1.3916,1.3916,1.3911,12154.0,10
2026-02-12 14:26:00,1770906419999,XRP,1m,1.3915,1.391,1.3915,1.3905,6251.0,8
2026-02-12 14:27:00,1770906479999,XRP,1m,1.3915,1.3922,1.3922,1.3912,12473.0,16
2026-02-12 14:28:00,1770906539999,XRP,1m,1.3922,1.3918,1.3926,1.3918,156.0,4
2026-02-12 14:29:00,1770906599999,XRP,1m,1.3924,1.3924,1.3926,1.3921,975.0,7
2026-02-12 14:30:00,1770906659999,XRP,1m,1.3917,1.3928,1.3929,1.3912,56851.0,81
2026-02-12 14:31:00,1770906719999,XRP,1m,1.3916,1.3954,1.3962,1.3911,68071.0,86
2026-02-12 14:32:00,1770906779999,XRP,1m,1.3947,1.399,1.3993,1.3947,43390.0,61
2026-02-12 14:33:00,1770906839999,XRP,1m,1.3983,1.3978,1.3988,1.3954,31230.0,52
2026-02-12 14:34:00,1770906899999,XRP,1m,1.398,1.3966,1.3981,1.3954,6132.0,20
2026-02-12 14:35:00,1770906959999,XRP,1m,1.3978,1.3932,1.3978,1.3932,27684.0,42
2026-02-12 14:36:00,1770907019999,XRP,1m,1.394,1.3912,1.3948,1.3905,28921.0,51
2026-02-12 14:37:00,1770907079999,XRP,1m,1.3912,1.3921,1.3924,1.3895,14832.0,33
2026-02-12 14:38:00,1770907139999,XRP,1m,1.3921,1.3918,1.3933,1.3914,16536.0,29
2026-02-12 14:39:00,1770907199999,XRP,1m,1.3909,1.3904,1.3917,1.3897,5623.0,18
2026-02-12 14:40:00,1770907259999,XRP,1m,1.3914,1.3919,1.394,1.3907,23153.0,41
2026-02-12 14:41:00,1770907319999,XRP,1m,1.3914,1.3907,1.3923,1.3904,13318.0,20
2026-02-12 14:42:00,1770907379999,XRP,1m,1.3903,1.3886,1.3909,1.3886,16361.0,34
2026-02-12 14:43:00,1770907439999,XRP,1m,1.3868,1.3886,1.3887,1.386,23303.0,30
2026-02-12 14:44:00,1770907499999,XRP,1m,1.3876,1.3862,1.3876,1.3851,19900.0,23
2026-02-12 14:45:00,1770907559999,XRP,1m,1.3867,1.384,1.388,1.3836,24431.0,34
2026-02-12 14:46:00,1770907619999,XRP,1m,1.3837,1.3864,1.3867,1.3835,44499.0,47
2026-02-12 14:47:00,1770907679999,XRP,1m,1.3857,1.3898,1.3898,1.3857,11471.0,37
2026-02-12 14:48:00,1770907739999,XRP,1m,1.3884,1.3882,1.3893,1.3875,18050.0,29
2026-02-12 14:49:00,1770907799999,XRP,1m,1.3873,1.3879,1.3893,1.3873,26245.0,35
2026-02-12 14:50:00,1770907859999,XRP,1m,1.3877,1.3908,1.3914,1.3869,23896.0,55
2026-02-12 14:51:00,1770907919999,XRP,1m,1.3907,1.3901,1.3929,1.3887,70208.0,76
2026-02-12 14:52:00,1770907979999,XRP,1m,1.3886,1.3894,1.3895,1.3882,11446.0,22
2026-02-12 14:53:00,1770908039999,XRP,1m,1.3905,1.392,1.3933,1.3905,20890.0,38
2026-02-12 14:54:00,1770908099999,XRP,1m,1.3925,1.393,1.3935,1.3919,12762.0,27
2026-02-12 14:55:00,1770908159999,XRP,1m,1.3926,1.3905,1.3926,1.3905,15183.0,25
2026-02-12 14:56:00,1770908219999,XRP,1m,1.3908,1.3887,1.3908,1.3887,14540.0,30
2026-02-12 14:57:00,1770908279999,XRP,1m,1.389,1.3895,1.3895,1.3882,8387.0,17
2026-02-12 14:58:00,1770908339999,XRP,1m,1.3885,1.3885,1.3892,1.3884,3511.0,11
2026-02-12 14:59:00,1770908399999,XRP,1m,1.3888,1.3882,1.389,1.3877,5338.0,16
2026-02-12 15:00:00,1770908459999,XRP,1m,1.3883,1.3879,1.3888,1.3876,14165.0,29
2026-02-12 15:01:00,1770908519999,XRP,1m,1.3878,1.3895,1.3896,1.3859,41688.0,74
2026-02-12 15:02:00,1770908579999,XRP,1m,1.3899,1.3866,1.3922,1.3866,5157.0,34
2026-02-12 15:03:00,1770908639999,XRP,1m,1.3864,1.3873,1.3893,1.3862,11114.0,24
2026-02-12 15:04:00,1770908699999,XRP,1m,1.3876,1.3824,1.3876,1.382,30268.0,53
2026-02-12 15:05:00,1770908759999,XRP,1m,1.382,1.3801,1.3823,1.38,44460.0,78
2026-02-12 15:06:00,1770908819999,XRP,1m,1.3801,1.3805,1.3808,1.3772,292486.0,155
2026-02-12 15:07:00,1770908879999,XRP,1m,1.3808,1.3817,1.3835,1.3808,24352.0,39
2026-02-12 15:08:00,1770908939999,XRP,1m,1.3807,1.3779,1.3815,1.3779,20567.0,44
2026-02-12 15:09:00,1770908999999,XRP,1m,1.3781,1.378,1.3784,1.3761,48561.0,54
2026-02-12 15:10:00,1770909059999,XRP,1m,1.3785,1.3784,1.38,1.3754,320890.0,188
2026-02-12 15:11:00,1770909119999,XRP,1m,1.3797,1.3798,1.3798,1.3781,30913.0,39
2026-02-12 15:12:00,1770909179999,XRP,1m,1.3802,1.3822,1.3822,1.3802,16106.0,39
2026-02-12 15:13:00,1770909239999,XRP,1m,1.3821,1.3832,1.3838,1.3821,24584.0,42
2026-02-12 15:14:00,1770909299999,XRP,1m,1.3841,1.382,1.3848,1.3808,13182.0,36
2026-02-12 15:15:00,1770909359999,XRP,1m,1.3819,1.3805,1.3842,1.3802,69111.0,73
2026-02-12 15:16:00,1770909419999,XRP,1m,1.3811,1.3871,1.3871,1.3811,62557.0,109
2026-02-12 15:17:00,1770909479999,XRP,1m,1.3863,1.3841,1.3868,1.3841,31643.0,65
2026-02-12 15:18:00,1770909539999,XRP,1m,1.3837,1.3843,1.3863,1.3837,21688.0,37
2026-02-12 15:19:00,1770909599999,XRP,1m,1.3841,1.3834,1.3862,1.3834,23833.0,38
2026-02-12 15:20:00,1770909659999,XRP,1m,1.3847,1.388,1.389,1.3846,8102.0,31
2026-02-12 15:21:00,1770909719999,XRP,1m,1.389,1.3861,1.389,1.3861,14198.0,34
2026-02-12 15:22:00,1770909779999,XRP,1m,1.3862,1.3929,1.3937,1.3862,78992.0,88
2026-02-12 15:23:00,1770909839999,XRP,1m,1.3924,1.3907,1.3936,1.3903,56724.0,55
2026-02-12 15:24:00,1770909899999,XRP,1m,1.3906,1.3905,1.3923,1.3905,8841.0,19
2026-02-12 15:25:00,1770909959999,XRP,1m,1.3911,1.3917,1.3927,1.3911,8309.0,13
2026-02-12 15:26:00,1770910019999,XRP,1m,1.3905,1.3903,1.3911,1.3903,7913.0,12
2026-02-12 15:27:00,1770910079999,XRP,1m,1.3909,1.3887,1.3912,1.3886,16903.0,30
2026-02-12 15:28:00,1770910139999,XRP,1m,1.3895,1.393,1.3931,1.3895,11308.0,28
2026-02-12 15:29:00,1770910199999,XRP,1m,1.393,1.3936,1.3937,1.3924,31378.0,40
2026-02-12 15:30:00,1770910259999,XRP,1m,1.3934,1.3939,1.3955,1.3933,22192.0,40
2026-02-12 15:31:00,1770910319999,XRP,1m,1.3943,1.394,1.3947,1.3935,2477.0,21
2026-02-12 15:32:00,1770910379999,XRP,1m,1.3946,1.3902,1.3946,1.3902,13410.0,38
2026-02-12 15:33:00,1770910439999,XRP,1m,1.39,1.3886,1.39,1.3886,8029.0,17
2026-02-12 15:34:00,1770910499999,XRP,1m,1.3885,1.3889,1.389,1.3877,5462.0,15
2026-02-12 15:35:00,1770910559999,XRP,1m,1.3884,1.3887,1.3889,1.3878,9089.0,16
2026-02-12 15:36:00,1770910619999,XRP,1m,1.3884,1.3862,1.3884,1.3848,26562.0,42
2026-02-12 15:37:00,1770910679999,XRP,1m,1.3867,1.3842,1.3867,1.3842,12670.0,20
2026-02-12 15:38:00,1770910739999,XRP,1m,1.3842,1.3816,1.3842,1.3802,20812.0,30
2026-02-12 15:39:00,1770910799999,XRP,1m,1.3816,1.3812,1.3816,1.3802,16334.0,21
2026-02-12 15:40:00,1770910859999,XRP,1m,1.3813,1.381,1.3819,1.38,34128.0,33
2026-02-12 15:41:00,1770910919999,XRP,1m,1.3797,1.3795,1.3813,1.3795,19132.0,29
2026-02-12 15:42:00,1770910979999,XRP,1m,1.3796,1.3824,1.3824,1.3788,29301.0,32
2026-02-12 15:43:00,1770911039999,XRP,1m,1.382,1.3828,1.3834,1.382,13170.0,17
2026-02-12 15:44:00,1770911099999,XRP,1m,1.3828,1.3821,1.3835,1.3821,9955.0,12
2026-02-12 15:45:00,1770911159999,XRP,1m,1.3824,1.3846,1.3846,1.3821,11622.0,24
2026-02-12 15:46:00,1770911219999,XRP,1m,1.3851,1.3831,1.3852,1.3828,10327.0,21
2026-02-12 15:47:00,1770911279999,XRP,1m,1.3827,1.3817,1.3828,1.3817,976.0,9
2026-02-12 15:48:00,1770911339999,XRP,1m,1.3817,1.3806,1.3826,1.3802,464867.0,118
2026-02-12 15:49:00,1770911399999,XRP,1m,1.3804,1.3829,1.3839,1.3802,11693.0,23
2026-02-12 15:50:00,1770911459999,XRP,1m,1.3834,1.3816,1.384,1.3816,257708.0,97
2026-02-12 15:51:00,1770911519999,XRP,1m,1.3816,1.3824,1.3827,1.3801,17239.0,19
2026-02-12 15:52:00,1770911579999,XRP,1m,1.3826,1.3799,1.3826,1.3795,14529.0,18
2026-02-12 15:53:00,1770911639999,XRP,1m,1.3794,1.3781,1.3795,1.3778,23383.0,25
2026-02-12 15:54:00,1770911699999,XRP,1m,1.378,1.376,1.3789,1.376,31763.0,35
2026-02-12 15:55:00,1770911759999,XRP,1m,1.3756,1.3755,1.3765,1.3746,24375.0,41
2026-02-12 15:56:00,1770911819999,XRP,1m,1.3756,1.3756,1.3761,1.3748,40505.0,34
2026-02-12 15:57:00,1770911879999,XRP,1m,1.3753,1.3754,1.3763,1.375,244348.0,87
2026-02-12 15:58:00,1770911939999,XRP,1m,1.3759,1.3755,1.3762,1.3755,50428.0,25
2026-02-12 15:59:00,1770911999999,XRP,1m,1.375,1.375,1.3754,1.374,84733.0,53
2026-02-12 16:00:00,1770912059999,XRP,1m,1.3749,1.3759,1.3761,1.3749,68507.0,72
2026-02-12 16:01:00,1770912119999,XRP,1m,1.3758,1.3734,1.3759,1.3728,309852.0,137
2026-02-12 16:02:00,1770912179999,XRP,1m,1.3735,1.3739,1.374,1.3717,135833.0,92
2026-02-12 16:03:00,1770912239999,XRP,1m,1.3734,1.3756,1.3758,1.3733,73436.0,55
2026-02-12 16:04:00,1770912299999,XRP,1m,1.3754,1.3772,1.3772,1.3748,791529.0,231
2026-02-12 16:05:00,1770912359999,XRP,1m,1.3772,1.3704,1.3772,1.3698,755759.0,259
2026-02-12 16:06:00,1770912419999,XRP,1m,1.3704,1.3683,1.3704,1.3681,105516.0,107
2026-02-12 16:07:00,1770912479999,XRP,1m,1.3684,1.3636,1.3684,1.3628,186544.0,189
2026-02-12 16:08:00,1770912539999,XRP,1m,1.3638,1.3625,1.3638,1.3613,143988.0,99
2026-02-12 16:09:00,1770912599999,XRP,1m,1.3624,1.363,1.3645,1.3616,51256.0,40
2026-02-12 16:10:00,1770912659999,XRP,1m,1.3618,1.3619,1.3671,1.3614,1106512.0,242
2026-02-12 16:11:00,1770912719999,XRP,1m,1.3617,1.3603,1.3623,1.3594,148671.0,144
2026-02-12 16:12:00,1770912779999,XRP,1m,1.3592,1.36,1.36,1.3572,71402.0,98
2026-02-12 16:13:00,1770912839999,XRP,1m,1.3597,1.3586,1.3611,1.3578,39755.0,46
2026-02-12 16:14:00,1770912899999,XRP,1m,1.3581,1.3556,1.3595,1.3532,477118.0,179
2026-02-12 16:15:00,1770912959999,XRP,1m,1.3541,1.3565,1.3568,1.354,1193561.0,291
2026-02-12 16:16:00,1770913019999,XRP,1m,1.3566,1.3594,1.3613,1.3565,2096952.0,314
2026-02-12 16:17:00,1770913079999,XRP,1m,1.3591,1.3609,1.3626,1.3579,797522.0,281
2026-02-12 16:18:00,1770913139999,XRP,1m,1.3607,1.3589,1.3611,1.3578,549078.0,280
2026-02-12 16:19:00,1770913199999,XRP,1m,1.3588,1.3579,1.3595,1.3578,123599.0,81
2026-02-12 16:20:00,1770913259999,XRP,1m,1.3582,1.3541,1.3583,1.3541,83621.0,67
2026-02-12 16:21:00,1770913319999,XRP,1m,1.3536,1.3546,1.3551,1.3519,335729.0,243
2026-02-12 16:22:00,1770913379999,XRP,1m,1.3534,1.351,1.3544,1.35,526698.0,174
2026-02-12 16:23:00,1770913439999,XRP,1m,1.3508,1.3545,1.3547,1.3507,114403.0,112
2026-02-12 16:24:00,1770913499999,XRP,1m,1.3549,1.3534,1.3572,1.3534,99041.0,66
2026-02-12 16:25:00,1770913559999,XRP,1m,1.3531,1.3526,1.3561,1.3526,65117.0,63
2026-02-12 16:26:00,1770913619999,XRP,1m,1.3523,1.3523,1.3548,1.3522,61326.0,54
2026-02-12 16:27:00,1770913679999,XRP,1m,1.3521,1.3516,1.3526,1.3509,46679.0,52
2026-02-12 16:28:00,1770913739999,XRP,1m,1.3516,1.3501,1.3516,1.3492,117942.0,63
2026-02-12 16:29:00,1770913799999,XRP,1m,1.3494,1.3512,1.3512,1.3492,113392.0,67
2026-02-12 16:30:00,1770913859999,XRP,1m,1.3517,1.3514,1.3526,1.351,91684.0,69
2026-02-12 16:31:00,1770913919999,XRP,1m,1.3512,1.3512,1.3539,1.3491,1370054.0,432
2026-02-12 16:32:00,1770913979999,XRP,1m,1.351,1.3533,1.3543,1.3509,140626.0,137
2026-02-12 16:33:00,1770914039999,XRP,1m,1.3537,1.3519,1.3537,1.3513,91444.0,86
2026-02-12 16:34:00,1770914099999,XRP,1m,1.3519,1.356,1.356,1.3519,270885.0,192
2026-02-12 16:35:00,1770914159999,XRP,1m,1.3564,1.3582,1.36,1.3563,155272.0,159
2026-02-12 16:36:00,1770914219999,XRP,1m,1.3582,1.3646,1.3649,1.3579,124531.0,152
2026-02-12 16:37:00,1770914279999,XRP,1m,1.3652,1.3624,1.3653,1.3619,127153.0,135
2026-02-12 16:38:00,1770914339999,XRP,1m,1.3627,1.3624,1.3643,1.3614,535898.0,173
2026-02-12 16:39:00,1770914399999,XRP,1m,1.3621,1.3624,1.3638,1.362,56581.0,41
2026-02-12 16:40:00,1770914459999,XRP,1m,1.3627,1.3622,1.3639,1.3614,81342.0,46
2026-02-12 16:41:00,1770914519999,XRP,1m,1.3623,1.3647,1.3647,1.3623,99836.0,38
2026-02-12 16:42:00,1770914579999,XRP,1m,1.3645,1.3632,1.3653,1.3632,265013.0,106
2026-02-12 16:43:00,1770914639999,XRP,1m,1.3623,1.3627,1.3635,1.3608,29758.0,34
2026-02-12 16:44:00,1770914699999,XRP,1m,1.3624,1.3609,1.3624,1.3607,24900.0,23
2026-02-12 16:45:00,1770914759999,XRP,1m,1.3615,1.3606,1.3625,1.3606,10585.0,25
2026-02-12 16:46:00,1770914819999,XRP,1m,1.3607,1.3548,1.361,1.3536,511845.0,133
2026-02-12 16:47:00,1770914879999,XRP,1m,1.3561,1.3578,1.3587,1.3561,3802.0,23
2026-02-12 16:48:00,1770914939999,XRP,1m,1.3562,1.3568,1.3575,1.3562,640810.0,150
2026-02-12 16:49:00,1770914999999,XRP,1m,1.3568,1.3582,1.3582,1.3542,360134.0,170
2026-02-12 16:50:00,1770915059999,XRP,1m,1.3582,1.356,1.3584,1.3559,90762.0,80
2026-02-12 16:51:00,1770915119999,XRP,1m,1.3564,1.3557,1.3577,1.3541,76390.0,69
2026-02-12 16:52:00,1770915179999,XRP,1m,1.3556,1.352,1.3561,1.3516,28764.0,41
2026-02-12 16:53:00,1770915239999,XRP,1m,1.3514,1.3477,1.3514,1.3464,1151987.0,358
2026-02-12 16:54:00,1770915299999,XRP,1m,1.3478,1.347,1.3489,1.3454,178857.0,134
2026-02-12 16:55:00,1770915359999,XRP,1m,1.3473,1.3492,1.3492,1.3463,105878.0,88
2026-02-12 16:56:00,1770915419999,XRP,1m,1.3497,1.3525,1.3533,1.3497,56079.0,56
2026-02-12 16:57:00,1770915479999,XRP,1m,1.3519,1.3514,1.3525,1.35,43655.0,43
2026-02-12 16:58:00,1770915539999,XRP,1m,1.3516,1.3518,1.3526,1.351,14293.0,20
2026-02-12 16:59:00,1770915599999,XRP,1m,1.3519,1.3518,1.352,1.3502,51238.0,60
2026-02-12 17:00:00,1770915659999,XRP,1m,1.3522,1.35,1.3523,1.3497,83072.0,89
2026-02-12 17:01:00,1770915719999,XRP,1m,1.35,1.351,1.352,1.3498,1239163.0,150
2026-02-12 17:02:00,1770915779999,XRP,1m,1.3511,1.3531,1.3531,1.3501,307197.0,134
2026-02-12 17:03:00,1770915839999,XRP,1m,1.3531,1.3506,1.3536,1.3506,229574.0,89
2026-02-12 17:04:00,1770915899999,XRP,1m,1.3511,1.352,1.3563,1.351,1627293.0,277
2026-02-12 17:05:00,1770915959999,XRP,1m,1.3517,1.3471,1.3525,1.3469,220074.0,124
2026-02-12 17:06:00,1770916019999,XRP,1m,1.3461,1.3494,1.3501,1.3459,126215.0,73
2026-02-12 17:07:00,1770916079999,XRP,1m,1.3494,1.3536,1.3536,1.3494,75578.0,58
2026-02-12 17:08:00,1770916139999,XRP,1m,1.3543,1.3512,1.3547,1.3504,61598.0,56
2026-02-12 17:09:00,1770916199999,XRP,1m,1.3512,1.3532,1.354,1.3512,134724.0,64
2026-02-12 17:10:00,1770916259999,XRP,1m,1.3531,1.3525,1.3534,1.3513,224021.0,105
2026-02-12 17:11:00,1770916319999,XRP,1m,1.3527,1.3509,1.3539,1.3509,49006.0,52
2026-02-12 17:12:00,1770916379999,XRP,1m,1.351,1.3503,1.3523,1.3502,114889.0,85
2026-02-12 17:13:00,1770916439999,XRP,1m,1.3501,1.351,1.351,1.3472,111319.0,84
2026-02-12 17:14:00,1770916499999,XRP,1m,1.3515,1.352,1.3526,1.3507,74797.0,59
2026-02-12 17:15:00,1770916559999,XRP,1m,1.352,1.3519,1.3528,1.3519,14826.0,23
2026-02-12 17:16:00,1770916619999,XRP,1m,1.3518,1.3563,1.3563,1.3514,54613.0,38
2026-02-12 17:17:00,1770916679999,XRP,1m,1.3556,1.3527,1.3556,1.3527,101675.0,58
2026-02-12 17:18:00,1770916739999,XRP,1m,1.3522,1.352,1.3526,1.3508,83462.0,68
2026-02-12 17:19:00,1770916799999,XRP,1m,1.3524,1.3512,1.3531,1.3512,14885.0,16
2026-02-12 17:20:00,1770916859999,XRP,1m,1.3512,1.3578,1.3578,1.3512,31926.0,46
2026-02-12 17:21:00,1770916919999,XRP,1m,1.3591,1.3612,1.3621,1.3588,216517.0,133
2026-02-12 17:22:00,1770916979999,XRP,1m,1.3612,1.362,1.3624,1.3597,504997.0,212
2026-02-12 17:23:00,1770917039999,XRP,1m,1.362,1.3628,1.3637,1.362,560970.0,235
2026-02-12 17:24:00,1770917099999,XRP,1m,1.3624,1.3639,1.3639,1.3607,529547.0,302
2026-02-12 17:25:00,1770917159999,XRP,1m,1.364,1.3622,1.3644,1.3622,594100.0,288
2026-02-12 17:26:00,1770917219999,XRP,1m,1.362,1.3646,1.3646,1.362,766655.0,437
2026-02-12 17:27:00,1770917279999,XRP,1m,1.3647,1.3659,1.3661,1.3646,600489.0,335
2026-02-12 17:28:00,1770917339999,XRP,1m,1.3659,1.3682,1.369,1.3659,808206.0,460
2026-02-12 17:29:00,1770917399999,XRP,1m,1.3679,1.3674,1.3684,1.366,1833696.0,709
2026-02-12 17:30:00,1770917459999,XRP,1m,1.3675,1.3673,1.3679,1.367,1574950.0,531
2026-02-12 17:31:00,1770917519999,XRP,1m,1.3673,1.3689,1.3697,1.367,1097383.0,426
2026-02-12 17:32:00,1770917579999,XRP,1m,1.3689,1.3672,1.3689,1.3672,1206788.0,500
2026-02-12 17:33:00,1770917639999,XRP,1m,1.3672,1.3686,1.3686,1.3667,872450.0,414
2026-02-12 17:34:00,1770917699999,XRP,1m,1.3691,1.371,1.3713,1.3683,1170263.0,451
2026-02-12 17:35:00,1770917759999,XRP,1m,1.3706,1.372,1.3724,1.3705,1009187.0,352
2026-02-12 17:36:00,1770917819999,XRP,1m,1.372,1.3702,1.3721,1.3699,789617.0,344
2026-02-12 17:37:00,1770917879999,XRP,1m,1.3698,1.3739,1.3739,1.3697,153643.0,133
2026-02-12 17:38:00,1770917939999,XRP,1m,1.3739,1.3753,1.3792,1.3739,237905.0,106
2026-02-12 17:39:00,1770917999999,XRP,1m,1.3753,1.3743,1.3787,1.3741,79705.0,74
2026-02-12 17:40:00,1770918059999,XRP,1m,1.3746,1.3748,1.3748,1.3733,25400.0,38
2026-02-12 17:41:00,1770918119999,XRP,1m,1.3741,1.3712,1.3741,1.3709,157465.0,65
2026-02-12 17:42:00,1770918179999,XRP,1m,1.3706,1.3716,1.3722,1.3706,53477.0,64
2026-02-12 17:43:00,1770918239999,XRP,1m,1.3713,1.3696,1.372,1.3696,21107.0,27
2026-02-12 17:44:00,1770918299999,XRP,1m,1.3692,1.3692,1.3697,1.3692,9496.0,20
2026-02-12 17:45:00,1770918359999,XRP,1m,1.3695,1.3694,1.3698,1.3687,39732.0,41
2026-02-12 17:46:00,1770918419999,XRP,1m,1.3699,1.3659,1.37,1.3649,89946.0,58
2026-02-12 17:47:00,1770918479999,XRP,1m,1.3661,1.3663,1.3673,1.3658,14866.0,25
2026-02-12 17:48:00,1770918539999,XRP,1m,1.367,1.3655,1.367,1.3655,54308.0,28
2026-02-12 17:49:00,1770918599999,XRP,1m,1.3658,1.3671,1.3672,1.3658,58961.0,37
2026-02-12 17:50:00,1770918659999,XRP,1m,1.3673,1.3683,1.3697,1.3673,10952.0,17
2026-02-12 17:51:00,1770918719999,XRP,1m,1.3685,1.3678,1.3703,1.3678,68907.0,45
2026-02-12 17:52:00,1770918779999,XRP,1m,1.368,1.3691,1.3704,1.368,22818.0,26
2026-02-12 17:53:00,1770918839999,XRP,1m,1.3686,1.3654,1.3687,1.3654,73172.0,50
2026-02-12 17:54:00,1770918899999,XRP,1m,1.3654,1.3662,1.3662,1.3653,8367.0,21
2026-02-12 17:55:00,1770918959999,XRP,1m,1.3661,1.3648,1.3661,1.3642,38371.0,30
2026-02-12 17:56:00,1770919019999,XRP,1m,1.364,1.3623,1.3644,1.3615,59938.0,41
2026-02-12 17:57:00,1770919079999,XRP,1m,1.3622,1.3626,1.3636,1.3622,63027.0,43
2026-02-12 17:58:00,1770919139999,XRP,1m,1.3623,1.363,1.3632,1.362,15025.0,31
2026-02-12 17:59:00,1770919199999,XRP,1m,1.3625,1.3618,1.3625,1.3608,15046.0,21
2026-02-12 18:00:00,1770919259999,XRP,1m,1.3621,1.3622,1.3631,1.3607,93669.0,82
2026-02-12 18:01:00,1770919319999,XRP,1m,1.3622,1.3619,1.3626,1.3613,12495.0,27
2026-02-12 18:02:00,1770919379999,XRP,1m,1.3626,1.3628,1.3639,1.3626,26735.0,26
2026-02-12 18:03:00,1770919439999,XRP,1m,1.3629,1.3624,1.3629,1.3618,6422.0,18
2026-02-12 18:04:00,1770919499999,XRP,1m,1.3617,1.3635,1.3645,1.3617,87670.0,74
2026-02-12 18:05:00,1770919559999,XRP,1m,1.3637,1.3634,1.3645,1.3632,12742.0,28
2026-02-12 18:06:00,1770919619999,XRP,1m,1.3634,1.3625,1.3638,1.3612,6072.0,31
2026-02-12 18:07:00,1770919679999,XRP,1m,1.3623,1.3665,1.3667,1.362,40382.0,60
2026-02-12 18:08:00,1770919739999,XRP,1m,1.3667,1.3651,1.3667,1.3636,85947.0,55
2026-02-12 18:09:00,1770919799999,XRP,1m,1.3653,1.3644,1.3663,1.3644,155376.0,94
2026-02-12 18:10:00,1770919859999,XRP,1m,1.3639,1.3646,1.3647,1.3639,3369.0,18
2026-02-12 18:11:00,1770919919999,XRP,1m,1.3643,1.3649,1.3649,1.3632,11311.0,30
2026-02-12 18:12:00,1770919979999,XRP,1m,1.3655,1.3634,1.3655,1.3627,1388.0,13
2026-02-12 18:13:00,1770920039999,XRP,1m,1.3634,1.3621,1.3635,1.3621,11647.0,17
2026-02-12 18:14:00,1770920099999,XRP,1m,1.362,1.3635,1.3636,1.3617,36562.0,46
2026-02-12 18:15:00,1770920159999,XRP,1m,1.3637,1.3639,1.3644,1.3631,45902.0,38
2026-02-12 18:16:00,1770920219999,XRP,1m,1.3638,1.3632,1.3642,1.3625,28755.0,35
2026-02-12 18:17:00,1770920279999,XRP,1m,1.3626,1.3596,1.3626,1.3595,49821.0,31
2026-02-12 18:18:00,1770920339999,XRP,1m,1.3594,1.3556,1.3594,1.3556,65940.0,53
2026-02-12 18:19:00,1770920399999,XRP,1m,1.3555,1.3526,1.3556,1.3526,77528.0,53
2026-02-12 18:20:00,1770920459999,XRP,1m,1.3523,1.3544,1.3554,1.3521,73889.0,56
2026-02-12 18:21:00,1770920519999,XRP,1m,1.3535,1.3536,1.3537,1.3533,21580.0,15
2026-02-12 18:22:00,1770920579999,XRP,1m,1.3535,1.3533,1.3542,1.3529,50198.0,25
2026-02-12 18:23:00,1770920639999,XRP,1m,1.3539,1.3565,1.3565,1.3539,71740.0,62
2026-02-12 18:24:00,1770920699999,XRP,1m,1.3567,1.3571,1.3583,1.3567,8698.0,33
2026-02-12 18:25:00,1770920759999,XRP,1m,1.3573,1.3561,1.3573,1.3554,25846.0,22
2026-02-12 18:26:00,1770920819999,XRP,1m,1.3565,1.3603,1.3603,1.3565,40283.0,55
2026-02-12 18:27:00,1770920879999,XRP,1m,1.3598,1.3601,1.3603,1.3597,12576.0,19
2026-02-12 18:28:00,1770920939999,XRP,1m,1.3595,1.3562,1.3595,1.3542,91163.0,67
2026-02-12 18:29:00,1770920999999,XRP,1m,1.3552,1.355,1.3565,1.3544,6418.0,20
2026-02-12 18:30:00,1770921059999,XRP,1m,1.3551,1.3545,1.356,1.3543,29502.0,32
2026-02-12 18:31:00,1770921119999,XRP,1m,1.3542,1.3528,1.3542,1.3528,18100.0,24
2026-02-12 18:32:00,1770921179999,XRP,1m,1.353,1.3522,1.3531,1.3513,45767.0,43
2026-02-12 18:33:00,1770921239999,XRP,1m,1.3526,1.3564,1.357,1.3526,57535.0,56
2026-02-12 18:34:00,1770921299999,XRP,1m,1.3563,1.3558,1.357,1.3554,24254.0,26
2026-02-12 18:35:00,1770921359999,XRP,1m,1.3556,1.3581,1.3588,1.3556,73097.0,50
2026-02-12 18:36:00,1770921419999,XRP,1m,1.3589,1.3561,1.3595,1.356,10450.0,20
2026-02-12 18:37:00,1770921479999,XRP,1m,1.3558,1.3592,1.3592,1.3558,21402.0,34
2026-02-12 18:38:00,1770921539999,XRP,1m,1.3606,1.3607,1.3616,1.3603,94983.0,89
2026-02-12 18:39:00,1770921599999,XRP,1m,1.3603,1.3602,1.3603,1.3589,54182.0,61
2026-02-12 18:40:00,1770921659999,XRP,1m,1.3608,1.3591,1.3608,1.3578,15828.0,35
2026-02-12 18:41:00,1770921719999,XRP,1m,1.3591,1.3583,1.3594,1.3583,5073.0,11
2026-02-12 18:42:00,1770921779999,XRP,1m,1.3583,1.3584,1.3589,1.3581,27522.0,23
2026-02-12 18:43:00,1770921839999,XRP,1m,1.3582,1.3588,1.3588,1.3576,36879.0,31
2026-02-12 18:44:00,1770921899999,XRP,1m,1.359,1.3577,1.359,1.3576,22317.0,12
2026-02-12 18:45:00,1770921959999,XRP,1m,1.3581,1.3582,1.3596,1.3581,23399.0,22
2026-02-12 18:46:00,1770922019999,XRP,1m,1.358,1.3616,1.3616,1.3569,47210.0,47
2026-02-12 18:47:00,1770922079999,XRP,1m,1.3619,1.3631,1.3642,1.3619,40120.0,66
2026-02-12 18:48:00,1770922139999,XRP,1m,1.3631,1.3631,1.3641,1.3631,16867.0,42
2026-02-12 18:49:00,1770922199999,XRP,1m,1.3627,1.3625,1.3647,1.3624,132893.0,71
2026-02-12 18:50:00,1770922259999,XRP,1m,1.3624,1.3619,1.363,1.3618,76730.0,60
2026-02-12 18:51:00,1770922319999,XRP,1m,1.362,1.3644,1.3644,1.362,12295.0,25
2026-02-12 18:52:00,1770922379999,XRP,1m,1.3648,1.3649,1.3654,1.3643,6760.0,25
2026-02-12 18:53:00,1770922439999,XRP,1m,1.365,1.3644,1.3658,1.3644,3885.0,9
2026-02-12 18:54:00,1770922499999,XRP,1m,1.3642,1.3644,1.3654,1.3642,1189.0,16
2026-02-12 18:55:00,1770922559999,XRP,1m,1.3638,1.3659,1.3662,1.3638,67800.0,38
2026-02-12 18:56:00,1770922619999,XRP,1m,1.3658,1.3644,1.3658,1.3644,16200.0,23
2026-02-12 18:57:00,1770922679999,XRP,1m,1.3642,1.3635,1.3642,1.3634,3486.0,21
2026-02-12 18:58:00,1770922739999,XRP,1m,1.3638,1.3631,1.3644,1.3622,25356.0,47
2026-02-12 18:59:00,1770922799999,XRP,1m,1.362,1.3628,1.3628,1.3617,5271.0,18
2026-02-12 19:00:00,1770922859999,XRP,1m,1.3627,1.3641,1.3645,1.3622,25812.0,67
2026-02-12 19:01:00,1770922919999,XRP,1m,1.364,1.3614,1.3642,1.3605,26228.0,45
2026-02-12 19:02:00,1770922979999,XRP,1m,1.3614,1.363,1.3634,1.3614,7994.0,38
2026-02-12 19:03:00,1770923039999,XRP,1m,1.3628,1.3625,1.3633,1.362,4374.0,28
2026-02-12 19:04:00,1770923099999,XRP,1m,1.3624,1.3584,1.3624,1.3579,56259.0,71
2026-02-12 19:05:00,1770923159999,XRP,1m,1.3587,1.3602,1.3613,1.3587,80273.0,71
2026-02-12 19:06:00,1770923219999,XRP,1m,1.3595,1.3593,1.3601,1.3593,26721.0,35
2026-02-12 19:07:00,1770923279999,XRP,1m,1.3589,1.3572,1.3594,1.3572,18098.0,21
2026-02-12 19:08:00,1770923339999,XRP,1m,1.3574,1.3597,1.36,1.3574,34477.0,30
2026-02-12 19:09:00,1770923399999,XRP,1m,1.3596,1.3569,1.3602,1.3568,97245.0,82
2026-02-12 19:10:00,1770923459999,XRP,1m,1.3572,1.3575,1.3582,1.3566,72854.0,51
2026-02-12 19:11:00,1770923519999,XRP,1m,1.3578,1.355,1.3578,1.3541,71242.0,78
2026-02-12 19:12:00,1770923579999,XRP,1m,1.3547,1.356,1.356,1.3547,28416.0,36
2026-02-12 19:13:00,1770923639999,XRP,1m,1.3561,1.3569,1.3571,1.3561,16928.0,16
2026-02-12 19:14:00,1770923699999,XRP,1m,1.3578,1.3589,1.3601,1.3578,14722.0,31
2026-02-12 19:15:00,1770923759999,XRP,1m,1.3594,1.362,1.362,1.3589,13970.0,28
2026-02-12 19:16:00,1770923819999,XRP,1m,1.3608,1.3596,1.3608,1.3595,22979.0,36
2026-02-12 19:17:00,1770923879999,XRP,1m,1.3594,1.3624,1.3624,1.359,13336.0,24
2026-02-12 19:18:00,1770923939999,XRP,1m,1.3621,1.3633,1.3641,1.3621,37910.0,45
2026-02-12 19:19:00,1770923999999,XRP,1m,1.3632,1.3634,1.3636,1.3625,7650.0,22
2026-02-12 19:20:00,1770924059999,XRP,1m,1.3629,1.3647,1.3647,1.3623,21395.0,29
2026-02-12 19:21:00,1770924119999,XRP,1m,1.3648,1.3652,1.3656,1.3639,37101.0,37
2026-02-12 19:22:00,1770924179999,XRP,1m,1.366,1.369,1.3698,1.3656,41606.0,48
2026-02-12 19:23:00,1770924239999,XRP,1m,1.3688,1.3693,1.3704,1.3686,55746.0,58
2026-02-12 19:24:00,1770924299999,XRP,1m,1.3703,1.3731,1.3738,1.3703,94146.0,74
2026-02-12 19:25:00,1770924359999,XRP,1m,1.3734,1.3726,1.3736,1.372,54940.0,46
2026-02-12 19:26:00,1770924419999,XRP,1m,1.3723,1.3704,1.3723,1.3704,10087.0,21
2026-02-12 19:27:00,1770924479999,XRP,1m,1.3703,1.3695,1.3703,1.3691,15797.0,23
2026-02-12 19:28:00,1770924539999,XRP,1m,1.3699,1.3692,1.37,1.3688,24745.0,22
2026-02-12 19:29:00,1770924599999,XRP,1m,1.3692,1.37,1.3703,1.3689,74950.0,48
2026-02-12 19:30:00,1770924659999,XRP,1m,1.3696,1.3691,1.3699,1.3689,5917.0,22
2026-02-12 19:31:00,1770924719999,XRP,1m,1.3694,1.372,1.372,1.3691,6681.0,19
2026-02-12 19:32:00,1770924779999,XRP,1m,1.3713,1.3722,1.3737,1.3713,44985.0,42
2026-02-12 19:33:00,1770924839999,XRP,1m,1.3727,1.3717,1.3727,1.3717,13023.0,16
2026-02-12 19:34:00,1770924899999,XRP,1m,1.3719,1.3701,1.3719,1.37,129361.0,63
2026-02-12 19:35:00,1770924959999,XRP,1m,1.3698,1.3699,1.3699,1.3683,16676.0,19
2026-02-12 19:36:00,1770925019999,XRP,1m,1.3713,1.3734,1.3745,1.3711,12785.0,35
2026-02-12 19:37:00,1770925079999,XRP,1m,1.3742,1.3727,1.3753,1.3726,18829.0,28
2026-02-12 19:38:00,1770925139999,XRP,1m,1.3718,1.3701,1.3718,1.3691,30535.0,46
2026-02-12 19:39:00,1770925199999,XRP,1m,1.3697,1.3699,1.3701,1.3691,9432.0,20
2026-02-12 19:40:00,1770925259999,XRP,1m,1.3702,1.3689,1.3703,1.368,2158.0,15
2026-02-12 19:41:00,1770925319999,XRP,1m,1.3681,1.368,1.3682,1.368,3259.0,11
2026-02-12 19:42:00,1770925379999,XRP,1m,1.3681,1.3692,1.3692,1.368,6559.0,14
2026-02-12 19:43:00,1770925439999,XRP,1m,1.3694,1.3688,1.3695,1.3688,19660.0,31
2026-02-12 19:44:00,1770925499999,XRP,1m,1.3686,1.3673,1.3686,1.3671,28181.0,38
2026-02-12 19:45:00,1770925559999,XRP,1m,1.3674,1.3672,1.3682,1.3668,40133.0,42
2026-02-12 19:46:00,1770925619999,XRP,1m,1.3679,1.3704,1.3704,1.3674,60469.0,59
2026-02-12 19:47:00,1770925679999,XRP,1m,1.3702,1.3692,1.3711,1.3692,64883.0,49
2026-02-12 19:48:00,1770925739999,XRP,1m,1.3687,1.3687,1.3695,1.3686,947.0,10
2026-02-12 19:49:00,1770925799999,XRP,1m,1.3695,1.3693,1.3699,1.3688,3237.0,9
2026-02-12 19:50:00,1770925859999,XRP,1m,1.3693,1.3691,1.3698,1.3691,603334.0,94
2026-02-12 19:51:00,1770925919999,XRP,1m,1.369,1.3647,1.369,1.3647,1075567.0,228
2026-02-12 19:52:00,1770925979999,XRP,1m,1.3645,1.3631,1.3647,1.3622,321367.0,155
2026-02-12 19:53:00,1770926039999,XRP,1m,1.3631,1.3633,1.3638,1.3627,20518.0,19
2026-02-12 19:54:00,1770926099999,XRP,1m,1.3638,1.3636,1.3643,1.3635,17738.0,15
2026-02-12 19:55:00,1770926159999,XRP,1m,1.3629,1.365,1.365,1.3627,28765.0,25
2026-02-12 19:56:00,1770926219999,XRP,1m,1.3649,1.3657,1.3657,1.3642,15121.0,16
2026-02-12 19:57:00,1770926279999,XRP,1m,1.3659,1.3651,1.3665,1.3651,13545.0,19
2026-02-12 19:58:00,1770926339999,XRP,1m,1.3653,1.3637,1.3653,1.3621,233772.0,109
2026-02-12 19:59:00,1770926399999,XRP,1m,1.364,1.3637,1.364,1.3632,24957.0,23
2026-02-12 20:00:00,1770926459999,XRP,1m,1.3637,1.3644,1.365,1.3637,24680.0,35
2026-02-12 20:01:00,1770926519999,XRP,1m,1.3645,1.3655,1.3659,1.3643,44757.0,53
2026-02-12 20:02:00,1770926579999,XRP,1m,1.3651,1.3622,1.3651,1.362,73974.0,68
2026-02-12 20:03:00,1770926639999,XRP,1m,1.3625,1.3631,1.3633,1.362,44882.0,29
2026-02-12 20:04:00,1770926699999,XRP,1m,1.3631,1.3647,1.3647,1.3626,38646.0,12
2026-02-12 20:05:00,1770926759999,XRP,1m,1.3643,1.3648,1.3648,1.3627,20942.0,17
2026-02-12 20:06:00,1770926819999,XRP,1m,1.365,1.3642,1.3652,1.3642,37700.0,34
2026-02-12 20:07:00,1770926879999,XRP,1m,1.3635,1.3645,1.3653,1.3635,10381.0,10
2026-02-12 20:08:00,1770926939999,XRP,1m,1.3637,1.3621,1.3637,1.3619,3695.0,9
2026-02-12 20:09:00,1770926999999,XRP,1m,1.3611,1.3616,1.362,1.3609,6471.0,10
2026-02-12 20:10:00,1770927059999,XRP,1m,1.3618,1.3597,1.3618,1.3597,40810.0,33
2026-02-12 20:11:00,1770927119999,XRP,1m,1.3597,1.3602,1.3602,1.359,10353.0,24
2026-02-12 20:12:00,1770927179999,XRP,1m,1.3599,1.3614,1.3631,1.3599,18708.0,23
2026-02-12 20:13:00,1770927239999,XRP,1m,1.3614,1.3619,1.3628,1.3614,10828.0,14
2026-02-12 20:14:00,1770927299999,XRP,1m,1.3613,1.3627,1.3627,1.3612,6898.0,18
2026-02-12 20:15:00,1770927359999,XRP,1m,1.3633,1.364,1.364,1.3633,3403.0,10
2026-02-12 20:16:00,1770927419999,XRP,1m,1.3637,1.3639,1.3643,1.3622,38343.0,30
2026-02-12 20:17:00,1770927479999,XRP,1m,1.3638,1.363,1.3641,1.363,16887.0,18
2026-02-12 20:18:00,1770927539999,XRP,1m,1.3633,1.3644,1.3648,1.3633,35467.0,28
2026-02-12 20:19:00,1770927599999,XRP,1m,1.3641,1.3628,1.3641,1.3624,8796.0,17
2026-02-12 20:20:00,1770927659999,XRP,1m,1.3625,1.3595,1.3628,1.3592,41956.0,41
2026-02-12 20:21:00,1770927719999,XRP,1m,1.3591,1.3585,1.36,1.3584,62432.0,66
2026-02-12 20:22:00,1770927779999,XRP,1m,1.3586,1.3585,1.3594,1.3583,23684.0,21
2026-02-12 20:23:00,1770927839999,XRP,1m,1.3587,1.3563,1.3587,1.3563,29501.0,41
2026-02-12 20:24:00,1770927899999,XRP,1m,1.3564,1.3565,1.357,1.356,8635.0,12
2026-02-12 20:25:00,1770927959999,XRP,1m,1.356,1.3552,1.3566,1.3552,16656.0,20
2026-02-12 20:26:00,1770928019999,XRP,1m,1.356,1.3575,1.3578,1.3557,4730.0,14
2026-02-12 20:27:00,1770928079999,XRP,1m,1.3574,1.3568,1.3574,1.3563,771.0,7
2026-02-12 20:28:00,1770928139999,XRP,1m,1.3572,1.3584,1.3585,1.3572,9067.0,17
2026-02-12 20:29:00,1770928199999,XRP,1m,1.3587,1.3573,1.3587,1.3573,11764.0,17
2026-02-12 20:30:00,1770928259999,XRP,1m,1.3573,1.3555,1.3573,1.3553,7720.0,16
2026-02-12 20:31:00,1770928319999,XRP,1m,1.3564,1.3566,1.3575,1.3564,4537.0,11
2026-02-12 20:32:00,1770928379999,XRP,1m,1.3563,1.3562,1.3569,1.3558,1918.0,10
2026-02-12 20:33:00,1770928439999,XRP,1m,1.3563,1.3579,1.3581,1.3563,3412.0,12
2026-02-12 20:34:00,1770928499999,XRP,1m,1.358,1.357,1.3587,1.357,19027.0,24
2026-02-12 20:35:00,1770928559999,XRP,1m,1.3575,1.3589,1.3589,1.3574,12089.0,22
2026-02-12 20:36:00,1770928619999,XRP,1m,1.3588,1.3595,1.3596,1.3587,61061.0,44
2026-02-12 20:37:00,1770928679999,XRP,1m,1.3594,1.3594,1.3598,1.3591,36012.0,26
2026-02-12 20:38:00,1770928739999,XRP,1m,1.3594,1.3593,1.3595,1.3586,2608.0,13
2026-02-12 20:39:00,1770928799999,XRP,1m,1.3592,1.3602,1.3602,1.3589,158513.0,48
2026-02-12 20:40:00,1770928859999,XRP,1m,1.3583,1.3595,1.3595,1.3582,2369.0,9
2026-02-12 20:41:00,1770928919999,XRP,1m,1.3579,1.3591,1.3593,1.3579,55649.0,37
2026-02-12 20:42:00,1770928979999,XRP,1m,1.3588,1.3589,1.3589,1.3575,9894.0,21
2026-02-12 20:43:00,1770929039999,XRP,1m,1.3586,1.3584,1.3586,1.3577,11235.0,10
2026-02-12 20:44:00,1770929099999,XRP,1m,1.3576,1.3573,1.3579,1.3559,95428.0,71
2026-02-12 20:45:00,1770929159999,XRP,1m,1.3573,1.3577,1.358,1.3573,7763.0,11
2026-02-12 20:46:00,1770929219999,XRP,1m,1.3572,1.3553,1.3572,1.3551,2711.0,10
2026-02-12 20:47:00,1770929279999,XRP,1m,1.355,1.3534,1.355,1.3533,4532.0,15
2026-02-12 20:48:00,1770929339999,XRP,1m,1.3534,1.3526,1.3535,1.3526,5853.0,9
2026-02-12 20:49:00,1770929399999,XRP,1m,1.3526,1.3538,1.354,1.3526,20873.0,25
2026-02-12 20:50:00,1770929459999,XRP,1m,1.353,1.3523,1.353,1.3517,236404.0,80
2026-02-12 20:51:00,1770929519999,XRP,1m,1.3513,1.3501,1.3518,1.3498,30099.0,29
2026-02-12 20:52:00,1770929579999,XRP,1m,1.3501,1.3499,1.3515,1.3498,1286951.0,278
2026-02-12 20:53:00,1770929639999,XRP,1m,1.3499,1.35,1.35,1.3499,694505.0,219
2026-02-12 20:54:00,1770929699999,XRP,1m,1.35,1.3515,1.352,1.35,752381.0,227
2026-02-12 20:55:00,1770929759999,XRP,1m,1.3519,1.3521,1.3525,1.3514,100215.0,65
2026-02-12 20:56:00,1770929819999,XRP,1m,1.3515,1.3515,1.3519,1.3511,65128.0,36
2026-02-12 20:57:00,1770929879999,XRP,1m,1.3518,1.353,1.353,1.3518,35086.0,30
2026-02-12 20:58:00,1770929939999,XRP,1m,1.3527,1.3525,1.353,1.3525,25278.0,18
2026-02-12 20:59:00,1770929999999,XRP,1m,1.3521,1.3505,1.3523,1.3504,206950.0,68
2026-02-12 21:00:00,1770930059999,XRP,1m,1.3511,1.3527,1.3531,1.3511,40351.0,35
2026-02-12 21:01:00,1770930119999,XRP,1m,1.3531,1.3517,1.3538,1.3517,15478.0,18
2026-02-12 21:02:00,1770930179999,XRP,1m,1.3532,1.3546,1.3546,1.3529,2698.0,13
2026-02-12 21:03:00,1770930239999,XRP,1m,1.3542,1.3542,1.3548,1.3542,23362.0,23
2026-02-12 21:04:00,1770930299999,XRP,1m,1.3546,1.3553,1.3556,1.3542,14440.0,24
2026-02-12 21:05:00,1770930359999,XRP,1m,1.3542,1.3531,1.3542,1.3531,1041.0,8
2026-02-12 21:06:00,1770930419999,XRP,1m,1.3528,1.3507,1.353,1.3507,38137.0,34
2026-02-12 21:07:00,1770930479999,XRP,1m,1.3503,1.3502,1.3508,1.3502,8783.0,12
2026-02-12 21:08:00,1770930539999,XRP,1m,1.3501,1.3505,1.3505,1.3501,11711.0,5
2026-02-12 21:09:00,1770930599999,XRP,1m,1.3515,1.3519,1.3519,1.3514,3356.0,10
2026-02-12 21:10:00,1770930659999,XRP,1m,1.3512,1.3506,1.3512,1.3506,419.0,7
2026-02-12 21:11:00,1770930719999,XRP,1m,1.3512,1.3507,1.3512,1.3504,13785.0,11
2026-02-12 21:12:00,1770930779999,XRP,1m,1.3513,1.3509,1.3515,1.3504,5245.0,14
2026-02-12 21:13:00,1770930839999,XRP,1m,1.3507,1.3502,1.3507,1.3501,48346.0,35
2026-02-12 21:14:00,1770930899999,XRP,1m,1.3505,1.3524,1.3524,1.3498,45242.0,43
2026-02-12 21:15:00,1770930959999,XRP,1m,1.352,1.3513,1.352,1.351,56302.0,60
2026-02-12 21:16:00,1770931019999,XRP,1m,1.3508,1.351,1.3515,1.3501,21399.0,30
2026-02-12 21:17:00,1770931079999,XRP,1m,1.3511,1.3505,1.3511,1.3503,1271.0,5
2026-02-12 21:18:00,1770931139999,XRP,1m,1.3512,1.3534,1.3535,1.3512,27385.0,22
2026-02-12 21:19:00,1770931199999,XRP,1m,1.3528,1.353,1.3534,1.3524,12315.0,14
2026-02-12 21:20:00,1770931259999,XRP,1m,1.3531,1.3523,1.3531,1.3523,29140.0,16
2026-02-12 21:21:00,1770931319999,XRP,1m,1.3523,1.3505,1.3525,1.3502,38090.0,37
2026-02-12 21:22:00,1770931379999,XRP,1m,1.35,1.3492,1.3503,1.3492,17464.0,32
2026-02-12 21:23:00,1770931439999,XRP,1m,1.349,1.3492,1.35,1.3489,23388.0,34
2026-02-12 21:24:00,1770931499999,XRP,1m,1.3497,1.3496,1.3497,1.3491,7593.0,15
2026-02-12 21:25:00,1770931559999,XRP,1m,1.3502,1.3496,1.3503,1.3496,13250.0,14
2026-02-12 21:26:00,1770931619999,XRP,1m,1.3498,1.3491,1.3498,1.349,5434.0,11
2026-02-12 21:27:00,1770931679999,XRP,1m,1.3489,1.3489,1.349,1.3487,12144.0,15
2026-02-12 21:28:00,1770931739999,XRP,1m,1.3485,1.3485,1.349,1.3483,48159.0,42
2026-02-12 21:29:00,1770931799999,XRP,1m,1.3487,1.3494,1.3496,1.3487,6508.0,18
2026-02-12 21:30:00,1770931859999,XRP,1m,1.3493,1.3494,1.3497,1.3492,9547.0,19
2026-02-12 21:31:00,1770931919999,XRP,1m,1.3494,1.3487,1.3494,1.3487,10971.0,20
2026-02-12 21:32:00,1770931979999,XRP,1m,1.349,1.3487,1.349,1.3481,8145.0,20
2026-02-12 21:33:00,1770932039999,XRP,1m,1.3494,1.3504,1.3504,1.3494,7139.0,29
2026-02-12 21:34:00,1770932099999,XRP,1m,1.3508,1.3548,1.3549,1.3508,252030.0,113
2026-02-12 21:35:00,1770932159999,XRP,1m,1.3549,1.3557,1.356,1.3549,98068.0,46
2026-02-12 21:36:00,1770932219999,XRP,1m,1.3552,1.357,1.357,1.3552,7570.0,12
2026-02-12 21:37:00,1770932279999,XRP,1m,1.3564,1.3545,1.357,1.3545,15513.0,19
2026-02-12 21:38:00,1770932339999,XRP,1m,1.355,1.3551,1.3556,1.3549,76328.0,46
2026-02-12 21:39:00,1770932399999,XRP,1m,1.3547,1.3573,1.3573,1.3544,24889.0,19
2026-02-12 21:40:00,1770932459999,XRP,1m,1.357,1.357,1.3571,1.3555,932.0,11
2026-02-12 21:41:00,1770932519999,XRP,1m,1.3571,1.3563,1.3571,1.3563,314.0,8
2026-02-12 21:42:00,1770932579999,XRP,1m,1.3563,1.3566,1.3571,1.3563,9012.0,16
2026-02-12 21:43:00,1770932639999,XRP,1m,1.3564,1.3558,1.3564,1.3558,3338.0,3
2026-02-12 21:44:00,1770932699999,XRP,1m,1.3556,1.3553,1.3559,1.3553,50158.0,26
2026-02-12 21:45:00,1770932759999,XRP,1m,1.3552,1.3548,1.3552,1.3547,6751.0,9
2026-02-12 21:46:00,1770932819999,XRP,1m,1.354,1.3531,1.3543,1.3529,30324.0,28
2026-02-12 21:47:00,1770932879999,XRP,1m,1.3537,1.3532,1.3539,1.3532,11427.0,23
2026-02-12 21:48:00,1770932939999,XRP,1m,1.3533,1.3535,1.3538,1.3527,19339.0,25
2026-02-12 21:49:00,1770932999999,XRP,1m,1.3533,1.3516,1.3533,1.3511,31916.0,36
2026-02-12 21:50:00,1770933059999,XRP,1m,1.3519,1.353,1.3531,1.3516,12121.0,21
2026-02-12 21:51:00,1770933119999,XRP,1m,1.3533,1.3526,1.3539,1.3525,16513.0,21
2026-02-12 21:52:00,1770933179999,XRP,1m,1.352,1.3532,1.3532,1.352,10485.0,12
2026-02-12 21:53:00,1770933239999,XRP,1m,1.3533,1.3539,1.3545,1.3527,10615.0,25
2026-02-12 21:54:00,1770933299999,XRP,1m,1.3532,1.3525,1.3536,1.3525,10485.0,19
2026-02-12 21:55:00,1770933359999,XRP,1m,1.3525,1.3522,1.3526,1.3519,14663.0,15
2026-02-12 21:56:00,1770933419999,XRP,1m,1.3514,1.3504,1.3514,1.3504,42078.0,27
2026-02-12 21:57:00,1770933479999,XRP,1m,1.3506,1.3507,1.3507,1.3503,205.0,10
2026-02-12 21:58:00,1770933539999,XRP,1m,1.3505,1.3507,1.3507,1.3503,21062.0,24
2026-02-12 21:59:00,1770933599999,XRP,1m,1.3508,1.3509,1.3512,1.3506,5791.0,11
2026-02-12 22:00:00,1770933659999,XRP,1m,1.351,1.3502,1.3512,1.35,278644.0,85
2026-02-12 22:01:00,1770933719999,XRP,1m,1.3502,1.3518,1.3518,1.3496,23441.0,19
2026-02-12 22:02:00,1770933779999,XRP,1m,1.3514,1.3514,1.3514,1.3502,870.0,12
2026-02-12 22:03:00,1770933839999,XRP,1m,1.3518,1.352,1.3525,1.3515,21111.0,33
2026-02-12 22:04:00,1770933899999,XRP,1m,1.3518,1.3525,1.3525,1.3516,42776.0,25
2026-02-12 22:05:00,1770933959999,XRP,1m,1.3524,1.3529,1.3531,1.3524,5526.0,11
2026-02-12 22:06:00,1770934019999,XRP,1m,1.352,1.3535,1.3535,1.352,12493.0,24
2026-02-12 22:07:00,1770934079999,XRP,1m,1.3534,1.3523,1.3534,1.3523,11717.0,15
2026-02-12 22:08:00,1770934139999,XRP,1m,1.3519,1.3527,1.3527,1.3519,242.0,8
2026-02-12 22:09:00,1770934199999,XRP,1m,1.3532,1.3535,1.3535,1.3532,11496.0,14
2026-02-12 22:10:00,1770934259999,XRP,1m,1.3532,1.3532,1.3536,1.3527,9783.0,13
2026-02-12 22:11:00,1770934319999,XRP,1m,1.3534,1.3546,1.3546,1.3534,735.0,12
2026-02-12 22:12:00,1770934379999,XRP,1m,1.3544,1.3541,1.3545,1.3538,16086.0,24
2026-02-12 22:13:00,1770934439999,XRP,1m,1.3541,1.3533,1.3541,1.3518,19881.0,25
2026-02-12 22:14:00,1770934499999,XRP,1m,1.3532,1.354,1.354,1.3532,21145.0,25
2026-02-12 22:15:00,1770934559999,XRP,1m,1.3541,1.353,1.3541,1.353,20681.0,30
2026-02-12 22:16:00,1770934619999,XRP,1m,1.3524,1.3517,1.3524,1.3517,6873.0,15
2026-02-12 22:17:00,1770934679999,XRP,1m,1.3512,1.3511,1.3514,1.3508,49798.0,34
2026-02-12 22:18:00,1770934739999,XRP,1m,1.3509,1.3512,1.3514,1.3509,5386.0,11
2026-02-12 22:19:00,1770934799999,XRP,1m,1.3512,1.3514,1.3515,1.3511,1040.0,11
2026-02-12 22:20:00,1770934859999,XRP,1m,1.3517,1.3513,1.3517,1.3513,6766.0,9
2026-02-12 22:21:00,1770934919999,XRP,1m,1.3508,1.3499,1.3509,1.3499,87893.0,49
2026-02-12 22:22:00,1770934979999,XRP,1m,1.3499,1.3506,1.3506,1.3492,29333.0,34
2026-02-12 22:23:00,1770935039999,XRP,1m,1.351,1.3527,1.3527,1.3506,7889.0,20
2026-02-12 22:24:00,1770935099999,XRP,1m,1.3529,1.3536,1.3536,1.3529,13043.0,21
2026-02-12 22:25:00,1770935159999,XRP,1m,1.3542,1.3553,1.3558,1.3537,1797.0,17
2026-02-12 22:26:00,1770935219999,XRP,1m,1.3548,1.3552,1.3553,1.3544,2085.0,9
2026-02-12 22:27:00,1770935279999,XRP,1m,1.3554,1.357,1.3575,1.3551,144290.0,55
2026-02-12 22:28:00,1770935339999,XRP,1m,1.3564,1.3564,1.3583,1.3563,185281.0,69
2026-02-12 22:29:00,1770935399999,XRP,1m,1.3568,1.3557,1.3568,1.3557,6685.0,9
2026-02-12 22:30:00,1770935459999,XRP,1m,1.3564,1.3564,1.3567,1.3559,3004.0,18
2026-02-12 22:31:00,1770935519999,XRP,1m,1.3565,1.3579,1.358,1.3565,16135.0,19
2026-02-12 22:32:00,1770935579999,XRP,1m,1.3583,1.3588,1.3594,1.3577,6351.0,32
2026-02-12 22:33:00,1770935639999,XRP,1m,1.3587,1.3592,1.3594,1.3584,8389.0,28
2026-02-12 22:34:00,1770935699999,XRP,1m,1.359,1.3578,1.359,1.3576,55558.0,54
2026-02-12 22:35:00,1770935759999,XRP,1m,1.3578,1.3596,1.3597,1.3578,11211.0,22
2026-02-12 22:36:00,1770935819999,XRP,1m,1.3592,1.3604,1.3606,1.3585,12080.0,20
2026-02-12 22:37:00,1770935879999,XRP,1m,1.3604,1.3597,1.3605,1.3597,791.0,13
2026-02-12 22:38:00,1770935939999,XRP,1m,1.3593,1.3588,1.3594,1.3587,5133.0,11
2026-02-12 22:39:00,1770935999999,XRP,1m,1.3586,1.3573,1.3586,1.357,12041.0,22
2026-02-12 22:40:00,1770936059999,XRP,1m,1.3565,1.3573,1.3573,1.3561,5959.0,14
2026-02-12 22:41:00,1770936119999,XRP,1m,1.3567,1.3561,1.3568,1.3554,6013.0,14
2026-02-12 22:42:00,1770936179999,XRP,1m,1.357,1.3581,1.3581,1.3569,2913.0,16
2026-02-12 22:43:00,1770936239999,XRP,1m,1.358,1.3607,1.361,1.3579,1368.0,24
2026-02-12 22:44:00,1770936299999,XRP,1m,1.361,1.3611,1.3617,1.3609,8651.0,33
2026-02-12 22:45:00,1770936359999,XRP,1m,1.3617,1.3635,1.3637,1.3616,16551.0,33
2026-02-12 22:46:00,1770936419999,XRP,1m,1.3635,1.3645,1.3647,1.3632,16249.0,53
2026-02-12 22:47:00,1770936479999,XRP,1m,1.3646,1.3649,1.3653,1.3646,12883.0,47
2026-02-12 22:48:00,1770936539999,XRP,1m,1.365,1.3634,1.365,1.3634,9663.0,26
2026-02-12 22:49:00,1770936599999,XRP,1m,1.3634,1.3631,1.3635,1.363,6252.0,23
2026-02-12 22:50:00,1770936659999,XRP,1m,1.364,1.3633,1.364,1.3624,209946.0,66
2026-02-12 22:51:00,1770936719999,XRP,1m,1.3632,1.3618,1.3632,1.3616,6830.0,19
2026-02-12 22:52:00,1770936779999,XRP,1m,1.362,1.3614,1.362,1.3614,2382.0,21
2026-02-12 22:53:00,1770936839999,XRP,1m,1.3612,1.3607,1.3612,1.3606,10025.0,13
2026-02-12 22:54:00,1770936899999,XRP,1m,1.3609,1.3627,1.3627,1.3609,846.0,11
2026-02-12 22:55:00,1770936959999,XRP,1m,1.3622,1.3616,1.3623,1.361,15428.0,19
2026-02-12 22:56:00,1770937019999,XRP,1m,1.3611,1.3613,1.3613,1.361,836.0,10
2026-02-12 22:57:00,1770937079999,XRP,1m,1.3612,1.3633,1.3634,1.3612,851.0,18
2026-02-12 22:58:00,1770937139999,XRP,1m,1.3632,1.3644,1.3645,1.3632,417.0,18
2026-02-12 22:59:00,1770937199999,XRP,1m,1.3641,1.3635,1.3646,1.3634,15841.0,32
2026-02-12 23:00:00,1770937259999,XRP,1m,1.3634,1.3619,1.3637,1.3619,80458.0,50
2026-02-12 23:01:00,1770937319999,XRP,1m,1.3627,1.3659,1.3659,1.3626,9434.0,28
2026-02-12 23:02:00,1770937379999,XRP,1m,1.3662,1.364,1.3669,1.3637,25463.0,60
2026-02-12 23:03:00,1770937439999,XRP,1m,1.3644,1.3658,1.3662,1.3643,15745.0,29
2026-02-12 23:04:00,1770937499999,XRP,1m,1.3647,1.3656,1.3657,1.3647,19845.0,16
2026-02-12 23:05:00,1770937559999,XRP,1m,1.3651,1.3655,1.3659,1.3647,10557.0,20
2026-02-12 23:06:00,1770937619999,XRP,1m,1.3656,1.369,1.3691,1.3656,47541.0,78
2026-02-12 23:07:00,1770937679999,XRP,1m,1.369,1.3679,1.3691,1.3672,117451.0,83
2026-02-12 23:08:00,1770937739999,XRP,1m,1.3679,1.3664,1.3679,1.3662,11299.0,29
2026-02-12 23:09:00,1770937799999,XRP,1m,1.3668,1.3671,1.3679,1.3668,6980.0,22
2026-02-12 23:10:00,1770937859999,XRP,1m,1.3669,1.3641,1.3669,1.3641,5785.0,22
2026-02-12 23:11:00,1770937919999,XRP,1m,1.3642,1.3641,1.3644,1.3638,333066.0,87
2026-02-12 23:12:00,1770937979999,XRP,1m,1.3643,1.3638,1.3643,1.3634,13596.0,27
2026-02-12 23:13:00,1770938039999,XRP,1m,1.3641,1.3647,1.3647,1.3641,5942.0,9
2026-02-12 23:14:00,1770938099999,XRP,1m,1.3647,1.3642,1.365,1.3639,75671.0,64
2026-02-12 23:15:00,1770938159999,XRP,1m,1.3648,1.3645,1.3648,1.3633,241838.0,115
2026-02-12 23:16:00,1770938219999,XRP,1m,1.3652,1.3651,1.3658,1.3644,158583.0,90
2026-02-12 23:17:00,1770938279999,XRP,1m,1.365,1.3645,1.3652,1.364,404823.0,149
2026-02-12 23:18:00,1770938339999,XRP,1m,1.3644,1.3631,1.3644,1.3622,363420.0,127
2026-02-12 23:19:00,1770938399999,XRP,1m,1.3629,1.3629,1.3631,1.3621,17152.0,29
2026-02-12 23:20:00,1770938459999,XRP,1m,1.364,1.3651,1.3651,1.3625,418402.0,165
2026-02-12 23:21:00,1770938519999,XRP,1m,1.3651,1.3646,1.3656,1.3646,261878.0,128
2026-02-12 23:22:00,1770938579999,XRP,1m,1.3652,1.366,1.3662,1.3647,57792.0,55
2026-02-12 23:23:00,1770938639999,XRP,1m,1.366,1.3657,1.3665,1.3655,163710.0,127
2026-02-12 23:24:00,1770938699999,XRP,1m,1.3662,1.3672,1.3675,1.3657,165745.0,101
2026-02-12 23:25:00,1770938759999,XRP,1m,1.3672,1.3671,1.3673,1.3664,221423.0,144
2026-02-12 23:26:00,1770938819999,XRP,1m,1.3671,1.3648,1.3671,1.3645,431014.0,238
2026-02-12 23:27:00,1770938879999,XRP,1m,1.3647,1.3646,1.3647,1.364,59058.0,49
2026-02-12 23:28:00,1770938939999,XRP,1m,1.3645,1.3638,1.3645,1.3637,44525.0,37
2026-02-12 23:29:00,1770938999999,XRP,1m,1.3639,1.3633,1.3641,1.3625,231116.0,96
2026-02-12 23:30:00,1770939059999,XRP,1m,1.3634,1.3621,1.3634,1.3619,89681.0,51
2026-02-12 23:31:00,1770939119999,XRP,1m,1.3621,1.364,1.3641,1.362,220978.0,86
2026-02-12 23:32:00,1770939179999,XRP,1m,1.3639,1.3639,1.365,1.3631,38953.0,45
2026-02-12 23:33:00,1770939239999,XRP,1m,1.364,1.3622,1.3646,1.3622,13952.0,24
2026-02-12 23:34:00,1770939299999,XRP,1m,1.3634,1.3645,1.3646,1.3634,17341.0,21
2026-02-12 23:35:00,1770939359999,XRP,1m,1.3641,1.3626,1.3641,1.3625,206129.0,54
2026-02-12 23:36:00,1770939419999,XRP,1m,1.3626,1.3624,1.3626,1.3619,15114.0,20
2026-02-12 23:37:00,1770939479999,XRP,1m,1.3617,1.3609,1.3624,1.3609,10104.0,18
2026-02-12 23:38:00,1770939539999,XRP,1m,1.3612,1.3599,1.3612,1.3599,2257.0,12
2026-02-12 23:39:00,1770939599999,XRP,1m,1.3608,1.3615,1.3615,1.3602,11628.0,25
2026-02-12 23:40:00,1770939659999,XRP,1m,1.362,1.363,1.363,1.362,4516.0,20
2026-02-12 23:41:00,1770939719999,XRP,1m,1.3629,1.363,1.363,1.3627,3330.0,14
2026-02-12 23:42:00,1770939779999,XRP,1m,1.3634,1.363,1.3638,1.3629,101168.0,49
2026-02-12 23:43:00,1770939839999,XRP,1m,1.3636,1.3627,1.3636,1.3622,102136.0,48
2026-02-12 23:44:00,1770939899999,XRP,1m,1.3622,1.3626,1.3626,1.3619,852.0,12
2026-02-12 23:45:00,1770939959999,XRP,1m,1.3627,1.3626,1.3631,1.3626,1203.0,14
2026-02-12 23:46:00,1770940019999,XRP,1m,1.3624,1.3618,1.3629,1.3614,484897.0,82
2026-02-12 23:47:00,1770940079999,XRP,1m,1.3619,1.362,1.362,1.3616,983.0,16
2026-02-12 23:48:00,1770940139999,XRP,1m,1.3624,1.3618,1.3627,1.3617,3450.0,9
2026-02-12 23:49:00,1770940199999,XRP,1m,1.3619,1.3619,1.362,1.3612,229.0,8
2026-02-12 23:50:00,1770940259999,XRP,1m,1.3622,1.3618,1.3622,1.3614,17322.0,16
2026-02-12 23:51:00,1770940319999,XRP,1m,1.3615,1.3614,1.362,1.361,351.0,8
2026-02-12 23:52:00,1770940379999,XRP,1m,1.361,1.3611,1.3615,1.361,3999.0,13
2026-02-12 23:53:00,1770940439999,XRP,1m,1.361,1.3614,1.3614,1.361,10915.0,25
2026-02-12 23:54:00,1770940499999,XRP,1m,1.3613,1.3613,1.3617,1.361,5668.0,11
2026-02-12 23:55:00,1770940559999,XRP,1m,1.3618,1.3629,1.3634,1.3618,5158.0,25
2026-02-12 23:56:00,1770940619999,XRP,1m,1.363,1.362,1.363,1.362,20609.0,31
2026-02-12 23:57:00,1770940679999,XRP,1m,1.3618,1.3629,1.3629,1.3618,504.0,8
2026-02-12 23:58:00,1770940739999,XRP,1m,1.3631,1.3627,1.3636,1.3626,52689.0,49
2026-02-12 23:59:00,1770940799999,XRP,1m,1.3622,1.3625,1.3626,1.362,13449.0,21
2026-02-13 00:00:00,1770940859999,XRP,1m,1.3625,1.3623,1.3625,1.3609,41795.0,53
2026-02-13 00:01:00,1770940919999,XRP,1m,1.3624,1.3655,1.3655,1.3624,63075.0,59
2026-02-13 00:02:00,1770940979999,XRP,1m,1.3654,1.3655,1.3669,1.3648,471802.0,208
2026-02-13 00:03:00,1770941039999,XRP,1m,1.3656,1.3651,1.3656,1.3636,487149.0,185
2026-02-13 00:04:00,1770941099999,XRP,1m,1.3649,1.3635,1.3649,1.3634,229710.0,105
2026-02-13 00:05:00,1770941159999,XRP,1m,1.3642,1.3638,1.3642,1.362,297779.0,160
2026-02-13 00:06:00,1770941219999,XRP,1m,1.3638,1.3629,1.3638,1.3628,183945.0,125
2026-02-13 00:07:00,1770941279999,XRP,1m,1.3628,1.3618,1.3631,1.3617,41857.0,30
2026-02-13 00:08:00,1770941339999,XRP,1m,1.3622,1.3606,1.363,1.3606,463396.0,129
2026-02-13 00:09:00,1770941399999,XRP,1m,1.3614,1.3613,1.3616,1.3612,64966.0,34
2026-02-13 00:10:00,1770941459999,XRP,1m,1.3615,1.3621,1.3624,1.3615,105406.0,51
2026-02-13 00:11:00,1770941519999,XRP,1m,1.3622,1.3618,1.3626,1.3617,16703.0,23
2026-02-13 00:12:00,1770941579999,XRP,1m,1.3612,1.3612,1.3612,1.3602,53847.0,37
2026-02-13 00:13:00,1770941639999,XRP,1m,1.3618,1.3631,1.3633,1.3618,103393.0,50
2026-02-13 00:14:00,1770941699999,XRP,1m,1.3632,1.363,1.3634,1.3619,152325.0,93
2026-02-13 00:15:00,1770941759999,XRP,1m,1.3631,1.3631,1.3632,1.3626,3202.0,23
2026-02-13 00:16:00,1770941819999,XRP,1m,1.3631,1.3621,1.3632,1.3621,16366.0,23
2026-02-13 00:17:00,1770941879999,XRP,1m,1.362,1.3603,1.362,1.3601,6732.0,23
2026-02-13 00:18:00,1770941939999,XRP,1m,1.3607,1.3602,1.3607,1.3599,1167.0,12
2026-02-13 00:19:00,1770941999999,XRP,1m,1.36,1.3596,1.3607,1.3596,7018.0,17
2026-02-13 00:20:00,1770942059999,XRP,1m,1.3594,1.3602,1.3609,1.3594,16086.0,23
2026-02-13 00:21:00,1770942119999,XRP,1m,1.3603,1.3592,1.3605,1.3592,8509.0,19
2026-02-13 00:22:00,1770942179999,XRP,1m,1.3589,1.3573,1.3589,1.3566,75171.0,40
2026-02-13 00:23:00,1770942239999,XRP,1m,1.358,1.3578,1.358,1.3578,888.0,10
2026-02-13 00:24:00,1770942299999,XRP,1m,1.3586,1.3581,1.3591,1.3579,2231.0,14
2026-02-13 00:25:00,1770942359999,XRP,1m,1.3585,1.3571,1.3585,1.3571,7427.0,14
2026-02-13 00:26:00,1770942419999,XRP,1m,1.3576,1.3559,1.3577,1.3559,183516.0,62
2026-02-13 00:27:00,1770942479999,XRP,1m,1.3568,1.3565,1.3571,1.3565,24310.0,20
2026-02-13 00:28:00,1770942539999,XRP,1m,1.3569,1.3567,1.3571,1.3566,160378.0,88
2026-02-13 00:29:00,1770942599999,XRP,1m,1.3567,1.3554,1.3567,1.355,215035.0,154
2026-02-13 00:30:00,1770942659999,XRP,1m,1.3553,1.3553,1.3554,1.354,332735.0,149
2026-02-13 00:31:00,1770942719999,XRP,1m,1.3553,1.3545,1.3554,1.3545,167424.0,107
2026-02-13 00:32:00,1770942779999,XRP,1m,1.3545,1.3528,1.3549,1.3528,38942.0,38
2026-02-13 00:33:00,1770942839999,XRP,1m,1.3528,1.349,1.3531,1.3473,2784079.0,578
2026-02-13 00:34:00,1770942899999,XRP,1m,1.349,1.3496,1.3496,1.3479,191966.0,133
2026-02-13 00:35:00,1770942959999,XRP,1m,1.3497,1.35,1.35,1.349,86452.0,57
2026-02-13 00:36:00,1770943019999,XRP,1m,1.3501,1.3525,1.3525,1.3501,144870.0,84
2026-02-13 00:37:00,1770943079999,XRP,1m,1.3524,1.3517,1.3525,1.3506,75466.0,67
2026-02-13 00:38:00,1770943139999,XRP,1m,1.352,1.3528,1.353,1.3512,53870.0,51
2026-02-13 00:39:00,1770943199999,XRP,1m,1.3523,1.355,1.3552,1.3522,39042.0,68
2026-02-13 00:40:00,1770943259999,XRP,1m,1.3545,1.3549,1.3549,1.3541,31663.0,37
2026-02-13 00:41:00,1770943319999,XRP,1m,1.3549,1.3538,1.3549,1.3533,14707.0,43
2026-02-13 00:42:00,1770943379999,XRP,1m,1.3537,1.3528,1.3537,1.3527,9218.0,30
2026-02-13 00:43:00,1770943439999,XRP,1m,1.3527,1.352,1.3527,1.3518,46734.0,30
2026-02-13 00:44:00,1770943499999,XRP,1m,1.3508,1.3506,1.3512,1.3504,29010.0,24
2026-02-13 00:45:00,1770943559999,XRP,1m,1.3502,1.3503,1.3507,1.3502,12987.0,13
2026-02-13 00:46:00,1770943619999,XRP,1m,1.3501,1.3506,1.3506,1.35,27488.0,25
2026-02-13 00:47:00,1770943679999,XRP,1m,1.3504,1.35,1.3511,1.35,8064.0,28
2026-02-13 00:48:00,1770943739999,XRP,1m,1.3501,1.3489,1.3501,1.3486,16999.0,19
2026-02-13 00:49:00,1770943799999,XRP,1m,1.3491,1.3494,1.3495,1.3485,4824.0,16
2026-02-13 00:50:00,1770943859999,XRP,1m,1.35,1.349,1.35,1.3489,18993.0,19
2026-02-13 00:51:00,1770943919999,XRP,1m,1.349,1.3483,1.3493,1.3481,44209.0,25
2026-02-13 00:52:00,1770943979999,XRP,1m,1.3495,1.3511,1.3511,1.3492,17330.0,28
2026-02-13 00:53:00,1770944039999,XRP,1m,1.3506,1.3509,1.3509,1.3506,230.0,8
2026-02-13 00:54:00,1770944099999,XRP,1m,1.3513,1.353,1.3535,1.3513,11799.0,22
2026-02-13 00:55:00,1770944159999,XRP,1m,1.3535,1.3534,1.3538,1.3532,787.0,13
2026-02-13 00:56:00,1770944219999,XRP,1m,1.354,1.3532,1.3541,1.353,1739.0,14
2026-02-13 00:57:00,1770944279999,XRP,1m,1.3533,1.3532,1.3537,1.3532,3811.0,20
2026-02-13 00:58:00,1770944339999,XRP,1m,1.3535,1.3536,1.354,1.3532,11779.0,24
2026-02-13 00:59:00,1770944399999,XRP,1m,1.3534,1.353,1.3534,1.353,89.0,8
2026-02-13 01:00:00,1770944459999,XRP,1m,1.3533,1.3531,1.3536,1.3523,4821.0,19
2026-02-13 01:01:00,1770944519999,XRP,1m,1.3531,1.353,1.3534,1.3529,19918.0,20
2026-02-13 01:02:00,1770944579999,XRP,1m,1.3536,1.352,1.3538,1.352,2736.0,16
2026-02-13 01:03:00,1770944639999,XRP,1m,1.3541,1.3543,1.3543,1.3541,365.0,7
2026-02-13 01:04:00,1770944699999,XRP,1m,1.354,1.3536,1.3541,1.3534,45940.0,28
2026-02-13 01:05:00,1770944759999,XRP,1m,1.3538,1.3537,1.3549,1.3536,5595.0,22
2026-02-13 01:06:00,1770944819999,XRP,1m,1.3537,1.3554,1.3555,1.3537,6850.0,22
2026-02-13 01:07:00,1770944879999,XRP,1m,1.3551,1.3563,1.3564,1.3548,13191.0,29
2026-02-13 01:08:00,1770944939999,XRP,1m,1.3567,1.3572,1.3581,1.3559,40190.0,47
2026-02-13 01:09:00,1770944999999,XRP,1m,1.357,1.3567,1.3571,1.3562,1589.0,15
2026-02-13 01:10:00,1770945059999,XRP,1m,1.3571,1.3563,1.3572,1.3562,3566.0,17
2026-02-13 01:11:00,1770945119999,XRP,1m,1.3568,1.3563,1.3568,1.3563,1147.0,10
2026-02-13 01:12:00,1770945179999,XRP,1m,1.3567,1.3563,1.3568,1.3563,964.0,14
2026-02-13 01:13:00,1770945239999,XRP,1m,1.3562,1.3561,1.3568,1.356,37101.0,22
2026-02-13 01:14:00,1770945299999,XRP,1m,1.3564,1.3551,1.3564,1.355,27452.0,24
2026-02-13 01:15:00,1770945359999,XRP,1m,1.3556,1.3555,1.3564,1.3551,36978.0,25
2026-02-13 01:16:00,1770945419999,XRP,1m,1.3548,1.3529,1.3557,1.3529,5803.0,12
2026-02-13 01:17:00,1770945479999,XRP,1m,1.3533,1.3539,1.3547,1.3533,4526.0,11
2026-02-13 01:18:00,1770945539999,XRP,1m,1.3538,1.3546,1.3547,1.353,27758.0,25
2026-02-13 01:19:00,1770945599999,XRP,1m,1.3545,1.3525,1.3545,1.3525,5699.0,11
2026-02-13 01:20:00,1770945659999,XRP,1m,1.3531,1.3524,1.3533,1.3523,4945.0,13
2026-02-13 01:21:00,1770945719999,XRP,1m,1.3522,1.352,1.3522,1.3515,45.0,5
2026-02-13 01:22:00,1770945779999,XRP,1m,1.3515,1.3528,1.3528,1.3514,189.0,9
2026-02-13 01:23:00,1770945839999,XRP,1m,1.353,1.3508,1.353,1.3508,138.0,11
2026-02-13 01:24:00,1770945899999,XRP,1m,1.3511,1.3517,1.3517,1.3508,4287.0,15
2026-02-13 01:25:00,1770945959999,XRP,1m,1.3508,1.3493,1.3508,1.3491,11692.0,23
2026-02-13 01:26:00,1770946019999,XRP,1m,1.3491,1.349,1.35,1.3487,12025.0,26
2026-02-13 01:27:00,1770946079999,XRP,1m,1.349,1.3494,1.3496,1.349,20925.0,31
2026-02-13 01:28:00,1770946139999,XRP,1m,1.3494,1.3516,1.3516,1.3494,9431.0,34
2026-02-13 01:29:00,1770946199999,XRP,1m,1.3519,1.3527,1.354,1.3519,57715.0,48
2026-02-13 01:30:00,1770946259999,XRP,1m,1.3529,1.3551,1.3557,1.3529,11574.0,21
2026-02-13 01:31:00,1770946319999,XRP,1m,1.3543,1.3553,1.3553,1.354,5124.0,14
2026-02-13 01:32:00,1770946379999,XRP,1m,1.3556,1.3551,1.3561,1.3551,1630.0,14
2026-02-13 01:33:00,1770946439999,XRP,1m,1.3553,1.3546,1.3553,1.3543,1424.0,15
2026-02-13 01:34:00,1770946499999,XRP,1m,1.3547,1.3564,1.3564,1.3547,4207.0,16
2026-02-13 01:35:00,1770946559999,XRP,1m,1.3565,1.3553,1.3566,1.3552,26727.0,26
2026-02-13 01:36:00,1770946619999,XRP,1m,1.3555,1.358,1.3582,1.3554,28670.0,22
2026-02-13 01:37:00,1770946679999,XRP,1m,1.3579,1.3577,1.3579,1.3568,1687.0,13
2026-02-13 01:38:00,1770946739999,XRP,1m,1.3577,1.3595,1.3595,1.3576,20180.0,31
2026-02-13 01:39:00,1770946799999,XRP,1m,1.359,1.3598,1.3615,1.3588,185101.0,68
2026-02-13 01:40:00,1770946859999,XRP,1m,1.3609,1.3599,1.3613,1.3599,67742.0,51
2026-02-13 01:41:00,1770946919999,XRP,1m,1.3605,1.3601,1.3607,1.36,5495.0,16
2026-02-13 01:42:00,1770946979999,XRP,1m,1.3598,1.3605,1.3605,1.3597,1111.0,9
2026-02-13 01:43:00,1770947039999,XRP,1m,1.3603,1.3608,1.3612,1.36,6268.0,22
2026-02-13 01:44:00,1770947099999,XRP,1m,1.3603,1.3603,1.3604,1.3601,14202.0,19
2026-02-13 01:45:00,1770947159999,XRP,1m,1.3596,1.3618,1.3619,1.3594,5909.0,20
2026-02-13 01:46:00,1770947219999,XRP,1m,1.3613,1.3599,1.3613,1.3599,34156.0,43
2026-02-13 01:47:00,1770947279999,XRP,1m,1.3603,1.3598,1.3603,1.3592,77066.0,43
2026-02-13 01:48:00,1770947339999,XRP,1m,1.3597,1.3596,1.3603,1.3593,27454.0,36
2026-02-13 01:49:00,1770947399999,XRP,1m,1.3598,1.36,1.3601,1.3592,7956.0,20
2026-02-13 01:50:00,1770947459999,XRP,1m,1.3614,1.3608,1.3614,1.3605,103.0,7
2026-02-13 01:51:00,1770947519999,XRP,1m,1.3607,1.3606,1.3607,1.3605,97.0,6
2026-02-13 01:52:00,1770947579999,XRP,1m,1.3601,1.36,1.3606,1.36,1961.0,14
2026-02-13 01:53:00,1770947639999,XRP,1m,1.3599,1.36,1.3607,1.3599,8012.0,17
2026-02-13 01:54:00,1770947699999,XRP,1m,1.36,1.3583,1.3606,1.3575,6852.0,18
2026-02-13 01:55:00,1770947759999,XRP,1m,1.3582,1.3571,1.3582,1.357,3252.0,12
2026-02-13 01:56:00,1770947819999,XRP,1m,1.3565,1.3557,1.3565,1.3553,7732.0,19
2026-02-13 01:57:00,1770947879999,XRP,1m,1.3559,1.3553,1.3559,1.3551,2770.0,12
2026-02-13 01:58:00,1770947939999,XRP,1m,1.3557,1.3561,1.3564,1.3556,5639.0,11
2026-02-13 01:59:00,1770947999999,XRP,1m,1.3563,1.3566,1.3566,1.3563,6343.0,12
2026-02-13 02:00:00,1770948059999,XRP,1m,1.3568,1.3579,1.3579,1.3562,18378.0,21
2026-02-13 02:01:00,1770948119999,XRP,1m,1.3583,1.3582,1.3591,1.3582,37915.0,31
2026-02-13 02:02:00,1770948179999,XRP,1m,1.3586,1.3587,1.359,1.3581,19346.0,18
2026-02-13 02:03:00,1770948239999,XRP,1m,1.3588,1.3597,1.36,1.3588,760.0,13
2026-02-13 02:04:00,1770948299999,XRP,1m,1.3594,1.3592,1.3594,1.3587,2914.0,13
2026-02-13 02:05:00,1770948359999,XRP,1m,1.36,1.3596,1.36,1.3592,20210.0,20
2026-02-13 02:06:00,1770948419999,XRP,1m,1.36,1.3611,1.3611,1.36,2016.0,14
2026-02-13 02:07:00,1770948479999,XRP,1m,1.3608,1.3617,1.3618,1.3602,23610.0,26
2026-02-13 02:08:00,1770948539999,XRP,1m,1.3618,1.3626,1.3633,1.3615,51663.0,37
2026-02-13 02:09:00,1770948599999,XRP,1m,1.3622,1.364,1.364,1.3621,4288.0,20
2026-02-13 02:10:00,1770948659999,XRP,1m,1.3642,1.3637,1.3647,1.3636,144352.0,56
2026-02-13 02:11:00,1770948719999,XRP,1m,1.3635,1.3636,1.3639,1.3632,824.0,10
2026-02-13 02:12:00,1770948779999,XRP,1m,1.3633,1.363,1.3633,1.363,1132.0,10
2026-02-13 02:13:00,1770948839999,XRP,1m,1.3628,1.3631,1.3631,1.3625,18934.0,18
2026-02-13 02:14:00,1770948899999,XRP,1m,1.3626,1.3622,1.3626,1.362,26395.0,25
2026-02-13 02:15:00,1770948959999,XRP,1m,1.3625,1.3625,1.3626,1.3622,93.0,6
2026-02-13 02:16:00,1770949019999,XRP,1m,1.3623,1.3614,1.3627,1.3614,28787.0,25
2026-02-13 02:17:00,1770949079999,XRP,1m,1.3624,1.3635,1.3636,1.3624,3452.0,15
2026-02-13 02:18:00,1770949139999,XRP,1m,1.3622,1.3625,1.3625,1.3615,2360.0,13
2026-02-13 02:19:00,1770949199999,XRP,1m,1.3626,1.3624,1.3631,1.3624,532.0,10
2026-02-13 02:20:00,1770949259999,XRP,1m,1.3616,1.3601,1.3616,1.3597,2489.0,18
2026-02-13 02:21:00,1770949319999,XRP,1m,1.3592,1.3598,1.3598,1.3588,16175.0,21
2026-02-13 02:22:00,1770949379999,XRP,1m,1.3601,1.3604,1.361,1.3601,6968.0,16
2026-02-13 02:23:00,1770949439999,XRP,1m,1.3608,1.3602,1.3611,1.3602,5983.0,13
2026-02-13 02:24:00,1770949499999,XRP,1m,1.361,1.3621,1.3627,1.3607,15332.0,24
2026-02-13 02:25:00,1770949559999,XRP,1m,1.3623,1.362,1.3631,1.3614,26102.0,31
2026-02-13 02:26:00,1770949619999,XRP,1m,1.3621,1.3637,1.3637,1.3621,20071.0,23
2026-02-13 02:27:00,1770949679999,XRP,1m,1.3634,1.3636,1.3636,1.3626,2438.0,20
2026-02-13 02:28:00,1770949739999,XRP,1m,1.3637,1.3633,1.3638,1.3633,15770.0,26
2026-02-13 02:29:00,1770949799999,XRP,1m,1.3632,1.3617,1.3632,1.3617,3091.0,20
2026-02-13 02:30:00,1770949859999,XRP,1m,1.3615,1.361,1.3617,1.3608,16093.0,28
2026-02-13 02:31:00,1770949919999,XRP,1m,1.3607,1.3603,1.3607,1.3601,5367.0,22
2026-02-13 02:32:00,1770949979999,XRP,1m,1.3609,1.3611,1.3611,1.3602,1021.0,13
2026-02-13 02:33:00,1770950039999,XRP,1m,1.3613,1.3622,1.3622,1.361,8894.0,24
2026-02-13 02:34:00,1770950099999,XRP,1m,1.3622,1.3616,1.3627,1.3614,12117.0,28
2026-02-13 02:35:00,1770950159999,XRP,1m,1.3615,1.3608,1.3622,1.3608,8819.0,22
2026-02-13 02:36:00,1770950219999,XRP,1m,1.3612,1.3601,1.3612,1.3601,844.0,10
2026-02-13 02:37:00,1770950279999,XRP,1m,1.3599,1.3602,1.3602,1.3594,314.0,8
2026-02-13 02:38:00,1770950339999,XRP,1m,1.36,1.3601,1.3609,1.3599,4145.0,14
2026-02-13 02:39:00,1770950399999,XRP,1m,1.3601,1.3596,1.3601,1.3596,3020.0,11
2026-02-13 02:40:00,1770950459999,XRP,1m,1.3596,1.3589,1.3596,1.3586,3969.0,12
2026-02-13 02:41:00,1770950519999,XRP,1m,1.3588,1.3593,1.3593,1.3587,3252.0,12
2026-02-13 02:42:00,1770950579999,XRP,1m,1.3595,1.3599,1.3602,1.3591,987.0,12
2026-02-13 02:43:00,1770950639999,XRP,1m,1.3598,1.3618,1.3619,1.3598,5033.0,13
2026-02-13 02:44:00,1770950699999,XRP,1m,1.3615,1.361,1.3615,1.361,3359.0,18
2026-02-13 02:45:00,1770950759999,XRP,1m,1.3609,1.3615,1.3616,1.3608,2762.0,13
2026-02-13 02:46:00,1770950819999,XRP,1m,1.3615,1.3619,1.3619,1.3608,424.0,8
2026-02-13 02:47:00,1770950879999,XRP,1m,1.3616,1.3612,1.3616,1.3612,897.0,12
2026-02-13 02:48:00,1770950939999,XRP,1m,1.361,1.3622,1.3622,1.361,10709.0,28
2026-02-13 02:49:00,1770950999999,XRP,1m,1.3621,1.3614,1.3626,1.3614,8254.0,19
2026-02-13 02:50:00,1770951059999,XRP,1m,1.3618,1.3642,1.3642,1.3617,21276.0,29
2026-02-13 02:51:00,1770951119999,XRP,1m,1.3638,1.3646,1.3668,1.3637,50382.0,77
2026-02-13 02:52:00,1770951179999,XRP,1m,1.3644,1.3659,1.3659,1.3644,36214.0,34
2026-02-13 02:53:00,1770951239999,XRP,1m,1.3657,1.3653,1.3657,1.3649,10559.0,23
2026-02-13 02:54:00,1770951299999,XRP,1m,1.3653,1.3654,1.366,1.3653,10524.0,21
2026-02-13 02:55:00,1770951359999,XRP,1m,1.3658,1.3654,1.3659,1.3654,444.0,14
2026-02-13 02:56:00,1770951419999,XRP,1m,1.3658,1.3676,1.3679,1.3658,14429.0,19
2026-02-13 02:57:00,1770951479999,XRP,1m,1.3677,1.3671,1.3677,1.3664,49777.0,30
2026-02-13 02:58:00,1770951539999,XRP,1m,1.3669,1.3674,1.3677,1.3664,11302.0,23
2026-02-13 02:59:00,1770951599999,XRP,1m,1.3673,1.3659,1.3673,1.3656,6598.0,15
2026-02-13 03:00:00,1770951659999,XRP,1m,1.366,1.3658,1.3661,1.3653,3849.0,20
2026-02-13 03:01:00,1770951719999,XRP,1m,1.3658,1.3659,1.3663,1.3656,12220.0,34
2026-02-13 03:02:00,1770951779999,XRP,1m,1.3656,1.3658,1.3667,1.3656,16255.0,32
2026-02-13 03:03:00,1770951839999,XRP,1m,1.3658,1.367,1.3671,1.3651,13460.0,34
2026-02-13 03:04:00,1770951899999,XRP,1m,1.3666,1.3683,1.3689,1.3661,28622.0,45
2026-02-13 03:05:00,1770951959999,XRP,1m,1.3682,1.3658,1.3688,1.3658,34786.0,33
2026-02-13 03:06:00,1770952019999,XRP,1m,1.3654,1.3661,1.3671,1.3645,5181.0,20
2026-02-13 03:07:00,1770952079999,XRP,1m,1.3657,1.3658,1.3662,1.3647,651.0,12
2026-02-13 03:08:00,1770952139999,XRP,1m,1.3659,1.365,1.366,1.3646,30428.0,31
2026-02-13 03:09:00,1770952199999,XRP,1m,1.3652,1.3653,1.3662,1.3652,8427.0,15
2026-02-13 03:10:00,1770952259999,XRP,1m,1.3656,1.3651,1.3656,1.3645,561.0,10
2026-02-13 03:11:00,1770952319999,XRP,1m,1.3647,1.3652,1.3652,1.3645,2498.0,8
2026-02-13 03:12:00,1770952379999,XRP,1m,1.365,1.3652,1.3654,1.365,6227.0,13
2026-02-13 03:13:00,1770952439999,XRP,1m,1.3651,1.3647,1.3652,1.3647,1942.0,9
2026-02-13 03:14:00,1770952499999,XRP,1m,1.3648,1.3642,1.365,1.3642,740.0,10
2026-02-13 03:15:00,1770952559999,XRP,1m,1.3641,1.3639,1.3642,1.3639,43.0,5
2026-02-13 03:16:00,1770952619999,XRP,1m,1.3646,1.3646,1.3646,1.3644,4355.0,11
2026-02-13 03:17:00,1770952679999,XRP,1m,1.3649,1.3655,1.3657,1.3649,17032.0,25
2026-02-13 03:18:00,1770952739999,XRP,1m,1.3657,1.3673,1.3673,1.3656,16069.0,34
2026-02-13 03:19:00,1770952799999,XRP,1m,1.3662,1.3673,1.3674,1.3662,7316.0,18
2026-02-13 03:20:00,1770952859999,XRP,1m,1.3666,1.365,1.3668,1.365,4981.0,12
2026-02-13 03:21:00,1770952919999,XRP,1m,1.3645,1.3648,1.365,1.364,12707.0,14
2026-02-13 03:22:00,1770952979999,XRP,1m,1.365,1.3646,1.3651,1.3636,31280.0,31
2026-02-13 03:23:00,1770953039999,XRP,1m,1.3641,1.3647,1.3647,1.3641,290.0,9
2026-02-13 03:24:00,1770953099999,XRP,1m,1.3658,1.366,1.3666,1.3658,3350.0,10
2026-02-13 03:25:00,1770953159999,XRP,1m,1.3667,1.3662,1.3675,1.3662,7801.0,12
2026-02-13 03:26:00,1770953219999,XRP,1m,1.3654,1.3663,1.3668,1.3654,1448.0,10
2026-02-13 03:27:00,1770953279999,XRP,1m,1.3668,1.3669,1.3672,1.3666,4158.0,16
2026-02-13 03:28:00,1770953339999,XRP,1m,1.3666,1.3662,1.3666,1.366,1649.0,9
2026-02-13 03:29:00,1770953399999,XRP,1m,1.3663,1.3668,1.367,1.3663,9835.0,15
2026-02-13 03:30:00,1770953459999,XRP,1m,1.3668,1.3685,1.3693,1.3668,20540.0,40
2026-02-13 03:31:00,1770953519999,XRP,1m,1.3684,1.3705,1.3709,1.3684,28895.0,38
2026-02-13 03:32:00,1770953579999,XRP,1m,1.3703,1.3698,1.3703,1.369,58387.0,43
2026-02-13 03:33:00,1770953639999,XRP,1m,1.37,1.37,1.3702,1.3697,3074.0,17
2026-02-13 03:34:00,1770953699999,XRP,1m,1.3698,1.369,1.3705,1.369,318.0,8
2026-02-13 03:35:00,1770953759999,XRP,1m,1.3676,1.3681,1.3682,1.3676,1242.0,10
2026-02-13 03:36:00,1770953819999,XRP,1m,1.3687,1.3686,1.3691,1.3686,3803.0,11
2026-02-13 03:37:00,1770953879999,XRP,1m,1.3685,1.3669,1.3686,1.3669,1262.0,10
2026-02-13 03:38:00,1770953939999,XRP,1m,1.3671,1.3667,1.3674,1.3666,2279.0,9
2026-02-13 03:39:00,1770953999999,XRP,1m,1.367,1.3673,1.3676,1.3668,896.0,11
2026-02-13 03:40:00,1770954059999,XRP,1m,1.3674,1.3663,1.3674,1.3663,1380.0,11
2026-02-13 03:41:00,1770954119999,XRP,1m,1.3662,1.3666,1.3666,1.3659,96.0,7
2026-02-13 03:42:00,1770954179999,XRP,1m,1.3665,1.3666,1.367,1.3665,8818.0,13
2026-02-13 03:43:00,1770954239999,XRP,1m,1.3672,1.3668,1.3678,1.3668,3463.0,14
2026-02-13 03:44:00,1770954299999,XRP,1m,1.3668,1.3666,1.3674,1.3666,14675.0,11
2026-02-13 03:45:00,1770954359999,XRP,1m,1.3664,1.3662,1.3666,1.3659,1551.0,13
2026-02-13 03:46:00,1770954419999,XRP,1m,1.3661,1.3655,1.3662,1.3655,335.0,14
2026-02-13 03:47:00,1770954479999,XRP,1m,1.3651,1.3648,1.3651,1.3648,65.0,9
2026-02-13 03:48:00,1770954539999,XRP,1m,1.3648,1.3641,1.3648,1.3637,21045.0,26
2026-02-13 03:49:00,1770954599999,XRP,1m,1.3642,1.3636,1.3642,1.3636,1307.0,15
2026-02-13 03:50:00,1770954659999,XRP,1m,1.3641,1.364,1.3642,1.364,2307.0,11
2026-02-13 03:51:00,1770954719999,XRP,1m,1.3639,1.3633,1.3642,1.3633,109219.0,39
2026-02-13 03:52:00,1770954779999,XRP,1m,1.3633,1.363,1.3633,1.3626,21756.0,16
2026-02-13 03:53:00,1770954839999,XRP,1m,1.3627,1.3626,1.3629,1.3626,3287.0,8
2026-02-13 03:54:00,1770954899999,XRP,1m,1.3626,1.3618,1.3626,1.3618,29233.0,26
2026-02-13 03:55:00,1770954959999,XRP,1m,1.3624,1.362,1.3626,1.3619,79873.0,40
2026-02-13 03:56:00,1770955019999,XRP,1m,1.3623,1.3622,1.3626,1.3622,4471.0,13
2026-02-13 03:57:00,1770955079999,XRP,1m,1.3625,1.3622,1.3627,1.3618,10279.0,17
2026-02-13 03:58:00,1770955139999,XRP,1m,1.3619,1.3617,1.3619,1.3611,5155.0,13
2026-02-13 03:59:00,1770955199999,XRP,1m,1.3617,1.3639,1.3639,1.3611,9690.0,15
2026-02-13 04:00:00,1770955259999,XRP,1m,1.3642,1.3632,1.3643,1.3632,11521.0,30
2026-02-13 04:01:00,1770955319999,XRP,1m,1.3633,1.3635,1.3638,1.3632,1156.0,11
2026-02-13 04:02:00,1770955379999,XRP,1m,1.3638,1.364,1.3642,1.3637,766.0,12
2026-02-13 04:03:00,1770955439999,XRP,1m,1.3632,1.3627,1.3637,1.3627,5192.0,15
2026-02-13 04:04:00,1770955499999,XRP,1m,1.3624,1.3624,1.3632,1.362,43090.0,48
2026-02-13 04:05:00,1770955559999,XRP,1m,1.3624,1.3643,1.3647,1.3621,3420.0,21
2026-02-13 04:06:00,1770955619999,XRP,1m,1.3645,1.3659,1.366,1.3642,4904.0,22
2026-02-13 04:07:00,1770955679999,XRP,1m,1.3662,1.3654,1.3665,1.3653,1251.0,8
2026-02-13 04:08:00,1770955739999,XRP,1m,1.3643,1.3639,1.3643,1.3639,2379.0,11
2026-02-13 04:09:00,1770955799999,XRP,1m,1.3636,1.3646,1.3646,1.3634,3390.0,9
2026-02-13 04:10:00,1770955859999,XRP,1m,1.3649,1.3634,1.3649,1.3634,1515.0,12
2026-02-13 04:11:00,1770955919999,XRP,1m,1.3639,1.3642,1.3645,1.3639,1317.0,8
2026-02-13 04:12:00,1770955979999,XRP,1m,1.3642,1.3643,1.3645,1.3642,36.0,4
2026-02-13 04:13:00,1770956039999,XRP,1m,1.3641,1.3639,1.3641,1.3638,552.0,7
2026-02-13 04:14:00,1770956099999,XRP,1m,1.364,1.3645,1.3645,1.364,327.0,7
2026-02-13 04:15:00,1770956159999,XRP,1m,1.3648,1.3649,1.3649,1.3645,26866.0,29
2026-02-13 04:16:00,1770956219999,XRP,1m,1.3653,1.3662,1.3662,1.3651,19349.0,23
2026-02-13 04:17:00,1770956279999,XRP,1m,1.3662,1.3662,1.3664,1.366,45.0,5
2026-02-13 04:18:00,1770956339999,XRP,1m,1.3664,1.3667,1.3667,1.3663,1855.0,7
2026-02-13 04:19:00,1770956399999,XRP,1m,1.3667,1.366,1.3674,1.3659,43425.0,37
2026-02-13 04:20:00,1770956459999,XRP,1m,1.3653,1.3634,1.3653,1.3633,15972.0,21
2026-02-13 04:21:00,1770956519999,XRP,1m,1.3631,1.3612,1.3631,1.3602,32156.0,32
2026-02-13 04:22:00,1770956579999,XRP,1m,1.3614,1.362,1.3624,1.3614,26489.0,19
2026-02-13 04:23:00,1770956639999,XRP,1m,1.3618,1.3616,1.3618,1.3612,103.0,7
2026-02-13 04:24:00,1770956699999,XRP,1m,1.3619,1.3622,1.3627,1.3619,519.0,8
2026-02-13 04:25:00,1770956759999,XRP,1m,1.3621,1.3621,1.3621,1.3618,57.0,6
2026-02-13 04:26:00,1770956819999,XRP,1m,1.3625,1.3627,1.3627,1.3623,151.0,11
2026-02-13 04:27:00,1770956879999,XRP,1m,1.3628,1.3623,1.363,1.3623,53.0,6
2026-02-13 04:28:00,1770956939999,XRP,1m,1.3624,1.3623,1.3626,1.3623,2981.0,7
2026-02-13 04:29:00,1770956999999,XRP,1m,1.3626,1.3621,1.3626,1.3621,7642.0,8
2026-02-13 04:30:00,1770957059999,XRP,1m,1.361,1.3612,1.3614,1.361,2340.0,7
2026-02-13 04:31:00,1770957119999,XRP,1m,1.361,1.3604,1.361,1.3603,4142.0,16
2026-02-13 04:32:00,1770957179999,XRP,1m,1.3604,1.3596,1.3606,1.3596,1743.0,11
2026-02-13 04:33:00,1770957239999,XRP,1m,1.3598,1.3597,1.3598,1.3595,113.0,7
2026-02-13 04:34:00,1770957299999,XRP,1m,1.3598,1.3603,1.3606,1.3598,456.0,16
2026-02-13 04:35:00,1770957359999,XRP,1m,1.3602,1.3602,1.3607,1.3602,4160.0,12
2026-02-13 04:36:00,1770957419999,XRP,1m,1.3597,1.3602,1.3602,1.3595,2755.0,6
2026-02-13 04:37:00,1770957479999,XRP,1m,1.3608,1.3598,1.3609,1.3597,348.0,12
2026-02-13 04:38:00,1770957539999,XRP,1m,1.3597,1.3601,1.3604,1.3597,4833.0,10
2026-02-13 04:39:00,1770957599999,XRP,1m,1.3598,1.3596,1.3602,1.3593,80.0,8
2026-02-13 04:40:00,1770957659999,XRP,1m,1.3603,1.3596,1.3603,1.3596,2939.0,7
2026-02-13 04:41:00,1770957719999,XRP,1m,1.3595,1.3602,1.3603,1.3595,732.0,8
2026-02-13 04:42:00,1770957779999,XRP,1m,1.3603,1.3601,1.3603,1.3601,1465.0,10
2026-02-13 04:43:00,1770957839999,XRP,1m,1.3601,1.3596,1.3601,1.3595,4506.0,9
2026-02-13 04:44:00,1770957899999,XRP,1m,1.3596,1.3591,1.3596,1.3589,464.0,10
2026-02-13 04:45:00,1770957959999,XRP,1m,1.3586,1.3583,1.3586,1.3581,1801.0,14
2026-02-13 04:46:00,1770958019999,XRP,1m,1.359,1.3587,1.359,1.3584,3873.0,8
2026-02-13 04:47:00,1770958079999,XRP,1m,1.3583,1.3575,1.3583,1.3575,788.0,8
2026-02-13 04:48:00,1770958139999,XRP,1m,1.3579,1.3578,1.3579,1.3574,54.0,6
2026-02-13 04:49:00,1770958199999,XRP,1m,1.3581,1.3579,1.3582,1.3576,436.0,7
2026-02-13 04:50:00,1770958259999,XRP,1m,1.3574,1.3582,1.3582,1.3574,120.0,7
2026-02-13 04:51:00,1770958319999,XRP,1m,1.3588,1.3594,1.3594,1.3588,4209.0,12
2026-02-13 04:52:00,1770958379999,XRP,1m,1.3589,1.3589,1.3589,1.3587,53.0,6
2026-02-13 04:53:00,1770958439999,XRP,1m,1.3589,1.3594,1.3594,1.3587,802.0,12
2026-02-13 04:54:00,1770958499999,XRP,1m,1.3597,1.3594,1.3597,1.3592,1448.0,10
2026-02-13 04:55:00,1770958559999,XRP,1m,1.3593,1.3603,1.3603,1.3593,4054.0,13
2026-02-13 04:56:00,1770958619999,XRP,1m,1.3596,1.3592,1.3596,1.3592,373.0,7
2026-02-13 04:57:00,1770958679999,XRP,1m,1.3596,1.3589,1.3596,1.3589,80.0,7
2026-02-13 04:58:00,1770958739999,XRP,1m,1.3588,1.3582,1.3591,1.3582,16538.0,27
2026-02-13 04:59:00,1770958799999,XRP,1m,1.3579,1.3574,1.3579,1.357,7765.0,17
2026-02-13 05:00:00,1770958859999,XRP,1m,1.3577,1.3572,1.3578,1.3571,4081.0,16
2026-02-13 05:01:00,1770958919999,XRP,1m,1.3574,1.3589,1.3589,1.3574,6159.0,13
2026-02-13 05:02:00,1770958979999,XRP,1m,1.3588,1.3599,1.3599,1.3588,524.0,9
2026-02-13 05:03:00,1770959039999,XRP,1m,1.3598,1.3597,1.3599,1.3594,6756.0,19
2026-02-13 05:04:00,1770959099999,XRP,1m,1.3596,1.3591,1.3597,1.3591,1995.0,11
2026-02-13 05:05:00,1770959159999,XRP,1m,1.359,1.3585,1.3598,1.3585,2870.0,14
2026-02-13 05:06:00,1770959219999,XRP,1m,1.3574,1.3555,1.3574,1.3552,1718.0,17
2026-02-13 05:07:00,1770959279999,XRP,1m,1.3556,1.3542,1.3556,1.3541,31539.0,36
2026-02-13 05:08:00,1770959339999,XRP,1m,1.3547,1.3555,1.3555,1.3547,23213.0,34
2026-02-13 05:09:00,1770959399999,XRP,1m,1.3554,1.3558,1.3559,1.355,2257.0,16
2026-02-13 05:10:00,1770959459999,XRP,1m,1.3558,1.3553,1.3558,1.3552,16268.0,16
2026-02-13 05:11:00,1770959519999,XRP,1m,1.3553,1.3557,1.3561,1.3553,15853.0,18
2026-02-13 05:12:00,1770959579999,XRP,1m,1.3561,1.3563,1.3563,1.3559,5219.0,12
2026-02-13 05:13:00,1770959639999,XRP,1m,1.3564,1.3564,1.3568,1.3564,2044.0,11
2026-02-13 05:14:00,1770959699999,XRP,1m,1.3565,1.3561,1.3565,1.3561,145.0,6
2026-02-13 05:15:00,1770959759999,XRP,1m,1.3561,1.3549,1.3562,1.3549,2269.0,10
2026-02-13 05:16:00,1770959819999,XRP,1m,1.3551,1.3571,1.3572,1.3551,4731.0,12
2026-02-13 05:17:00,1770959879999,XRP,1m,1.3575,1.3573,1.3575,1.3572,2467.0,8
2026-02-13 05:18:00,1770959939999,XRP,1m,1.3573,1.3578,1.3585,1.3573,2629.0,14
2026-02-13 05:19:00,1770959999999,XRP,1m,1.3581,1.3579,1.3583,1.3578,91.0,8
2026-02-13 05:20:00,1770960059999,XRP,1m,1.3582,1.3584,1.3585,1.3582,141.0,8
2026-02-13 05:21:00,1770960119999,XRP,1m,1.3579,1.3583,1.3583,1.3575,2669.0,12
2026-02-13 05:22:00,1770960179999,XRP,1m,1.3584,1.3578,1.3584,1.3576,252.0,6
2026-02-13 05:23:00,1770960239999,XRP,1m,1.3575,1.3583,1.3583,1.3575,7207.0,9
2026-02-13 05:24:00,1770960299999,XRP,1m,1.3577,1.3572,1.3577,1.357,542.0,7
2026-02-13 05:25:00,1770960359999,XRP,1m,1.3571,1.3586,1.3588,1.3571,29482.0,31
2026-02-13 05:26:00,1770960419999,XRP,1m,1.3578,1.3573,1.3578,1.3572,1698.0,8
2026-02-13 05:27:00,1770960479999,XRP,1m,1.3561,1.3558,1.3561,1.3556,3253.0,13
2026-02-13 05:28:00,1770960539999,XRP,1m,1.3563,1.3562,1.3565,1.3562,1166.0,7
2026-02-13 05:29:00,1770960599999,XRP,1m,1.3562,1.356,1.3563,1.356,1317.0,10
2026-02-13 05:30:00,1770960659999,XRP,1m,1.3562,1.3585,1.3585,1.3562,398.0,10
2026-02-13 05:31:00,1770960719999,XRP,1m,1.3585,1.358,1.3585,1.3578,1824.0,16
2026-02-13 05:32:00,1770960779999,XRP,1m,1.3579,1.3576,1.3579,1.3575,306.0,12
2026-02-13 05:33:00,1770960839999,XRP,1m,1.3576,1.3583,1.3587,1.3573,3304.0,20
2026-02-13 05:34:00,1770960899999,XRP,1m,1.3583,1.3576,1.3584,1.3574,3732.0,14
2026-02-13 05:35:00,1770960959999,XRP,1m,1.3576,1.3586,1.3586,1.3575,173.0,13
2026-02-13 05:36:00,1770961019999,XRP,1m,1.3578,1.3592,1.3592,1.3578,127.0,12
2026-02-13 05:37:00,1770961079999,XRP,1m,1.3579,1.3586,1.3586,1.3578,4084.0,14
2026-02-13 05:38:00,1770961139999,XRP,1m,1.3581,1.3583,1.3588,1.3581,210.0,12
2026-02-13 05:39:00,1770961199999,XRP,1m,1.3582,1.3564,1.3582,1.3563,722.0,12
2026-02-13 05:40:00,1770961259999,XRP,1m,1.3567,1.3557,1.3567,1.3553,1484.0,13
2026-02-13 05:41:00,1770961319999,XRP,1m,1.355,1.3561,1.3561,1.355,63.0,7
2026-02-13 05:42:00,1770961379999,XRP,1m,1.3563,1.3568,1.3568,1.3563,64.0,7
2026-02-13 05:43:00,1770961439999,XRP,1m,1.3577,1.3579,1.3581,1.3577,418.0,13
2026-02-13 05:44:00,1770961499999,XRP,1m,1.3579,1.3578,1.3579,1.3578,64.0,7
2026-02-13 05:45:00,1770961559999,XRP,1m,1.3581,1.3582,1.3585,1.358,766.0,10
2026-02-13 05:46:00,1770961619999,XRP,1m,1.3582,1.358,1.3586,1.358,307.0,10
2026-02-13 05:47:00,1770961679999,XRP,1m,1.3578,1.3577,1.358,1.3577,50694.0,31
2026-02-13 05:48:00,1770961739999,XRP,1m,1.3577,1.3574,1.3577,1.3573,4189.0,9
2026-02-13 05:49:00,1770961799999,XRP,1m,1.3572,1.3578,1.3578,1.3571,270.0,10
2026-02-13 05:50:00,1770961859999,XRP,1m,1.3577,1.3573,1.3577,1.3568,739.0,11
2026-02-13 05:51:00,1770961919999,XRP,1m,1.3573,1.3572,1.3577,1.3572,233.0,12
2026-02-13 05:52:00,1770961979999,XRP,1m,1.3566,1.3564,1.3568,1.3563,15461.0,14
2026-02-13 05:53:00,1770962039999,XRP,1m,1.3563,1.3561,1.3564,1.356,206.0,10
2026-02-13 05:54:00,1770962099999,XRP,1m,1.3563,1.3565,1.3565,1.3561,15323.0,8
2026-02-13 05:55:00,1770962159999,XRP,1m,1.3566,1.3564,1.3568,1.3563,183.0,9
2026-02-13 05:56:00,1770962219999,XRP,1m,1.3566,1.3566,1.3568,1.3565,4630.0,9
2026-02-13 05:57:00,1770962279999,XRP,1m,1.3554,1.3552,1.3555,1.3545,242.0,10
2026-02-13 05:58:00,1770962339999,XRP,1m,1.355,1.3541,1.355,1.354,7350.0,15
2026-02-13 05:59:00,1770962399999,XRP,1m,1.3542,1.3526,1.3543,1.3526,1993.0,17
2026-02-13 06:00:00,1770962459999,XRP,1m,1.3525,1.3516,1.3527,1.3516,3748.0,31
2026-02-13 06:01:00,1770962519999,XRP,1m,1.3516,1.3522,1.3522,1.3516,1485.0,14
2026-02-13 06:02:00,1770962579999,XRP,1m,1.3524,1.353,1.353,1.3524,2361.0,20
2026-02-13 06:03:00,1770962639999,XRP,1m,1.3532,1.3526,1.3532,1.3525,2577.0,10
2026-02-13 06:04:00,1770962699999,XRP,1m,1.3523,1.353,1.353,1.352,377.0,8
2026-02-13 06:05:00,1770962759999,XRP,1m,1.3527,1.3535,1.3536,1.3526,4815.0,19
2026-02-13 06:06:00,1770962819999,XRP,1m,1.3532,1.3532,1.3533,1.3531,72.0,8
2026-02-13 06:07:00,1770962879999,XRP,1m,1.3533,1.3537,1.3537,1.3533,74.0,8
2026-02-13 06:08:00,1770962939999,XRP,1m,1.354,1.3537,1.3541,1.3536,1997.0,11
2026-02-13 06:09:00,1770962999999,XRP,1m,1.3537,1.354,1.354,1.3537,1156.0,11
2026-02-13 06:10:00,1770963059999,XRP,1m,1.354,1.3547,1.3547,1.354,3748.0,14
2026-02-13 06:11:00,1770963119999,XRP,1m,1.3548,1.3546,1.3552,1.3545,958.0,14
2026-02-13 06:12:00,1770963179999,XRP,1m,1.3544,1.3537,1.3544,1.3537,142.0,9
2026-02-13 06:13:00,1770963239999,XRP,1m,1.3535,1.3541,1.3541,1.3532,108.0,9
2026-02-13 06:14:00,1770963299999,XRP,1m,1.3545,1.3536,1.3545,1.3536,73.0,7
2026-02-13 06:15:00,1770963359999,XRP,1m,1.3535,1.3538,1.3542,1.3535,1590.0,8
2026-02-13 06:16:00,1770963419999,XRP,1m,1.3541,1.3542,1.3545,1.3541,345.0,6
2026-02-13 06:17:00,1770963479999,XRP,1m,1.3548,1.3544,1.355,1.3542,62.0,7
2026-02-13 06:18:00,1770963539999,XRP,1m,1.3544,1.3541,1.3549,1.3541,45.0,5
2026-02-13 06:19:00,1770963599999,XRP,1m,1.3541,1.3542,1.3542,1.3541,18017.0,10
2026-02-13 06:20:00,1770963659999,XRP,1m,1.3541,1.3538,1.3546,1.3537,1174.0,9
2026-02-13 06:21:00,1770963719999,XRP,1m,1.3543,1.3541,1.3543,1.3541,7456.0,11
2026-02-13 06:22:00,1770963779999,XRP,1m,1.3539,1.3534,1.3542,1.3534,475.0,8
2026-02-13 06:23:00,1770963839999,XRP,1m,1.3522,1.3505,1.3522,1.3503,17029.0,26
2026-02-13 06:24:00,1770963899999,XRP,1m,1.3507,1.3495,1.3507,1.3492,24029.0,21
2026-02-13 06:25:00,1770963959999,XRP,1m,1.3499,1.3492,1.3499,1.3492,174.0,8
2026-02-13 06:26:00,1770964019999,XRP,1m,1.35,1.35,1.3503,1.3498,3414.0,6
2026-02-13 06:27:00,1770964079999,XRP,1m,1.3503,1.3503,1.3508,1.3501,20323.0,29
2026-02-13 06:28:00,1770964139999,XRP,1m,1.3502,1.3498,1.3504,1.3498,10591.0,11
2026-02-13 06:29:00,1770964199999,XRP,1m,1.3498,1.3501,1.3501,1.3497,5883.0,9
2026-02-13 06:30:00,1770964259999,XRP,1m,1.3495,1.3497,1.3498,1.3495,329.0,8
2026-02-13 06:31:00,1770964319999,XRP,1m,1.3496,1.3487,1.3502,1.3486,14360.0,23
2026-02-13 06:32:00,1770964379999,XRP,1m,1.3493,1.348,1.3495,1.3477,7981.0,14
2026-02-13 06:33:00,1770964439999,XRP,1m,1.3486,1.3485,1.3486,1.3477,1148.0,10
2026-02-13 06:34:00,1770964499999,XRP,1m,1.3496,1.3501,1.3509,1.3496,5843.0,18
2026-02-13 06:35:00,1770964559999,XRP,1m,1.3498,1.3503,1.3508,1.3497,474.0,9
2026-02-13 06:36:00,1770964619999,XRP,1m,1.3499,1.3493,1.35,1.3492,30278.0,38
2026-02-13 06:37:00,1770964679999,XRP,1m,1.3496,1.3492,1.35,1.3492,1095.0,11
2026-02-13 06:38:00,1770964739999,XRP,1m,1.3492,1.3499,1.35,1.3492,4107.0,8
2026-02-13 06:39:00,1770964799999,XRP,1m,1.3497,1.3494,1.35,1.3494,5283.0,13
2026-02-13 06:40:00,1770964859999,XRP,1m,1.3494,1.3498,1.3498,1.349,45.0,5
2026-02-13 06:41:00,1770964919999,XRP,1m,1.3496,1.3501,1.3501,1.3495,83.0,7
2026-02-13 06:42:00,1770964979999,XRP,1m,1.3501,1.3498,1.3502,1.3498,1096.0,6
2026-02-13 06:43:00,1770965039999,XRP,1m,1.3498,1.35,1.35,1.3497,3445.0,7
2026-02-13 06:44:00,1770965099999,XRP,1m,1.3505,1.3502,1.3506,1.3502,25364.0,25
2026-02-13 06:45:00,1770965159999,XRP,1m,1.3501,1.3489,1.3501,1.3489,802.0,6
2026-02-13 06:46:00,1770965219999,XRP,1m,1.3493,1.3498,1.3507,1.3493,3450.0,10
2026-02-13 06:47:00,1770965279999,XRP,1m,1.3505,1.3502,1.351,1.3501,299.0,10
2026-02-13 06:48:00,1770965339999,XRP,1m,1.3502,1.3505,1.3507,1.3499,5008.0,12
2026-02-13 06:49:00,1770965399999,XRP,1m,1.3502,1.3501,1.3503,1.3501,177.0,8
2026-02-13 06:50:00,1770965459999,XRP,1m,1.3504,1.3511,1.3514,1.3504,186.0,10
2026-02-13 06:51:00,1770965519999,XRP,1m,1.3515,1.3536,1.3536,1.3515,11647.0,25
2026-02-13 06:52:00,1770965579999,XRP,1m,1.3535,1.3531,1.3536,1.353,2728.0,14
2026-02-13 06:53:00,1770965639999,XRP,1m,1.3534,1.3531,1.3534,1.3531,78.0,8
2026-02-13 06:54:00,1770965699999,XRP,1m,1.3541,1.3542,1.3542,1.354,3188.0,10
2026-02-13 06:55:00,1770965759999,XRP,1m,1.354,1.3535,1.354,1.3533,1983.0,9
2026-02-13 06:56:00,1770965819999,XRP,1m,1.354,1.356,1.3563,1.354,1406.0,14
2026-02-13 06:57:00,1770965879999,XRP,1m,1.3564,1.3562,1.3564,1.3557,9217.0,16
2026-02-13 06:58:00,1770965939999,XRP,1m,1.3561,1.3564,1.3567,1.3561,2070.0,12
2026-02-13 06:59:00,1770965999999,XRP,1m,1.3565,1.3562,1.3566,1.3562,4372.0,10
2026-02-13 07:00:00,1770966059999,XRP,1m,1.3562,1.3557,1.3564,1.3557,11760.0,25
2026-02-13 07:01:00,1770966119999,XRP,1m,1.3557,1.3556,1.3557,1.355,1138.0,15
2026-02-13 07:02:00,1770966179999,XRP,1m,1.3555,1.3552,1.3558,1.355,1402.0,13
2026-02-13 07:03:00,1770966239999,XRP,1m,1.3547,1.3569,1.3573,1.3547,3137.0,17
2026-02-13 07:04:00,1770966299999,XRP,1m,1.3568,1.3569,1.357,1.3563,1105.0,10
2026-02-13 07:05:00,1770966359999,XRP,1m,1.3573,1.3575,1.3577,1.3573,1374.0,16
2026-02-13 07:06:00,1770966419999,XRP,1m,1.3559,1.3569,1.3569,1.3554,228.0,11
2026-02-13 07:07:00,1770966479999,XRP,1m,1.3568,1.356,1.3571,1.356,657.0,11
2026-02-13 07:08:00,1770966539999,XRP,1m,1.3562,1.3565,1.3571,1.3562,750.0,11
2026-02-13 07:09:00,1770966599999,XRP,1m,1.3566,1.355,1.3566,1.355,4589.0,18
2026-02-13 07:10:00,1770966659999,XRP,1m,1.3556,1.356,1.3561,1.3556,1009.0,13
2026-02-13 07:11:00,1770966719999,XRP,1m,1.3571,1.3595,1.3598,1.357,10079.0,24
2026-02-13 07:12:00,1770966779999,XRP,1m,1.3605,1.3604,1.3619,1.3602,2683.0,18
2026-02-13 07:13:00,1770966839999,XRP,1m,1.3614,1.3608,1.362,1.3608,4819.0,15
2026-02-13 07:14:00,1770966899999,XRP,1m,1.361,1.3608,1.361,1.3606,794.0,9
2026-02-13 07:15:00,1770966959999,XRP,1m,1.3608,1.361,1.3615,1.3607,27624.0,17
2026-02-13 07:16:00,1770967019999,XRP,1m,1.3606,1.3605,1.3611,1.3605,4804.0,16
2026-02-13 07:17:00,1770967079999,XRP,1m,1.3602,1.3602,1.3603,1.3594,14639.0,31
2026-02-13 07:18:00,1770967139999,XRP,1m,1.3599,1.3595,1.3599,1.3592,87.0,9
2026-02-13 07:19:00,1770967199999,XRP,1m,1.3593,1.3589,1.3595,1.3589,135.0,9
2026-02-13 07:20:00,1770967259999,XRP,1m,1.3592,1.3583,1.3592,1.3583,11414.0,15
2026-02-13 07:21:00,1770967319999,XRP,1m,1.3585,1.3596,1.3596,1.3585,2951.0,9
2026-02-13 07:22:00,1770967379999,XRP,1m,1.3592,1.3589,1.3592,1.3583,3837.0,14
2026-02-13 07:23:00,1770967439999,XRP,1m,1.3588,1.3594,1.3594,1.3588,67.0,7
2026-02-13 07:24:00,1770967499999,XRP,1m,1.3593,1.3594,1.3596,1.359,1132.0,9
2026-02-13 07:25:00,1770967559999,XRP,1m,1.3596,1.3585,1.3596,1.3585,1116.0,13
2026-02-13 07:26:00,1770967619999,XRP,1m,1.3582,1.3583,1.3584,1.358,805.0,9
2026-02-13 07:27:00,1770967679999,XRP,1m,1.3583,1.3583,1.3583,1.3582,9426.0,11
2026-02-13 07:28:00,1770967739999,XRP,1m,1.3583,1.3586,1.3586,1.3583,68.0,7
2026-02-13 07:29:00,1770967799999,XRP,1m,1.3587,1.3579,1.3587,1.3579,2416.0,12
2026-02-13 07:30:00,1770967859999,XRP,1m,1.3578,1.3577,1.358,1.3575,5337.0,17
2026-02-13 07:31:00,1770967919999,XRP,1m,1.3572,1.3579,1.3579,1.3571,36776.0,28
2026-02-13 07:32:00,1770967979999,XRP,1m,1.3577,1.358,1.358,1.3574,422.0,11
2026-02-13 07:33:00,1770968039999,XRP,1m,1.3575,1.3573,1.358,1.3573,939.0,9
2026-02-13 07:34:00,1770968099999,XRP,1m,1.3573,1.3588,1.3588,1.3573,214761.0,66
2026-02-13 07:35:00,1770968159999,XRP,1m,1.3579,1.3606,1.3606,1.3578,2793.0,18
2026-02-13 07:36:00,1770968219999,XRP,1m,1.3606,1.3559,1.3606,1.3559,230087.0,73
2026-02-13 07:37:00,1770968279999,XRP,1m,1.3552,1.3546,1.3552,1.3546,11571.0,23
2026-02-13 07:38:00,1770968339999,XRP,1m,1.3547,1.3539,1.3547,1.3534,31433.0,26
2026-02-13 07:39:00,1770968399999,XRP,1m,1.3538,1.3532,1.354,1.3532,8416.0,22
2026-02-13 07:40:00,1770968459999,XRP,1m,1.3538,1.3531,1.3539,1.353,35377.0,28
2026-02-13 07:41:00,1770968519999,XRP,1m,1.3531,1.3526,1.3531,1.3522,1278.0,16
2026-02-13 07:42:00,1770968579999,XRP,1m,1.3526,1.3526,1.3527,1.3524,1759.0,13
2026-02-13 07:43:00,1770968639999,XRP,1m,1.3525,1.3516,1.3526,1.3516,599.0,11
2026-02-13 07:44:00,1770968699999,XRP,1m,1.3516,1.3514,1.3517,1.3514,119.0,10
2026-02-13 07:45:00,1770968759999,XRP,1m,1.3514,1.3502,1.3516,1.3502,1880.0,18
2026-02-13 07:46:00,1770968819999,XRP,1m,1.3506,1.3512,1.3512,1.3502,19988.0,28
2026-02-13 07:47:00,1770968879999,XRP,1m,1.3512,1.3501,1.3512,1.35,143.0,10
2026-02-13 07:48:00,1770968939999,XRP,1m,1.35,1.3493,1.35,1.3487,3197.0,14
2026-02-13 07:49:00,1770968999999,XRP,1m,1.3494,1.3502,1.3502,1.3494,3052.0,15
2026-02-13 07:50:00,1770969059999,XRP,1m,1.35,1.35,1.35,1.3497,8862.0,18
2026-02-13 07:51:00,1770969119999,XRP,1m,1.3499,1.3491,1.3503,1.3491,4499.0,9
2026-02-13 07:52:00,1770969179999,XRP,1m,1.3497,1.3511,1.3512,1.3497,144.0,12
2026-02-13 07:53:00,1770969239999,XRP,1m,1.3512,1.3514,1.3515,1.351,196.0,12
2026-02-13 07:54:00,1770969299999,XRP,1m,1.3514,1.3532,1.3532,1.3514,5981.0,24
2026-02-13 07:55:00,1770969359999,XRP,1m,1.3535,1.3528,1.3535,1.3524,108.0,12
2026-02-13 07:56:00,1770969419999,XRP,1m,1.3528,1.3535,1.3536,1.3528,1789.0,14
2026-02-13 07:57:00,1770969479999,XRP,1m,1.3527,1.3516,1.3527,1.3515,3769.0,12
2026-02-13 07:58:00,1770969539999,XRP,1m,1.3519,1.3526,1.3526,1.3519,7580.0,21
2026-02-13 07:59:00,1770969599999,XRP,1m,1.3532,1.3531,1.3532,1.3529,1192.0,8
2026-02-13 08:00:00,1770969659999,XRP,1m,1.3531,1.3533,1.3534,1.3531,9899.0,23
2026-02-13 08:01:00,1770969719999,XRP,1m,1.3531,1.3519,1.3532,1.3519,5584.0,19
2026-02-13 08:02:00,1770969779999,XRP,1m,1.352,1.3513,1.352,1.3513,1295.0,10
2026-02-13 08:03:00,1770969839999,XRP,1m,1.3526,1.3535,1.3535,1.3526,408.0,10
2026-02-13 08:04:00,1770969899999,XRP,1m,1.354,1.3544,1.3544,1.3539,4083.0,15
2026-02-13 08:05:00,1770969959999,XRP,1m,1.3546,1.3553,1.3561,1.3546,13999.0,33
2026-02-13 08:06:00,1770970019999,XRP,1m,1.3558,1.3578,1.3584,1.3558,2060.0,18
2026-02-13 08:07:00,1770970079999,XRP,1m,1.3578,1.3579,1.3587,1.3576,3217.0,15
2026-02-13 08:08:00,1770970139999,XRP,1m,1.3572,1.3569,1.3577,1.3568,877.0,13
2026-02-13 08:09:00,1770970199999,XRP,1m,1.3563,1.3563,1.3574,1.3563,2815.0,15
2026-02-13 08:10:00,1770970259999,XRP,1m,1.3564,1.3563,1.3564,1.3556,3436.0,15
2026-02-13 08:11:00,1770970319999,XRP,1m,1.3565,1.3569,1.3569,1.3565,95.0,10
2026-02-13 08:12:00,1770970379999,XRP,1m,1.3572,1.3568,1.3575,1.3568,945.0,12
2026-02-13 08:13:00,1770970439999,XRP,1m,1.3571,1.3564,1.3571,1.3564,113.0,11
2026-02-13 08:14:00,1770970499999,XRP,1m,1.3558,1.3552,1.3559,1.3551,118.0,10
2026-02-13 08:15:00,1770970559999,XRP,1m,1.3555,1.3554,1.3557,1.3553,5950.0,18
2026-02-13 08:16:00,1770970619999,XRP,1m,1.3554,1.3553,1.3554,1.3546,2577.0,14
2026-02-13 08:17:00,1770970679999,XRP,1m,1.3553,1.3547,1.3559,1.3547,329.0,10
2026-02-13 08:18:00,1770970739999,XRP,1m,1.3547,1.3553,1.3556,1.3545,140.0,10
2026-02-13 08:19:00,1770970799999,XRP,1m,1.3562,1.3572,1.3572,1.3562,582.0,12
2026-02-13 08:20:00,1770970859999,XRP,1m,1.3566,1.357,1.3573,1.3566,23212.0,29
2026-02-13 08:21:00,1770970919999,XRP,1m,1.3566,1.3601,1.3602,1.3566,6500.0,22
2026-02-13 08:22:00,1770970979999,XRP,1m,1.3602,1.3595,1.3611,1.3595,4668.0,14
2026-02-13 08:23:00,1770971039999,XRP,1m,1.3602,1.3604,1.3606,1.36,1238.0,13
2026-02-13 08:24:00,1770971099999,XRP,1m,1.3605,1.3596,1.3605,1.3596,748.0,12
2026-02-13 08:25:00,1770971159999,XRP,1m,1.36,1.363,1.3634,1.36,20716.0,33
2026-02-13 08:26:00,1770971219999,XRP,1m,1.3624,1.3627,1.3629,1.3621,5249.0,15
2026-02-13 08:27:00,1770971279999,XRP,1m,1.3631,1.3616,1.3631,1.3616,5148.0,16
2026-02-13 08:28:00,1770971339999,XRP,1m,1.362,1.362,1.3622,1.3618,29543.0,24
2026-02-13 08:29:00,1770971399999,XRP,1m,1.3622,1.3624,1.3624,1.362,1823.0,13
2026-02-13 08:30:00,1770971459999,XRP,1m,1.3625,1.3621,1.3628,1.3621,20248.0,25
2026-02-13 08:31:00,1770971519999,XRP,1m,1.3619,1.363,1.363,1.3618,34123.0,42
2026-02-13 08:32:00,1770971579999,XRP,1m,1.363,1.3634,1.3643,1.363,20634.0,42
2026-02-13 08:33:00,1770971639999,XRP,1m,1.3637,1.3636,1.3642,1.3632,3871.0,17
2026-02-13 08:34:00,1770971699999,XRP,1m,1.3632,1.3626,1.3633,1.3626,6894.0,24
2026-02-13 08:35:00,1770971759999,XRP,1m,1.3627,1.3629,1.3633,1.3622,75974.0,42
2026-02-13 08:36:00,1770971819999,XRP,1m,1.3633,1.3616,1.3633,1.3616,1741.0,10
2026-02-13 08:37:00,1770971879999,XRP,1m,1.3627,1.3623,1.3632,1.3623,73.0,8
2026-02-13 08:38:00,1770971939999,XRP,1m,1.3626,1.3591,1.3626,1.3591,848683.0,143
2026-02-13 08:39:00,1770971999999,XRP,1m,1.3609,1.3616,1.3617,1.3609,3973.0,20
2026-02-13 08:40:00,1770972059999,XRP,1m,1.3622,1.3615,1.3625,1.3615,18463.0,18
2026-02-13 08:41:00,1770972119999,XRP,1m,1.3614,1.3618,1.362,1.3613,1099.0,9
2026-02-13 08:42:00,1770972179999,XRP,1m,1.3611,1.3606,1.3612,1.3606,1572.0,10
2026-02-13 08:43:00,1770972239999,XRP,1m,1.361,1.3616,1.3617,1.361,565.0,8
2026-02-13 08:44:00,1770972299999,XRP,1m,1.362,1.3619,1.362,1.3616,9462.0,17
2026-02-13 08:45:00,1770972359999,XRP,1m,1.3622,1.363,1.3638,1.3618,6633.0,15
2026-02-13 08:46:00,1770972419999,XRP,1m,1.3632,1.3627,1.3635,1.3624,11278.0,16
2026-02-13 08:47:00,1770972479999,XRP,1m,1.3629,1.3659,1.3659,1.3625,2691.0,21
2026-02-13 08:48:00,1770972539999,XRP,1m,1.366,1.3673,1.369,1.3659,864323.0,219
2026-02-13 08:49:00,1770972599999,XRP,1m,1.3674,1.3671,1.3676,1.3669,8082.0,16
2026-02-13 08:50:00,1770972659999,XRP,1m,1.367,1.366,1.367,1.3648,735385.0,215
2026-02-13 08:51:00,1770972719999,XRP,1m,1.3663,1.3683,1.369,1.3656,741457.0,149
2026-02-13 08:52:00,1770972779999,XRP,1m,1.3676,1.3673,1.3676,1.3664,4832.0,9
2026-02-13 08:53:00,1770972839999,XRP,1m,1.3668,1.3678,1.3678,1.3667,95.0,7
2026-02-13 08:54:00,1770972899999,XRP,1m,1.3674,1.3668,1.3677,1.3668,1837.0,9
2026-02-13 08:55:00,1770972959999,XRP,1m,1.3672,1.3663,1.3672,1.3663,3558.0,10
2026-02-13 08:56:00,1770973019999,XRP,1m,1.3663,1.3662,1.3663,1.3661,86.0,6
2026-02-13 08:57:00,1770973079999,XRP,1m,1.3663,1.3661,1.3666,1.3661,2486.0,10
2026-02-13 08:58:00,1770973139999,XRP,1m,1.3661,1.3666,1.3669,1.3658,41349.0,20
2026-02-13 08:59:00,1770973199999,XRP,1m,1.3664,1.366,1.3664,1.366,3924.0,8
2026-02-13 09:00:00,1770973259999,XRP,1m,1.3664,1.366,1.3667,1.366,15751.0,26
2026-02-13 09:01:00,1770973319999,XRP,1m,1.366,1.3651,1.3661,1.3648,4080.0,19
2026-02-13 09:02:00,1770973379999,XRP,1m,1.3654,1.3648,1.3655,1.3648,1393.0,12
2026-02-13 09:03:00,1770973439999,XRP,1m,1.3648,1.3651,1.3651,1.364,10726.0,24
2026-02-13 09:04:00,1770973499999,XRP,1m,1.3655,1.3653,1.3658,1.365,12569.0,17
2026-02-13 09:05:00,1770973559999,XRP,1m,1.3658,1.3652,1.3667,1.365,20668.0,26
2026-02-13 09:06:00,1770973619999,XRP,1m,1.3649,1.3646,1.3649,1.3642,1773.0,12
2026-02-13 09:07:00,1770973679999,XRP,1m,1.3648,1.3659,1.3666,1.3648,28745.0,25
2026-02-13 09:08:00,1770973739999,XRP,1m,1.3661,1.366,1.3662,1.3653,2730.0,13
2026-02-13 09:09:00,1770973799999,XRP,1m,1.3664,1.3655,1.3666,1.3655,11211.0,14
2026-02-13 09:10:00,1770973859999,XRP,1m,1.3658,1.366,1.3661,1.3656,1475.0,11
2026-02-13 09:11:00,1770973919999,XRP,1m,1.3659,1.3666,1.3668,1.3657,13880.0,26
2026-02-13 09:12:00,1770973979999,XRP,1m,1.3668,1.367,1.3675,1.3668,28105.0,21
2026-02-13 09:13:00,1770974039999,XRP,1m,1.3668,1.3646,1.3668,1.3644,1352.0,11
2026-02-13 09:14:00,1770974099999,XRP,1m,1.3645,1.365,1.3653,1.3645,3166.0,12
2026-02-13 09:15:00,1770974159999,XRP,1m,1.3656,1.3653,1.3657,1.3653,1931.0,9
2026-02-13 09:16:00,1770974219999,XRP,1m,1.3656,1.368,1.369,1.3656,16418.0,18
2026-02-13 09:17:00,1770974279999,XRP,1m,1.3678,1.368,1.3682,1.3669,7598.0,20
2026-02-13 09:18:00,1770974339999,XRP,1m,1.3672,1.3672,1.3672,1.3665,676.0,8
2026-02-13 09:19:00,1770974399999,XRP,1m,1.3679,1.3683,1.3683,1.3678,913.0,6
2026-02-13 09:20:00,1770974459999,XRP,1m,1.368,1.3671,1.3681,1.3671,2961.0,7
2026-02-13 09:21:00,1770974519999,XRP,1m,1.3678,1.369,1.369,1.3678,20169.0,19
2026-02-13 09:22:00,1770974579999,XRP,1m,1.3687,1.3675,1.3695,1.3675,6892.0,19
2026-02-13 09:23:00,1770974639999,XRP,1m,1.3674,1.3681,1.3681,1.3674,178.0,9
2026-02-13 09:24:00,1770974699999,XRP,1m,1.369,1.3701,1.3703,1.3684,8460.0,22
2026-02-13 09:25:00,1770974759999,XRP,1m,1.3697,1.369,1.3697,1.3687,1546.0,10
2026-02-13 09:26:00,1770974819999,XRP,1m,1.3692,1.3697,1.3697,1.3689,1876.0,9
2026-02-13 09:27:00,1770974879999,XRP,1m,1.3694,1.3695,1.3695,1.3691,113.0,7
2026-02-13 09:28:00,1770974939999,XRP,1m,1.3697,1.3692,1.3697,1.3688,8006.0,13
2026-02-13 09:29:00,1770974999999,XRP,1m,1.3694,1.3687,1.3694,1.3687,7741.0,13
2026-02-13 09:30:00,1770975059999,XRP,1m,1.3692,1.3687,1.3692,1.3687,3941.0,15
2026-02-13 09:31:00,1770975119999,XRP,1m,1.369,1.3692,1.3695,1.3688,2701.0,7
2026-02-13 09:32:00,1770975179999,XRP,1m,1.3691,1.3688,1.3691,1.3682,4993.0,20
2026-02-13 09:33:00,1770975239999,XRP,1m,1.3686,1.3689,1.3696,1.3686,5246.0,21
2026-02-13 09:34:00,1770975299999,XRP,1m,1.3691,1.3684,1.3698,1.3683,22431.0,27
2026-02-13 09:35:00,1770975359999,XRP,1m,1.3683,1.3685,1.3686,1.3678,24246.0,25
2026-02-13 09:36:00,1770975419999,XRP,1m,1.368,1.3678,1.368,1.367,13137.0,21
2026-02-13 09:37:00,1770975479999,XRP,1m,1.3676,1.367,1.3677,1.3669,5282.0,9
2026-02-13 09:38:00,1770975539999,XRP,1m,1.3669,1.3659,1.3673,1.3658,7770.0,24
2026-02-13 09:39:00,1770975599999,XRP,1m,1.3659,1.3663,1.3664,1.3659,8196.0,17
2026-02-13 09:40:00,1770975659999,XRP,1m,1.366,1.3648,1.3663,1.3648,7102.0,16
2026-02-13 09:41:00,1770975719999,XRP,1m,1.3655,1.3656,1.3659,1.3652,18537.0,15
2026-02-13 09:42:00,1770975779999,XRP,1m,1.3656,1.3662,1.3667,1.3656,2554.0,11
2026-02-13 09:43:00,1770975839999,XRP,1m,1.3658,1.3656,1.3658,1.3656,224.0,9
2026-02-13 09:44:00,1770975899999,XRP,1m,1.3656,1.3654,1.3661,1.365,2905.0,8
2026-02-13 09:45:00,1770975959999,XRP,1m,1.3653,1.3654,1.3656,1.3653,139.0,5
2026-02-13 09:46:00,1770976019999,XRP,1m,1.3661,1.3663,1.3664,1.3659,5819.0,13
2026-02-13 09:47:00,1770976079999,XRP,1m,1.3666,1.3669,1.3674,1.3658,6912.0,23
2026-02-13 09:48:00,1770976139999,XRP,1m,1.3671,1.3668,1.3679,1.3668,8072.0,21
2026-02-13 09:49:00,1770976199999,XRP,1m,1.3668,1.3685,1.3685,1.3668,18493.0,22
2026-02-13 09:50:00,1770976259999,XRP,1m,1.3681,1.3674,1.3681,1.3674,5705.0,13
2026-02-13 09:51:00,1770976319999,XRP,1m,1.3671,1.3681,1.3681,1.3671,3369.0,12
2026-02-13 09:52:00,1770976379999,XRP,1m,1.3673,1.3666,1.3673,1.3662,45.0,5
2026-02-13 09:53:00,1770976439999,XRP,1m,1.3674,1.368,1.3689,1.3674,27514.0,26
2026-02-13 09:54:00,1770976499999,XRP,1m,1.368,1.3681,1.3686,1.3679,330.0,12
2026-02-13 09:55:00,1770976559999,XRP,1m,1.3679,1.3674,1.3679,1.3674,6460.0,10
2026-02-13 09:56:00,1770976619999,XRP,1m,1.3683,1.3683,1.3685,1.3681,6061.0,18
2026-02-13 09:57:00,1770976679999,XRP,1m,1.3683,1.3687,1.3687,1.3683,2177.0,14
2026-02-13 09:58:00,1770976739999,XRP,1m,1.3684,1.368,1.3684,1.368,54.0,5
2026-02-13 09:59:00,1770976799999,XRP,1m,1.3676,1.3676,1.3676,1.3676,3934.0,9
2026-02-13 10:00:00,1770976859999,XRP,1m,1.3675,1.3673,1.3675,1.3667,7003.0,18
2026-02-13 10:01:00,1770976919999,XRP,1m,1.367,1.3665,1.3676,1.3665,1870.0,13
2026-02-13 10:02:00,1770976979999,XRP,1m,1.3665,1.3671,1.3671,1.3665,359.0,10
2026-02-13 10:03:00,1770977039999,XRP,1m,1.3669,1.3663,1.3669,1.3663,1126.0,10
2026-02-13 10:04:00,1770977099999,XRP,1m,1.3671,1.3654,1.3674,1.365,41196.0,30
2026-02-13 10:05:00,1770977159999,XRP,1m,1.3654,1.3643,1.3654,1.3642,512.0,15
2026-02-13 10:06:00,1770977219999,XRP,1m,1.3649,1.3649,1.3649,1.3646,92.0,7
2026-02-13 10:07:00,1770977279999,XRP,1m,1.3654,1.3656,1.3658,1.3653,2542.0,7
2026-02-13 10:08:00,1770977339999,XRP,1m,1.3653,1.3652,1.3654,1.3652,1917.0,9
2026-02-13 10:09:00,1770977399999,XRP,1m,1.3654,1.3644,1.3654,1.3644,8995.0,10
2026-02-13 10:10:00,1770977459999,XRP,1m,1.3645,1.3654,1.3654,1.3645,7228.0,14
2026-02-13 10:11:00,1770977519999,XRP,1m,1.3657,1.3665,1.3666,1.3657,20034.0,15
2026-02-13 10:12:00,1770977579999,XRP,1m,1.3664,1.3663,1.3665,1.3656,999.0,8
2026-02-13 10:13:00,1770977639999,XRP,1m,1.3656,1.365,1.3659,1.365,758.0,11
2026-02-13 10:14:00,1770977699999,XRP,1m,1.3651,1.366,1.3663,1.3651,1758.0,8
2026-02-13 10:15:00,1770977759999,XRP,1m,1.3662,1.367,1.367,1.3659,1783.0,12
2026-02-13 10:16:00,1770977819999,XRP,1m,1.3666,1.3664,1.3667,1.3663,4798.0,9
2026-02-13 10:17:00,1770977879999,XRP,1m,1.3675,1.3672,1.3675,1.3663,117.0,13
2026-02-13 10:18:00,1770977939999,XRP,1m,1.3669,1.3674,1.3676,1.3669,574.0,8
2026-02-13 10:19:00,1770977999999,XRP,1m,1.3688,1.3712,1.372,1.3687,87560.0,51
2026-02-13 10:20:00,1770978059999,XRP,1m,1.3705,1.3681,1.3705,1.3676,6816.0,17
2026-02-13 10:21:00,1770978119999,XRP,1m,1.3681,1.3684,1.3686,1.3671,6445.0,12
2026-02-13 10:22:00,1770978179999,XRP,1m,1.3681,1.3681,1.3683,1.3681,1087.0,8
2026-02-13 10:23:00,1770978239999,XRP,1m,1.3681,1.3673,1.3681,1.367,699.0,11
2026-02-13 10:24:00,1770978299999,XRP,1m,1.3672,1.3678,1.3679,1.3672,2596.0,8
2026-02-13 10:25:00,1770978359999,XRP,1m,1.3679,1.3676,1.3679,1.3675,665.0,8
2026-02-13 10:26:00,1770978419999,XRP,1m,1.3676,1.3679,1.3679,1.3675,10411.0,18
2026-02-13 10:27:00,1770978479999,XRP,1m,1.3679,1.3685,1.3685,1.3678,9016.0,16
2026-02-13 10:28:00,1770978539999,XRP,1m,1.3687,1.3683,1.3688,1.3683,12613.0,15
2026-02-13 10:29:00,1770978599999,XRP,1m,1.3681,1.3682,1.3684,1.368,12333.0,23
2026-02-13 10:30:00,1770978659999,XRP,1m,1.3682,1.368,1.3683,1.3679,14870.0,21
2026-02-13 10:31:00,1770978719999,XRP,1m,1.368,1.3671,1.3681,1.3669,62981.0,31
2026-02-13 10:32:00,1770978779999,XRP,1m,1.3673,1.3672,1.3673,1.3665,28033.0,27
2026-02-13 10:33:00,1770978839999,XRP,1m,1.367,1.3695,1.3695,1.367,2590.0,11
2026-02-13 10:34:00,1770978899999,XRP,1m,1.3704,1.3697,1.3712,1.3697,45997.0,40
2026-02-13 10:35:00,1770978959999,XRP,1m,1.3702,1.37,1.3704,1.3697,9124.0,20
2026-02-13 10:36:00,1770979019999,XRP,1m,1.37,1.3696,1.37,1.3692,22556.0,25
2026-02-13 10:37:00,1770979079999,XRP,1m,1.3697,1.3702,1.3702,1.3696,20036.0,21
2026-02-13 10:38:00,1770979139999,XRP,1m,1.37,1.3692,1.37,1.3692,9793.0,16
2026-02-13 10:39:00,1770979199999,XRP,1m,1.3693,1.3683,1.3693,1.3682,5752.0,10
2026-02-13 10:40:00,1770979259999,XRP,1m,1.3681,1.3678,1.3681,1.3674,10945.0,12
2026-02-13 10:41:00,1770979319999,XRP,1m,1.368,1.3686,1.369,1.368,6740.0,17
2026-02-13 10:42:00,1770979379999,XRP,1m,1.3695,1.3692,1.3695,1.3683,609.0,10
2026-02-13 10:43:00,1770979439999,XRP,1m,1.3692,1.3701,1.3701,1.3691,3538.0,16
2026-02-13 10:44:00,1770979499999,XRP,1m,1.3696,1.3689,1.3697,1.3687,701.0,12
2026-02-13 10:45:00,1770979559999,XRP,1m,1.369,1.3687,1.3695,1.3687,10613.0,20
2026-02-13 10:46:00,1770979619999,XRP,1m,1.3683,1.3696,1.3697,1.3683,660.0,11
2026-02-13 10:47:00,1770979679999,XRP,1m,1.3692,1.3694,1.3698,1.3691,21796.0,23
2026-02-13 10:48:00,1770979739999,XRP,1m,1.369,1.3684,1.3691,1.368,6388.0,14
2026-02-13 10:49:00,1770979799999,XRP,1m,1.3688,1.3692,1.3692,1.3688,9684.0,22
2026-02-13 10:50:00,1770979859999,XRP,1m,1.3693,1.3685,1.3693,1.3685,17268.0,26
2026-02-13 10:51:00,1770979919999,XRP,1m,1.3685,1.3687,1.3688,1.3685,13215.0,22
2026-02-13 10:52:00,1770979979999,XRP,1m,1.3675,1.3682,1.3688,1.3671,837.0,11
2026-02-13 10:53:00,1770980039999,XRP,1m,1.3687,1.3695,1.3696,1.3686,1100.0,11
2026-02-13 10:54:00,1770980099999,XRP,1m,1.3681,1.3676,1.3687,1.3676,5064.0,15
2026-02-13 10:55:00,1770980159999,XRP,1m,1.3681,1.368,1.3684,1.368,612.0,13
2026-02-13 10:56:00,1770980219999,XRP,1m,1.3681,1.3675,1.3682,1.3675,780.0,13
2026-02-13 10:57:00,1770980279999,XRP,1m,1.3678,1.368,1.3684,1.3676,467.0,12
2026-02-13 10:58:00,1770980339999,XRP,1m,1.3684,1.3677,1.3684,1.3677,7998.0,13
2026-02-13 10:59:00,1770980399999,XRP,1m,1.3675,1.3676,1.3676,1.3675,400.0,9
2026-02-13 11:00:00,1770980459999,XRP,1m,1.3677,1.3673,1.3677,1.3673,2991.0,17
2026-02-13 11:01:00,1770980519999,XRP,1m,1.3672,1.3654,1.3672,1.3654,4775.0,21
2026-02-13 11:02:00,1770980579999,XRP,1m,1.3652,1.3658,1.3658,1.3649,38882.0,42
2026-02-13 11:03:00,1770980639999,XRP,1m,1.366,1.3658,1.3667,1.3656,9794.0,27
2026-02-13 11:04:00,1770980699999,XRP,1m,1.3652,1.3658,1.3659,1.3652,647.0,16
2026-02-13 11:05:00,1770980759999,XRP,1m,1.3665,1.3669,1.3672,1.3665,3213.0,15
2026-02-13 11:06:00,1770980819999,XRP,1m,1.3669,1.3666,1.367,1.3666,633.0,17
2026-02-13 11:07:00,1770980879999,XRP,1m,1.3667,1.3675,1.3682,1.3667,18705.0,28
2026-02-13 11:08:00,1770980939999,XRP,1m,1.3674,1.365,1.3674,1.365,14694.0,28
2026-02-13 11:09:00,1770980999999,XRP,1m,1.3656,1.3656,1.3659,1.3655,10759.0,30
2026-02-13 11:10:00,1770981059999,XRP,1m,1.3655,1.3638,1.3655,1.3636,49477.0,49
2026-02-13 11:11:00,1770981119999,XRP,1m,1.3634,1.3641,1.3642,1.3631,32743.0,27
2026-02-13 11:12:00,1770981179999,XRP,1m,1.3643,1.3637,1.3643,1.3637,2321.0,15
2026-02-13 11:13:00,1770981239999,XRP,1m,1.364,1.3639,1.3642,1.3637,1064.0,14
2026-02-13 11:14:00,1770981299999,XRP,1m,1.3636,1.3645,1.3647,1.3636,381.0,13
2026-02-13 11:15:00,1770981359999,XRP,1m,1.365,1.3653,1.3655,1.365,815.0,16
2026-02-13 11:16:00,1770981419999,XRP,1m,1.3654,1.365,1.3656,1.3647,3870.0,17
2026-02-13 11:17:00,1770981479999,XRP,1m,1.3652,1.3646,1.3658,1.3644,18685.0,26
2026-02-13 11:18:00,1770981539999,XRP,1m,1.3636,1.3638,1.364,1.3634,712.0,16
2026-02-13 11:19:00,1770981599999,XRP,1m,1.3637,1.3645,1.3648,1.3637,2758.0,14
2026-02-13 11:20:00,1770981659999,XRP,1m,1.3648,1.3654,1.3655,1.3648,526.0,14
2026-02-13 11:21:00,1770981719999,XRP,1m,1.3641,1.3648,1.3653,1.364,172511.0,75
2026-02-13 11:22:00,1770981779999,XRP,1m,1.3644,1.3633,1.3645,1.3629,11458.0,27
2026-02-13 11:23:00,1770981839999,XRP,1m,1.3628,1.3632,1.3636,1.3628,579.0,17
2026-02-13 11:24:00,1770981899999,XRP,1m,1.3627,1.3624,1.3629,1.3612,275284.0,102
2026-02-13 11:25:00,1770981959999,XRP,1m,1.3627,1.3631,1.3635,1.3627,124802.0,63
2026-02-13 11:26:00,1770982019999,XRP,1m,1.3631,1.3636,1.3639,1.363,42351.0,35
2026-02-13 11:27:00,1770982079999,XRP,1m,1.3641,1.3644,1.3648,1.3641,1327.0,22
2026-02-13 11:28:00,1770982139999,XRP,1m,1.3646,1.3658,1.3658,1.3643,2932.0,23
2026-02-13 11:29:00,1770982199999,XRP,1m,1.3653,1.3648,1.3654,1.3647,6297.0,22
2026-02-13 11:30:00,1770982259999,XRP,1m,1.3651,1.3632,1.3651,1.3632,1600.0,17
2026-02-13 11:31:00,1770982319999,XRP,1m,1.3628,1.3618,1.3628,1.3613,5713.0,23
2026-02-13 11:32:00,1770982379999,XRP,1m,1.3625,1.3614,1.3625,1.3603,16388.0,27
2026-02-13 11:33:00,1770982439999,XRP,1m,1.3607,1.3607,1.3613,1.3601,3462.0,24
2026-02-13 11:34:00,1770982499999,XRP,1m,1.3607,1.3622,1.3622,1.3607,10007.0,33
2026-02-13 11:35:00,1770982559999,XRP,1m,1.3623,1.3624,1.3629,1.362,4797.0,21
2026-02-13 11:36:00,1770982619999,XRP,1m,1.3627,1.3622,1.3627,1.3617,1291.0,17
2026-02-13 11:37:00,1770982679999,XRP,1m,1.362,1.3619,1.3626,1.3615,1263.0,17
2026-02-13 11:38:00,1770982739999,XRP,1m,1.3613,1.3626,1.3631,1.3613,5316.0,20
2026-02-13 11:39:00,1770982799999,XRP,1m,1.3625,1.3618,1.3625,1.3617,2043.0,18
2026-02-13 11:40:00,1770982859999,XRP,1m,1.3622,1.3618,1.3624,1.3618,1382.0,20
2026-02-13 11:41:00,1770982919999,XRP,1m,1.3619,1.3626,1.3627,1.3619,1428.0,17
2026-02-13 11:42:00,1770982979999,XRP,1m,1.3627,1.3634,1.3645,1.3627,17203.0,36
2026-02-13 11:43:00,1770983039999,XRP,1m,1.3636,1.363,1.3641,1.3627,2689.0,20
2026-02-13 11:44:00,1770983099999,XRP,1m,1.3635,1.3633,1.3635,1.3624,3421.0,17
2026-02-13 11:45:00,1770983159999,XRP,1m,1.3636,1.3625,1.3636,1.3623,5343.0,21
2026-02-13 11:46:00,1770983219999,XRP,1m,1.3627,1.3645,1.3645,1.3627,1993.0,18
2026-02-13 11:47:00,1770983279999,XRP,1m,1.3641,1.3647,1.3649,1.3641,5268.0,18
2026-02-13 11:48:00,1770983339999,XRP,1m,1.3647,1.3639,1.3651,1.3639,1275.0,17
2026-02-13 11:49:00,1770983399999,XRP,1m,1.3641,1.3647,1.3647,1.3634,8604.0,22
2026-02-13 11:50:00,1770983459999,XRP,1m,1.3642,1.3647,1.3647,1.3642,545.0,14
2026-02-13 11:51:00,1770983519999,XRP,1m,1.3649,1.3647,1.3649,1.3642,15045.0,19
2026-02-13 11:52:00,1770983579999,XRP,1m,1.3644,1.3648,1.3653,1.3644,3318.0,13
2026-02-13 11:53:00,1770983639999,XRP,1m,1.3649,1.3659,1.3662,1.3649,1156.0,16
2026-02-13 11:54:00,1770983699999,XRP,1m,1.3659,1.3656,1.3659,1.3653,15330.0,23
2026-02-13 11:55:00,1770983759999,XRP,1m,1.3659,1.3687,1.3687,1.3658,5933.0,24
2026-02-13 11:56:00,1770983819999,XRP,1m,1.3681,1.3686,1.3688,1.3677,1122.0,14
2026-02-13 11:57:00,1770983879999,XRP,1m,1.3688,1.3678,1.3689,1.3676,1877.0,25
2026-02-13 11:58:00,1770983939999,XRP,1m,1.3676,1.3678,1.3682,1.3675,1674.0,20
2026-02-13 11:59:00,1770983999999,XRP,1m,1.3678,1.3673,1.3678,1.3668,361.0,15
2026-02-13 12:00:00,1770984059999,XRP,1m,1.3673,1.3668,1.3673,1.3662,2921.0,20
2026-02-13 12:01:00,1770984119999,XRP,1m,1.3666,1.3651,1.3668,1.3651,18259.0,28
2026-02-13 12:02:00,1770984179999,XRP,1m,1.3652,1.3648,1.3655,1.3639,9871.0,30
2026-02-13 12:03:00,1770984239999,XRP,1m,1.3648,1.3638,1.3648,1.3632,2273.0,25
2026-02-13 12:04:00,1770984299999,XRP,1m,1.3638,1.3633,1.3638,1.3631,2467.0,22
2026-02-13 12:05:00,1770984359999,XRP,1m,1.3633,1.3613,1.3633,1.3608,7985.0,26
2026-02-13 12:06:00,1770984419999,XRP,1m,1.3616,1.3614,1.3617,1.3608,2548.0,19
2026-02-13 12:07:00,1770984479999,XRP,1m,1.3612,1.361,1.3612,1.3606,57245.0,30
2026-02-13 12:08:00,1770984539999,XRP,1m,1.3608,1.3606,1.3613,1.3606,12784.0,23
2026-02-13 12:09:00,1770984599999,XRP,1m,1.3608,1.3601,1.3612,1.3601,12497.0,30
2026-02-13 12:10:00,1770984659999,XRP,1m,1.3602,1.3603,1.3605,1.3589,145750.0,65
2026-02-13 12:11:00,1770984719999,XRP,1m,1.3604,1.3604,1.3605,1.3601,4118.0,21
2026-02-13 12:12:00,1770984779999,XRP,1m,1.3603,1.3615,1.3615,1.3603,9121.0,21
2026-02-13 12:13:00,1770984839999,XRP,1m,1.3614,1.3604,1.3614,1.3604,4281.0,17
2026-02-13 12:14:00,1770984899999,XRP,1m,1.3607,1.3593,1.3609,1.3593,1611.0,16
2026-02-13 12:15:00,1770984959999,XRP,1m,1.3594,1.3593,1.3596,1.3593,2367.0,17
2026-02-13 12:16:00,1770985019999,XRP,1m,1.3592,1.3589,1.3595,1.3589,524.0,14
2026-02-13 12:17:00,1770985079999,XRP,1m,1.3589,1.3596,1.3596,1.3589,7065.0,18
2026-02-13 12:18:00,1770985139999,XRP,1m,1.3599,1.3611,1.3611,1.3599,1332.0,16
2026-02-13 12:19:00,1770985199999,XRP,1m,1.3614,1.3611,1.3616,1.361,775.0,18
2026-02-13 12:20:00,1770985259999,XRP,1m,1.361,1.362,1.362,1.3609,10142.0,19
2026-02-13 12:21:00,1770985319999,XRP,1m,1.3618,1.3616,1.3621,1.3614,148765.0,68
2026-02-13 12:22:00,1770985379999,XRP,1m,1.3623,1.3614,1.3623,1.3614,36482.0,22
2026-02-13 12:23:00,1770985439999,XRP,1m,1.3614,1.3614,1.3614,1.3609,9461.0,20
2026-02-13 12:24:00,1770985499999,XRP,1m,1.361,1.3608,1.3615,1.3608,1606.0,15
2026-02-13 12:25:00,1770985559999,XRP,1m,1.3609,1.3616,1.3616,1.3606,1015.0,17
2026-02-13 12:26:00,1770985619999,XRP,1m,1.3622,1.3617,1.3629,1.3616,4184.0,16
2026-02-13 12:27:00,1770985679999,XRP,1m,1.3616,1.3624,1.3626,1.3616,1448.0,15
2026-02-13 12:28:00,1770985739999,XRP,1m,1.3626,1.3621,1.3627,1.3621,2863.0,14
2026-02-13 12:29:00,1770985799999,XRP,1m,1.3617,1.3618,1.3621,1.3615,984.0,16
2026-02-13 12:30:00,1770985859999,XRP,1m,1.3617,1.3616,1.3617,1.3615,693.0,15
2026-02-13 12:31:00,1770985919999,XRP,1m,1.3618,1.3625,1.3625,1.3617,1712.0,16
2026-02-13 12:32:00,1770985979999,XRP,1m,1.3624,1.3615,1.3624,1.3612,31700.0,40
2026-02-13 12:33:00,1770986039999,XRP,1m,1.3616,1.3619,1.3623,1.3616,9558.0,26
2026-02-13 12:34:00,1770986099999,XRP,1m,1.3615,1.3614,1.3617,1.3612,625.0,18
2026-02-13 12:35:00,1770986159999,XRP,1m,1.3616,1.3609,1.3616,1.3598,535.0,15
2026-02-13 12:36:00,1770986219999,XRP,1m,1.3607,1.3608,1.3609,1.3595,933.0,15
2026-02-13 12:37:00,1770986279999,XRP,1m,1.3611,1.3627,1.3627,1.3611,583.0,16
2026-02-13 12:38:00,1770986339999,XRP,1m,1.363,1.362,1.3632,1.362,5696.0,22
2026-02-13 12:39:00,1770986399999,XRP,1m,1.3619,1.3617,1.3621,1.3616,419.0,15
2026-02-13 12:40:00,1770986459999,XRP,1m,1.3624,1.3622,1.3627,1.3621,710.0,13
2026-02-13 12:41:00,1770986519999,XRP,1m,1.3623,1.3624,1.3626,1.362,1295.0,14
2026-02-13 12:42:00,1770986579999,XRP,1m,1.3625,1.3603,1.3627,1.3603,6698.0,23
2026-02-13 12:43:00,1770986639999,XRP,1m,1.3607,1.3611,1.3611,1.3603,7197.0,16
2026-02-13 12:44:00,1770986699999,XRP,1m,1.3611,1.3613,1.3614,1.361,208.0,12
2026-02-13 12:45:00,1770986759999,XRP,1m,1.3614,1.3615,1.3616,1.361,1049.0,22
2026-02-13 12:46:00,1770986819999,XRP,1m,1.3617,1.3617,1.3618,1.3614,896.0,20
2026-02-13 12:47:00,1770986879999,XRP,1m,1.3618,1.3616,1.3618,1.3615,2693.0,18
2026-02-13 12:48:00,1770986939999,XRP,1m,1.3614,1.3611,1.3615,1.3609,6356.0,16
2026-02-13 12:49:00,1770986999999,XRP,1m,1.3612,1.3619,1.3619,1.3612,2898.0,19
2026-02-13 12:50:00,1770987059999,XRP,1m,1.3626,1.3627,1.3627,1.3625,647.0,16
2026-02-13 12:51:00,1770987119999,XRP,1m,1.3627,1.3628,1.3629,1.3626,1648.0,15
2026-02-13 12:52:00,1770987179999,XRP,1m,1.3627,1.3635,1.3635,1.3624,12171.0,25
2026-02-13 12:53:00,1770987239999,XRP,1m,1.364,1.3637,1.3643,1.3636,236.0,12
2026-02-13 12:54:00,1770987299999,XRP,1m,1.3647,1.3643,1.3648,1.3642,405.0,12
2026-02-13 12:55:00,1770987359999,XRP,1m,1.3647,1.3646,1.3648,1.3642,467.0,16
2026-02-13 12:56:00,1770987419999,XRP,1m,1.3648,1.3645,1.3649,1.3644,182.0,11
2026-02-13 12:57:00,1770987479999,XRP,1m,1.3642,1.3649,1.3649,1.3642,2502.0,18
2026-02-13 12:58:00,1770987539999,XRP,1m,1.3649,1.3638,1.365,1.3629,7195.0,30
2026-02-13 12:59:00,1770987599999,XRP,1m,1.3633,1.3638,1.3639,1.3631,1011.0,17
2026-02-13 13:00:00,1770987659999,XRP,1m,1.3637,1.3637,1.3638,1.3633,3055.0,17
2026-02-13 13:01:00,1770987719999,XRP,1m,1.3637,1.3644,1.3652,1.3637,8137.0,30
2026-02-13 13:02:00,1770987779999,XRP,1m,1.3645,1.3654,1.3656,1.3645,21279.0,27
2026-02-13 13:03:00,1770987839999,XRP,1m,1.3654,1.366,1.366,1.3653,4281.0,16
2026-02-13 13:04:00,1770987899999,XRP,1m,1.3659,1.3653,1.3659,1.3651,3182.0,15
2026-02-13 13:05:00,1770987959999,XRP,1m,1.365,1.3649,1.3651,1.3648,1603.0,11
2026-02-13 13:06:00,1770988019999,XRP,1m,1.3642,1.3644,1.3647,1.3642,1534.0,12
2026-02-13 13:07:00,1770988079999,XRP,1m,1.364,1.3622,1.3641,1.3614,7752.0,24
2026-02-13 13:08:00,1770988139999,XRP,1m,1.3611,1.3625,1.3625,1.361,23151.0,27
2026-02-13 13:09:00,1770988199999,XRP,1m,1.3633,1.3643,1.3644,1.363,6582.0,24
2026-02-13 13:10:00,1770988259999,XRP,1m,1.3641,1.3642,1.3643,1.364,16205.0,23
2026-02-13 13:11:00,1770988319999,XRP,1m,1.3641,1.3636,1.3645,1.3632,5950.0,18
2026-02-13 13:12:00,1770988379999,XRP,1m,1.3635,1.3644,1.3646,1.3634,18724.0,24
2026-02-13 13:13:00,1770988439999,XRP,1m,1.3648,1.3635,1.3649,1.3635,18145.0,26
2026-02-13 13:14:00,1770988499999,XRP,1m,1.363,1.3632,1.3633,1.363,1387.0,15
2026-02-13 13:15:00,1770988559999,XRP,1m,1.3633,1.3635,1.3636,1.363,1731.0,13
2026-02-13 13:16:00,1770988619999,XRP,1m,1.3636,1.3643,1.3643,1.3636,4867.0,20
2026-02-13 13:17:00,1770988679999,XRP,1m,1.3645,1.3652,1.3652,1.3643,11605.0,19
2026-02-13 13:18:00,1770988739999,XRP,1m,1.3656,1.3661,1.3662,1.3656,3834.0,16
2026-02-13 13:19:00,1770988799999,XRP,1m,1.3659,1.366,1.3661,1.3656,4443.0,19
2026-02-13 13:20:00,1770988859999,XRP,1m,1.366,1.3661,1.3664,1.366,1386.0,13
2026-02-13 13:21:00,1770988919999,XRP,1m,1.3666,1.3667,1.367,1.3661,1891.0,16
2026-02-13 13:22:00,1770988979999,XRP,1m,1.3667,1.3681,1.3681,1.3667,16190.0,27
2026-02-13 13:23:00,1770989039999,XRP,1m,1.3684,1.3712,1.3712,1.3684,60995.0,54
2026-02-13 13:24:00,1770989099999,XRP,1m,1.3713,1.3715,1.3717,1.3701,57479.0,46
2026-02-13 13:25:00,1770989159999,XRP,1m,1.3717,1.3736,1.3752,1.3717,22650.0,50
2026-02-13 13:26:00,1770989219999,XRP,1m,1.3727,1.3722,1.3728,1.3718,1994.0,19
2026-02-13 13:27:00,1770989279999,XRP,1m,1.372,1.3724,1.3728,1.372,75044.0,40
2026-02-13 13:28:00,1770989339999,XRP,1m,1.3732,1.3744,1.3744,1.3732,8258.0,22
2026-02-13 13:29:00,1770989399999,XRP,1m,1.3735,1.3743,1.3752,1.3734,10273.0,39
2026-02-13 13:30:00,1770989459999,XRP,1m,1.3738,1.3748,1.3804,1.3738,204152.0,208
2026-02-13 13:31:00,1770989519999,XRP,1m,1.375,1.3764,1.3769,1.3739,74809.0,56
2026-02-13 13:32:00,1770989579999,XRP,1m,1.3767,1.3744,1.3773,1.3742,12248.0,32
2026-02-13 13:33:00,1770989639999,XRP,1m,1.3738,1.3778,1.3778,1.3737,4476.0,22
2026-02-13 13:34:00,1770989699999,XRP,1m,1.3788,1.3806,1.3815,1.3787,39972.0,42
2026-02-13 13:35:00,1770989759999,XRP,1m,1.3797,1.38,1.3802,1.3791,9684.0,26
2026-02-13 13:36:00,1770989819999,XRP,1m,1.3801,1.3774,1.3801,1.3764,52861.0,55
2026-02-13 13:37:00,1770989879999,XRP,1m,1.3766,1.3767,1.3774,1.376,60572.0,52
2026-02-13 13:38:00,1770989939999,XRP,1m,1.3765,1.3755,1.3769,1.3755,19477.0,29
2026-02-13 13:39:00,1770989999999,XRP,1m,1.3753,1.3748,1.3769,1.3742,68627.0,52
2026-02-13 13:40:00,1770990059999,XRP,1m,1.3751,1.3727,1.3751,1.3727,7838.0,21
2026-02-13 13:41:00,1770990119999,XRP,1m,1.3733,1.3745,1.3749,1.3733,1672.0,12
2026-02-13 13:42:00,1770990179999,XRP,1m,1.3754,1.3746,1.3754,1.3736,20599.0,20
2026-02-13 13:43:00,1770990239999,XRP,1m,1.3752,1.3756,1.3766,1.3751,5009.0,23
2026-02-13 13:44:00,1770990299999,XRP,1m,1.3763,1.3743,1.3763,1.3741,14672.0,25
2026-02-13 13:45:00,1770990359999,XRP,1m,1.3743,1.3722,1.3744,1.3722,4588.0,20
2026-02-13 13:46:00,1770990419999,XRP,1m,1.3732,1.3714,1.3738,1.3714,1758.0,12
2026-02-13 13:47:00,1770990479999,XRP,1m,1.3726,1.3709,1.3726,1.3709,3747.0,14
2026-02-13 13:48:00,1770990539999,XRP,1m,1.371,1.3709,1.371,1.3701,3062.0,20
2026-02-13 13:49:00,1770990599999,XRP,1m,1.3712,1.3738,1.3742,1.3712,11593.0,31
2026-02-13 13:50:00,1770990659999,XRP,1m,1.3743,1.3752,1.3762,1.374,17669.0,32
2026-02-13 13:51:00,1770990719999,XRP,1m,1.3751,1.3769,1.3769,1.3751,2555.0,27
2026-02-13 13:52:00,1770990779999,XRP,1m,1.3767,1.377,1.3778,1.3767,44345.0,39
2026-02-13 13:53:00,1770990839999,XRP,1m,1.3779,1.3778,1.3787,1.3777,7249.0,26
2026-02-13 13:54:00,1770990899999,XRP,1m,1.3775,1.3782,1.3782,1.3771,11813.0,20
2026-02-13 13:55:00,1770990959999,XRP,1m,1.3782,1.3786,1.3789,1.3781,30110.0,38
2026-02-13 13:56:00,1770991019999,XRP,1m,1.379,1.3777,1.379,1.3773,4750.0,21
2026-02-13 13:57:00,1770991079999,XRP,1m,1.3773,1.3778,1.379,1.3773,2889.0,16
2026-02-13 13:58:00,1770991139999,XRP,1m,1.3778,1.3767,1.3786,1.376,17794.0,30
2026-02-13 13:59:00,1770991199999,XRP,1m,1.3771,1.3754,1.3771,1.3754,3750.0,25
2026-02-13 14:00:00,1770991259999,XRP,1m,1.3759,1.3757,1.376,1.3752,76296.0,52
2026-02-13 14:01:00,1770991319999,XRP,1m,1.3757,1.3773,1.3776,1.3754,2996.0,20
2026-02-13 14:02:00,1770991379999,XRP,1m,1.3771,1.3767,1.3778,1.3758,8601.0,24
2026-02-13 14:03:00,1770991439999,XRP,1m,1.3771,1.3747,1.3773,1.3747,7102.0,25
2026-02-13 14:04:00,1770991499999,XRP,1m,1.3749,1.3724,1.3749,1.372,18817.0,37
2026-02-13 14:05:00,1770991559999,XRP,1m,1.3721,1.3718,1.3726,1.3709,3881.0,20
2026-02-13 14:06:00,1770991619999,XRP,1m,1.3717,1.3713,1.3717,1.3708,10388.0,26
2026-02-13 14:07:00,1770991679999,XRP,1m,1.3714,1.3708,1.3716,1.3701,7751.0,23
2026-02-13 14:08:00,1770991739999,XRP,1m,1.3709,1.3708,1.3717,1.3701,30859.0,30
2026-02-13 14:09:00,1770991799999,XRP,1m,1.3717,1.3713,1.3718,1.3707,46801.0,34
2026-02-13 14:10:00,1770991859999,XRP,1m,1.3713,1.3719,1.372,1.3705,22909.0,40
2026-02-13 14:11:00,1770991919999,XRP,1m,1.372,1.371,1.3723,1.371,4304.0,22
2026-02-13 14:12:00,1770991979999,XRP,1m,1.3709,1.37,1.3709,1.37,18373.0,27
2026-02-13 14:13:00,1770992039999,XRP,1m,1.37,1.3683,1.37,1.3678,59259.0,49
2026-02-13 14:14:00,1770992099999,XRP,1m,1.3679,1.368,1.368,1.3674,25605.0,31
2026-02-13 14:15:00,1770992159999,XRP,1m,1.3679,1.3686,1.3686,1.3679,12162.0,23
2026-02-13 14:16:00,1770992219999,XRP,1m,1.3685,1.3693,1.3693,1.368,18337.0,27
2026-02-13 14:17:00,1770992279999,XRP,1m,1.3697,1.3725,1.3726,1.3697,11381.0,33
2026-02-13 14:18:00,1770992339999,XRP,1m,1.3728,1.3737,1.3737,1.3727,43233.0,44
2026-02-13 14:19:00,1770992399999,XRP,1m,1.3736,1.3731,1.3736,1.3728,7974.0,26
2026-02-13 14:20:00,1770992459999,XRP,1m,1.3728,1.373,1.3731,1.3723,4626.0,26
2026-02-13 14:21:00,1770992519999,XRP,1m,1.3731,1.3718,1.3731,1.3716,5300.0,25
2026-02-13 14:22:00,1770992579999,XRP,1m,1.372,1.3722,1.3726,1.372,9119.0,28
2026-02-13 14:23:00,1770992639999,XRP,1m,1.3719,1.3731,1.3732,1.3716,4772.0,30
2026-02-13 14:24:00,1770992699999,XRP,1m,1.3726,1.3726,1.3733,1.3725,2874.0,22
2026-02-13 14:25:00,1770992759999,XRP,1m,1.3725,1.3724,1.3731,1.3724,4163.0,25
2026-02-13 14:26:00,1770992819999,XRP,1m,1.3729,1.3746,1.3746,1.3729,4784.0,19
2026-02-13 14:27:00,1770992879999,XRP,1m,1.3742,1.3774,1.3774,1.3739,4592.0,28
2026-02-13 14:28:00,1770992939999,XRP,1m,1.3776,1.3779,1.3784,1.3771,21418.0,34
2026-02-13 14:29:00,1770992999999,XRP,1m,1.3782,1.3781,1.3784,1.3778,38827.0,47
2026-02-13 14:30:00,1770993059999,XRP,1m,1.378,1.3787,1.3796,1.3774,86281.0,75
2026-02-13 14:31:00,1770993119999,XRP,1m,1.379,1.3809,1.381,1.3773,40570.0,55
2026-02-13 14:32:00,1770993179999,XRP,1m,1.3812,1.3829,1.3829,1.3796,91418.0,108
2026-02-13 14:33:00,1770993239999,XRP,1m,1.3829,1.379,1.3843,1.3776,82588.0,111
2026-02-13 14:34:00,1770993299999,XRP,1m,1.3781,1.3863,1.3879,1.3781,595470.0,261
2026-02-13 14:35:00,1770993359999,XRP,1m,1.3864,1.3874,1.3874,1.3833,69216.0,64
2026-02-13 14:36:00,1770993419999,XRP,1m,1.388,1.3832,1.388,1.3832,18678.0,30
2026-02-13 14:37:00,1770993479999,XRP,1m,1.3832,1.3809,1.3834,1.3809,39459.0,57
2026-02-13 14:38:00,1770993539999,XRP,1m,1.3814,1.386,1.3866,1.3808,38922.0,52
2026-02-13 14:39:00,1770993599999,XRP,1m,1.3858,1.3826,1.3858,1.3825,5294.0,19
2026-02-13 14:40:00,1770993659999,XRP,1m,1.3821,1.3769,1.3821,1.3769,24758.0,41
2026-02-13 14:41:00,1770993719999,XRP,1m,1.3763,1.3735,1.3771,1.3732,64917.0,78
2026-02-13 14:42:00,1770993779999,XRP,1m,1.3734,1.3737,1.3751,1.3732,41983.0,42
2026-02-13 14:43:00,1770993839999,XRP,1m,1.3745,1.3787,1.3787,1.3726,87488.0,145
2026-02-13 14:44:00,1770993899999,XRP,1m,1.3787,1.3804,1.3805,1.3778,105032.0,103
2026-02-13 14:45:00,1770993959999,XRP,1m,1.3806,1.3888,1.3896,1.3806,209899.0,303
2026-02-13 14:46:00,1770994019999,XRP,1m,1.3892,1.3886,1.3899,1.3859,115973.0,120
2026-02-13 14:47:00,1770994079999,XRP,1m,1.3883,1.3901,1.3905,1.3872,87820.0,89
2026-02-13 14:48:00,1770994139999,XRP,1m,1.3906,1.3905,1.3935,1.3905,78173.0,104
2026-02-13 14:49:00,1770994199999,XRP,1m,1.39,1.3895,1.3928,1.3895,37566.0,36
2026-02-13 14:50:00,1770994259999,XRP,1m,1.3893,1.3885,1.3903,1.3856,54489.0,87
2026-02-13 14:51:00,1770994319999,XRP,1m,1.388,1.3883,1.3886,1.3838,1322063.0,373
2026-02-13 14:52:00,1770994379999,XRP,1m,1.3885,1.3852,1.3885,1.3844,81346.0,82
2026-02-13 14:53:00,1770994439999,XRP,1m,1.3853,1.3843,1.3886,1.3843,29287.0,46
2026-02-13 14:54:00,1770994499999,XRP,1m,1.3847,1.3829,1.3852,1.3829,19987.0,33
2026-02-13 14:55:00,1770994559999,XRP,1m,1.3832,1.3864,1.3872,1.3831,50902.0,54
2026-02-13 14:56:00,1770994619999,XRP,1m,1.3865,1.3823,1.387,1.3823,30186.0,44
2026-02-13 14:57:00,1770994679999,XRP,1m,1.3823,1.3842,1.3845,1.3823,11068.0,22
2026-02-13 14:58:00,1770994739999,XRP,1m,1.3832,1.3842,1.3842,1.3829,9550.0,16
2026-02-13 14:59:00,1770994799999,XRP,1m,1.3839,1.3831,1.3839,1.3829,8381.0,18
2026-02-13 15:00:00,1770994859999,XRP,1m,1.3847,1.3867,1.3875,1.3845,149163.0,138
2026-02-13 15:01:00,1770994919999,XRP,1m,1.3866,1.3863,1.3872,1.3836,55031.0,62
2026-02-13 15:02:00,1770994979999,XRP,1m,1.387,1.3888,1.3888,1.3866,27000.0,50
2026-02-13 15:03:00,1770995039999,XRP,1m,1.3887,1.3861,1.3895,1.3854,44063.0,42
2026-02-13 15:04:00,1770995099999,XRP,1m,1.3844,1.3841,1.3876,1.3841,1299179.0,204
2026-02-13 15:05:00,1770995159999,XRP,1m,1.3843,1.3801,1.3844,1.38,61959.0,67
2026-02-13 15:06:00,1770995219999,XRP,1m,1.3812,1.3867,1.3867,1.3812,11696.0,26
2026-02-13 15:07:00,1770995279999,XRP,1m,1.3869,1.3851,1.3869,1.3839,58036.0,29
2026-02-13 15:08:00,1770995339999,XRP,1m,1.3846,1.39,1.39,1.3846,19921.0,28
2026-02-13 15:09:00,1770995399999,XRP,1m,1.3898,1.3952,1.3956,1.3893,177910.0,155
2026-02-13 15:10:00,1770995459999,XRP,1m,1.3955,1.3978,1.3981,1.3948,79187.0,78
2026-02-13 15:11:00,1770995519999,XRP,1m,1.3978,1.3984,1.3984,1.3955,45995.0,69
2026-02-13 15:12:00,1770995579999,XRP,1m,1.3984,1.396,1.4009,1.3956,236445.0,193
2026-02-13 15:13:00,1770995639999,XRP,1m,1.3961,1.3973,1.3983,1.3955,12421.0,24
2026-02-13 15:14:00,1770995699999,XRP,1m,1.3966,1.3949,1.3966,1.394,107446.0,96
2026-02-13 15:15:00,1770995759999,XRP,1m,1.3948,1.3984,1.3984,1.3941,91030.0,95
2026-02-13 15:16:00,1770995819999,XRP,1m,1.3979,1.3939,1.399,1.3939,44240.0,45
2026-02-13 15:17:00,1770995879999,XRP,1m,1.3938,1.3938,1.3955,1.3934,19062.0,30
2026-02-13 15:18:00,1770995939999,XRP,1m,1.3943,1.3934,1.3944,1.3903,1284334.0,245
2026-02-13 15:19:00,1770995999999,XRP,1m,1.3931,1.3926,1.3938,1.392,70105.0,55
2026-02-13 15:20:00,1770996059999,XRP,1m,1.3931,1.3944,1.3944,1.3911,61732.0,67
2026-02-13 15:21:00,1770996119999,XRP,1m,1.3941,1.3901,1.3941,1.3901,12806.0,28
2026-02-13 15:22:00,1770996179999,XRP,1m,1.391,1.3906,1.3922,1.3904,31337.0,30
2026-02-13 15:23:00,1770996239999,XRP,1m,1.391,1.3936,1.3941,1.3909,22185.0,31
2026-02-13 15:24:00,1770996299999,XRP,1m,1.3935,1.3937,1.3945,1.3927,6485.0,18
2026-02-13 15:25:00,1770996359999,XRP,1m,1.3942,1.4,1.4026,1.394,3495257.0,529
2026-02-13 15:26:00,1770996419999,XRP,1m,1.4,1.4033,1.4045,1.4,126243.0,76
2026-02-13 15:27:00,1770996479999,XRP,1m,1.4038,1.4026,1.406,1.4016,1452181.0,275
2026-02-13 15:28:00,1770996539999,XRP,1m,1.4018,1.405,1.405,1.4009,119581.0,63
2026-02-13 15:29:00,1770996599999,XRP,1m,1.4049,1.4045,1.4051,1.403,26186.0,27
2026-02-13 15:30:00,1770996659999,XRP,1m,1.4049,1.409,1.409,1.4049,149593.0,111
2026-02-13 15:31:00,1770996719999,XRP,1m,1.4094,1.4076,1.4095,1.4061,25567.0,50
2026-02-13 15:32:00,1770996779999,XRP,1m,1.4075,1.4118,1.4121,1.4075,100025.0,92
2026-02-13 15:33:00,1770996839999,XRP,1m,1.4118,1.4145,1.4151,1.4118,247655.0,157
2026-02-13 15:34:00,1770996899999,XRP,1m,1.4146,1.4119,1.4147,1.4115,117437.0,78
2026-02-13 15:35:00,1770996959999,XRP,1m,1.4123,1.4162,1.4167,1.4095,64763.0,106
2026-02-13 15:36:00,1770997019999,XRP,1m,1.416,1.419,1.419,1.416,108947.0,78
2026-02-13 15:37:00,1770997079999,XRP,1m,1.4191,1.4193,1.4212,1.4174,137685.0,114
2026-02-13 15:38:00,1770997139999,XRP,1m,1.4188,1.4126,1.4191,1.4094,1220183.0,217
2026-02-13 15:39:00,1770997199999,XRP,1m,1.4128,1.4121,1.4141,1.4115,76596.0,73
2026-02-13 15:40:00,1770997259999,XRP,1m,1.4124,1.411,1.4124,1.4079,113259.0,159
2026-02-13 15:41:00,1770997319999,XRP,1m,1.4114,1.4121,1.4128,1.411,58887.0,53
2026-02-13 15:42:00,1770997379999,XRP,1m,1.4125,1.4093,1.414,1.4093,86506.0,82
2026-02-13 15:43:00,1770997439999,XRP,1m,1.4096,1.4078,1.4098,1.4077,89032.0,54
2026-02-13 15:44:00,1770997499999,XRP,1m,1.4077,1.4079,1.4088,1.4076,44468.0,41
2026-02-13 15:45:00,1770997559999,XRP,1m,1.4078,1.4061,1.4082,1.4051,103813.0,100
2026-02-13 15:46:00,1770997619999,XRP,1m,1.4063,1.405,1.4074,1.4046,69774.0,60
2026-02-13 15:47:00,1770997679999,XRP,1m,1.4049,1.4043,1.4049,1.4031,63604.0,63
2026-02-13 15:48:00,1770997739999,XRP,1m,1.4044,1.4057,1.408,1.4042,28975.0,38
2026-02-13 15:49:00,1770997799999,XRP,1m,1.4053,1.4039,1.4053,1.4025,23388.0,43
2026-02-13 15:50:00,1770997859999,XRP,1m,1.404,1.4052,1.4058,1.4034,56566.0,53
2026-02-13 15:51:00,1770997919999,XRP,1m,1.4058,1.4081,1.4082,1.4056,9311.0,24
2026-02-13 15:52:00,1770997979999,XRP,1m,1.4081,1.4054,1.4081,1.4049,11614.0,29
2026-02-13 15:53:00,1770998039999,XRP,1m,1.4048,1.4011,1.4048,1.4011,38327.0,51
2026-02-13 15:54:00,1770998099999,XRP,1m,1.4016,1.4018,1.4022,1.4009,60010.0,37
2026-02-13 15:55:00,1770998159999,XRP,1m,1.4035,1.404,1.404,1.4028,31501.0,36
2026-02-13 15:56:00,1770998219999,XRP,1m,1.404,1.4023,1.4043,1.4023,12577.0,26
2026-02-13 15:57:00,1770998279999,XRP,1m,1.4013,1.4018,1.4039,1.4008,54807.0,48
2026-02-13 15:58:00,1770998339999,XRP,1m,1.402,1.4047,1.405,1.402,23677.0,25
2026-02-13 15:59:00,1770998399999,XRP,1m,1.405,1.4031,1.405,1.4017,13131.0,19
2026-02-13 16:00:00,1770998459999,XRP,1m,1.4037,1.4018,1.4046,1.4018,36610.0,48
2026-02-13 16:01:00,1770998519999,XRP,1m,1.402,1.4048,1.4048,1.4006,37241.0,47
2026-02-13 16:02:00,1770998579999,XRP,1m,1.4048,1.4002,1.4052,1.4002,44435.0,49
2026-02-13 16:03:00,1770998639999,XRP,1m,1.4001,1.4034,1.4034,1.3987,67609.0,54
2026-02-13 16:04:00,1770998699999,XRP,1m,1.4034,1.4024,1.4037,1.4011,81975.0,64
2026-02-13 16:05:00,1770998759999,XRP,1m,1.4031,1.4066,1.4066,1.4024,107483.0,96
2026-02-13 16:06:00,1770998819999,XRP,1m,1.4063,1.4115,1.4123,1.4063,1097130.0,307
2026-02-13 16:07:00,1770998879999,XRP,1m,1.411,1.4113,1.4152,1.4097,315920.0,191
2026-02-13 16:08:00,1770998939999,XRP,1m,1.4114,1.4129,1.4139,1.4114,163174.0,165
2026-02-13 16:09:00,1770998999999,XRP,1m,1.4137,1.4143,1.4154,1.412,143091.0,88
2026-02-13 16:10:00,1770999059999,XRP,1m,1.4141,1.4127,1.4141,1.4109,125946.0,101
2026-02-13 16:11:00,1770999119999,XRP,1m,1.413,1.4139,1.4145,1.4122,54691.0,42
2026-02-13 16:12:00,1770999179999,XRP,1m,1.4145,1.4115,1.4147,1.411,39244.0,47
2026-02-13 16:13:00,1770999239999,XRP,1m,1.4134,1.4158,1.4158,1.4133,62271.0,59
2026-02-13 16:14:00,1770999299999,XRP,1m,1.4161,1.4162,1.417,1.4144,49857.0,49
2026-02-13 16:15:00,1770999359999,XRP,1m,1.4164,1.4155,1.4169,1.4155,29279.0,36
2026-02-13 16:16:00,1770999419999,XRP,1m,1.4162,1.4139,1.4163,1.4139,27143.0,30
2026-02-13 16:17:00,1770999479999,XRP,1m,1.4141,1.4178,1.4178,1.4141,72421.0,75
2026-02-13 16:18:00,1770999539999,XRP,1m,1.418,1.416,1.4185,1.4154,108691.0,63
2026-02-13 16:19:00,1770999599999,XRP,1m,1.4163,1.4146,1.4189,1.4146,36371.0,45
2026-02-13 16:20:00,1770999659999,XRP,1m,1.4146,1.4133,1.4157,1.4124,67914.0,51
2026-02-13 16:21:00,1770999719999,XRP,1m,1.4127,1.413,1.4135,1.4119,22077.0,32
2026-02-13 16:22:00,1770999779999,XRP,1m,1.4134,1.4125,1.4134,1.412,57767.0,52
2026-02-13 16:23:00,1770999839999,XRP,1m,1.4119,1.4098,1.4123,1.4098,24632.0,43
2026-02-13 16:24:00,1770999899999,XRP,1m,1.4096,1.4113,1.4121,1.409,35238.0,31
2026-02-13 16:25:00,1770999959999,XRP,1m,1.411,1.4121,1.4121,1.4107,3574.0,15
2026-02-13 16:26:00,1771000019999,XRP,1m,1.4121,1.4146,1.4151,1.412,8291.0,19
2026-02-13 16:27:00,1771000079999,XRP,1m,1.4149,1.4164,1.4164,1.4136,21573.0,32
2026-02-13 16:28:00,1771000139999,XRP,1m,1.4166,1.4165,1.4173,1.4162,34904.0,47
2026-02-13 16:29:00,1771000199999,XRP,1m,1.4161,1.4161,1.4161,1.4152,42269.0,35
2026-02-13 16:30:00,1771000259999,XRP,1m,1.4164,1.4172,1.4175,1.4161,62860.0,43
2026-02-13 16:31:00,1771000319999,XRP,1m,1.4168,1.4202,1.4202,1.4154,213613.0,129
2026-02-13 16:32:00,1771000379999,XRP,1m,1.4202,1.4249,1.4271,1.4202,195084.0,152
2026-02-13 16:33:00,1771000439999,XRP,1m,1.4257,1.4246,1.4266,1.4236,106304.0,73
2026-02-13 16:34:00,1771000499999,XRP,1m,1.4229,1.4188,1.4229,1.4187,16324.0,37
2026-02-13 16:35:00,1771000559999,XRP,1m,1.4206,1.4205,1.4217,1.4201,9008.0,20
2026-02-13 16:36:00,1771000619999,XRP,1m,1.4209,1.422,1.4228,1.4195,50197.0,55
2026-02-13 16:37:00,1771000679999,XRP,1m,1.4211,1.4216,1.4226,1.4205,11946.0,28
2026-02-13 16:38:00,1771000739999,XRP,1m,1.4208,1.4221,1.4235,1.4208,10743.0,21
2026-02-13 16:39:00,1771000799999,XRP,1m,1.423,1.4211,1.4235,1.421,8125.0,21
2026-02-13 16:40:00,1771000859999,XRP,1m,1.4216,1.4214,1.4219,1.4204,42371.0,46
2026-02-13 16:41:00,1771000919999,XRP,1m,1.4205,1.4196,1.4212,1.4191,9780.0,29
2026-02-13 16:42:00,1771000979999,XRP,1m,1.4197,1.4194,1.4197,1.4185,27310.0,27
2026-02-13 16:43:00,1771001039999,XRP,1m,1.4192,1.4198,1.4205,1.4185,8729.0,20
2026-02-13 16:44:00,1771001099999,XRP,1m,1.4195,1.4196,1.42,1.419,2659.0,16
2026-02-13 16:45:00,1771001159999,XRP,1m,1.4186,1.4212,1.4212,1.4186,19466.0,32
2026-02-13 16:46:00,1771001219999,XRP,1m,1.4208,1.4207,1.4217,1.4207,5842.0,18
2026-02-13 16:47:00,1771001279999,XRP,1m,1.4199,1.4219,1.4219,1.4192,7835.0,19
2026-02-13 16:48:00,1771001339999,XRP,1m,1.4217,1.4169,1.4217,1.4168,8908.0,24
2026-02-13 16:49:00,1771001399999,XRP,1m,1.4169,1.4178,1.418,1.4169,7135.0,16
2026-02-13 16:50:00,1771001459999,XRP,1m,1.4188,1.4205,1.4205,1.4181,4673.0,19
2026-02-13 16:51:00,1771001519999,XRP,1m,1.4208,1.4213,1.4215,1.4196,6379.0,23
2026-02-13 16:52:00,1771001579999,XRP,1m,1.4215,1.4195,1.4215,1.4188,23701.0,36
2026-02-13 16:53:00,1771001639999,XRP,1m,1.4196,1.4193,1.4202,1.4191,1147.0,11
2026-02-13 16:54:00,1771001699999,XRP,1m,1.42,1.42,1.4207,1.4197,3568.0,20
2026-02-13 16:55:00,1771001759999,XRP,1m,1.4205,1.4205,1.4206,1.42,7548.0,22
2026-02-13 16:56:00,1771001819999,XRP,1m,1.4201,1.4209,1.4227,1.4201,6101.0,26
2026-02-13 16:57:00,1771001879999,XRP,1m,1.4204,1.418,1.4206,1.418,11331.0,25
2026-02-13 16:58:00,1771001939999,XRP,1m,1.4178,1.4154,1.4179,1.4153,8472.0,20
2026-02-13 16:59:00,1771001999999,XRP,1m,1.4155,1.4158,1.4161,1.4149,8908.0,25
2026-02-13 17:00:00,1771002059999,XRP,1m,1.4158,1.4123,1.4159,1.4123,23518.0,72
2026-02-13 17:01:00,1771002119999,XRP,1m,1.4121,1.4122,1.4131,1.4112,45359.0,71
2026-02-13 17:02:00,1771002179999,XRP,1m,1.4122,1.4111,1.4132,1.4111,11482.0,37
2026-02-13 17:03:00,1771002239999,XRP,1m,1.4115,1.4126,1.4129,1.4107,38716.0,69
2026-02-13 17:04:00,1771002299999,XRP,1m,1.412,1.4096,1.4121,1.4091,12857.0,39
2026-02-13 17:05:00,1771002359999,XRP,1m,1.4101,1.4105,1.4105,1.4091,2467.0,16
2026-02-13 17:06:00,1771002419999,XRP,1m,1.4105,1.4118,1.4118,1.4095,42667.0,37
2026-02-13 17:07:00,1771002479999,XRP,1m,1.4124,1.4088,1.4129,1.4088,3785.0,70
2026-02-13 17:08:00,1771002539999,XRP,1m,1.4088,1.4068,1.4088,1.4068,73261.0,75
2026-02-13 17:09:00,1771002599999,XRP,1m,1.4076,1.4067,1.4076,1.4067,3118.0,18
2026-02-13 17:10:00,1771002659999,XRP,1m,1.4075,1.4081,1.4089,1.4075,4283.0,19
2026-02-13 17:11:00,1771002719999,XRP,1m,1.408,1.4095,1.4096,1.408,129.0,10
2026-02-13 17:12:00,1771002779999,XRP,1m,1.4094,1.4099,1.4099,1.409,1477.0,10
2026-02-13 17:13:00,1771002839999,XRP,1m,1.4093,1.4105,1.4109,1.4093,3087.0,16
2026-02-13 17:14:00,1771002899999,XRP,1m,1.4109,1.4135,1.4141,1.4109,238350.0,89
2026-02-13 17:15:00,1771002959999,XRP,1m,1.4136,1.4129,1.4139,1.4125,2934.0,17
2026-02-13 17:16:00,1771003019999,XRP,1m,1.4134,1.4157,1.416,1.4131,28066.0,37
2026-02-13 17:17:00,1771003079999,XRP,1m,1.4159,1.4142,1.4162,1.4142,14016.0,26
2026-02-13 17:18:00,1771003139999,XRP,1m,1.4137,1.4119,1.4137,1.4115,3379.0,10
2026-02-13 17:19:00,1771003199999,XRP,1m,1.4129,1.4129,1.4135,1.4119,2268.0,12
2026-02-13 17:20:00,1771003259999,XRP,1m,1.413,1.4148,1.4148,1.413,6838.0,19
2026-02-13 17:21:00,1771003319999,XRP,1m,1.415,1.4169,1.418,1.4145,3910.0,29
2026-02-13 17:22:00,1771003379999,XRP,1m,1.417,1.4162,1.4172,1.4162,11839.0,20
2026-02-13 17:23:00,1771003439999,XRP,1m,1.4173,1.4178,1.418,1.4167,5461.0,21
2026-02-13 17:24:00,1771003499999,XRP,1m,1.4169,1.4166,1.4184,1.416,2697.0,16
2026-02-13 17:25:00,1771003559999,XRP,1m,1.4169,1.417,1.417,1.4145,8725.0,30
2026-02-13 17:26:00,1771003619999,XRP,1m,1.4165,1.4157,1.4167,1.4157,1714.0,12
2026-02-13 17:27:00,1771003679999,XRP,1m,1.4162,1.4174,1.4174,1.4161,2062.0,18
2026-02-13 17:28:00,1771003739999,XRP,1m,1.4178,1.4181,1.4181,1.417,13186.0,27
2026-02-13 17:29:00,1771003799999,XRP,1m,1.4186,1.4175,1.4186,1.4175,2902.0,15
2026-02-13 17:30:00,1771003859999,XRP,1m,1.4175,1.4182,1.4186,1.417,4596.0,21
2026-02-13 17:31:00,1771003919999,XRP,1m,1.4188,1.419,1.4191,1.4182,1513.0,16
2026-02-13 17:32:00,1771003979999,XRP,1m,1.4194,1.4191,1.42,1.4183,22934.0,28
2026-02-13 17:33:00,1771004039999,XRP,1m,1.4185,1.4182,1.4189,1.4176,2143.0,17
2026-02-13 17:34:00,1771004099999,XRP,1m,1.4188,1.4177,1.4191,1.4177,890.0,19
2026-02-13 17:35:00,1771004159999,XRP,1m,1.418,1.4168,1.4185,1.4158,2434.0,18
2026-02-13 17:36:00,1771004219999,XRP,1m,1.4171,1.4174,1.4178,1.4167,4572.0,16
2026-02-13 17:37:00,1771004279999,XRP,1m,1.4169,1.417,1.4173,1.4168,164.0,10
2026-02-13 17:38:00,1771004339999,XRP,1m,1.417,1.417,1.4179,1.4164,4069.0,13
2026-02-13 17:39:00,1771004399999,XRP,1m,1.4169,1.4184,1.4185,1.4169,312.0,11
2026-02-13 17:40:00,1771004459999,XRP,1m,1.4176,1.418,1.4185,1.4176,597.0,10
2026-02-13 17:41:00,1771004519999,XRP,1m,1.4183,1.4193,1.4193,1.4181,3455.0,17
2026-02-13 17:42:00,1771004579999,XRP,1m,1.4194,1.4194,1.4197,1.419,2708.0,11
2026-02-13 17:43:00,1771004639999,XRP,1m,1.4187,1.4187,1.4194,1.4187,386.0,9
2026-02-13 17:44:00,1771004699999,XRP,1m,1.4192,1.4181,1.4194,1.4181,1572.0,11
2026-02-13 17:45:00,1771004759999,XRP,1m,1.4178,1.4191,1.4191,1.4178,6278.0,19
2026-02-13 17:46:00,1771004819999,XRP,1m,1.4191,1.4183,1.4191,1.4181,1389.0,13
2026-02-13 17:47:00,1771004879999,XRP,1m,1.4181,1.414,1.4187,1.414,11031.0,31
2026-02-13 17:48:00,1771004939999,XRP,1m,1.4145,1.4146,1.4147,1.413,2019.0,28
2026-02-13 17:49:00,1771004999999,XRP,1m,1.4154,1.4144,1.4154,1.4138,4534.0,18
2026-02-13 17:50:00,1771005059999,XRP,1m,1.4145,1.414,1.4152,1.414,7253.0,18
2026-02-13 17:51:00,1771005119999,XRP,1m,1.415,1.4151,1.4156,1.4144,3696.0,13
2026-02-13 17:52:00,1771005179999,XRP,1m,1.4149,1.4146,1.4156,1.4141,2753.0,13
2026-02-13 17:53:00,1771005239999,XRP,1m,1.4144,1.4145,1.4146,1.414,268.0,11
2026-02-13 17:54:00,1771005299999,XRP,1m,1.4136,1.4123,1.4136,1.4121,1395.0,13
2026-02-13 17:55:00,1771005359999,XRP,1m,1.4129,1.4122,1.4137,1.4122,5898.0,18
2026-02-13 17:56:00,1771005419999,XRP,1m,1.4125,1.4148,1.4148,1.4125,5644.0,23
2026-02-13 17:57:00,1771005479999,XRP,1m,1.415,1.4142,1.4151,1.4142,11093.0,29
2026-02-13 17:58:00,1771005539999,XRP,1m,1.4138,1.4138,1.4146,1.4138,1814.0,13
2026-02-13 17:59:00,1771005599999,XRP,1m,1.4135,1.4139,1.4139,1.4132,923.0,9
2026-02-13 18:00:00,1771005659999,XRP,1m,1.4135,1.4132,1.4142,1.4132,8505.0,28
2026-02-13 18:01:00,1771005719999,XRP,1m,1.4128,1.4085,1.4129,1.4085,19589.0,55
2026-02-13 18:02:00,1771005779999,XRP,1m,1.4086,1.4091,1.4095,1.4082,7958.0,19
2026-02-13 18:03:00,1771005839999,XRP,1m,1.4094,1.4083,1.4094,1.4082,1354.0,15
2026-02-13 18:04:00,1771005899999,XRP,1m,1.4086,1.4105,1.4105,1.408,6222.0,15
2026-02-13 18:05:00,1771005959999,XRP,1m,1.4102,1.4079,1.4102,1.4076,15268.0,30
2026-02-13 18:06:00,1771006019999,XRP,1m,1.4089,1.4095,1.4115,1.4089,1587.0,14
2026-02-13 18:07:00,1771006079999,XRP,1m,1.4098,1.4108,1.4113,1.4097,5295.0,27
2026-02-13 18:08:00,1771006139999,XRP,1m,1.4103,1.4101,1.4111,1.4099,5669.0,11
2026-02-13 18:09:00,1771006199999,XRP,1m,1.4111,1.4107,1.4113,1.4107,27764.0,24
2026-02-13 18:10:00,1771006259999,XRP,1m,1.4105,1.4123,1.4123,1.4105,7666.0,18
2026-02-13 18:11:00,1771006319999,XRP,1m,1.4124,1.4129,1.4129,1.4117,643.0,15
2026-02-13 18:12:00,1771006379999,XRP,1m,1.413,1.4109,1.413,1.4107,6515.0,15
2026-02-13 18:13:00,1771006439999,XRP,1m,1.4103,1.4112,1.4112,1.4088,2011.0,18
2026-02-13 18:14:00,1771006499999,XRP,1m,1.4101,1.4082,1.4105,1.4082,23384.0,32
2026-02-13 18:15:00,1771006559999,XRP,1m,1.408,1.409,1.4091,1.4076,3150.0,21
2026-02-13 18:16:00,1771006619999,XRP,1m,1.4086,1.4083,1.4086,1.4078,1734.0,13
2026-02-13 18:17:00,1771006679999,XRP,1m,1.4086,1.4091,1.4097,1.4085,2598.0,14
2026-02-13 18:18:00,1771006739999,XRP,1m,1.409,1.4088,1.409,1.4076,20237.0,21
2026-02-13 18:19:00,1771006799999,XRP,1m,1.4077,1.4074,1.4077,1.4053,11458.0,30
2026-02-13 18:20:00,1771006859999,XRP,1m,1.4071,1.4095,1.4095,1.4071,131.0,11
2026-02-13 18:21:00,1771006919999,XRP,1m,1.4096,1.4111,1.4111,1.409,21751.0,27
2026-02-13 18:22:00,1771006979999,XRP,1m,1.4113,1.411,1.4113,1.4106,115.0,11
2026-02-13 18:23:00,1771007039999,XRP,1m,1.4118,1.4125,1.413,1.4115,6825.0,18
2026-02-13 18:24:00,1771007099999,XRP,1m,1.4126,1.4125,1.4131,1.4121,119172.0,74
2026-02-13 18:25:00,1771007159999,XRP,1m,1.4123,1.4116,1.4123,1.4109,1394.0,17
2026-02-13 18:26:00,1771007219999,XRP,1m,1.4117,1.4121,1.4121,1.4107,6792.0,19
2026-02-13 18:27:00,1771007279999,XRP,1m,1.4121,1.4112,1.4127,1.4112,11297.0,27
2026-02-13 18:28:00,1771007339999,XRP,1m,1.4114,1.4133,1.4135,1.4114,3827.0,14
2026-02-13 18:29:00,1771007399999,XRP,1m,1.4132,1.4117,1.4136,1.4112,8510.0,27
2026-02-13 18:30:00,1771007459999,XRP,1m,1.4114,1.4116,1.4121,1.4107,9284.0,33
2026-02-13 18:31:00,1771007519999,XRP,1m,1.412,1.4136,1.4136,1.4119,20358.0,39
2026-02-13 18:32:00,1771007579999,XRP,1m,1.4133,1.4129,1.4133,1.4122,5374.0,18
2026-02-13 18:33:00,1771007639999,XRP,1m,1.4125,1.4151,1.4152,1.4125,26175.0,51
2026-02-13 18:34:00,1771007699999,XRP,1m,1.4151,1.4146,1.4153,1.4142,7359.0,26
2026-02-13 18:35:00,1771007759999,XRP,1m,1.4139,1.4169,1.417,1.4139,12466.0,28
2026-02-13 18:36:00,1771007819999,XRP,1m,1.4169,1.4178,1.4188,1.4167,38356.0,51
2026-02-13 18:37:00,1771007879999,XRP,1m,1.4174,1.4184,1.4189,1.4172,6924.0,25
2026-02-13 18:38:00,1771007939999,XRP,1m,1.4183,1.4173,1.4183,1.4164,2992.0,14
2026-02-13 18:39:00,1771007999999,XRP,1m,1.4175,1.4178,1.4187,1.4175,3093.0,15
2026-02-13 18:40:00,1771008059999,XRP,1m,1.4178,1.4172,1.4178,1.4168,13622.0,33
2026-02-13 18:41:00,1771008119999,XRP,1m,1.4176,1.4185,1.4185,1.4174,10961.0,30
2026-02-13 18:42:00,1771008179999,XRP,1m,1.4184,1.4155,1.4184,1.4152,22975.0,35
2026-02-13 18:43:00,1771008239999,XRP,1m,1.4151,1.416,1.416,1.4141,11073.0,24
2026-02-13 18:44:00,1771008299999,XRP,1m,1.4159,1.4154,1.4159,1.4148,5226.0,21
2026-02-13 18:45:00,1771008359999,XRP,1m,1.4158,1.4158,1.4159,1.4153,3323.0,21
2026-02-13 18:46:00,1771008419999,XRP,1m,1.4165,1.4186,1.4186,1.4161,14415.0,36
2026-02-13 18:47:00,1771008479999,XRP,1m,1.4179,1.4169,1.4195,1.4169,5235.0,29
2026-02-13 18:48:00,1771008539999,XRP,1m,1.4167,1.4163,1.4178,1.4163,12716.0,40
2026-02-13 18:49:00,1771008599999,XRP,1m,1.4162,1.4149,1.4162,1.4148,2868.0,30
2026-02-13 18:50:00,1771008659999,XRP,1m,1.4148,1.4159,1.4159,1.4141,1236.0,36
2026-02-13 18:51:00,1771008719999,XRP,1m,1.4158,1.4171,1.4171,1.4158,15214.0,39
2026-02-13 18:52:00,1771008779999,XRP,1m,1.4175,1.4153,1.4175,1.4153,9910.0,30
2026-02-13 18:53:00,1771008839999,XRP,1m,1.4149,1.4164,1.4169,1.4148,23352.0,43
2026-02-13 18:54:00,1771008899999,XRP,1m,1.4165,1.4167,1.4174,1.4165,53181.0,59
2026-02-13 18:55:00,1771008959999,XRP,1m,1.4167,1.4158,1.4167,1.4151,17084.0,33
2026-02-13 18:56:00,1771009019999,XRP,1m,1.4159,1.4153,1.4159,1.4148,7051.0,23
2026-02-13 18:57:00,1771009079999,XRP,1m,1.4148,1.4147,1.4151,1.4147,4665.0,31
2026-02-13 18:58:00,1771009139999,XRP,1m,1.4144,1.4144,1.415,1.4143,2121.0,17
2026-02-13 18:59:00,1771009199999,XRP,1m,1.4144,1.4148,1.4148,1.4143,1338.0,15
2026-02-13 19:00:00,1771009259999,XRP,1m,1.415,1.4151,1.4152,1.4142,9014.0,43
2026-02-13 19:01:00,1771009319999,XRP,1m,1.4151,1.4156,1.4157,1.415,22132.0,28
2026-02-13 19:02:00,1771009379999,XRP,1m,1.4159,1.4138,1.4162,1.4137,44628.0,54
2026-02-13 19:03:00,1771009439999,XRP,1m,1.415,1.4136,1.415,1.4125,50373.0,48
2026-02-13 19:04:00,1771009499999,XRP,1m,1.4136,1.413,1.4136,1.4123,4316.0,26
2026-02-13 19:05:00,1771009559999,XRP,1m,1.413,1.4145,1.4145,1.4129,18612.0,26
2026-02-13 19:06:00,1771009619999,XRP,1m,1.4148,1.4147,1.415,1.4139,13837.0,41
2026-02-13 19:07:00,1771009679999,XRP,1m,1.415,1.4152,1.4163,1.4146,37007.0,51
2026-02-13 19:08:00,1771009739999,XRP,1m,1.415,1.4139,1.4155,1.4137,17204.0,40
2026-02-13 19:09:00,1771009799999,XRP,1m,1.4144,1.4151,1.4157,1.4144,16488.0,46
2026-02-13 19:10:00,1771009859999,XRP,1m,1.4151,1.4157,1.4176,1.415,46402.0,52
2026-02-13 19:11:00,1771009919999,XRP,1m,1.4157,1.4145,1.4162,1.4145,33944.0,42
2026-02-13 19:12:00,1771009979999,XRP,1m,1.4146,1.4147,1.4148,1.4145,6774.0,18
2026-02-13 19:13:00,1771010039999,XRP,1m,1.4146,1.4133,1.4146,1.4128,20445.0,41
2026-02-13 19:14:00,1771010099999,XRP,1m,1.4133,1.4143,1.4143,1.4132,25757.0,27
2026-02-13 19:15:00,1771010159999,XRP,1m,1.4144,1.4134,1.4144,1.4134,13545.0,35
2026-02-13 19:16:00,1771010219999,XRP,1m,1.4132,1.4141,1.4141,1.4132,13074.0,19
2026-02-13 19:17:00,1771010279999,XRP,1m,1.4141,1.413,1.4141,1.4122,8582.0,21
2026-02-13 19:18:00,1771010339999,XRP,1m,1.4135,1.4136,1.4136,1.413,342.0,12
2026-02-13 19:19:00,1771010399999,XRP,1m,1.413,1.4149,1.4149,1.413,27319.0,25
2026-02-13 19:20:00,1771010459999,XRP,1m,1.4149,1.4162,1.4163,1.4148,28093.0,35
2026-02-13 19:21:00,1771010519999,XRP,1m,1.4163,1.4165,1.4169,1.416,3620.0,22
2026-02-13 19:22:00,1771010579999,XRP,1m,1.4157,1.4174,1.4174,1.4157,8184.0,31
2026-02-13 19:23:00,1771010639999,XRP,1m,1.4172,1.4179,1.4185,1.4172,34566.0,53
2026-02-13 19:24:00,1771010699999,XRP,1m,1.4177,1.4175,1.418,1.4173,3284.0,25
2026-02-13 19:25:00,1771010759999,XRP,1m,1.4168,1.4171,1.4173,1.4167,677.0,41
